date,totalshareholderequity,debttoequityratio,grossprofit,revenue,totalliabilities,eps,cashonhand,NOI,assets,ebitda,netincome,cap_rate,v1,longtermdebt,REIT_Return
2009-03-31,3.675,5.34,0.702,0.918,19.613,0.45,0.898,0.364,23.287,0.622,0.107,0.016,,17.385,0.0291156462585034
2009-04-01,3.695,5.32,0.702,0.918,19.62,0.442,0.925,0.364,23.314,0.622,0.105,0.016,8.71,17.394,0.028416779431664412
2009-04-02,3.715,5.3,0.702,0.918,19.628,0.433,0.953,0.364,23.342,0.622,0.103,0.016,9.69,17.402,0.02772543741588156
2009-04-03,3.735,5.28,0.702,0.917,19.635,0.425,0.98,0.364,23.369,0.622,0.101,0.016,10.82,17.411,0.02704149933065596
2009-04-06,3.754,5.26,0.701,0.917,19.643,0.416,1.008,0.364,23.396,0.622,0.099,0.016,10.57,17.42,0.02637187000532765
2009-04-07,3.774,5.24,0.701,0.917,19.65,0.408,1.035,0.364,23.424,0.622,0.097,0.016,9.41,17.429,0.025702172760996293
2009-04-08,3.794,5.22,0.701,0.917,19.658,0.4,1.063,0.364,23.451,0.622,0.095,0.016,9.68,17.437,0.02503953610964681
2009-04-09,3.814,5.2,0.701,0.916,19.665,0.391,1.09,0.364,23.478,0.622,0.093,0.016,11.27,17.446,0.024383848977451494
2009-04-13,3.834,5.18,0.701,0.916,19.673,0.383,1.118,0.364,23.506,0.622,0.091,0.015,11.18,17.455,0.023735002608242045
2009-04-14,3.854,5.16,0.701,0.916,19.68,0.374,1.145,0.364,23.533,0.622,0.089,0.015,10.11,17.464,0.02309289050337312
2009-04-15,3.874,5.14,0.701,0.916,19.688,0.366,1.173,0.364,23.56,0.622,0.087,0.015,11.53,17.472,0.02245740836344863
2009-04-16,3.893,5.12,0.701,0.916,19.695,0.357,1.2,0.364,23.588,0.621,0.085,0.015,12.38,17.481,0.02183406113537118
2009-04-17,3.913,5.1,0.7,0.915,19.703,0.349,1.228,0.364,23.615,0.621,0.083,0.015,12.93,17.49,0.021211346792742145
2009-04-20,3.933,5.08,0.7,0.915,19.71,0.341,1.255,0.364,23.643,0.621,0.081,0.015,11.38,17.499,0.02059496567505721
2009-04-21,3.953,5.06,0.7,0.915,19.718,0.332,1.282,0.364,23.67,0.621,0.079,0.015,12.84,17.507,0.019984821654439665
2009-04-22,3.973,5.04,0.7,0.915,19.725,0.324,1.31,0.364,23.697,0.621,0.077,0.015,12.02,17.516,0.019380820538635792
2009-04-23,3.993,5.02,0.7,0.914,19.733,0.315,1.337,0.364,23.725,0.621,0.074,0.015,12.69,17.525,0.018532431755572253
2009-04-24,4.013,5.0,0.7,0.914,19.74,0.307,1.365,0.364,23.752,0.621,0.072,0.015,13.27,17.534,0.01794168950909544
2009-04-27,4.032,4.98,0.7,0.914,19.748,0.299,1.392,0.364,23.779,0.621,0.07,0.015,11.99,17.542,0.017361111111111112
2009-04-28,4.052,4.96,0.7,0.914,19.755,0.29,1.42,0.364,23.807,0.621,0.068,0.015,12.36,17.551,0.016781836130306024
2009-04-29,4.072,4.94,0.699,0.914,19.763,0.282,1.447,0.364,23.834,0.621,0.066,0.015,13.02,17.56,0.016208251473477406
2009-04-30,4.092,4.92,0.699,0.913,19.77,0.273,1.475,0.364,23.861,0.621,0.064,0.015,13.52,17.569,0.015640273704789834
2009-05-01,4.112,4.9,0.699,0.913,19.777,0.265,1.502,0.364,23.889,0.621,0.062,0.015,12.44,17.577,0.015077821011673152
2009-05-04,4.132,4.88,0.699,0.913,19.785,0.257,1.53,0.364,23.916,0.621,0.06,0.015,13.6,17.586,0.01452081316553727
2009-05-05,4.152,4.86,0.699,0.913,19.792,0.248,1.557,0.364,23.943,0.621,0.058,0.015,13.14,17.595,0.013969171483622351
2009-05-06,4.171,4.84,0.699,0.912,19.8,0.24,1.585,0.364,23.971,0.621,0.056,0.015,14.37,17.604,0.013426036921601534
2009-05-07,4.191,4.82,0.699,0.912,19.807,0.231,1.612,0.364,23.998,0.621,0.054,0.015,13.64,17.612,0.012884753042233358
2009-05-08,4.211,4.8,0.699,0.912,19.815,0.223,1.639,0.364,24.025,0.621,0.052,0.015,14.13,17.621,0.012348610781287104
2009-05-11,4.231,4.78,0.698,0.912,19.822,0.214,1.667,0.364,24.053,0.621,0.05,0.015,13.62,17.63,0.01181753722524226
2009-05-12,4.251,4.76,0.698,0.912,19.83,0.206,1.694,0.364,24.08,0.621,0.048,0.015,13.6,17.639,0.011291460832745235
2009-05-13,4.271,4.74,0.698,0.911,19.837,0.198,1.722,0.364,24.107,0.621,0.046,0.015,12.72,17.647,0.010770311402481855
2009-05-14,4.291,4.72,0.698,0.911,19.845,0.189,1.749,0.364,24.135,0.621,0.044,0.015,13.24,17.656,0.010254020041948262
2009-05-15,4.31,4.7,0.698,0.911,19.852,0.181,1.777,0.365,24.162,0.62,0.042,0.015,12.41,17.665,0.009744779582366591
2009-05-18,4.33,4.68,0.698,0.911,19.86,0.172,1.804,0.365,24.19,0.62,0.04,0.015,13.62,17.674,0.009237875288683603
2009-05-19,4.35,4.66,0.698,0.91,19.867,0.164,1.832,0.365,24.217,0.62,0.038,0.015,13.36,17.682,0.008735632183908047
2009-05-20,4.37,4.64,0.698,0.91,19.875,0.156,1.859,0.365,24.244,0.62,0.036,0.015,13.22,17.691,0.008237986270022882
2009-05-21,4.39,4.62,0.697,0.91,19.882,0.147,1.887,0.365,24.272,0.62,0.034,0.015,13.12,17.7,0.0077448747152619605
2009-05-22,4.41,4.6,0.697,0.91,19.89,0.139,1.914,0.365,24.299,0.62,0.032,0.015,12.82,17.709,0.007256235827664399
2009-05-26,4.43,4.58,0.697,0.91,19.897,0.13,1.941,0.365,24.326,0.62,0.03,0.015,13.58,17.717,0.006772009029345372
2009-05-27,4.449,4.56,0.697,0.909,19.905,0.122,1.969,0.365,24.354,0.62,0.028,0.015,13.22,17.726,0.006293549112160036
2009-05-28,4.469,4.54,0.697,0.909,19.912,0.113,1.996,0.365,24.381,0.62,0.026,0.015,13.7,17.735,0.005817856343701051
2009-05-29,4.489,4.52,0.697,0.909,19.92,0.105,2.024,0.365,24.408,0.62,0.024,0.015,14.14,17.744,0.005346402316774338
2009-06-01,4.509,4.5,0.697,0.909,19.927,0.097,2.051,0.365,24.436,0.62,0.022,0.015,14.92,17.752,0.004879130627633621
2009-06-02,4.529,4.48,0.697,0.908,19.934,0.088,2.079,0.365,24.463,0.62,0.02,0.015,14.35,17.761,0.00441598586884522
2009-06-03,4.549,4.46,0.696,0.908,19.942,0.08,2.106,0.365,24.49,0.62,0.018,0.015,14.28,17.77,0.003956913607386238
2009-06-04,4.569,4.44,0.696,0.908,19.949,0.071,2.134,0.365,24.518,0.62,0.016,0.015,14.44,17.779,0.0035018603633180127
2009-06-05,4.588,4.42,0.696,0.908,19.957,0.063,2.161,0.365,24.545,0.62,0.014,0.015,14.15,17.787,0.003051438535309503
2009-06-08,4.608,4.4,0.696,0.908,19.964,0.055,2.189,0.365,24.572,0.62,0.012,0.015,14.25,17.796,0.002604166666666667
2009-06-09,4.628,4.38,0.696,0.907,19.972,0.046,2.216,0.365,24.6,0.62,0.009,0.015,14.12,17.805,0.0019446845289541918
2009-06-10,4.648,4.36,0.696,0.907,19.979,0.038,2.244,0.365,24.627,0.62,0.007,0.015,13.91,17.814,0.0015060240963855422
2009-06-11,4.668,4.34,0.696,0.907,19.987,0.029,2.271,0.365,24.654,0.62,0.005,0.015,13.79,17.822,0.0010711225364181663
2009-06-12,4.688,4.32,0.696,0.907,19.994,0.021,2.298,0.365,24.682,0.62,0.003,0.015,14.32,17.831,0.0006399317406143346
2009-06-15,4.708,4.3,0.695,0.906,20.002,0.013,2.326,0.365,24.709,0.62,0.001,0.015,13.73,17.84,0.00021240441801189465
2009-06-16,4.727,4.28,0.695,0.906,20.009,0.004,2.353,0.365,24.737,0.619,-0.001,0.015,13.58,17.849,-0.0002115506663845991
2009-06-17,4.747,4.26,0.695,0.906,20.017,-0.004,2.381,0.365,24.764,0.619,-0.003,0.015,13.32,17.857,-0.0006319780914261639
2009-06-18,4.767,4.24,0.695,0.906,20.024,-0.013,2.408,0.365,24.791,0.619,-0.005,0.015,13.55,17.866,-0.0010488777008600798
2009-06-19,4.787,4.22,0.695,0.906,20.032,-0.021,2.436,0.365,24.819,0.619,-0.007,0.015,14.0,17.875,-0.0014622937121370379
2009-06-22,4.807,4.2,0.695,0.905,20.039,-0.03,2.463,0.365,24.846,0.619,-0.009,0.015,12.99,17.884,-0.0018722696068233823
2009-06-23,4.827,4.18,0.695,0.905,20.047,-0.038,2.491,0.365,24.873,0.619,-0.011,0.015,13.21,17.892,-0.0022788481458462812
2009-06-24,4.847,4.16,0.695,0.905,20.054,-0.046,2.518,0.365,24.901,0.619,-0.013,0.015,13.38,17.901,-0.0026820713843614605
2009-06-25,4.866,4.14,0.694,0.905,20.062,-0.055,2.546,0.365,24.928,0.619,-0.015,0.015,13.63,17.91,-0.0030826140567200987
2009-06-26,4.886,4.12,0.694,0.904,20.069,-0.063,2.573,0.365,24.955,0.619,-0.017,0.015,13.73,17.919,-0.0034793286942284077
2009-06-29,4.906,4.1,0.694,0.904,20.077,-0.072,2.601,0.365,24.983,0.619,-0.019,0.015,13.6,17.927,-0.0038728088055442317
2009-06-30,4.926,4.08,0.694,0.904,20.084,-0.08,2.628,0.365,25.01,0.619,-0.021,0.015,13.6,17.936,-0.004263093788063338
2009-07-01,4.929,4.08,0.694,0.904,20.096,-0.073,2.645,0.365,25.025,0.619,-0.019,0.015,14.25,17.947,-0.003854737269222966
2009-07-02,4.931,4.08,0.695,0.905,20.109,-0.066,2.663,0.366,25.04,0.62,-0.017,0.015,13.37,17.959,-0.0034475765564794163
2009-07-06,4.934,4.08,0.695,0.905,20.121,-0.058,2.68,0.366,25.055,0.62,-0.015,0.015,13.89,17.97,-0.0030401297122010537
2009-07-07,4.937,4.081,0.695,0.905,20.133,-0.051,2.698,0.367,25.07,0.621,-0.013,0.015,13.2,17.982,-0.002633178043346161
2009-07-08,4.94,4.081,0.695,0.906,20.146,-0.044,2.715,0.367,25.086,0.621,-0.011,0.015,13.2,17.993,-0.002226720647773279
2009-07-09,4.942,4.081,0.696,0.906,20.158,-0.037,2.733,0.368,25.101,0.622,-0.009,0.015,12.88,18.005,-0.0018211250505868067
2009-07-10,4.945,4.081,0.696,0.906,20.171,-0.03,2.75,0.368,25.116,0.622,-0.007,0.015,12.83,18.016,-0.001415571284125379
2009-07-13,4.948,4.081,0.696,0.907,20.183,-0.022,2.768,0.368,25.131,0.622,-0.005,0.015,13.51,18.028,-0.0010105092966855294
2009-07-14,4.951,4.081,0.697,0.907,20.195,-0.015,2.785,0.369,25.146,0.623,-0.003,0.015,13.8,18.039,-0.000605938194304181
2009-07-15,4.953,4.082,0.697,0.907,20.208,-0.008,2.803,0.369,25.161,0.623,-0.001,0.015,14.07,18.051,-0.0002018978396931153
2009-07-16,4.956,4.082,0.697,0.908,20.22,-0.001,2.82,0.37,25.176,0.624,0.001,0.015,14.31,18.062,0.00020177562550443906
2009-07-17,4.959,4.082,0.697,0.908,20.232,0.006,2.838,0.37,25.191,0.624,0.003,0.015,13.86,18.073,0.0006049606775559589
2009-07-20,4.962,4.082,0.698,0.908,20.245,0.013,2.855,0.37,25.206,0.624,0.005,0.015,14.41,18.085,0.001007658202337767
2009-07-21,4.964,4.082,0.698,0.909,20.257,0.021,2.873,0.371,25.222,0.625,0.007,0.015,14.38,18.096,0.0014101531023368251
2009-07-22,4.967,4.082,0.698,0.909,20.27,0.028,2.89,0.371,25.237,0.625,0.009,0.015,14.49,18.108,0.0018119589289309443
2009-07-23,4.97,4.082,0.698,0.909,20.282,0.035,2.908,0.372,25.252,0.626,0.011,0.015,14.98,18.119,0.0022132796780684103
2009-07-24,4.972,4.083,0.699,0.91,20.294,0.042,2.925,0.372,25.267,0.626,0.013,0.015,14.89,18.131,0.0026146419951729684
2009-07-27,4.975,4.083,0.699,0.91,20.307,0.049,2.942,0.373,25.282,0.627,0.015,0.015,15.28,18.142,0.0030150753768844224
2009-07-28,4.978,4.083,0.699,0.91,20.319,0.057,2.96,0.373,25.297,0.627,0.017,0.015,15.14,18.154,0.003415026114905585
2009-07-29,4.981,4.083,0.7,0.911,20.332,0.064,2.977,0.373,25.312,0.627,0.019,0.015,15.01,18.165,0.003814495081308974
2009-07-30,4.983,4.083,0.7,0.911,20.344,0.071,2.995,0.374,25.327,0.628,0.021,0.015,15.57,18.177,0.004214328717639977
2009-07-31,4.986,4.083,0.7,0.911,20.356,0.078,3.012,0.374,25.342,0.628,0.023,0.015,15.46,18.188,0.004612916165262736
2009-08-03,4.989,4.084,0.7,0.912,20.369,0.085,3.03,0.375,25.358,0.629,0.025,0.015,15.82,18.199,0.0050110242533573865
2009-08-04,4.992,4.084,0.701,0.912,20.381,0.092,3.047,0.375,25.373,0.629,0.027,0.015,16.9,18.211,0.005408653846153846
2009-08-05,4.994,4.084,0.701,0.912,20.393,0.1,3.065,0.376,25.388,0.63,0.029,0.015,17.48,18.222,0.0058069683620344415
2009-08-06,4.997,4.084,0.701,0.913,20.406,0.107,3.082,0.376,25.403,0.63,0.031,0.015,17.45,18.234,0.0062037222333400045
2009-08-07,5.0,4.084,0.702,0.913,20.418,0.114,3.1,0.376,25.418,0.63,0.033,0.015,18.5,18.245,0.0066
2009-08-10,5.003,4.084,0.702,0.913,20.431,0.121,3.117,0.377,25.433,0.631,0.035,0.015,17.9,18.257,0.006995802518488907
2009-08-11,5.005,4.085,0.702,0.914,20.443,0.128,3.135,0.377,25.448,0.631,0.037,0.015,17.33,18.268,0.007392607392607393
2009-08-12,5.008,4.085,0.702,0.914,20.455,0.136,3.152,0.378,25.463,0.632,0.039,0.015,17.51,18.28,0.007787539936102236
2009-08-13,5.011,4.085,0.703,0.914,20.468,0.143,3.17,0.378,25.478,0.632,0.041,0.015,17.68,18.291,0.008181999600878068
2009-08-14,5.014,4.085,0.703,0.915,20.48,0.15,3.187,0.378,25.494,0.633,0.042,0.015,17.53,18.303,0.00837654567211807
2009-08-17,5.016,4.085,0.703,0.915,20.492,0.157,3.204,0.379,25.509,0.633,0.044,0.015,16.25,18.314,0.008771929824561403
2009-08-18,5.019,4.085,0.704,0.915,20.505,0.164,3.222,0.379,25.524,0.633,0.046,0.015,16.58,18.325,0.009165172345088663
2009-08-19,5.022,4.085,0.704,0.915,20.517,0.172,3.239,0.38,25.539,0.634,0.048,0.015,16.32,18.337,0.009557945041816009
2009-08-20,5.024,4.086,0.704,0.916,20.53,0.179,3.257,0.38,25.554,0.634,0.05,0.015,17.07,18.348,0.009952229299363059
2009-08-21,5.027,4.086,0.704,0.916,20.542,0.186,3.274,0.381,25.569,0.635,0.052,0.015,17.39,18.36,0.01034414163517008
2009-08-24,5.03,4.086,0.705,0.916,20.554,0.193,3.292,0.381,25.584,0.635,0.054,0.015,17.14,18.371,0.01073558648111332
2009-08-25,5.033,4.086,0.705,0.917,20.567,0.2,3.309,0.381,25.599,0.635,0.056,0.015,17.38,18.383,0.011126564673157162
2009-08-26,5.035,4.086,0.705,0.917,20.579,0.208,3.327,0.382,25.614,0.636,0.058,0.015,17.71,18.394,0.011519364448857995
2009-08-27,5.038,4.086,0.706,0.917,20.591,0.215,3.344,0.382,25.629,0.636,0.06,0.015,17.86,18.406,0.011909487892020641
2009-08-28,5.041,4.087,0.706,0.918,20.604,0.222,3.362,0.383,25.645,0.637,0.062,0.015,18.11,18.417,0.01229914699464392
2009-08-31,5.044,4.087,0.706,0.918,20.616,0.229,3.379,0.383,25.66,0.637,0.064,0.015,17.79,18.428,0.012688342585249804
2009-09-01,5.046,4.087,0.706,0.918,20.629,0.236,3.397,0.384,25.675,0.638,0.066,0.015,16.82,18.44,0.013079667063020214
2009-09-02,5.049,4.087,0.707,0.919,20.641,0.243,3.414,0.384,25.69,0.638,0.068,0.015,16.46,18.451,0.013468013468013467
2009-09-03,5.052,4.087,0.707,0.919,20.653,0.251,3.432,0.384,25.705,0.638,0.07,0.015,16.72,18.463,0.013855898653998418
2009-09-04,5.055,4.087,0.707,0.919,20.666,0.258,3.449,0.385,25.72,0.639,0.072,0.015,17.1,18.474,0.014243323442136498
2009-09-08,5.057,4.088,0.708,0.92,20.678,0.265,3.466,0.385,25.735,0.639,0.074,0.015,18.04,18.486,0.014633181728297407
2009-09-09,5.06,4.088,0.708,0.92,20.69,0.272,3.484,0.386,25.75,0.64,0.076,0.015,18.46,18.497,0.015019762845849802
2009-09-10,5.063,4.088,0.708,0.92,20.703,0.279,3.501,0.386,25.765,0.64,0.078,0.015,18.85,18.509,0.01540588583843571
2009-09-11,5.065,4.088,0.708,0.921,20.715,0.287,3.519,0.387,25.781,0.641,0.08,0.015,18.82,18.52,0.01579466929911155
2009-09-14,5.068,4.088,0.709,0.921,20.728,0.294,3.536,0.387,25.796,0.641,0.082,0.015,19.32,18.532,0.016179952644041044
2009-09-15,5.071,4.088,0.709,0.921,20.74,0.301,3.554,0.387,25.811,0.641,0.084,0.015,19.64,18.543,0.016564780122263856
2009-09-16,5.074,4.088,0.709,0.922,20.752,0.308,3.571,0.388,25.826,0.642,0.086,0.015,20.51,18.554,0.01694915254237288
2009-09-17,5.076,4.089,0.709,0.922,20.765,0.315,3.589,0.388,25.841,0.642,0.088,0.015,20.37,18.566,0.017336485421591805
2009-09-18,5.079,4.089,0.71,0.922,20.777,0.322,3.606,0.389,25.856,0.643,0.09,0.015,20.68,18.577,0.01772002362669817
2009-09-21,5.082,4.089,0.71,0.923,20.789,0.33,3.624,0.389,25.871,0.643,0.092,0.015,20.07,18.589,0.01810310901219992
2009-09-22,5.085,4.089,0.71,0.923,20.802,0.337,3.641,0.389,25.886,0.643,0.094,0.015,20.52,18.6,0.018485742379547688
2009-09-23,5.087,4.089,0.711,0.923,20.814,0.344,3.659,0.39,25.901,0.644,0.096,0.015,19.57,18.612,0.018871633575781404
2009-09-24,5.09,4.089,0.711,0.924,20.827,0.351,3.676,0.39,25.917,0.644,0.098,0.015,18.81,18.623,0.01925343811394892
2009-09-25,5.093,4.09,0.711,0.924,20.839,0.358,3.694,0.391,25.932,0.645,0.1,0.015,19.02,18.635,0.0196347928529354
2009-09-28,5.096,4.09,0.711,0.924,20.851,0.366,3.711,0.391,25.947,0.645,0.102,0.015,20.03,18.646,0.020015698587127158
2009-09-29,5.098,4.09,0.712,0.925,20.864,0.373,3.729,0.392,25.962,0.646,0.104,0.015,19.38,18.658,0.020400156924284034
2009-09-30,5.101,4.09,0.712,0.925,20.876,0.38,3.746,0.392,25.977,0.646,0.106,0.015,19.41,18.669,0.020780239168790432
2009-10-01,5.102,4.089,0.714,0.927,20.874,0.379,3.749,0.39,25.977,0.644,0.106,0.015,17.53,18.668,0.020776166209329674
2009-10-02,5.104,4.087,0.715,0.928,20.873,0.378,3.753,0.389,25.976,0.642,0.106,0.015,17.52,18.668,0.020768025078369903
2009-10-05,5.105,4.086,0.717,0.93,20.871,0.376,3.756,0.387,25.976,0.641,0.105,0.015,17.94,18.667,0.02056807051909892
2009-10-06,5.106,4.085,0.719,0.931,20.869,0.375,3.759,0.385,25.975,0.639,0.105,0.015,18.11,18.667,0.020564042303172738
2009-10-07,5.107,4.084,0.72,0.933,20.867,0.374,3.763,0.384,25.975,0.637,0.105,0.015,18.06,18.666,0.020560015664773838
2009-10-08,5.109,4.082,0.722,0.935,20.866,0.372,3.766,0.382,25.974,0.635,0.105,0.015,18.27,18.665,0.020551967116852612
2009-10-09,5.11,4.081,0.723,0.936,20.864,0.371,3.769,0.38,25.974,0.633,0.104,0.015,18.41,18.665,0.02035225048923679
2009-10-12,5.111,4.08,0.725,0.938,20.862,0.37,3.772,0.379,25.973,0.631,0.104,0.015,18.32,18.664,0.020348268440618274
2009-10-13,5.113,4.079,0.727,0.939,20.86,0.369,3.776,0.377,25.973,0.63,0.104,0.015,17.87,18.664,0.02034030901623313
2009-10-14,5.114,4.077,0.728,0.941,20.859,0.368,3.779,0.375,25.972,0.628,0.104,0.014,18.67,18.663,0.02033633163863903
2009-10-15,5.115,4.076,0.73,0.943,20.857,0.366,3.782,0.374,25.972,0.626,0.104,0.014,18.59,18.662,0.02033235581622678
2009-10-16,5.116,4.075,0.732,0.944,20.855,0.365,3.786,0.372,25.972,0.624,0.103,0.014,17.9,18.662,0.020132916340891323
2009-10-19,5.118,4.074,0.733,0.946,20.853,0.364,3.789,0.37,25.971,0.622,0.103,0.014,18.35,18.661,0.020125048847205937
2009-10-20,5.119,4.072,0.735,0.948,20.852,0.362,3.792,0.369,25.971,0.62,0.103,0.014,18.18,18.66,0.020121117405743308
2009-10-21,5.12,4.071,0.737,0.949,20.85,0.361,3.796,0.367,25.97,0.619,0.103,0.014,18.09,18.66,0.020117187499999998
2009-10-22,5.122,4.07,0.738,0.951,20.848,0.36,3.799,0.365,25.97,0.617,0.102,0.014,18.57,18.659,0.019914096056228035
2009-10-23,5.123,4.069,0.74,0.952,20.847,0.359,3.802,0.364,25.969,0.615,0.102,0.014,18.26,18.659,0.019910208861994922
2009-10-26,5.124,4.068,0.742,0.954,20.845,0.358,3.806,0.362,25.969,0.613,0.102,0.014,18.25,18.658,0.01990632318501171
2009-10-27,5.125,4.066,0.743,0.956,20.843,0.356,3.809,0.36,25.968,0.611,0.102,0.014,17.87,18.657,0.019902439024390244
2009-10-28,5.127,4.065,0.745,0.957,20.841,0.355,3.812,0.359,25.968,0.609,0.102,0.014,17.09,18.657,0.01989467524868344
2009-10-29,5.128,4.064,0.746,0.959,20.84,0.354,3.816,0.357,25.967,0.608,0.101,0.014,18.09,18.656,0.01969578783151326
2009-10-30,5.129,4.062,0.748,0.96,20.838,0.352,3.819,0.355,25.967,0.606,0.101,0.014,18.01,18.656,0.01969194774809905
2009-11-02,5.13,4.061,0.75,0.962,20.836,0.351,3.822,0.354,25.967,0.604,0.101,0.014,18.14,18.655,0.019688109161793373
2009-11-03,5.132,4.06,0.751,0.964,20.834,0.35,3.826,0.352,25.966,0.602,0.101,0.014,18.34,18.654,0.019680436477007016
2009-11-04,5.133,4.059,0.753,0.965,20.833,0.349,3.829,0.35,25.966,0.6,0.101,0.013,17.92,18.654,0.019676602376777715
2009-11-05,5.134,4.058,0.755,0.967,20.831,0.348,3.832,0.349,25.965,0.598,0.1,0.013,18.4,18.653,0.019477989871445268
2009-11-06,5.136,4.056,0.756,0.968,20.829,0.346,3.835,0.347,25.965,0.597,0.1,0.013,18.1,18.653,0.019470404984423678
2009-11-09,5.137,4.055,0.758,0.97,20.827,0.345,3.839,0.345,25.964,0.595,0.1,0.013,19.03,18.652,0.019466614755693987
2009-11-10,5.138,4.054,0.76,0.972,20.826,0.344,3.842,0.344,25.964,0.593,0.1,0.013,18.74,18.651,0.01946282600233554
2009-11-11,5.139,4.052,0.761,0.973,20.824,0.342,3.845,0.342,25.963,0.591,0.099,0.013,19.28,18.651,0.01926444833625219
2009-11-12,5.141,4.051,0.763,0.975,20.822,0.341,3.849,0.34,25.963,0.589,0.099,0.013,19.15,18.65,0.01925695390001945
2009-11-13,5.142,4.05,0.764,0.976,20.821,0.34,3.852,0.338,25.962,0.588,0.099,0.013,19.31,18.65,0.01925320886814469
2009-11-16,5.143,4.049,0.766,0.978,20.819,0.339,3.855,0.337,25.962,0.586,0.099,0.013,19.67,18.649,0.01924946529263076
2009-11-17,5.145,4.047,0.768,0.98,20.817,0.338,3.859,0.335,25.962,0.584,0.099,0.013,19.28,18.648,0.019241982507288632
2009-11-18,5.146,4.046,0.769,0.981,20.815,0.336,3.862,0.333,25.961,0.582,0.098,0.013,20.18,18.648,0.019043917605907502
2009-11-19,5.147,4.045,0.771,0.983,20.814,0.335,3.865,0.332,25.961,0.58,0.098,0.013,19.74,18.647,0.019040217602486885
2009-11-20,5.148,4.044,0.773,0.985,20.812,0.334,3.869,0.33,25.96,0.578,0.098,0.013,19.38,18.646,0.01903651903651904
2009-11-23,5.15,4.042,0.774,0.986,20.81,0.332,3.872,0.328,25.96,0.577,0.098,0.013,19.83,18.646,0.01902912621359223
2009-11-24,5.151,4.041,0.776,0.988,20.808,0.331,3.875,0.327,25.959,0.575,0.097,0.013,19.27,18.645,0.018831294894195303
2009-11-25,5.152,4.04,0.778,0.989,20.807,0.33,3.879,0.325,25.959,0.573,0.097,0.013,19.29,18.645,0.018827639751552796
2009-11-27,5.154,4.039,0.779,0.991,20.805,0.329,3.882,0.323,25.958,0.571,0.097,0.012,18.62,18.644,0.018820333721381453
2009-11-30,5.155,4.037,0.781,0.993,20.803,0.328,3.885,0.322,25.958,0.569,0.097,0.012,19.4,18.643,0.018816682832201746
2009-12-01,5.156,4.036,0.783,0.994,20.801,0.326,3.888,0.32,25.958,0.567,0.097,0.012,19.72,18.643,0.018813033359193175
2009-12-02,5.157,4.035,0.784,0.996,20.8,0.325,3.892,0.318,25.957,0.566,0.096,0.012,20.06,18.642,0.01861547411285631
2009-12-03,5.159,4.034,0.786,0.997,20.798,0.324,3.895,0.317,25.957,0.564,0.096,0.012,19.81,18.642,0.018608257414227565
2009-12-04,5.16,4.032,0.787,0.999,20.796,0.322,3.898,0.315,25.956,0.562,0.096,0.012,20.24,18.641,0.018604651162790697
2009-12-07,5.161,4.031,0.789,1.001,20.794,0.321,3.902,0.313,25.956,0.56,0.096,0.012,19.74,18.64,0.018601046308854875
2009-12-08,5.162,4.03,0.791,1.002,20.793,0.32,3.905,0.312,25.955,0.558,0.096,0.012,19.94,18.64,0.018597442851607904
2009-12-09,5.164,4.029,0.792,1.004,20.791,0.319,3.908,0.31,25.955,0.556,0.095,0.012,20.05,18.639,0.018396591789310614
2009-12-10,5.165,4.028,0.794,1.005,20.789,0.318,3.912,0.308,25.954,0.555,0.095,0.012,20.17,18.639,0.018393030009680542
2009-12-11,5.166,4.026,0.796,1.007,20.788,0.316,3.915,0.307,25.954,0.553,0.095,0.012,20.5,18.638,0.018389469608981805
2009-12-14,5.168,4.025,0.797,1.009,20.786,0.315,3.918,0.305,25.953,0.551,0.095,0.012,20.79,18.637,0.01838235294117647
2009-12-15,5.169,4.024,0.799,1.01,20.784,0.314,3.922,0.303,25.953,0.549,0.094,0.012,20.52,18.637,0.018185335654865548
2009-12-16,5.17,4.022,0.801,1.012,20.782,0.312,3.925,0.302,25.953,0.547,0.094,0.012,20.52,18.636,0.01818181818181818
2009-12-17,5.171,4.021,0.802,1.014,20.781,0.311,3.928,0.3,25.952,0.545,0.094,0.012,20.49,18.635,0.018178302069232256
2009-12-18,5.173,4.02,0.804,1.015,20.779,0.31,3.932,0.298,25.952,0.544,0.094,0.011,20.77,18.635,0.018171273922288806
2009-12-21,5.174,4.019,0.806,1.017,20.777,0.309,3.935,0.297,25.951,0.542,0.094,0.011,21.2,18.634,0.018167761886354848
2009-12-22,5.175,4.018,0.807,1.018,20.775,0.308,3.938,0.295,25.951,0.54,0.093,0.011,21.32,18.634,0.017971014492753623
2009-12-23,5.177,4.016,0.809,1.02,20.774,0.306,3.941,0.293,25.95,0.538,0.093,0.011,21.67,18.633,0.017964071856287428
2009-12-24,5.178,4.015,0.81,1.022,20.772,0.305,3.945,0.292,25.95,0.536,0.093,0.011,22.1,18.632,0.017960602549246814
2009-12-28,5.179,4.014,0.812,1.023,20.77,0.304,3.948,0.29,25.949,0.534,0.093,0.011,22.18,18.632,0.017957134581965628
2009-12-29,5.18,4.012,0.814,1.025,20.768,0.302,3.951,0.288,25.949,0.533,0.092,0.011,21.91,18.631,0.017760617760617763
2009-12-30,5.182,4.011,0.815,1.026,20.767,0.301,3.955,0.287,25.948,0.531,0.092,0.011,21.76,18.631,0.01775376302585874
2009-12-31,5.183,4.01,0.817,1.028,20.765,0.3,3.958,0.285,25.948,0.529,0.092,0.011,21.31,18.63,0.01775033764229211
2010-01-04,5.182,4.008,0.815,1.026,20.75,0.296,3.948,0.287,25.932,0.531,0.091,0.011,22.58,18.618,0.017560787340795057
2010-01-05,5.182,4.005,0.814,1.025,20.735,0.291,3.937,0.29,25.916,0.533,0.089,0.011,22.43,18.606,0.017174835970667695
2010-01-06,5.181,4.003,0.812,1.023,20.719,0.287,3.927,0.292,25.9,0.535,0.088,0.011,22.17,18.593,0.016985138004246284
2010-01-07,5.18,4.0,0.81,1.021,20.704,0.282,3.917,0.294,25.884,0.538,0.087,0.011,22.46,18.581,0.016795366795366796
2010-01-08,5.18,3.998,0.808,1.02,20.689,0.278,3.906,0.297,25.868,0.54,0.085,0.011,21.93,18.569,0.01640926640926641
2010-01-11,5.179,3.995,0.807,1.018,20.674,0.273,3.896,0.299,25.852,0.542,0.084,0.012,21.95,18.557,0.016219347364356054
2010-01-12,5.178,3.993,0.805,1.016,20.658,0.269,3.886,0.301,25.837,0.544,0.082,0.012,21.51,18.544,0.015836230204712243
2010-01-13,5.178,3.99,0.803,1.014,20.643,0.265,3.875,0.304,25.821,0.546,0.081,0.012,21.73,18.532,0.015643105446118192
2010-01-14,5.177,3.988,0.802,1.013,20.628,0.26,3.865,0.306,25.805,0.548,0.08,0.012,21.83,18.52,0.015452965037666603
2010-01-15,5.176,3.985,0.8,1.011,20.613,0.256,3.855,0.308,25.789,0.551,0.078,0.012,21.43,18.508,0.015069551777434312
2010-01-19,5.176,3.983,0.798,1.009,20.597,0.251,3.844,0.311,25.773,0.553,0.077,0.012,21.93,18.495,0.014876352395672332
2010-01-20,5.175,3.98,0.797,1.008,20.582,0.247,3.834,0.313,25.757,0.555,0.076,0.012,21.43,18.483,0.014685990338164251
2010-01-21,5.174,3.978,0.795,1.006,20.567,0.242,3.824,0.315,25.741,0.557,0.074,0.012,20.75,18.471,0.014302280633938924
2010-01-22,5.174,3.976,0.793,1.004,20.552,0.238,3.813,0.318,25.725,0.559,0.073,0.012,20.2,18.459,0.014109006571318127
2010-01-25,5.173,3.973,0.791,1.003,20.537,0.234,3.803,0.32,25.709,0.561,0.072,0.012,20.63,18.446,0.013918422578774405
2010-01-26,5.172,3.971,0.79,1.001,20.521,0.229,3.792,0.322,25.693,0.564,0.07,0.013,20.55,18.434,0.013534416086620265
2010-01-27,5.172,3.968,0.788,0.999,20.506,0.225,3.782,0.325,25.677,0.566,0.069,0.013,20.72,18.422,0.013341067285382832
2010-01-28,5.171,3.966,0.786,0.998,20.491,0.22,3.772,0.327,25.661,0.568,0.068,0.013,20.62,18.41,0.013150261071359505
2010-01-29,5.17,3.963,0.785,0.996,20.476,0.216,3.761,0.329,25.646,0.57,0.066,0.013,20.6,18.397,0.012765957446808512
2010-02-01,5.17,3.961,0.783,0.994,20.46,0.211,3.751,0.332,25.63,0.572,0.065,0.013,21.05,18.385,0.012572533849129595
2010-02-02,5.169,3.958,0.781,0.993,20.445,0.207,3.741,0.334,25.614,0.574,0.063,0.013,21.31,18.373,0.012188044109112015
2010-02-03,5.168,3.956,0.779,0.991,20.43,0.203,3.73,0.336,25.598,0.577,0.062,0.013,20.83,18.361,0.011996904024767802
2010-02-04,5.168,3.953,0.778,0.989,20.415,0.198,3.72,0.339,25.582,0.579,0.061,0.013,19.87,18.348,0.011803405572755417
2010-02-05,5.167,3.951,0.776,0.987,20.399,0.194,3.71,0.341,25.566,0.581,0.059,0.013,20.99,18.336,0.011418618153667506
2010-02-08,5.166,3.949,0.774,0.986,20.384,0.189,3.699,0.343,25.55,0.583,0.058,0.013,20.23,18.324,0.011227255129694153
2010-02-09,5.166,3.946,0.773,0.984,20.369,0.185,3.689,0.346,25.534,0.585,0.057,0.014,20.2,18.312,0.011033681765389082
2010-02-10,5.165,3.944,0.771,0.982,20.354,0.18,3.679,0.348,25.518,0.587,0.055,0.014,20.11,18.299,0.010648596321393998
2010-02-11,5.164,3.941,0.769,0.981,20.339,0.176,3.668,0.35,25.502,0.59,0.054,0.014,20.39,18.287,0.010457010069713401
2010-02-12,5.164,3.939,0.768,0.979,20.323,0.172,3.658,0.353,25.486,0.592,0.053,0.014,20.6,18.275,0.010263361735089079
2010-02-16,5.163,3.936,0.766,0.977,20.308,0.167,3.648,0.355,25.47,0.594,0.051,0.014,21.41,18.263,0.009877977919814061
2010-02-17,5.162,3.934,0.764,0.976,20.293,0.163,3.637,0.357,25.455,0.596,0.05,0.014,21.7,18.25,0.009686168151879117
2010-02-18,5.161,3.931,0.762,0.974,20.278,0.158,3.627,0.359,25.439,0.598,0.048,0.014,22.09,18.238,0.009300523154427438
2010-02-19,5.161,3.929,0.761,0.972,20.262,0.154,3.617,0.362,25.423,0.6,0.047,0.014,22.24,18.226,0.009106762255376866
2010-02-22,5.16,3.926,0.759,0.971,20.247,0.15,3.606,0.364,25.407,0.603,0.046,0.014,22.5,18.214,0.008914728682170543
2010-02-23,5.159,3.924,0.757,0.969,20.232,0.145,3.596,0.366,25.391,0.605,0.044,0.014,22.29,18.201,0.008528784648187633
2010-02-24,5.159,3.921,0.756,0.967,20.217,0.141,3.586,0.369,25.375,0.607,0.043,0.015,22.18,18.189,0.008334948633456097
2010-02-25,5.158,3.919,0.754,0.966,20.202,0.136,3.575,0.371,25.359,0.609,0.042,0.015,22.46,18.177,0.0081426909654905
2010-02-26,5.157,3.917,0.752,0.964,20.186,0.132,3.565,0.373,25.343,0.611,0.04,0.015,22.4,18.165,0.0077564475470234635
2010-03-01,5.157,3.914,0.751,0.962,20.171,0.127,3.555,0.376,25.327,0.613,0.039,0.015,22.43,18.152,0.0075625363583478765
2010-03-02,5.156,3.912,0.749,0.96,20.156,0.123,3.544,0.378,25.311,0.616,0.038,0.015,22.32,18.14,0.0073700543056633054
2010-03-03,5.155,3.909,0.747,0.959,20.141,0.119,3.534,0.38,25.295,0.618,0.036,0.015,22.16,18.128,0.006983511154219204
2010-03-04,5.155,3.907,0.745,0.957,20.125,0.114,3.524,0.383,25.279,0.62,0.035,0.015,22.21,18.116,0.006789524733268671
2010-03-05,5.154,3.904,0.744,0.955,20.11,0.11,3.513,0.385,25.264,0.622,0.033,0.015,22.73,18.103,0.00640279394644936
2010-03-08,5.153,3.902,0.742,0.954,20.095,0.105,3.503,0.387,25.248,0.624,0.032,0.015,22.83,18.091,0.00620997477197749
2010-03-09,5.153,3.899,0.74,0.952,20.08,0.101,3.493,0.39,25.232,0.626,0.031,0.015,23.12,18.079,0.006015913060353192
2010-03-10,5.152,3.897,0.739,0.95,20.064,0.096,3.482,0.392,25.216,0.629,0.029,0.016,23.11,18.067,0.00562888198757764
2010-03-11,5.151,3.894,0.737,0.949,20.049,0.092,3.472,0.394,25.2,0.631,0.028,0.016,23.16,18.054,0.005435837701417201
2010-03-12,5.151,3.892,0.735,0.947,20.034,0.088,3.461,0.397,25.184,0.633,0.027,0.016,23.49,18.042,0.0052417006406523005
2010-03-15,5.15,3.89,0.733,0.945,20.019,0.083,3.451,0.399,25.168,0.635,0.025,0.016,23.43,18.03,0.0048543689320388345
2010-03-16,5.149,3.887,0.732,0.944,20.004,0.079,3.441,0.401,25.152,0.637,0.024,0.016,24.09,18.018,0.004661099242571373
2010-03-17,5.149,3.885,0.73,0.942,19.988,0.074,3.43,0.404,25.136,0.639,0.023,0.016,24.51,18.005,0.004466886774130899
2010-03-18,5.148,3.882,0.728,0.94,19.973,0.07,3.42,0.406,25.12,0.642,0.021,0.016,24.19,17.993,0.00407925407925408
2010-03-19,5.147,3.88,0.727,0.939,19.958,0.065,3.41,0.408,25.104,0.644,0.02,0.016,23.9,17.981,0.0038857586943850785
2010-03-22,5.147,3.877,0.725,0.937,19.943,0.061,3.399,0.411,25.088,0.646,0.019,0.016,24.31,17.969,0.0036914707596658247
2010-03-23,5.146,3.875,0.723,0.935,19.927,0.057,3.389,0.413,25.073,0.648,0.017,0.016,24.16,17.956,0.0033035367275553833
2010-03-24,5.145,3.872,0.722,0.933,19.912,0.052,3.379,0.415,25.057,0.65,0.016,0.017,24.18,17.944,0.0031098153547133144
2010-03-25,5.145,3.87,0.72,0.932,19.897,0.048,3.368,0.418,25.041,0.652,0.014,0.017,24.47,17.932,0.00272108843537415
2010-03-26,5.144,3.867,0.718,0.93,19.882,0.043,3.358,0.42,25.025,0.655,0.013,0.017,24.32,17.92,0.0025272161741835145
2010-03-29,5.143,3.865,0.716,0.928,19.866,0.039,3.348,0.422,25.009,0.657,0.012,0.017,24.36,17.907,0.0023332685203188803
2010-03-30,5.143,3.862,0.715,0.927,19.851,0.034,3.337,0.425,24.993,0.659,0.01,0.017,24.37,17.895,0.0019443904335990669
2010-03-31,5.142,3.86,0.713,0.925,19.836,0.03,3.327,0.427,24.977,0.661,0.009,0.017,24.01,17.883,0.0017502917152858808
2010-04-01,5.145,3.854,0.713,0.925,19.816,0.038,3.311,0.427,24.96,0.661,0.011,0.017,24.69,17.87,0.0021379980563654036
2010-04-05,5.148,3.848,0.714,0.925,19.797,0.046,3.294,0.427,24.944,0.661,0.014,0.017,25.18,17.857,0.00271950271950272
2010-04-06,5.151,3.842,0.714,0.925,19.777,0.053,3.278,0.426,24.927,0.661,0.016,0.017,25.64,17.844,0.0031061929722384007
2010-04-07,5.154,3.837,0.714,0.926,19.757,0.061,3.261,0.426,24.91,0.661,0.018,0.017,24.71,17.831,0.0034924330616996507
2010-04-08,5.157,3.831,0.715,0.926,19.738,0.069,3.245,0.426,24.894,0.661,0.02,0.017,24.77,17.819,0.0038782237735117317
2010-04-09,5.16,3.825,0.715,0.926,19.718,0.077,3.229,0.426,24.877,0.661,0.023,0.017,25.17,17.806,0.004457364341085271
2010-04-12,5.162,3.819,0.715,0.926,19.699,0.084,3.212,0.426,24.86,0.66,0.025,0.017,24.86,17.793,0.0048430840759395586
2010-04-13,5.165,3.813,0.716,0.926,19.679,0.092,3.196,0.425,24.843,0.66,0.027,0.017,25.78,17.78,0.005227492739593417
2010-04-14,5.168,3.807,0.716,0.926,19.659,0.1,3.179,0.425,24.827,0.66,0.03,0.017,25.71,17.767,0.005804953560371516
2010-04-15,5.171,3.801,0.716,0.926,19.64,0.108,3.163,0.425,24.81,0.66,0.032,0.017,24.86,17.754,0.006188358151228002
2010-04-16,5.174,3.795,0.716,0.927,19.62,0.116,3.146,0.425,24.793,0.66,0.034,0.017,24.05,17.741,0.006571318129107074
2010-04-19,5.177,3.79,0.717,0.927,19.6,0.123,3.13,0.425,24.777,0.66,0.036,0.017,24.23,17.728,0.006953834266949971
2010-04-20,5.18,3.784,0.717,0.927,19.581,0.131,3.114,0.425,24.76,0.66,0.039,0.017,24.75,17.715,0.007528957528957529
2010-04-21,5.183,3.778,0.717,0.927,19.561,0.139,3.097,0.424,24.743,0.66,0.041,0.017,25.43,17.703,0.007910476557978005
2010-04-22,5.186,3.772,0.718,0.927,19.541,0.147,3.081,0.424,24.727,0.66,0.043,0.017,25.84,17.69,0.00829155418434246
2010-04-23,5.189,3.766,0.718,0.927,19.522,0.154,3.064,0.424,24.71,0.66,0.046,0.017,26.18,17.677,0.008864906533050684
2010-04-26,5.192,3.76,0.718,0.927,19.502,0.162,3.048,0.424,24.693,0.66,0.048,0.017,26.48,17.664,0.009244992295839752
2010-04-27,5.195,3.754,0.719,0.928,19.483,0.17,3.032,0.424,24.676,0.66,0.05,0.017,25.57,17.651,0.009624639076034648
2010-04-28,5.197,3.748,0.719,0.928,19.463,0.178,3.015,0.423,24.66,0.659,0.052,0.017,25.62,17.638,0.010005772561092937
2010-04-29,5.2,3.743,0.719,0.928,19.443,0.186,2.999,0.423,24.643,0.659,0.055,0.017,27.02,17.625,0.010576923076923076
2010-04-30,5.203,3.737,0.72,0.928,19.424,0.193,2.982,0.423,24.626,0.659,0.057,0.017,26.02,17.612,0.01095521814337882
2010-05-03,5.206,3.731,0.72,0.928,19.404,0.201,2.966,0.423,24.61,0.659,0.059,0.017,27.12,17.599,0.011333077218593928
2010-05-04,5.209,3.725,0.72,0.928,19.384,0.209,2.95,0.423,24.593,0.659,0.062,0.017,26.34,17.587,0.011902476483010176
2010-05-05,5.212,3.719,0.721,0.928,19.365,0.217,2.933,0.422,24.576,0.659,0.064,0.017,25.86,17.574,0.012279355333844975
2010-05-06,5.215,3.713,0.721,0.929,19.345,0.224,2.917,0.422,24.56,0.659,0.066,0.017,24.81,17.561,0.012655800575263663
2010-05-07,5.218,3.707,0.721,0.929,19.325,0.232,2.9,0.422,24.543,0.659,0.068,0.017,25.05,17.548,0.013031812955155233
2010-05-10,5.221,3.701,0.722,0.929,19.306,0.24,2.884,0.422,24.526,0.659,0.071,0.017,26.41,17.535,0.013598927408542424
2010-05-11,5.224,3.696,0.722,0.929,19.286,0.248,2.867,0.422,24.509,0.659,0.073,0.017,26.32,17.522,0.0139739663093415
2010-05-12,5.227,3.69,0.722,0.929,19.267,0.256,2.851,0.421,24.493,0.659,0.075,0.017,26.69,17.509,0.014348574708245646
2010-05-13,5.23,3.684,0.723,0.929,19.247,0.263,2.835,0.421,24.476,0.659,0.078,0.017,26.22,17.496,0.014913957934990438
2010-05-14,5.233,3.678,0.723,0.929,19.227,0.271,2.818,0.421,24.459,0.659,0.08,0.017,25.34,17.483,0.01528759793617428
2010-05-17,5.235,3.672,0.723,0.93,19.208,0.279,2.802,0.421,24.443,0.658,0.082,0.017,25.34,17.471,0.01566380133715377
2010-05-18,5.238,3.666,0.723,0.93,19.188,0.287,2.785,0.421,24.426,0.658,0.084,0.017,24.6,17.458,0.016036655211912942
2010-05-19,5.241,3.66,0.724,0.93,19.168,0.294,2.769,0.421,24.409,0.658,0.087,0.017,24.35,17.445,0.01659988551803091
2010-05-20,5.244,3.654,0.724,0.93,19.149,0.302,2.753,0.42,24.393,0.658,0.089,0.017,23.7,17.432,0.016971777269260108
2010-05-21,5.247,3.649,0.724,0.93,19.129,0.31,2.736,0.42,24.376,0.658,0.091,0.017,24.57,17.419,0.0173432437583381
2010-05-24,5.25,3.643,0.725,0.93,19.11,0.318,2.72,0.42,24.359,0.658,0.094,0.017,23.9,17.406,0.017904761904761906
2010-05-25,5.253,3.637,0.725,0.93,19.09,0.326,2.703,0.42,24.342,0.658,0.096,0.017,24.16,17.393,0.018275271273557967
2010-05-26,5.256,3.631,0.725,0.931,19.07,0.333,2.687,0.42,24.326,0.658,0.098,0.017,23.96,17.38,0.018645357686453576
2010-05-27,5.259,3.625,0.726,0.931,19.051,0.341,2.67,0.419,24.309,0.658,0.1,0.017,25.27,17.367,0.019015021867275148
2010-05-28,5.262,3.619,0.726,0.931,19.031,0.349,2.654,0.419,24.292,0.658,0.103,0.017,24.86,17.355,0.019574306347396427
2010-06-01,5.265,3.613,0.726,0.931,19.011,0.357,2.638,0.419,24.276,0.658,0.105,0.017,24.79,17.342,0.019943019943019943
2010-06-02,5.268,3.607,0.727,0.931,18.992,0.364,2.621,0.419,24.259,0.658,0.107,0.017,25.31,17.329,0.020311313591495826
2010-06-03,5.271,3.602,0.727,0.931,18.972,0.372,2.605,0.419,24.242,0.658,0.11,0.017,25.18,17.316,0.020868905331056727
2010-06-04,5.273,3.596,0.727,0.931,18.952,0.38,2.588,0.418,24.226,0.657,0.112,0.017,23.82,17.303,0.021240280675137495
2010-06-07,5.276,3.59,0.728,0.932,18.933,0.388,2.572,0.418,24.209,0.657,0.114,0.017,23.67,17.29,0.021607278241091737
2010-06-08,5.279,3.584,0.728,0.932,18.913,0.396,2.556,0.418,24.192,0.657,0.116,0.017,24.02,17.277,0.021973858685357076
2010-06-09,5.282,3.578,0.728,0.932,18.894,0.403,2.539,0.418,24.175,0.657,0.119,0.017,24.03,17.264,0.022529344945096553
2010-06-10,5.285,3.572,0.729,0.932,18.874,0.411,2.523,0.418,24.159,0.657,0.121,0.017,25.09,17.251,0.02289498580889309
2010-06-11,5.288,3.566,0.729,0.932,18.854,0.419,2.506,0.417,24.142,0.657,0.123,0.017,25.46,17.239,0.02326021180030257
2010-06-14,5.291,3.56,0.729,0.932,18.835,0.427,2.49,0.417,24.125,0.657,0.126,0.017,25.84,17.226,0.023814023814023814
2010-06-15,5.294,3.555,0.73,0.932,18.815,0.434,2.474,0.417,24.109,0.657,0.128,0.017,26.44,17.213,0.024178315073668306
2010-06-16,5.297,3.549,0.73,0.933,18.795,0.442,2.457,0.417,24.092,0.657,0.13,0.017,26.15,17.2,0.024542193694544082
2010-06-17,5.3,3.543,0.73,0.933,18.776,0.45,2.441,0.417,24.075,0.657,0.132,0.017,26.01,17.187,0.02490566037735849
2010-06-18,5.303,3.537,0.73,0.933,18.756,0.458,2.424,0.417,24.059,0.657,0.135,0.017,26.14,17.174,0.025457288327361872
2010-06-21,5.306,3.531,0.731,0.933,18.736,0.466,2.408,0.416,24.042,0.657,0.137,0.017,25.98,17.161,0.02581982661138334
2010-06-22,5.308,3.525,0.731,0.933,18.717,0.473,2.391,0.416,24.025,0.656,0.139,0.017,25.02,17.148,0.02618688771665411
2010-06-23,5.311,3.519,0.731,0.933,18.697,0.481,2.375,0.416,24.008,0.656,0.142,0.017,25.18,17.135,0.02673696102428921
2010-06-24,5.314,3.513,0.732,0.933,18.678,0.489,2.359,0.416,23.992,0.656,0.144,0.017,24.55,17.123,0.027098231087692885
2010-06-25,5.317,3.508,0.732,0.934,18.658,0.497,2.342,0.416,23.975,0.656,0.146,0.017,25.29,17.11,0.027459093473763397
2010-06-28,5.32,3.502,0.732,0.934,18.638,0.504,2.326,0.415,23.958,0.656,0.148,0.017,24.84,17.097,0.02781954887218045
2010-06-29,5.323,3.496,0.733,0.934,18.619,0.512,2.309,0.415,23.942,0.656,0.151,0.017,23.92,17.084,0.028367461957542736
2010-06-30,5.326,3.49,0.733,0.934,18.599,0.52,2.293,0.415,23.925,0.656,0.153,0.017,23.61,17.071,0.028726999624483666
2010-07-01,5.33,3.489,0.733,0.935,18.608,0.524,2.273,0.415,23.938,0.656,0.154,0.017,23.73,17.077,0.028893058161350845
2010-07-02,5.335,3.488,0.734,0.935,18.617,0.528,2.253,0.414,23.952,0.656,0.155,0.017,23.16,17.084,0.029053420805998126
2010-07-06,5.339,3.487,0.734,0.936,18.626,0.533,2.233,0.414,23.965,0.656,0.157,0.017,22.63,17.09,0.02940625585315602
2010-07-07,5.344,3.486,0.734,0.937,18.635,0.537,2.213,0.414,23.979,0.656,0.158,0.017,23.79,17.097,0.02956586826347305
2010-07-08,5.348,3.485,0.735,0.938,18.644,0.541,2.193,0.414,23.992,0.656,0.159,0.017,23.93,17.103,0.02973074046372476
2010-07-09,5.352,3.483,0.735,0.938,18.653,0.545,2.173,0.413,24.006,0.656,0.16,0.017,24.21,17.11,0.029895366218236172
2010-07-12,5.357,3.482,0.736,0.939,18.663,0.55,2.153,0.413,24.019,0.656,0.162,0.017,24.29,17.116,0.030240806421504573
2010-07-13,5.361,3.481,0.736,0.94,18.672,0.554,2.133,0.413,24.033,0.656,0.163,0.017,24.91,17.123,0.030404775228502146
2010-07-14,5.366,3.48,0.736,0.94,18.681,0.558,2.113,0.413,24.046,0.656,0.164,0.017,24.76,17.129,0.030562802832650022
2010-07-15,5.37,3.479,0.737,0.941,18.69,0.562,2.093,0.412,24.06,0.656,0.165,0.017,24.86,17.136,0.030726256983240226
2010-07-16,5.374,3.478,0.737,0.942,18.699,0.566,2.073,0.412,24.073,0.656,0.166,0.017,24.08,17.142,0.030889467807964276
2010-07-19,5.379,3.477,0.738,0.942,18.708,0.571,2.053,0.412,24.087,0.656,0.168,0.017,24.41,17.149,0.031232571109871727
2010-07-20,5.383,3.476,0.738,0.943,18.717,0.575,2.033,0.412,24.1,0.656,0.169,0.017,24.71,17.155,0.03139513282556196
2010-07-21,5.388,3.475,0.738,0.944,18.726,0.579,2.013,0.411,24.114,0.656,0.17,0.017,24.12,17.162,0.03155159613956942
2010-07-22,5.392,3.474,0.739,0.945,18.735,0.583,1.993,0.411,24.127,0.656,0.171,0.017,25.28,17.168,0.031713649851632046
2010-07-23,5.396,3.472,0.739,0.945,18.744,0.588,1.973,0.411,24.141,0.656,0.172,0.017,25.57,17.175,0.03187546330615271
2010-07-26,5.401,3.471,0.739,0.946,18.753,0.592,1.953,0.41,24.154,0.656,0.174,0.017,26.08,17.181,0.032216256248842806
2010-07-27,5.405,3.47,0.74,0.947,18.762,0.596,1.933,0.41,24.168,0.656,0.175,0.017,26.14,17.187,0.03237742830712303
2010-07-28,5.41,3.469,0.74,0.947,18.771,0.6,1.913,0.41,24.181,0.656,0.176,0.017,26.1,17.194,0.03253234750462107
2010-07-29,5.414,3.468,0.74,0.948,18.781,0.604,1.893,0.41,24.195,0.656,0.177,0.017,25.75,17.2,0.032693018101219065
2010-07-30,5.419,3.467,0.741,0.949,18.79,0.609,1.873,0.409,24.208,0.656,0.179,0.017,26.13,17.207,0.033031924709355974
2010-08-02,5.423,3.466,0.741,0.949,18.799,0.613,1.853,0.409,24.222,0.656,0.18,0.017,27.39,17.213,0.033191960169647795
2010-08-03,5.427,3.465,0.742,0.95,18.808,0.617,1.833,0.409,24.235,0.656,0.181,0.017,27.28,17.22,0.033351759719918925
2010-08-04,5.432,3.464,0.742,0.951,18.817,0.621,1.813,0.409,24.249,0.656,0.182,0.017,27.66,17.226,0.03350515463917526
2010-08-05,5.436,3.463,0.742,0.952,18.826,0.625,1.793,0.408,24.262,0.656,0.183,0.017,27.27,17.233,0.0336644591611479
2010-08-06,5.441,3.462,0.743,0.952,18.835,0.63,1.773,0.408,24.276,0.656,0.185,0.017,27.19,17.239,0.034001102738467195
2010-08-09,5.445,3.46,0.743,0.953,18.844,0.634,1.753,0.408,24.289,0.656,0.186,0.017,27.43,17.246,0.034159779614325064
2010-08-10,5.449,3.459,0.744,0.954,18.853,0.638,1.733,0.408,24.303,0.656,0.187,0.017,27.11,17.252,0.03431822352725271
2010-08-11,5.454,3.458,0.744,0.954,18.862,0.642,1.713,0.407,24.316,0.656,0.188,0.017,26.54,17.259,0.03447011367803447
2010-08-12,5.458,3.457,0.744,0.955,18.871,0.647,1.693,0.407,24.33,0.656,0.19,0.017,26.25,17.265,0.0348112861854159
2010-08-13,5.463,3.456,0.745,0.956,18.88,0.651,1.673,0.407,24.343,0.656,0.191,0.017,26.14,17.272,0.034962474830679116
2010-08-16,5.467,3.455,0.745,0.956,18.89,0.655,1.652,0.406,24.356,0.656,0.192,0.017,26.18,17.278,0.035119809767697095
2010-08-17,5.471,3.454,0.745,0.957,18.899,0.659,1.632,0.406,24.37,0.655,0.193,0.017,26.86,17.284,0.03527691464083348
2010-08-18,5.476,3.453,0.746,0.958,18.908,0.663,1.612,0.406,24.383,0.655,0.194,0.017,26.9,17.291,0.035427319211102995
2010-08-19,5.48,3.452,0.746,0.959,18.917,0.668,1.592,0.406,24.397,0.655,0.196,0.017,26.18,17.297,0.03576642335766423
2010-08-20,5.485,3.451,0.746,0.959,18.926,0.672,1.572,0.405,24.41,0.655,0.197,0.017,26.05,17.304,0.035916134913400184
2010-08-23,5.489,3.45,0.747,0.96,18.935,0.676,1.552,0.405,24.424,0.655,0.198,0.017,25.78,17.31,0.036072144288577156
2010-08-24,5.493,3.448,0.747,0.961,18.944,0.68,1.532,0.405,24.437,0.655,0.199,0.017,25.84,17.317,0.0362279264518478
2010-08-25,5.498,3.447,0.748,0.961,18.953,0.685,1.512,0.405,24.451,0.655,0.201,0.017,26.19,17.323,0.03655874863586759
2010-08-26,5.502,3.446,0.748,0.962,18.962,0.689,1.492,0.404,24.464,0.655,0.202,0.017,26.03,17.33,0.03671392221010542
2010-08-27,5.507,3.445,0.748,0.963,18.971,0.693,1.472,0.404,24.478,0.655,0.203,0.017,26.51,17.336,0.03686217541311059
2010-08-30,5.511,3.444,0.749,0.964,18.98,0.697,1.452,0.404,24.491,0.655,0.204,0.016,26.29,17.343,0.03701687534022863
2010-08-31,5.515,3.443,0.749,0.964,18.989,0.701,1.432,0.404,24.505,0.655,0.205,0.016,26.49,17.349,0.0371713508612874
2010-09-01,5.52,3.442,0.75,0.965,18.998,0.706,1.412,0.403,24.518,0.655,0.207,0.016,27.4,17.356,0.0375
2010-09-02,5.524,3.441,0.75,0.966,19.008,0.71,1.392,0.403,24.532,0.655,0.208,0.016,27.92,17.362,0.037653874004344674
2010-09-03,5.529,3.44,0.75,0.966,19.017,0.714,1.372,0.403,24.545,0.655,0.209,0.016,28.25,17.369,0.037800687285223365
2010-09-07,5.533,3.439,0.751,0.967,19.026,0.718,1.352,0.403,24.559,0.655,0.21,0.016,27.68,17.375,0.03795409362009759
2010-09-08,5.538,3.438,0.751,0.968,19.035,0.722,1.332,0.402,24.572,0.655,0.212,0.016,27.79,17.382,0.038280967858432643
2010-09-09,5.542,3.436,0.751,0.968,19.044,0.727,1.312,0.402,24.586,0.655,0.213,0.016,27.59,17.388,0.0384337784193432
2010-09-10,5.546,3.435,0.752,0.969,19.053,0.731,1.292,0.402,24.599,0.655,0.214,0.016,27.77,17.394,0.038586368553912724
2010-09-13,5.551,3.434,0.752,0.97,19.062,0.735,1.272,0.401,24.613,0.655,0.215,0.016,27.81,17.401,0.038731760043235454
2010-09-14,5.555,3.433,0.752,0.971,19.071,0.739,1.252,0.401,24.626,0.655,0.216,0.016,27.63,17.407,0.03888388838883888
2010-09-15,5.56,3.432,0.753,0.971,19.08,0.744,1.232,0.401,24.64,0.655,0.218,0.016,27.94,17.414,0.03920863309352518
2010-09-16,5.564,3.431,0.753,0.972,19.089,0.748,1.212,0.401,24.653,0.655,0.219,0.016,27.7,17.42,0.039360172537742634
2010-09-17,5.568,3.43,0.754,0.973,19.098,0.752,1.192,0.4,24.667,0.655,0.22,0.016,27.91,17.427,0.039511494252873564
2010-09-20,5.573,3.429,0.754,0.973,19.107,0.756,1.172,0.4,24.68,0.655,0.221,0.016,28.47,17.433,0.039655481787188224
2010-09-21,5.577,3.428,0.754,0.974,19.116,0.76,1.152,0.4,24.694,0.655,0.222,0.016,28.19,17.44,0.03980634749865519
2010-09-22,5.582,3.427,0.755,0.975,19.126,0.765,1.132,0.4,24.707,0.655,0.224,0.016,27.91,17.446,0.0401289860265138
2010-09-23,5.586,3.425,0.755,0.975,19.135,0.769,1.112,0.399,24.721,0.655,0.225,0.016,27.17,17.453,0.04027926960257787
2010-09-24,5.59,3.424,0.756,0.976,19.144,0.773,1.092,0.399,24.734,0.655,0.226,0.016,27.89,17.459,0.040429338103756714
2010-09-27,5.595,3.423,0.756,0.977,19.153,0.777,1.072,0.399,24.748,0.655,0.227,0.016,27.48,17.466,0.04057193923145666
2010-09-28,5.599,3.422,0.756,0.978,19.162,0.782,1.052,0.399,24.761,0.655,0.229,0.016,27.49,17.472,0.04090016074298982
2010-09-29,5.604,3.421,0.757,0.978,19.171,0.786,1.032,0.398,24.775,0.655,0.23,0.016,27.24,17.479,0.041042112776588154
2010-09-30,5.608,3.42,0.757,0.979,19.18,0.79,1.012,0.398,24.788,0.655,0.231,0.016,27.16,17.485,0.04119115549215407
2010-10-01,5.608,3.42,0.759,0.981,19.181,0.79,1.009,0.4,24.789,0.657,0.231,0.016,27.24,17.485,0.04119115549215407
2010-10-04,5.609,3.42,0.761,0.983,19.181,0.789,1.005,0.401,24.79,0.659,0.231,0.016,27.45,17.485,0.04118381173114637
2010-10-05,5.609,3.42,0.763,0.986,19.182,0.789,1.002,0.403,24.791,0.661,0.23,0.016,27.83,17.484,0.041005526831877345
2010-10-06,5.61,3.419,0.765,0.988,19.183,0.788,0.999,0.405,24.792,0.664,0.23,0.016,27.79,17.484,0.040998217468805706
2010-10-07,5.61,3.419,0.768,0.99,19.183,0.788,0.995,0.407,24.793,0.666,0.23,0.016,27.85,17.484,0.040998217468805706
2010-10-08,5.61,3.419,0.77,0.992,19.184,0.787,0.992,0.408,24.794,0.668,0.23,0.016,27.82,17.484,0.040998217468805706
2010-10-11,5.611,3.419,0.772,0.994,19.185,0.787,0.988,0.41,24.796,0.67,0.23,0.017,27.86,17.484,0.040990910711103196
2010-10-12,5.611,3.419,0.774,0.997,19.186,0.786,0.985,0.412,24.797,0.672,0.229,0.017,28.07,17.484,0.04081268936018535
2010-10-13,5.612,3.419,0.776,0.999,19.186,0.786,0.982,0.413,24.798,0.674,0.229,0.017,28.28,17.483,0.040805416963649324
2010-10-14,5.612,3.418,0.778,1.001,19.187,0.785,0.978,0.415,24.799,0.676,0.229,0.017,28.16,17.483,0.040805416963649324
2010-10-15,5.612,3.418,0.78,1.003,19.188,0.785,0.975,0.417,24.8,0.678,0.229,0.017,28.37,17.483,0.040805416963649324
2010-10-18,5.613,3.418,0.782,1.005,19.188,0.784,0.972,0.418,24.801,0.68,0.229,0.017,28.59,17.483,0.04079814715838233
2010-10-19,5.613,3.418,0.784,1.008,19.189,0.784,0.968,0.42,24.802,0.683,0.228,0.017,27.98,17.483,0.040619989310529125
2010-10-20,5.614,3.418,0.787,1.01,19.19,0.783,0.965,0.422,24.803,0.685,0.228,0.017,28.58,17.483,0.04061275382971144
2010-10-21,5.614,3.418,0.789,1.012,19.19,0.783,0.962,0.424,24.804,0.687,0.228,0.017,28.52,17.482,0.04061275382971144
2010-10-22,5.614,3.418,0.791,1.014,19.191,0.782,0.958,0.425,24.805,0.689,0.228,0.017,28.44,17.482,0.04061275382971144
2010-10-25,5.615,3.417,0.793,1.016,19.192,0.782,0.955,0.427,24.806,0.691,0.228,0.017,28.5,17.482,0.04060552092609083
2010-10-26,5.615,3.417,0.795,1.019,19.192,0.782,0.952,0.429,24.807,0.693,0.227,0.017,28.28,17.482,0.04042742653606411
2010-10-27,5.616,3.417,0.797,1.021,19.193,0.781,0.948,0.43,24.808,0.695,0.227,0.017,28.17,17.482,0.040420227920227925
2010-10-28,5.616,3.417,0.799,1.023,19.194,0.781,0.945,0.432,24.81,0.698,0.227,0.017,28.06,17.482,0.040420227920227925
2010-10-29,5.617,3.417,0.801,1.025,19.194,0.78,0.941,0.434,24.811,0.7,0.227,0.017,27.95,17.481,0.040413031867544955
2010-11-01,5.617,3.417,0.803,1.027,19.195,0.78,0.938,0.435,24.812,0.702,0.227,0.018,28.71,17.481,0.040413031867544955
2010-11-02,5.617,3.416,0.806,1.03,19.196,0.779,0.935,0.437,24.813,0.704,0.226,0.018,29.27,17.481,0.04023500089015489
2010-11-03,5.618,3.416,0.808,1.032,19.196,0.779,0.931,0.439,24.814,0.706,0.226,0.018,29.36,17.481,0.04022783908864364
2010-11-04,5.618,3.416,0.81,1.034,19.197,0.778,0.928,0.441,24.815,0.708,0.226,0.018,30.23,17.481,0.04022783908864364
2010-11-05,5.619,3.416,0.812,1.036,19.198,0.778,0.925,0.442,24.816,0.71,0.226,0.018,30.79,17.481,0.0402206798362698
2010-11-08,5.619,3.416,0.814,1.038,19.199,0.777,0.921,0.444,24.817,0.712,0.226,0.018,30.93,17.48,0.0402206798362698
2010-11-09,5.619,3.416,0.816,1.041,19.199,0.777,0.918,0.446,24.818,0.714,0.225,0.018,29.45,17.48,0.0400427122263748
2010-11-10,5.62,3.415,0.818,1.043,19.2,0.776,0.915,0.447,24.819,0.717,0.225,0.018,30.02,17.48,0.0400355871886121
2010-11-11,5.62,3.415,0.82,1.045,19.201,0.776,0.911,0.449,24.82,0.719,0.225,0.018,29.53,17.48,0.0400355871886121
2010-11-12,5.621,3.415,0.822,1.047,19.201,0.775,0.908,0.451,24.821,0.721,0.225,0.018,29.22,17.48,0.04002846468599893
2010-11-15,5.621,3.415,0.824,1.05,19.202,0.775,0.905,0.452,24.822,0.723,0.224,0.018,29.03,17.48,0.039850560398505604
2010-11-16,5.621,3.415,0.827,1.052,19.203,0.775,0.901,0.454,24.824,0.725,0.224,0.018,27.98,17.479,0.039850560398505604
2010-11-17,5.622,3.415,0.829,1.054,19.203,0.774,0.898,0.456,24.825,0.727,0.224,0.018,28.22,17.479,0.03984347207399502
2010-11-18,5.622,3.415,0.831,1.056,19.204,0.774,0.894,0.458,24.826,0.729,0.224,0.018,28.51,17.479,0.03984347207399502
2010-11-19,5.623,3.414,0.833,1.058,19.205,0.773,0.891,0.459,24.827,0.732,0.224,0.018,28.57,17.479,0.03983638627067402
2010-11-22,5.623,3.414,0.835,1.061,19.205,0.773,0.888,0.461,24.828,0.734,0.223,0.019,28.69,17.479,0.03965854526053708
2010-11-23,5.623,3.414,0.837,1.063,19.206,0.772,0.884,0.463,24.829,0.736,0.223,0.019,28.4,17.478,0.03965854526053708
2010-11-24,5.624,3.414,0.839,1.065,19.207,0.772,0.881,0.464,24.83,0.738,0.223,0.019,29.19,17.478,0.039651493598862025
2010-11-26,5.624,3.414,0.841,1.067,19.208,0.771,0.878,0.466,24.831,0.74,0.223,0.019,28.77,17.478,0.039651493598862025
2010-11-29,5.625,3.414,0.843,1.069,19.208,0.771,0.874,0.468,24.832,0.742,0.223,0.019,28.74,17.478,0.03964444444444445
2010-11-30,5.625,3.413,0.846,1.072,19.209,0.77,0.871,0.47,24.833,0.744,0.222,0.019,28.67,17.478,0.039466666666666664
2010-12-01,5.625,3.413,0.848,1.074,19.21,0.77,0.868,0.471,24.834,0.746,0.222,0.019,29.06,17.478,0.039466666666666664
2010-12-02,5.626,3.413,0.85,1.076,19.21,0.769,0.864,0.473,24.835,0.748,0.222,0.019,29.67,17.477,0.039459651617490224
2010-12-03,5.626,3.413,0.852,1.078,19.211,0.769,0.861,0.475,24.837,0.751,0.222,0.019,29.71,17.477,0.039459651617490224
2010-12-06,5.627,3.413,0.854,1.08,19.212,0.768,0.857,0.476,24.838,0.753,0.222,0.019,29.66,17.477,0.03945263906166697
2010-12-07,5.627,3.413,0.856,1.083,19.212,0.768,0.854,0.478,24.839,0.755,0.221,0.019,29.54,17.477,0.03927492447129909
2010-12-08,5.628,3.412,0.858,1.085,19.213,0.768,0.851,0.48,24.84,0.757,0.221,0.019,29.06,17.477,0.039267945984363894
2010-12-09,5.628,3.412,0.86,1.087,19.214,0.767,0.847,0.481,24.841,0.759,0.221,0.019,28.65,17.477,0.039267945984363894
2010-12-10,5.628,3.412,0.862,1.089,19.214,0.767,0.844,0.483,24.842,0.761,0.221,0.019,28.8,17.476,0.039267945984363894
2010-12-13,5.629,3.412,0.865,1.091,19.215,0.766,0.841,0.485,24.843,0.763,0.221,0.02,28.8,17.476,0.03926096997690531
2010-12-14,5.629,3.412,0.867,1.094,19.216,0.766,0.837,0.487,24.844,0.766,0.22,0.02,28.43,17.476,0.039083318529046014
2010-12-15,5.63,3.412,0.869,1.096,19.216,0.765,0.834,0.488,24.845,0.768,0.22,0.02,27.73,17.476,0.03907637655417407
2010-12-16,5.63,3.412,0.871,1.098,19.217,0.765,0.831,0.49,24.846,0.77,0.22,0.02,27.57,17.476,0.03907637655417407
2010-12-17,5.63,3.411,0.873,1.1,19.218,0.764,0.827,0.492,24.847,0.772,0.22,0.02,27.78,17.476,0.03907637655417407
2010-12-20,5.631,3.411,0.875,1.102,19.218,0.764,0.824,0.493,24.848,0.774,0.22,0.02,28.2,17.475,0.03906943704492985
2010-12-21,5.631,3.411,0.877,1.105,19.219,0.763,0.821,0.495,24.849,0.776,0.219,0.02,28.71,17.475,0.038891848694725624
2010-12-22,5.632,3.411,0.879,1.107,19.22,0.763,0.817,0.497,24.851,0.778,0.219,0.02,28.71,17.475,0.038884943181818184
2010-12-23,5.632,3.411,0.881,1.109,19.221,0.762,0.814,0.498,24.852,0.78,0.219,0.02,28.46,17.475,0.038884943181818184
2010-12-27,5.632,3.411,0.884,1.111,19.221,0.762,0.81,0.5,24.853,0.783,0.219,0.02,28.96,17.475,0.038884943181818184
2010-12-28,5.633,3.41,0.886,1.113,19.222,0.761,0.807,0.502,24.854,0.785,0.219,0.02,28.8,17.475,0.0388780401207172
2010-12-29,5.633,3.41,0.888,1.116,19.223,0.761,0.804,0.504,24.855,0.787,0.218,0.02,29.18,17.474,0.03870051482336233
2010-12-30,5.634,3.41,0.89,1.118,19.223,0.76,0.8,0.505,24.856,0.789,0.218,0.02,29.01,17.474,0.038693645722399715
2010-12-31,5.634,3.41,0.892,1.12,19.224,0.76,0.797,0.507,24.857,0.791,0.218,0.02,28.96,17.474,0.038693645722399715
2011-01-03,5.633,3.41,0.89,1.118,19.221,0.758,0.794,0.506,24.852,0.79,0.217,0.02,29.58,17.469,0.03852298952600745
2011-01-04,5.632,3.41,0.889,1.117,19.217,0.755,0.792,0.505,24.848,0.789,0.217,0.02,28.7,17.464,0.038529829545454544
2011-01-05,5.63,3.41,0.887,1.115,19.214,0.753,0.789,0.504,24.843,0.788,0.216,0.02,28.8,17.459,0.03836589698046181
2011-01-06,5.629,3.411,0.886,1.114,19.21,0.75,0.787,0.503,24.838,0.787,0.215,0.02,27.95,17.455,0.03819506128974951
2011-01-07,5.628,3.411,0.884,1.112,19.207,0.748,0.784,0.502,24.834,0.786,0.215,0.02,28.41,17.45,0.03820184790334044
2011-01-10,5.627,3.411,0.883,1.11,19.203,0.745,0.781,0.502,24.829,0.785,0.214,0.02,28.59,17.445,0.03803092233872401
2011-01-11,5.626,3.411,0.881,1.109,19.2,0.743,0.779,0.501,24.824,0.784,0.214,0.02,28.6,17.44,0.038037682189832916
2011-01-12,5.624,3.411,0.88,1.107,19.196,0.741,0.776,0.5,24.82,0.782,0.213,0.02,28.64,17.435,0.03787339971550498
2011-01-13,5.623,3.411,0.878,1.105,19.193,0.738,0.774,0.499,24.815,0.781,0.212,0.02,28.77,17.43,0.037702294149030764
2011-01-14,5.622,3.412,0.877,1.104,19.189,0.736,0.771,0.498,24.811,0.78,0.212,0.02,29.0,17.425,0.03770900035574529
2011-01-18,5.621,3.412,0.875,1.102,19.186,0.733,0.768,0.497,24.806,0.779,0.211,0.02,29.25,17.42,0.03753780466109233
2011-01-19,5.62,3.412,0.873,1.101,19.182,0.731,0.766,0.496,24.801,0.778,0.21,0.02,28.94,17.416,0.037366548042704624
2011-01-20,5.618,3.412,0.872,1.099,19.179,0.729,0.763,0.495,24.797,0.777,0.21,0.02,28.95,17.411,0.037379850480598074
2011-01-21,5.617,3.412,0.87,1.097,19.175,0.726,0.761,0.494,24.792,0.776,0.209,0.02,29.17,17.406,0.03720847427452376
2011-01-24,5.616,3.412,0.869,1.096,19.172,0.724,0.758,0.493,24.787,0.775,0.209,0.02,29.23,17.401,0.03721509971509972
2011-01-25,5.615,3.413,0.867,1.094,19.169,0.721,0.755,0.493,24.783,0.774,0.208,0.02,29.47,17.396,0.037043633125556544
2011-01-26,5.614,3.413,0.866,1.093,19.165,0.719,0.753,0.492,24.778,0.773,0.207,0.02,29.52,17.391,0.03687210545065907
2011-01-27,5.613,3.413,0.864,1.091,19.162,0.716,0.75,0.491,24.773,0.772,0.207,0.02,29.7,17.386,0.03687867450561197
2011-01-28,5.611,3.413,0.863,1.089,19.158,0.714,0.748,0.49,24.769,0.771,0.206,0.02,29.3,17.381,0.03671359828907503
2011-01-31,5.61,3.413,0.861,1.088,19.155,0.712,0.745,0.489,24.764,0.77,0.205,0.02,29.73,17.377,0.03654188948306595
2011-02-01,5.609,3.413,0.859,1.086,19.151,0.709,0.742,0.488,24.759,0.769,0.205,0.02,30.03,17.372,0.03654840435015154
2011-02-02,5.608,3.414,0.858,1.085,19.148,0.707,0.74,0.487,24.755,0.768,0.204,0.02,30.15,17.367,0.03637660485021398
2011-02-03,5.607,3.414,0.856,1.083,19.144,0.704,0.737,0.486,24.75,0.767,0.204,0.02,30.69,17.362,0.03638309256286784
2011-02-04,5.605,3.414,0.855,1.081,19.141,0.702,0.735,0.485,24.746,0.765,0.203,0.02,30.32,17.357,0.03621766280107047
2011-02-07,5.604,3.414,0.853,1.08,19.137,0.7,0.732,0.484,24.741,0.764,0.202,0.02,30.78,17.352,0.03604568165596003
2011-02-08,5.603,3.414,0.852,1.078,19.134,0.697,0.729,0.484,24.736,0.763,0.202,0.02,31.15,17.347,0.03605211493842585
2011-02-09,5.602,3.414,0.85,1.076,19.13,0.695,0.727,0.483,24.732,0.762,0.201,0.02,31.14,17.342,0.0358800428418422
2011-02-10,5.601,3.415,0.849,1.075,19.127,0.692,0.724,0.482,24.727,0.761,0.2,0.019,31.19,17.338,0.035707909301910375
2011-02-11,5.599,3.415,0.847,1.073,19.123,0.69,0.722,0.481,24.722,0.76,0.2,0.019,31.41,17.333,0.03572066440435792
2011-02-14,5.598,3.415,0.846,1.072,19.12,0.687,0.719,0.48,24.718,0.759,0.199,0.019,31.37,17.328,0.035548410146480885
2011-02-15,5.597,3.415,0.844,1.07,19.117,0.685,0.716,0.479,24.713,0.758,0.198,0.019,31.32,17.323,0.035376094336251565
2011-02-16,5.596,3.415,0.842,1.068,19.113,0.683,0.714,0.478,24.708,0.757,0.198,0.019,31.6,17.318,0.03538241601143674
2011-02-17,5.595,3.415,0.841,1.067,19.11,0.68,0.711,0.477,24.704,0.756,0.197,0.019,31.69,17.313,0.0352100089365505
2011-02-18,5.593,3.415,0.839,1.065,19.106,0.678,0.709,0.476,24.699,0.755,0.197,0.019,31.64,17.308,0.03522259967816914
2011-02-22,5.592,3.416,0.838,1.064,19.103,0.675,0.706,0.475,24.694,0.754,0.196,0.019,31.62,17.304,0.03505007153075823
2011-02-23,5.591,3.416,0.836,1.062,19.099,0.673,0.704,0.474,24.69,0.753,0.195,0.019,31.35,17.299,0.03487748166696476
2011-02-24,5.59,3.416,0.835,1.06,19.096,0.67,0.701,0.474,24.685,0.752,0.195,0.019,30.96,17.294,0.03488372093023256
2011-02-25,5.589,3.416,0.833,1.059,19.092,0.668,0.698,0.473,24.68,0.751,0.194,0.019,31.35,17.289,0.034711039541957416
2011-02-28,5.587,3.416,0.832,1.057,19.089,0.666,0.696,0.472,24.676,0.749,0.193,0.019,32.25,17.284,0.03454447825308753
2011-03-01,5.586,3.416,0.83,1.055,19.085,0.663,0.693,0.471,24.671,0.748,0.193,0.019,31.37,17.279,0.03455066237021124
2011-03-02,5.585,3.417,0.829,1.054,19.082,0.661,0.691,0.47,24.667,0.747,0.192,0.019,30.9,17.274,0.03437779767233662
2011-03-03,5.584,3.417,0.827,1.052,19.078,0.658,0.688,0.469,24.662,0.746,0.192,0.019,31.47,17.269,0.034383954154727794
2011-03-04,5.583,3.417,0.825,1.051,19.075,0.656,0.685,0.468,24.657,0.745,0.191,0.019,31.26,17.265,0.03421099767150278
2011-03-07,5.581,3.417,0.824,1.049,19.071,0.654,0.683,0.467,24.653,0.744,0.19,0.019,31.05,17.26,0.03404407812220032
2011-03-08,5.58,3.417,0.822,1.047,19.068,0.651,0.68,0.466,24.648,0.743,0.19,0.019,31.43,17.255,0.034050179211469536
2011-03-09,5.579,3.417,0.821,1.046,19.064,0.649,0.678,0.465,24.643,0.742,0.189,0.019,31.22,17.25,0.033877038895859475
2011-03-10,5.578,3.418,0.819,1.044,19.061,0.646,0.675,0.465,24.639,0.741,0.188,0.019,30.89,17.245,0.03370383650053783
2011-03-11,5.577,3.418,0.818,1.043,19.058,0.644,0.672,0.464,24.634,0.74,0.188,0.019,31.32,17.24,0.03370987986372602
2011-03-14,5.576,3.418,0.816,1.041,19.054,0.641,0.67,0.463,24.629,0.739,0.187,0.019,30.96,17.235,0.03353658536585366
2011-03-15,5.574,3.418,0.815,1.039,19.051,0.639,0.667,0.462,24.625,0.738,0.187,0.019,30.74,17.23,0.03354861858629351
2011-03-16,5.573,3.418,0.813,1.038,19.047,0.637,0.665,0.461,24.62,0.737,0.186,0.019,30.16,17.226,0.03337520186614032
2011-03-17,5.572,3.418,0.811,1.036,19.044,0.634,0.662,0.46,24.615,0.736,0.185,0.019,30.26,17.221,0.033201722900215364
2011-03-18,5.571,3.419,0.81,1.035,19.04,0.632,0.659,0.459,24.611,0.735,0.185,0.019,30.45,17.216,0.03320768264225454
2011-03-21,5.57,3.419,0.808,1.033,19.037,0.629,0.657,0.458,24.606,0.734,0.184,0.019,30.86,17.211,0.03303411131059246
2011-03-22,5.568,3.419,0.807,1.031,19.033,0.627,0.654,0.457,24.602,0.732,0.183,0.019,30.75,17.206,0.03286637931034483
2011-03-23,5.567,3.419,0.805,1.03,19.03,0.625,0.652,0.456,24.597,0.731,0.183,0.019,30.15,17.201,0.03287228309682055
2011-03-24,5.566,3.419,0.804,1.028,19.026,0.622,0.649,0.456,24.592,0.73,0.182,0.019,30.39,17.196,0.03269852676967301
2011-03-25,5.565,3.419,0.802,1.026,19.023,0.62,0.646,0.455,24.588,0.729,0.182,0.018,30.67,17.191,0.03270440251572327
2011-03-28,5.564,3.42,0.801,1.025,19.019,0.617,0.644,0.454,24.583,0.728,0.181,0.018,30.81,17.187,0.03253055355859094
2011-03-29,5.562,3.42,0.799,1.023,19.016,0.615,0.641,0.453,24.578,0.727,0.18,0.018,31.05,17.182,0.032362459546925564
2011-03-30,5.561,3.42,0.798,1.022,19.012,0.612,0.639,0.452,24.574,0.726,0.18,0.018,31.27,17.177,0.032368279086495234
2011-03-31,5.56,3.42,0.796,1.02,19.009,0.61,0.636,0.451,24.569,0.725,0.179,0.018,31.41,17.172,0.032194244604316545
2011-04-01,5.56,3.42,0.796,1.02,19.008,0.611,0.638,0.451,24.568,0.725,0.179,0.018,31.42,17.169,0.032194244604316545
2011-04-04,5.56,3.42,0.797,1.021,19.008,0.613,0.641,0.452,24.568,0.725,0.18,0.018,31.38,17.167,0.03237410071942446
2011-04-05,5.56,3.42,0.797,1.021,19.007,0.614,0.643,0.452,24.567,0.726,0.18,0.018,31.43,17.164,0.03237410071942446
2011-04-06,5.561,3.419,0.797,1.021,19.006,0.616,0.646,0.452,24.567,0.726,0.181,0.018,31.48,17.162,0.032548102859197986
2011-04-07,5.561,3.419,0.797,1.022,19.006,0.617,0.648,0.452,24.566,0.726,0.181,0.018,31.21,17.159,0.032548102859197986
2011-04-08,5.561,3.419,0.798,1.022,19.005,0.619,0.651,0.453,24.566,0.726,0.181,0.018,30.99,17.157,0.032548102859197986
2011-04-11,5.561,3.419,0.798,1.022,19.004,0.62,0.653,0.453,24.565,0.726,0.182,0.018,31.02,17.154,0.03272792663190074
2011-04-12,5.561,3.419,0.798,1.023,19.003,0.621,0.656,0.453,24.565,0.727,0.182,0.018,30.73,17.152,0.03272792663190074
2011-04-13,5.561,3.419,0.799,1.023,19.003,0.623,0.658,0.453,24.564,0.727,0.183,0.018,30.82,17.149,0.03290775040460349
2011-04-14,5.561,3.418,0.799,1.023,19.002,0.624,0.66,0.454,24.563,0.727,0.183,0.018,31.52,17.147,0.03290775040460349
2011-04-15,5.562,3.418,0.799,1.024,19.001,0.626,0.663,0.454,24.563,0.727,0.184,0.018,31.9,17.144,0.03308162531463502
2011-04-18,5.562,3.418,0.799,1.024,19.001,0.627,0.665,0.454,24.562,0.727,0.184,0.018,31.7,17.142,0.03308162531463502
2011-04-19,5.562,3.418,0.8,1.024,19.0,0.629,0.668,0.455,24.562,0.728,0.184,0.019,31.79,17.139,0.03308162531463502
2011-04-20,5.562,3.418,0.8,1.025,18.999,0.63,0.67,0.455,24.561,0.728,0.185,0.019,32.16,17.137,0.033261416756562384
2011-04-21,5.562,3.418,0.8,1.025,18.999,0.631,0.673,0.455,24.561,0.728,0.185,0.019,32.41,17.134,0.033261416756562384
2011-04-25,5.562,3.417,0.801,1.025,18.998,0.633,0.675,0.455,24.56,0.728,0.186,0.019,32.78,17.132,0.03344120819848975
2011-04-26,5.562,3.417,0.801,1.026,18.997,0.634,0.678,0.456,24.56,0.729,0.186,0.019,32.86,17.129,0.03344120819848975
2011-04-27,5.563,3.417,0.801,1.026,18.996,0.636,0.68,0.456,24.559,0.729,0.186,0.019,33.29,17.127,0.03343519683623944
2011-04-28,5.563,3.417,0.801,1.026,18.996,0.637,0.682,0.456,24.558,0.729,0.187,0.019,33.72,17.124,0.033614955959014925
2011-04-29,5.563,3.417,0.802,1.027,18.995,0.639,0.685,0.456,24.558,0.729,0.187,0.019,33.6,17.122,0.033614955959014925
2011-05-02,5.563,3.417,0.802,1.027,18.994,0.64,0.687,0.457,24.557,0.729,0.188,0.019,33.93,17.119,0.033794715081790404
2011-05-03,5.563,3.417,0.802,1.027,18.994,0.641,0.69,0.457,24.557,0.73,0.188,0.019,34.05,17.117,0.033794715081790404
2011-05-04,5.563,3.416,0.803,1.028,18.993,0.643,0.692,0.457,24.556,0.73,0.188,0.019,33.91,17.114,0.033794715081790404
2011-05-05,5.563,3.416,0.803,1.028,18.992,0.644,0.695,0.457,24.556,0.73,0.189,0.019,33.81,17.112,0.03397447420456588
2011-05-06,5.564,3.416,0.803,1.028,18.992,0.646,0.697,0.458,24.555,0.73,0.189,0.019,33.71,17.109,0.03396836808051761
2011-05-09,5.564,3.416,0.803,1.029,18.991,0.647,0.7,0.458,24.555,0.73,0.19,0.019,33.96,17.107,0.03414809489575845
2011-05-10,5.564,3.416,0.804,1.029,18.99,0.649,0.702,0.458,24.554,0.731,0.19,0.019,34.44,17.104,0.03414809489575845
2011-05-11,5.564,3.416,0.804,1.029,18.989,0.65,0.704,0.459,24.553,0.731,0.191,0.019,34.24,17.102,0.03432782171099928
2011-05-12,5.564,3.415,0.804,1.03,18.989,0.651,0.707,0.459,24.553,0.731,0.191,0.019,34.31,17.099,0.03432782171099928
2011-05-13,5.564,3.415,0.805,1.03,18.988,0.653,0.709,0.459,24.552,0.731,0.191,0.019,33.82,17.097,0.03432782171099928
2011-05-16,5.564,3.415,0.805,1.03,18.987,0.654,0.712,0.459,24.552,0.731,0.192,0.019,33.98,17.094,0.03450754852624011
2011-05-17,5.565,3.415,0.805,1.031,18.987,0.656,0.714,0.46,24.551,0.732,0.192,0.019,33.9,17.092,0.034501347708894875
2011-05-18,5.565,3.415,0.805,1.031,18.986,0.657,0.717,0.46,24.551,0.732,0.193,0.019,34.22,17.089,0.034681042228212035
2011-05-19,5.565,3.415,0.806,1.031,18.985,0.659,0.719,0.46,24.55,0.732,0.193,0.019,34.1,17.087,0.034681042228212035
2011-05-20,5.565,3.414,0.806,1.032,18.985,0.66,0.722,0.46,24.55,0.732,0.193,0.019,33.56,17.084,0.034681042228212035
2011-05-23,5.565,3.414,0.806,1.032,18.984,0.661,0.724,0.461,24.549,0.732,0.194,0.019,33.15,17.082,0.0348607367475292
2011-05-24,5.565,3.414,0.807,1.032,18.983,0.663,0.726,0.461,24.548,0.733,0.194,0.019,33.44,17.079,0.0348607367475292
2011-05-25,5.565,3.414,0.807,1.033,18.982,0.664,0.729,0.461,24.548,0.733,0.195,0.019,33.58,17.077,0.03504043126684636
2011-05-26,5.566,3.414,0.807,1.033,18.982,0.666,0.731,0.462,24.547,0.733,0.195,0.019,33.94,17.074,0.03503413582464966
2011-05-27,5.566,3.414,0.807,1.033,18.981,0.667,0.734,0.462,24.547,0.733,0.196,0.019,34.1,17.072,0.03521379805964787
2011-05-31,5.566,3.413,0.808,1.034,18.98,0.669,0.736,0.462,24.546,0.733,0.196,0.019,34.64,17.069,0.03521379805964787
2011-06-01,5.566,3.413,0.808,1.034,18.98,0.67,0.739,0.462,24.546,0.734,0.196,0.019,33.8,17.067,0.03521379805964787
2011-06-02,5.566,3.413,0.808,1.034,18.979,0.671,0.741,0.463,24.545,0.734,0.197,0.019,33.57,17.064,0.035393460294646066
2011-06-03,5.566,3.413,0.809,1.035,18.978,0.673,0.744,0.463,24.545,0.734,0.197,0.019,33.83,17.062,0.035393460294646066
2011-06-06,5.566,3.413,0.809,1.035,18.978,0.674,0.746,0.463,24.544,0.734,0.198,0.019,33.41,17.059,0.03557312252964427
2011-06-07,5.567,3.413,0.809,1.035,18.977,0.676,0.748,0.463,24.543,0.734,0.198,0.019,33.73,17.057,0.03556673253098617
2011-06-08,5.567,3.413,0.809,1.036,18.976,0.677,0.751,0.464,24.543,0.735,0.198,0.019,33.7,17.054,0.03556673253098617
2011-06-09,5.567,3.412,0.81,1.036,18.975,0.679,0.753,0.464,24.542,0.735,0.199,0.019,33.32,17.052,0.03574636249326388
2011-06-10,5.567,3.412,0.81,1.036,18.975,0.68,0.756,0.464,24.542,0.735,0.199,0.019,32.53,17.049,0.03574636249326388
2011-06-13,5.567,3.412,0.81,1.037,18.974,0.681,0.758,0.464,24.541,0.735,0.2,0.019,32.75,17.047,0.03592599245554159
2011-06-14,5.567,3.412,0.811,1.037,18.973,0.683,0.761,0.465,24.541,0.736,0.2,0.019,33.26,17.044,0.03592599245554159
2011-06-15,5.567,3.412,0.811,1.037,18.973,0.684,0.763,0.465,24.54,0.736,0.2,0.019,32.68,17.042,0.03592599245554159
2011-06-16,5.568,3.412,0.811,1.038,18.972,0.686,0.766,0.465,24.54,0.736,0.201,0.019,33.02,17.039,0.03609913793103449
2011-06-17,5.568,3.411,0.811,1.038,18.971,0.687,0.768,0.466,24.539,0.736,0.201,0.019,33.44,17.037,0.03609913793103449
2011-06-20,5.568,3.411,0.812,1.038,18.971,0.689,0.77,0.466,24.538,0.736,0.202,0.019,33.75,17.034,0.036278735632183916
2011-06-21,5.568,3.411,0.812,1.039,18.97,0.69,0.773,0.466,24.538,0.737,0.202,0.019,33.73,17.032,0.036278735632183916
2011-06-22,5.568,3.411,0.812,1.039,18.969,0.691,0.775,0.466,24.537,0.737,0.203,0.019,33.51,17.029,0.036458333333333336
2011-06-23,5.568,3.411,0.813,1.039,18.968,0.693,0.778,0.467,24.537,0.737,0.203,0.019,32.85,17.027,0.036458333333333336
2011-06-24,5.568,3.411,0.813,1.04,18.968,0.694,0.78,0.467,24.536,0.737,0.203,0.019,32.99,17.024,0.036458333333333336
2011-06-27,5.569,3.41,0.813,1.04,18.967,0.696,0.783,0.467,24.536,0.737,0.204,0.019,33.37,17.022,0.0366313521278506
2011-06-28,5.569,3.41,0.813,1.04,18.966,0.697,0.785,0.467,24.535,0.738,0.204,0.019,33.46,17.019,0.0366313521278506
2011-06-29,5.569,3.41,0.814,1.041,18.966,0.699,0.788,0.468,24.535,0.738,0.205,0.019,33.95,17.017,0.03681091757945771
2011-06-30,5.569,3.41,0.814,1.041,18.965,0.7,0.79,0.468,24.534,0.738,0.205,0.019,34.1,17.014,0.03681091757945771
2011-07-01,5.568,3.414,0.814,1.042,18.982,0.704,0.787,0.468,24.55,0.738,0.206,0.019,34.83,17.028,0.03699712643678161
2011-07-05,5.567,3.417,0.815,1.042,18.999,0.707,0.783,0.468,24.567,0.739,0.207,0.019,35.03,17.042,0.03718340219148554
2011-07-06,5.566,3.421,0.815,1.043,19.016,0.711,0.78,0.469,24.583,0.739,0.208,0.019,35.32,17.056,0.0373697448796263
2011-07-07,5.565,3.424,0.816,1.043,19.034,0.714,0.777,0.469,24.599,0.739,0.209,0.019,35.71,17.07,0.037556154537286605
2011-07-08,5.565,3.428,0.816,1.044,19.051,0.718,0.773,0.469,24.615,0.74,0.21,0.019,35.59,17.083,0.03773584905660377
2011-07-11,5.564,3.432,0.816,1.044,19.068,0.722,0.77,0.47,24.632,0.74,0.211,0.019,35.0,17.097,0.037922358015815956
2011-07-12,5.563,3.435,0.817,1.045,19.085,0.725,0.767,0.47,24.648,0.74,0.213,0.019,35.03,17.111,0.03828869315117742
2011-07-13,5.562,3.439,0.817,1.045,19.102,0.729,0.763,0.47,24.664,0.74,0.214,0.019,34.71,17.125,0.03847536857245595
2011-07-14,5.561,3.442,0.818,1.046,19.119,0.732,0.76,0.47,24.68,0.741,0.215,0.019,34.52,17.139,0.03866211113109153
2011-07-15,5.56,3.446,0.818,1.046,19.137,0.736,0.757,0.471,24.697,0.741,0.216,0.019,34.89,17.153,0.03884892086330936
2011-07-18,5.559,3.45,0.818,1.047,19.154,0.74,0.753,0.471,24.713,0.741,0.217,0.019,34.62,17.167,0.03903579780536068
2011-07-19,5.558,3.453,0.819,1.047,19.171,0.743,0.75,0.471,24.729,0.742,0.218,0.019,35.32,17.181,0.03922274199352285
2011-07-20,5.557,3.457,0.819,1.048,19.188,0.747,0.747,0.471,24.745,0.742,0.219,0.019,35.4,17.195,0.039409753464099334
2011-07-21,5.557,3.46,0.82,1.048,19.205,0.75,0.743,0.472,24.762,0.742,0.22,0.019,35.62,17.208,0.03958970667626417
2011-07-22,5.556,3.464,0.82,1.049,19.222,0.754,0.74,0.472,24.778,0.743,0.221,0.019,35.79,17.222,0.039776817854571635
2011-07-25,5.555,3.468,0.82,1.049,19.24,0.758,0.736,0.472,24.794,0.743,0.222,0.019,35.39,17.236,0.03996399639963997
2011-07-26,5.554,3.471,0.821,1.05,19.257,0.761,0.733,0.472,24.811,0.743,0.223,0.019,35.95,17.25,0.0401512423478574
2011-07-27,5.553,3.475,0.821,1.05,19.274,0.765,0.73,0.473,24.827,0.744,0.224,0.019,35.02,17.264,0.040338555735638396
2011-07-28,5.552,3.478,0.822,1.051,19.291,0.768,0.726,0.473,24.843,0.744,0.225,0.019,35.44,17.278,0.040525936599423634
2011-07-29,5.551,3.482,0.822,1.051,19.308,0.772,0.723,0.473,24.859,0.744,0.227,0.019,35.4,17.292,0.04089353269681138
2011-08-01,5.55,3.485,0.823,1.052,19.325,0.775,0.72,0.473,24.876,0.745,0.228,0.019,35.17,17.306,0.041081081081081085
2011-08-02,5.549,3.489,0.823,1.052,19.342,0.779,0.716,0.474,24.892,0.745,0.229,0.019,34.01,17.32,0.04126869706253379
2011-08-03,5.549,3.493,0.823,1.053,19.36,0.783,0.713,0.474,24.908,0.745,0.23,0.019,33.9,17.333,0.041448909713461886
2011-08-04,5.548,3.496,0.824,1.053,19.377,0.786,0.71,0.474,24.924,0.746,0.231,0.019,32.58,17.347,0.041636625811103105
2011-08-05,5.547,3.5,0.824,1.054,19.394,0.79,0.706,0.474,24.941,0.746,0.232,0.019,31.97,17.361,0.04182440959076979
2011-08-08,5.546,3.503,0.825,1.054,19.411,0.793,0.703,0.475,24.957,0.746,0.233,0.019,29.3,17.375,0.04201226108907321
2011-08-09,5.545,3.507,0.825,1.055,19.428,0.797,0.7,0.475,24.973,0.746,0.234,0.019,32.63,17.389,0.04220018034265104
2011-08-10,5.544,3.511,0.825,1.055,19.445,0.801,0.696,0.475,24.989,0.747,0.235,0.019,31.69,17.403,0.04238816738816739
2011-08-11,5.543,3.514,0.826,1.056,19.463,0.804,0.693,0.475,25.006,0.747,0.236,0.019,33.64,17.417,0.04257622226231282
2011-08-12,5.542,3.518,0.826,1.056,19.48,0.808,0.69,0.476,25.022,0.747,0.237,0.019,33.56,17.431,0.0427643450018044
2011-08-15,5.541,3.521,0.827,1.057,19.497,0.811,0.686,0.476,25.038,0.748,0.238,0.019,34.08,17.445,0.042952535643385664
2011-08-16,5.54,3.525,0.827,1.058,19.514,0.815,0.683,0.476,25.054,0.748,0.24,0.019,34.44,17.458,0.04332129963898917
2011-08-17,5.54,3.529,0.827,1.058,19.531,0.819,0.68,0.476,25.071,0.748,0.241,0.019,34.54,17.472,0.043501805054151625
2011-08-18,5.539,3.532,0.828,1.059,19.548,0.822,0.676,0.476,25.087,0.749,0.242,0.019,33.11,17.486,0.043690196786423545
2011-08-19,5.538,3.536,0.828,1.059,19.565,0.826,0.673,0.477,25.103,0.749,0.243,0.019,32.39,17.5,0.04387865655471289
2011-08-22,5.537,3.539,0.829,1.06,19.583,0.829,0.67,0.477,25.12,0.749,0.244,0.019,32.45,17.514,0.044067184395882246
2011-08-23,5.536,3.543,0.829,1.06,19.6,0.833,0.666,0.477,25.136,0.75,0.245,0.019,33.39,17.528,0.04425578034682081
2011-08-24,5.535,3.547,0.829,1.061,19.617,0.837,0.663,0.478,25.152,0.75,0.246,0.019,33.91,17.542,0.04444444444444444
2011-08-25,5.534,3.55,0.83,1.061,19.634,0.84,0.66,0.478,25.168,0.75,0.247,0.019,33.29,17.556,0.0446331767256957
2011-08-26,5.533,3.554,0.83,1.062,19.651,0.844,0.656,0.478,25.185,0.75,0.248,0.019,33.83,17.57,0.04482197722754382
2011-08-29,5.532,3.557,0.831,1.062,19.668,0.847,0.653,0.478,25.201,0.751,0.249,0.019,34.43,17.584,0.045010845986984814
2011-08-30,5.532,3.561,0.831,1.063,19.686,0.851,0.65,0.478,25.217,0.751,0.25,0.019,34.17,17.597,0.04519161243673174
2011-08-31,5.531,3.565,0.831,1.063,19.703,0.855,0.646,0.479,25.233,0.751,0.251,0.019,34.51,17.611,0.04538058217320557
2011-09-01,5.53,3.568,0.832,1.064,19.72,0.858,0.643,0.479,25.25,0.752,0.252,0.019,34.5,17.625,0.04556962025316456
2011-09-02,5.529,3.572,0.832,1.064,19.737,0.862,0.64,0.479,25.266,0.752,0.254,0.019,33.66,17.639,0.04593959124615663
2011-09-06,5.528,3.575,0.833,1.065,19.754,0.865,0.636,0.48,25.282,0.752,0.255,0.019,34.11,17.653,0.0461287988422576
2011-09-07,5.527,3.579,0.833,1.065,19.771,0.869,0.633,0.48,25.298,0.753,0.256,0.019,35.07,17.667,0.04631807490501176
2011-09-08,5.526,3.582,0.833,1.066,19.788,0.872,0.63,0.48,25.315,0.753,0.257,0.019,34.87,17.681,0.04650741947158885
2011-09-09,5.525,3.586,0.834,1.066,19.806,0.876,0.626,0.48,25.331,0.753,0.258,0.019,34.03,17.695,0.04669683257918552
2011-09-12,5.524,3.59,0.834,1.067,19.823,0.88,0.623,0.48,25.347,0.754,0.259,0.019,34.09,17.709,0.04688631426502535
2011-09-13,5.524,3.593,0.835,1.067,19.84,0.883,0.619,0.481,25.364,0.754,0.26,0.019,34.18,17.722,0.04706734250543085
2011-09-14,5.523,3.597,0.835,1.068,19.857,0.887,0.616,0.481,25.38,0.754,0.261,0.019,34.22,17.736,0.047256925583921784
2011-09-15,5.522,3.6,0.836,1.068,19.874,0.89,0.613,0.481,25.396,0.755,0.262,0.019,34.98,17.75,0.047446577327055414
2011-09-16,5.521,3.604,0.836,1.069,19.891,0.894,0.609,0.482,25.412,0.755,0.263,0.019,35.45,17.764,0.04763629777214273
2011-09-19,5.52,3.608,0.836,1.069,19.909,0.898,0.606,0.482,25.429,0.755,0.264,0.019,34.9,17.778,0.04782608695652175
2011-09-20,5.519,3.611,0.837,1.07,19.926,0.901,0.603,0.482,25.445,0.756,0.265,0.019,35.12,17.792,0.04801594491755753
2011-09-21,5.518,3.615,0.837,1.07,19.943,0.905,0.599,0.482,25.461,0.756,0.266,0.019,33.05,17.806,0.04820587169264227
2011-09-22,5.517,3.618,0.838,1.071,19.96,0.908,0.596,0.482,25.477,0.756,0.268,0.019,32.55,17.82,0.048577125249229657
2011-09-23,5.516,3.622,0.838,1.071,19.977,0.912,0.593,0.483,25.494,0.756,0.269,0.019,33.11,17.834,0.048767222625090645
2011-09-26,5.516,3.626,0.838,1.072,19.994,0.916,0.589,0.483,25.51,0.757,0.27,0.019,33.34,17.847,0.048948513415518494
2011-09-27,5.515,3.629,0.839,1.072,20.012,0.919,0.586,0.483,25.526,0.757,0.271,0.019,33.37,17.861,0.049138712601994566
2011-09-28,5.514,3.633,0.839,1.073,20.029,0.923,0.583,0.484,25.542,0.757,0.272,0.019,32.68,17.875,0.049328980776206025
2011-09-29,5.513,3.636,0.84,1.073,20.046,0.926,0.579,0.484,25.559,0.758,0.273,0.019,33.07,17.889,0.04951931797569382
2011-09-30,5.512,3.64,0.84,1.074,20.063,0.93,0.576,0.484,25.575,0.758,0.274,0.019,32.31,17.903,0.04970972423802613
2011-10-03,5.512,3.641,0.841,1.076,20.073,0.935,0.579,0.485,25.585,0.759,0.275,0.019,31.26,17.911,0.049891146589259805
2011-10-04,5.513,3.643,0.843,1.077,20.082,0.94,0.583,0.486,25.595,0.76,0.277,0.019,32.52,17.92,0.05024487574823146
2011-10-05,5.514,3.644,0.844,1.079,20.092,0.945,0.586,0.487,25.605,0.762,0.278,0.019,32.11,17.928,0.050417120058034094
2011-10-06,5.514,3.646,0.846,1.08,20.101,0.949,0.59,0.488,25.615,0.763,0.28,0.019,33.04,17.937,0.05077983315197679
2011-10-07,5.514,3.647,0.847,1.082,20.111,0.954,0.593,0.488,25.625,0.764,0.281,0.019,32.14,17.945,0.05096118969894813
2011-10-10,5.515,3.648,0.849,1.083,20.12,0.959,0.597,0.489,25.635,0.765,0.282,0.019,33.64,17.954,0.05113327289211242
2011-10-11,5.515,3.65,0.85,1.085,20.13,0.964,0.6,0.49,25.645,0.766,0.284,0.019,33.12,17.962,0.05149592021758839
2011-10-12,5.516,3.651,0.852,1.086,20.139,0.969,0.604,0.491,25.655,0.768,0.285,0.019,33.82,17.971,0.051667875271936184
2011-10-13,5.516,3.653,0.853,1.088,20.149,0.974,0.607,0.492,25.665,0.769,0.287,0.019,33.22,17.979,0.052030456852791875
2011-10-14,5.517,3.654,0.855,1.089,20.158,0.978,0.611,0.493,25.675,0.77,0.288,0.019,34.01,17.988,0.05220228384991843
2011-10-17,5.517,3.655,0.856,1.091,20.168,0.983,0.614,0.494,25.685,0.771,0.289,0.019,33.15,17.996,0.052383541779952865
2011-10-18,5.518,3.657,0.858,1.092,20.177,0.988,0.618,0.495,25.695,0.772,0.291,0.019,34.4,18.005,0.05273649873142443
2011-10-19,5.518,3.658,0.859,1.094,20.187,0.993,0.621,0.496,25.705,0.773,0.292,0.019,33.92,18.013,0.052917723812975714
2011-10-20,5.519,3.66,0.861,1.095,20.196,0.998,0.625,0.496,25.715,0.775,0.293,0.019,34.26,18.022,0.05308932777677115
2011-10-21,5.52,3.661,0.862,1.097,20.206,1.003,0.628,0.497,25.725,0.776,0.295,0.019,35.43,18.03,0.05344202898550725
2011-10-24,5.52,3.662,0.864,1.098,20.216,1.008,0.632,0.498,25.736,0.777,0.296,0.019,36.06,18.039,0.0536231884057971
2011-10-25,5.52,3.664,0.865,1.1,20.225,1.012,0.635,0.499,25.746,0.778,0.298,0.019,35.55,18.047,0.05398550724637682
2011-10-26,5.521,3.665,0.867,1.101,20.235,1.017,0.639,0.5,25.756,0.779,0.299,0.019,36.27,18.056,0.05415685564209382
2011-10-27,5.522,3.667,0.868,1.103,20.244,1.022,0.642,0.501,25.766,0.781,0.3,0.019,37.3,18.064,0.05432814197754436
2011-10-28,5.522,3.668,0.87,1.104,20.254,1.027,0.646,0.502,25.776,0.782,0.302,0.019,37.99,18.073,0.05469032959072799
2011-10-31,5.522,3.67,0.871,1.106,20.263,1.032,0.649,0.503,25.786,0.783,0.303,0.019,37.7,18.081,0.054871423397319805
2011-11-01,5.523,3.671,0.873,1.107,20.273,1.037,0.653,0.504,25.796,0.784,0.305,0.02,36.79,18.09,0.055223610356690205
2011-11-02,5.523,3.672,0.874,1.109,20.282,1.041,0.656,0.504,25.806,0.785,0.306,0.02,37.47,18.098,0.055404671374253124
2011-11-03,5.524,3.674,0.876,1.11,20.292,1.046,0.66,0.505,25.816,0.786,0.307,0.02,37.98,18.107,0.0555756698044895
2011-11-04,5.524,3.675,0.878,1.112,20.301,1.051,0.663,0.506,25.826,0.788,0.309,0.02,37.82,18.115,0.055937726285300506
2011-11-07,5.525,3.677,0.879,1.113,20.311,1.056,0.667,0.507,25.836,0.789,0.31,0.02,38.09,18.124,0.05610859728506787
2011-11-08,5.525,3.678,0.881,1.115,20.32,1.061,0.67,0.508,25.846,0.79,0.312,0.02,38.39,18.132,0.05647058823529411
2011-11-09,5.526,3.679,0.882,1.116,20.33,1.066,0.674,0.509,25.856,0.791,0.313,0.02,36.74,18.141,0.056641331885631564
2011-11-10,5.526,3.681,0.884,1.118,20.339,1.07,0.677,0.51,25.866,0.792,0.314,0.02,36.93,18.149,0.0568222946073109
2011-11-11,5.527,3.682,0.885,1.119,20.349,1.075,0.681,0.511,25.876,0.794,0.316,0.02,37.56,18.158,0.05717387371087389
2011-11-14,5.528,3.684,0.887,1.121,20.358,1.08,0.684,0.512,25.886,0.795,0.317,0.02,36.69,18.166,0.05734442836468886
2011-11-15,5.528,3.685,0.888,1.122,20.368,1.085,0.688,0.512,25.896,0.796,0.318,0.02,37.06,18.175,0.05752532561505066
2011-11-16,5.528,3.686,0.89,1.124,20.378,1.09,0.691,0.513,25.906,0.797,0.32,0.02,36.35,18.183,0.057887120115774245
2011-11-17,5.529,3.688,0.891,1.126,20.387,1.095,0.694,0.514,25.916,0.798,0.321,0.02,35.84,18.191,0.05805751492132393
2011-11-18,5.53,3.689,0.893,1.127,20.397,1.1,0.698,0.515,25.926,0.8,0.323,0.02,36.16,18.2,0.05840867992766727
2011-11-21,5.53,3.691,0.894,1.129,20.406,1.104,0.701,0.516,25.936,0.801,0.324,0.02,35.07,18.208,0.058589511754068714
2011-11-22,5.53,3.692,0.896,1.13,20.416,1.109,0.705,0.517,25.946,0.802,0.325,0.02,34.96,18.217,0.05877034358047016
2011-11-23,5.531,3.693,0.897,1.132,20.425,1.114,0.708,0.518,25.956,0.803,0.327,0.02,33.98,18.225,0.059121316217682164
2011-11-25,5.531,3.695,0.899,1.133,20.435,1.119,0.712,0.519,25.966,0.804,0.328,0.02,34.14,18.234,0.05930211534984633
2011-11-28,5.532,3.696,0.9,1.135,20.444,1.124,0.715,0.52,25.976,0.806,0.33,0.02,34.79,18.242,0.0596529284164859
2011-11-29,5.532,3.698,0.902,1.136,20.454,1.129,0.719,0.521,25.986,0.807,0.331,0.02,34.98,18.251,0.05983369486623283
2011-11-30,5.533,3.699,0.903,1.138,20.463,1.133,0.722,0.521,25.996,0.808,0.332,0.02,36.49,18.259,0.060003614675582864
2011-12-01,5.533,3.7,0.905,1.139,20.473,1.138,0.726,0.522,26.006,0.809,0.334,0.02,36.1,18.268,0.06036508223386951
2011-12-02,5.534,3.702,0.906,1.141,20.482,1.143,0.729,0.523,26.016,0.81,0.335,0.02,36.04,18.276,0.06053487531622696
2011-12-05,5.534,3.703,0.908,1.142,20.492,1.148,0.733,0.524,26.026,0.811,0.337,0.02,36.09,18.285,0.06089627755692086
2011-12-06,5.535,3.705,0.909,1.144,20.501,1.153,0.736,0.525,26.036,0.813,0.338,0.02,36.05,18.293,0.061065943992773264
2011-12-07,5.536,3.706,0.911,1.145,20.511,1.158,0.74,0.526,26.046,0.814,0.339,0.02,36.48,18.302,0.061235549132947986
2011-12-08,5.536,3.708,0.912,1.147,20.52,1.162,0.743,0.527,26.056,0.815,0.341,0.02,35.66,18.31,0.06159682080924857
2011-12-09,5.536,3.709,0.914,1.148,20.53,1.167,0.747,0.528,26.067,0.816,0.342,0.02,36.48,18.319,0.06177745664739885
2011-12-12,5.537,3.71,0.915,1.15,20.54,1.172,0.75,0.529,26.077,0.817,0.344,0.02,35.73,18.327,0.06212750586960448
2011-12-13,5.538,3.712,0.917,1.151,20.549,1.177,0.754,0.529,26.087,0.819,0.345,0.02,35.38,18.336,0.06229685807150595
2011-12-14,5.538,3.713,0.918,1.153,20.559,1.182,0.757,0.53,26.097,0.82,0.346,0.02,35.37,18.344,0.062477428674611764
2011-12-15,5.538,3.715,0.92,1.154,20.568,1.187,0.761,0.531,26.107,0.821,0.348,0.02,35.88,18.353,0.0628385698808234
2011-12-16,5.539,3.716,0.921,1.156,20.578,1.192,0.764,0.532,26.117,0.822,0.349,0.02,36.2,18.361,0.06300776313413974
2011-12-19,5.539,3.717,0.923,1.157,20.587,1.196,0.768,0.533,26.127,0.823,0.35,0.02,36.18,18.37,0.06318830113738942
2011-12-20,5.54,3.719,0.924,1.159,20.597,1.201,0.771,0.534,26.137,0.824,0.352,0.02,37.36,18.378,0.06353790613718412
2011-12-21,5.54,3.72,0.926,1.16,20.606,1.206,0.775,0.535,26.147,0.826,0.353,0.02,37.46,18.387,0.06371841155234656
2011-12-22,5.541,3.722,0.927,1.162,20.616,1.211,0.778,0.536,26.157,0.827,0.355,0.02,37.88,18.395,0.06406785778740298
2011-12-23,5.541,3.723,0.929,1.163,20.625,1.216,0.782,0.537,26.167,0.828,0.356,0.021,38.23,18.404,0.06424833062624075
2011-12-27,5.542,3.724,0.93,1.165,20.635,1.221,0.785,0.537,26.177,0.829,0.357,0.021,38.45,18.412,0.06441717791411043
2011-12-28,5.542,3.726,0.932,1.166,20.644,1.225,0.789,0.538,26.187,0.83,0.359,0.021,37.87,18.421,0.06477805846264886
2011-12-29,5.543,3.727,0.933,1.168,20.654,1.23,0.792,0.539,26.197,0.832,0.36,0.021,38.11,18.429,0.06494677972217211
2011-12-30,5.544,3.729,0.935,1.169,20.663,1.235,0.796,0.54,26.207,0.833,0.362,0.021,37.84,18.438,0.0652958152958153
2011-12-31,5.544,3.73,0.936,1.171,20.673,1.24,0.799,0.541,26.217,0.834,0.363,0.021,38.05,18.446,0.06547619047619048
2012-01-03,5.572,3.726,0.935,1.17,20.744,1.255,0.8,0.541,26.315,0.834,0.367,0.021,38.26,18.515,0.06586503948312994
2012-01-04,5.6,3.721,0.935,1.169,20.814,1.27,0.802,0.54,26.414,0.833,0.372,0.02,37.59,18.584,0.06642857142857143
2012-01-05,5.627,3.717,0.934,1.169,20.885,1.285,0.803,0.54,26.512,0.833,0.376,0.02,37.79,18.653,0.06682068597831882
2012-01-06,5.655,3.712,0.933,1.168,20.956,1.3,0.804,0.539,26.611,0.833,0.381,0.02,37.5,18.723,0.06737400530503979
2012-01-09,5.683,3.708,0.932,1.167,21.026,1.315,0.806,0.539,26.709,0.832,0.385,0.02,37.47,18.792,0.067745908850959
2012-01-10,5.711,3.703,0.932,1.166,21.097,1.33,0.807,0.539,26.807,0.832,0.39,0.02,37.7,18.861,0.06828926632813868
2012-01-11,5.738,3.699,0.931,1.165,21.168,1.344,0.808,0.538,26.906,0.832,0.394,0.02,37.86,18.93,0.06866504008365285
2012-01-12,5.766,3.694,0.93,1.164,21.238,1.359,0.809,0.538,27.004,0.832,0.399,0.02,37.56,18.999,0.06919875130072842
2012-01-13,5.794,3.69,0.929,1.164,21.309,1.374,0.811,0.538,27.103,0.831,0.403,0.02,37.53,19.068,0.06955471177079739
2012-01-17,5.822,3.686,0.929,1.163,21.38,1.389,0.812,0.537,27.201,0.831,0.408,0.02,37.91,19.137,0.07007901064926142
2012-01-18,5.85,3.681,0.928,1.162,21.45,1.404,0.813,0.537,27.3,0.831,0.412,0.02,37.99,19.206,0.07042735042735043
2012-01-19,5.877,3.677,0.927,1.161,21.521,1.419,0.815,0.536,27.398,0.83,0.417,0.02,38.8,19.276,0.0709545686574783
2012-01-20,5.905,3.672,0.927,1.16,21.591,1.434,0.816,0.536,27.496,0.83,0.421,0.02,38.93,19.345,0.07129551227773073
2012-01-23,5.933,3.668,0.926,1.159,21.662,1.449,0.817,0.536,27.595,0.83,0.426,0.02,38.92,19.414,0.0718017866172257
2012-01-24,5.961,3.663,0.925,1.159,21.733,1.464,0.819,0.535,27.693,0.829,0.43,0.02,39.55,19.483,0.07213554772689146
2012-01-25,5.988,3.659,0.924,1.158,21.803,1.479,0.82,0.535,27.792,0.829,0.435,0.019,40.16,19.552,0.07264529058116231
2012-01-26,6.016,3.654,0.924,1.157,21.874,1.494,0.821,0.535,27.89,0.829,0.439,0.019,40.37,19.621,0.07297207446808511
2012-01-27,6.044,3.65,0.923,1.156,21.945,1.509,0.822,0.534,27.988,0.829,0.444,0.019,40.42,19.69,0.07346128391793515
2012-01-30,6.072,3.646,0.922,1.155,22.015,1.523,0.824,0.534,28.087,0.828,0.448,0.019,40.07,19.759,0.07378129117259552
2012-01-31,6.1,3.641,0.921,1.154,22.086,1.538,0.825,0.533,28.185,0.828,0.453,0.019,40.17,19.829,0.07426229508196722
2012-02-01,6.127,3.637,0.921,1.154,22.157,1.553,0.826,0.533,28.284,0.828,0.457,0.019,40.36,19.898,0.07458788966867962
2012-02-02,6.155,3.632,0.92,1.153,22.227,1.568,0.828,0.533,28.382,0.827,0.461,0.019,40.64,19.967,0.07489845653939886
2012-02-03,6.183,3.628,0.919,1.152,22.298,1.583,0.829,0.532,28.48,0.827,0.466,0.019,41.02,20.036,0.07536794436357756
2012-02-06,6.211,3.623,0.918,1.151,22.369,1.598,0.83,0.532,28.579,0.827,0.47,0.019,40.66,20.105,0.07567219449364031
2012-02-07,6.238,3.619,0.918,1.15,22.439,1.613,0.832,0.531,28.677,0.826,0.475,0.019,40.65,20.174,0.07614620070535427
2012-02-08,6.266,3.614,0.917,1.15,22.51,1.628,0.833,0.531,28.776,0.826,0.479,0.019,40.7,20.243,0.07644430258538142
2012-02-09,6.294,3.61,0.916,1.149,22.581,1.643,0.834,0.531,28.874,0.826,0.484,0.019,40.78,20.312,0.07689863361931999
2012-02-10,6.322,3.606,0.916,1.148,22.651,1.658,0.835,0.53,28.973,0.826,0.488,0.019,40.44,20.382,0.07719076241695666
2012-02-13,6.35,3.601,0.915,1.147,22.722,1.673,0.837,0.53,29.071,0.825,0.493,0.018,40.47,20.451,0.07763779527559056
2012-02-14,6.377,3.597,0.914,1.146,22.793,1.688,0.838,0.53,29.169,0.825,0.497,0.018,40.15,20.52,0.07793633369923161
2012-02-15,6.405,3.592,0.913,1.145,22.863,1.703,0.839,0.529,29.268,0.825,0.502,0.018,40.24,20.589,0.07837626854020296
2012-02-16,6.433,3.588,0.913,1.145,22.934,1.717,0.841,0.529,29.366,0.824,0.506,0.018,40.79,20.658,0.0786569252292865
2012-02-17,6.461,3.583,0.912,1.144,23.004,1.732,0.842,0.528,29.465,0.824,0.511,0.018,40.73,20.727,0.0790899241603467
2012-02-21,6.488,3.579,0.911,1.143,23.075,1.747,0.843,0.528,29.563,0.824,0.515,0.018,40.16,20.796,0.07937731196054254
2012-02-22,6.516,3.574,0.91,1.142,23.146,1.762,0.845,0.528,29.661,0.823,0.52,0.018,39.89,20.865,0.0798035604665439
2012-02-23,6.544,3.57,0.91,1.141,23.216,1.777,0.846,0.527,29.76,0.823,0.524,0.018,40.15,20.935,0.08007334963325184
2012-02-24,6.572,3.566,0.909,1.14,23.287,1.792,0.847,0.527,29.858,0.823,0.529,0.018,40.41,21.004,0.08049300060864273
2012-02-27,6.6,3.561,0.908,1.14,23.358,1.807,0.848,0.527,29.957,0.823,0.533,0.018,40.46,21.073,0.08075757575757576
2012-02-28,6.627,3.557,0.908,1.139,23.428,1.822,0.85,0.526,30.055,0.822,0.538,0.018,40.3,21.142,0.08118303908254113
2012-02-29,6.655,3.552,0.907,1.138,23.499,1.837,0.851,0.526,30.154,0.822,0.542,0.018,40.06,21.211,0.08144252441773103
2012-03-01,6.683,3.548,0.906,1.137,23.57,1.852,0.852,0.525,30.252,0.822,0.547,0.018,40.33,21.28,0.0818494688014365
2012-03-02,6.711,3.543,0.905,1.136,23.64,1.867,0.854,0.525,30.35,0.821,0.551,0.018,40.58,21.349,0.08210400834450902
2012-03-05,6.738,3.539,0.905,1.136,23.711,1.882,0.855,0.525,30.449,0.821,0.555,0.017,40.93,21.418,0.0823686553873553
2012-03-06,6.766,3.534,0.904,1.135,23.782,1.897,0.856,0.524,30.547,0.821,0.56,0.017,40.43,21.488,0.08276677505172925
2012-03-07,6.794,3.53,0.903,1.134,23.852,1.911,0.858,0.524,30.646,0.82,0.564,0.017,40.87,21.557,0.083014424492199
2012-03-08,6.822,3.526,0.902,1.133,23.923,1.926,0.859,0.523,30.744,0.82,0.569,0.017,40.88,21.626,0.08340662562298445
2012-03-09,6.85,3.521,0.902,1.132,23.994,1.941,0.86,0.523,30.842,0.82,0.573,0.017,40.35,21.695,0.08364963503649635
2012-03-12,6.877,3.517,0.901,1.131,24.064,1.956,0.861,0.523,30.941,0.82,0.578,0.017,41.15,21.764,0.08404827686491202
2012-03-13,6.905,3.512,0.9,1.131,24.135,1.971,0.863,0.522,31.039,0.819,0.582,0.017,41.68,21.833,0.08428674873280231
2012-03-14,6.933,3.508,0.899,1.13,24.206,1.986,0.864,0.522,31.138,0.819,0.587,0.017,41.73,21.902,0.08466753209288908
2012-03-15,6.961,3.503,0.899,1.129,24.276,2.001,0.865,0.522,31.236,0.819,0.591,0.017,41.75,21.971,0.08490159459847722
2012-03-16,6.988,3.499,0.898,1.128,24.347,2.016,0.867,0.521,31.334,0.818,0.596,0.017,41.96,22.041,0.0852890669719519
2012-03-19,7.016,3.494,0.897,1.127,24.417,2.031,0.868,0.521,31.433,0.818,0.6,0.017,42.46,22.11,0.0855188141391106
2012-03-20,7.044,3.49,0.897,1.126,24.488,2.046,0.869,0.52,31.531,0.818,0.605,0.017,42.43,22.179,0.08588869960249858
2012-03-21,7.072,3.486,0.896,1.126,24.559,2.061,0.871,0.52,31.63,0.817,0.609,0.017,42.64,22.248,0.08611425339366516
2012-03-22,7.1,3.481,0.895,1.125,24.629,2.076,0.872,0.52,31.728,0.817,0.614,0.016,42.22,22.317,0.08647887323943662
2012-03-23,7.127,3.477,0.894,1.124,24.7,2.09,0.873,0.519,31.827,0.817,0.618,0.016,42.47,22.386,0.08671250175389364
2012-03-26,7.155,3.472,0.894,1.123,24.771,2.105,0.874,0.519,31.925,0.817,0.623,0.016,42.74,22.455,0.08707197763801537
2012-03-27,7.183,3.468,0.893,1.122,24.841,2.12,0.876,0.519,32.023,0.816,0.627,0.016,42.76,22.524,0.08728943338437979
2012-03-28,7.211,3.463,0.892,1.121,24.912,2.135,0.877,0.518,32.122,0.816,0.632,0.016,42.66,22.594,0.08764387740951324
2012-03-29,7.238,3.459,0.891,1.121,24.983,2.15,0.878,0.518,32.22,0.816,0.636,0.016,42.8,22.663,0.08786957723127936
2012-03-30,7.266,3.454,0.891,1.12,25.053,2.165,0.88,0.517,32.319,0.815,0.641,0.016,43.08,22.732,0.08821910266996973
2012-03-31,7.294,3.45,0.89,1.119,25.124,2.18,0.881,0.517,32.417,0.815,0.645,0.016,43.82,22.801,0.08842884562654237
2012-04-02,7.291,3.451,0.891,1.12,25.12,2.157,0.877,0.517,32.41,0.815,0.638,0.016,44.56,22.796,0.08750514332738993
2012-04-03,7.289,3.451,0.892,1.121,25.116,2.134,0.873,0.517,32.404,0.816,0.632,0.016,44.46,22.791,0.08670599533543696
2012-04-04,7.286,3.452,0.892,1.122,25.111,2.111,0.87,0.517,32.397,0.816,0.625,0.016,44.17,22.785,0.08578094976667582
2012-04-05,7.284,3.452,0.893,1.123,25.107,2.088,0.866,0.517,32.39,0.817,0.618,0.016,44.21,22.78,0.08484349258649095
2012-04-09,7.281,3.453,0.894,1.124,25.103,2.065,0.862,0.518,32.383,0.817,0.611,0.016,43.87,22.775,0.08391704436203819
2012-04-10,7.279,3.454,0.895,1.125,25.099,2.042,0.858,0.518,32.377,0.818,0.605,0.016,42.98,22.77,0.08311581261162247
2012-04-11,7.276,3.454,0.895,1.127,25.095,2.019,0.854,0.518,32.37,0.818,0.598,0.016,43.47,22.764,0.08218801539307312
2012-04-12,7.274,3.455,0.896,1.128,25.09,1.996,0.851,0.518,32.363,0.819,0.591,0.016,44.19,22.759,0.08124828155072862
2012-04-13,7.271,3.456,0.897,1.129,25.086,1.973,0.847,0.518,32.357,0.819,0.585,0.016,43.89,22.754,0.08045660844450557
2012-04-16,7.269,3.456,0.898,1.13,25.082,1.95,0.843,0.518,32.35,0.82,0.578,0.016,45.08,22.749,0.07951575182280918
2012-04-17,7.266,3.457,0.898,1.131,25.078,1.927,0.839,0.518,32.343,0.82,0.571,0.016,45.34,22.744,0.07858519130195431
2012-04-18,7.263,3.458,0.899,1.132,25.074,1.904,0.835,0.518,32.336,0.821,0.564,0.016,45.19,22.738,0.07765386204047914
2012-04-19,7.261,3.458,0.9,1.133,25.07,1.881,0.832,0.518,32.33,0.821,0.558,0.016,44.9,22.733,0.07684891888169675
2012-04-20,7.258,3.459,0.901,1.134,25.065,1.858,0.828,0.519,32.323,0.822,0.551,0.016,45.52,22.728,0.07591623036649216
2012-04-23,7.256,3.459,0.901,1.135,25.061,1.835,0.824,0.519,32.316,0.822,0.544,0.016,45.07,22.723,0.07497243660418963
2012-04-24,7.253,3.46,0.902,1.136,25.057,1.812,0.82,0.519,32.31,0.823,0.538,0.016,45.75,22.717,0.07417620295050324
2012-04-25,7.251,3.461,0.903,1.137,25.053,1.79,0.816,0.519,32.303,0.823,0.531,0.016,46.3,22.712,0.07323127844435251
2012-04-26,7.248,3.461,0.904,1.138,25.049,1.767,0.813,0.519,32.296,0.824,0.524,0.016,46.15,22.707,0.07229580573951434
2012-04-27,7.246,3.462,0.905,1.139,25.044,1.744,0.809,0.519,32.289,0.824,0.517,0.016,47.1,22.702,0.07134971018492961
2012-04-30,7.243,3.463,0.905,1.141,25.04,1.721,0.805,0.519,32.283,0.825,0.511,0.016,47.19,22.697,0.07055087670854618
2012-05-01,7.241,3.463,0.906,1.142,25.036,1.698,0.801,0.519,32.276,0.825,0.504,0.016,47.79,22.691,0.0696036459052617
2012-05-02,7.238,3.464,0.907,1.143,25.032,1.675,0.797,0.519,32.269,0.826,0.497,0.016,47.61,22.686,0.06866537717601547
2012-05-03,7.235,3.464,0.908,1.144,25.028,1.652,0.794,0.52,32.262,0.826,0.49,0.016,47.16,22.681,0.06772633033863165
2012-05-04,7.233,3.465,0.908,1.145,25.024,1.629,0.79,0.52,32.256,0.827,0.484,0.016,46.76,22.676,0.0669155260611088
2012-05-07,7.23,3.466,0.909,1.146,25.019,1.606,0.786,0.52,32.249,0.827,0.477,0.016,47.03,22.671,0.06597510373443982
2012-05-08,7.228,3.466,0.91,1.147,25.015,1.583,0.782,0.52,32.242,0.828,0.47,0.016,47.13,22.665,0.06502490315439956
2012-05-09,7.225,3.467,0.911,1.148,25.011,1.56,0.778,0.52,32.236,0.828,0.464,0.016,46.92,22.66,0.06422145328719724
2012-05-10,7.223,3.468,0.911,1.149,25.007,1.537,0.775,0.52,32.229,0.829,0.457,0.016,46.98,22.655,0.06327010937283678
2012-05-11,7.22,3.468,0.912,1.15,25.003,1.514,0.771,0.52,32.222,0.829,0.45,0.016,47.33,22.65,0.062326869806094184
2012-05-14,7.218,3.469,0.913,1.151,24.998,1.491,0.767,0.52,32.215,0.83,0.443,0.016,46.84,22.644,0.06137434192297035
2012-05-15,7.215,3.469,0.914,1.152,24.994,1.468,0.763,0.52,32.209,0.83,0.437,0.016,46.48,22.639,0.06056826056826057
2012-05-16,7.212,3.47,0.914,1.154,24.99,1.445,0.76,0.52,32.202,0.83,0.43,0.016,45.59,22.634,0.0596228508042152
2012-05-17,7.21,3.471,0.915,1.155,24.986,1.422,0.756,0.521,32.195,0.831,0.423,0.016,44.37,22.629,0.05866851595006935
2012-05-18,7.207,3.471,0.916,1.156,24.982,1.399,0.752,0.521,32.189,0.831,0.417,0.016,43.77,22.624,0.057860413486887745
2012-05-21,7.205,3.472,0.917,1.157,24.977,1.376,0.748,0.521,32.182,0.832,0.41,0.016,44.72,22.618,0.05690492713393477
2012-05-22,7.202,3.472,0.918,1.158,24.973,1.353,0.744,0.521,32.175,0.832,0.403,0.016,44.81,22.613,0.055956678700361015
2012-05-23,7.2,3.473,0.918,1.159,24.969,1.33,0.741,0.521,32.168,0.833,0.396,0.016,44.85,22.608,0.055
2012-05-24,7.197,3.474,0.919,1.16,24.965,1.307,0.737,0.521,32.162,0.833,0.39,0.016,45.19,22.603,0.054189245518966235
2012-05-25,7.195,3.474,0.92,1.161,24.961,1.284,0.733,0.521,32.155,0.834,0.383,0.016,44.92,22.597,0.0532314107018763
2012-05-29,7.192,3.475,0.921,1.162,24.957,1.261,0.729,0.521,32.148,0.834,0.376,0.016,45.54,22.592,0.052280311457174634
2012-05-30,7.19,3.476,0.921,1.163,24.952,1.238,0.725,0.521,32.142,0.835,0.37,0.016,44.33,22.587,0.05146036161335187
2012-05-31,7.187,3.476,0.922,1.164,24.948,1.215,0.722,0.522,32.135,0.835,0.363,0.016,44.74,22.582,0.05050786141644636
2012-06-01,7.184,3.477,0.923,1.165,24.944,1.192,0.718,0.522,32.128,0.836,0.356,0.016,43.52,22.577,0.049554565701559014
2012-06-04,7.182,3.478,0.924,1.166,24.94,1.169,0.714,0.522,32.121,0.836,0.349,0.016,43.47,22.571,0.04859370648844333
2012-06-05,7.179,3.478,0.924,1.168,24.936,1.146,0.71,0.522,32.115,0.837,0.343,0.016,44.32,22.566,0.047778242094999306
2012-06-06,7.177,3.479,0.925,1.169,24.931,1.123,0.706,0.522,32.108,0.837,0.336,0.016,45.22,22.561,0.046816218475686226
2012-06-07,7.174,3.479,0.926,1.17,24.927,1.1,0.703,0.522,32.101,0.838,0.329,0.016,45.12,22.556,0.04586005018120992
2012-06-08,7.172,3.48,0.927,1.171,24.923,1.078,0.699,0.522,32.094,0.838,0.322,0.016,45.67,22.55,0.04489682097044061
2012-06-11,7.169,3.481,0.928,1.172,24.919,1.055,0.695,0.522,32.088,0.839,0.316,0.016,44.8,22.545,0.044078672060259456
2012-06-12,7.167,3.481,0.928,1.173,24.915,1.032,0.691,0.522,32.081,0.839,0.309,0.016,45.19,22.54,0.04311427375470908
2012-06-13,7.164,3.482,0.929,1.174,24.91,1.009,0.687,0.523,32.074,0.84,0.302,0.016,44.68,22.535,0.04215522054718035
2012-06-14,7.162,3.483,0.93,1.175,24.906,0.986,0.684,0.523,32.068,0.84,0.296,0.016,44.96,22.53,0.04132923764311645
2012-06-15,7.159,3.483,0.931,1.176,24.902,0.963,0.68,0.523,32.061,0.841,0.289,0.016,45.23,22.524,0.04036876658751222
2012-06-18,7.156,3.484,0.931,1.177,24.898,0.94,0.676,0.523,32.054,0.841,0.282,0.016,45.28,22.519,0.03940749021799888
2012-06-19,7.154,3.484,0.932,1.178,24.894,0.917,0.672,0.523,32.047,0.842,0.275,0.016,45.87,22.514,0.03844003354766565
2012-06-20,7.151,3.485,0.933,1.179,24.89,0.894,0.668,0.523,32.041,0.842,0.269,0.016,46.18,22.509,0.03761711648720459
2012-06-21,7.149,3.486,0.934,1.18,24.885,0.871,0.665,0.523,32.034,0.843,0.262,0.016,45.34,22.504,0.036648482305217514
2012-06-22,7.146,3.486,0.934,1.182,24.881,0.848,0.661,0.523,32.027,0.843,0.255,0.016,45.54,22.498,0.035684298908480266
2012-06-25,7.144,3.487,0.935,1.183,24.877,0.825,0.657,0.523,32.021,0.844,0.249,0.016,45.46,22.493,0.034854423292273236
2012-06-26,7.141,3.488,0.936,1.184,24.873,0.802,0.653,0.524,32.014,0.844,0.242,0.016,45.63,22.488,0.03388881109088363
2012-06-27,7.139,3.488,0.937,1.185,24.869,0.779,0.649,0.524,32.007,0.845,0.235,0.016,45.79,22.483,0.03291777559882336
2012-06-28,7.136,3.489,0.937,1.186,24.864,0.756,0.646,0.524,32.0,0.845,0.228,0.016,46.0,22.477,0.03195067264573991
2012-06-29,7.134,3.489,0.938,1.187,24.86,0.733,0.642,0.524,31.994,0.846,0.222,0.016,47.2,22.472,0.031118587047939444
2012-06-30,7.131,3.49,0.939,1.188,24.856,0.71,0.638,0.524,31.987,0.846,0.215,0.016,47.635,22.467,0.03015004908147525
2012-07-02,7.126,3.493,0.939,1.189,24.861,0.712,0.635,0.525,31.987,0.847,0.216,0.016,48.07,22.469,0.030311535223126577
2012-07-03,7.121,3.496,0.94,1.189,24.865,0.714,0.632,0.525,31.987,0.847,0.216,0.016,48.2,22.47,0.030332818424378596
2012-07-05,7.116,3.499,0.94,1.19,24.87,0.716,0.629,0.526,31.987,0.848,0.217,0.016,47.7,22.472,0.030494659921304106
2012-07-06,7.112,3.503,0.941,1.191,24.875,0.718,0.626,0.527,31.986,0.848,0.218,0.016,47.87,22.473,0.03065241844769404
2012-07-09,7.107,3.506,0.941,1.191,24.88,0.72,0.624,0.527,31.986,0.849,0.218,0.016,48.22,22.475,0.03067398339665119
2012-07-10,7.102,3.509,0.941,1.192,24.884,0.722,0.621,0.528,31.986,0.85,0.219,0.017,47.67,22.477,0.030836384117150097
2012-07-11,7.097,3.512,0.942,1.192,24.889,0.724,0.618,0.528,31.986,0.85,0.219,0.017,47.78,22.478,0.030858109060166266
2012-07-12,7.092,3.515,0.942,1.193,24.894,0.726,0.615,0.529,31.986,0.851,0.22,0.017,47.72,22.48,0.031020868584320363
2012-07-13,7.087,3.518,0.943,1.194,24.898,0.728,0.612,0.53,31.986,0.851,0.221,0.017,48.22,22.481,0.031183857767743756
2012-07-16,7.083,3.521,0.943,1.194,24.903,0.73,0.609,0.53,31.986,0.852,0.221,0.017,48.21,22.483,0.031201468304390793
2012-07-17,7.078,3.524,0.943,1.195,24.908,0.732,0.606,0.531,31.985,0.853,0.222,0.017,48.61,22.485,0.031364792314213054
2012-07-18,7.073,3.528,0.944,1.196,24.912,0.734,0.603,0.532,31.985,0.853,0.222,0.017,48.43,22.486,0.031386964512936516
2012-07-19,7.068,3.531,0.944,1.196,24.917,0.736,0.6,0.532,31.985,0.854,0.223,0.017,48.09,22.488,0.031550650820599886
2012-07-20,7.063,3.534,0.944,1.197,24.922,0.738,0.598,0.533,31.985,0.855,0.224,0.017,47.74,22.49,0.031714568880079286
2012-07-23,7.058,3.537,0.945,1.198,24.927,0.74,0.595,0.534,31.985,0.855,0.224,0.017,47.42,22.491,0.03173703598753188
2012-07-24,7.054,3.54,0.945,1.198,24.931,0.742,0.592,0.534,31.985,0.856,0.225,0.017,47.93,22.493,0.03189679614403176
2012-07-25,7.049,3.543,0.946,1.199,24.936,0.745,0.589,0.535,31.985,0.856,0.226,0.017,47.54,22.494,0.03206128528869343
2012-07-26,7.044,3.546,0.946,1.2,24.941,0.747,0.586,0.536,31.984,0.857,0.226,0.017,48.35,22.496,0.032084043157296994
2012-07-27,7.039,3.549,0.946,1.2,24.945,0.749,0.583,0.536,31.984,0.858,0.227,0.017,48.8,22.498,0.032248898991334
2012-07-30,7.034,3.552,0.947,1.201,24.95,0.751,0.58,0.537,31.984,0.858,0.228,0.017,48.99,22.499,0.03241398919533694
2012-07-31,7.029,3.556,0.947,1.201,24.955,0.753,0.577,0.537,31.984,0.859,0.228,0.017,48.81,22.501,0.03243704652155357
2012-08-01,7.024,3.559,0.948,1.202,24.959,0.755,0.574,0.538,31.984,0.859,0.229,0.017,49.02,22.502,0.03260250569476082
2012-08-02,7.02,3.562,0.948,1.203,24.964,0.757,0.572,0.539,31.984,0.86,0.229,0.017,49.09,22.504,0.032621082621082625
2012-08-03,7.015,3.565,0.948,1.203,24.969,0.759,0.569,0.539,31.984,0.861,0.23,0.017,49.58,22.506,0.03278688524590164
2012-08-06,7.01,3.568,0.949,1.204,24.974,0.761,0.566,0.54,31.983,0.861,0.231,0.017,49.2,22.507,0.03295292439372326
2012-08-07,7.005,3.571,0.949,1.205,24.978,0.763,0.563,0.541,31.983,0.862,0.231,0.017,48.47,22.509,0.03297644539614561
2012-08-08,7.0,3.574,0.95,1.205,24.983,0.765,0.56,0.541,31.983,0.862,0.232,0.017,48.19,22.51,0.03314285714285715
2012-08-09,6.995,3.578,0.95,1.206,24.988,0.767,0.557,0.542,31.983,0.863,0.232,0.017,47.76,22.512,0.033166547533952824
2012-08-10,6.991,3.581,0.95,1.207,24.992,0.769,0.554,0.543,31.983,0.864,0.233,0.017,47.96,22.514,0.033328565298240596
2012-08-13,6.986,3.584,0.951,1.207,24.997,0.771,0.551,0.543,31.983,0.864,0.234,0.017,47.8,22.515,0.03349556255367879
2012-08-14,6.981,3.587,0.951,1.208,25.002,0.773,0.548,0.544,31.983,0.865,0.234,0.017,47.91,22.517,0.0335195530726257
2012-08-15,6.976,3.59,0.952,1.208,25.007,0.775,0.546,0.544,31.982,0.865,0.235,0.017,47.96,22.518,0.03368692660550458
2012-08-16,6.971,3.593,0.952,1.209,25.011,0.777,0.543,0.545,31.982,0.866,0.236,0.017,48.57,22.52,0.033854540238129394
2012-08-17,6.966,3.596,0.952,1.21,25.016,0.779,0.54,0.546,31.982,0.867,0.236,0.017,48.61,22.522,0.033878840080390465
2012-08-20,6.961,3.599,0.953,1.21,25.021,0.781,0.537,0.546,31.982,0.867,0.237,0.017,48.37,22.523,0.034046832351673606
2012-08-21,6.957,3.602,0.953,1.211,25.025,0.783,0.534,0.547,31.982,0.868,0.238,0.017,48.2,22.525,0.0342101480523214
2012-08-22,6.952,3.606,0.953,1.212,25.03,0.785,0.531,0.548,31.982,0.869,0.238,0.017,48.26,22.527,0.03423475258918297
2012-08-23,6.947,3.609,0.954,1.212,25.035,0.787,0.528,0.548,31.982,0.869,0.239,0.017,47.58,22.528,0.034403339571037854
2012-08-24,6.942,3.612,0.954,1.213,25.039,0.789,0.525,0.549,31.982,0.87,0.239,0.017,47.78,22.53,0.03442811869778162
2012-08-27,6.937,3.615,0.955,1.214,25.044,0.791,0.522,0.55,31.981,0.87,0.24,0.017,48.27,22.531,0.03459708807842007
2012-08-28,6.932,3.618,0.955,1.214,25.049,0.793,0.519,0.55,31.981,0.871,0.241,0.017,48.23,22.533,0.03476630121177149
2012-08-29,6.928,3.621,0.955,1.215,25.054,0.795,0.517,0.551,31.981,0.872,0.241,0.017,47.99,22.535,0.034786374133949194
2012-08-30,6.923,3.624,0.956,1.216,25.058,0.797,0.514,0.552,31.981,0.872,0.242,0.017,47.87,22.536,0.03495594395493283
2012-08-31,6.918,3.628,0.956,1.216,25.063,0.799,0.511,0.552,31.981,0.873,0.242,0.017,48.26,22.538,0.03498120844174617
2012-09-04,6.913,3.631,0.957,1.217,25.068,0.801,0.508,0.553,31.981,0.873,0.243,0.017,48.28,22.539,0.03515116447273253
2012-09-05,6.908,3.634,0.957,1.217,25.072,0.803,0.505,0.553,31.981,0.874,0.244,0.017,48.03,22.541,0.03532136653155761
2012-09-06,6.903,3.637,0.957,1.218,25.077,0.805,0.502,0.554,31.98,0.875,0.244,0.017,48.31,22.543,0.03534695060118789
2012-09-07,6.898,3.64,0.958,1.219,25.082,0.808,0.499,0.555,31.98,0.875,0.245,0.017,48.37,22.544,0.03551754131632357
2012-09-10,6.894,3.643,0.958,1.219,25.086,0.81,0.496,0.555,31.98,0.876,0.246,0.017,47.5,22.546,0.03568320278503046
2012-09-11,6.889,3.646,0.959,1.22,25.091,0.812,0.493,0.556,31.98,0.876,0.246,0.017,47.97,22.547,0.035709101466105383
2012-09-12,6.884,3.649,0.959,1.221,25.096,0.814,0.491,0.557,31.98,0.877,0.247,0.017,48.23,22.549,0.03588030214991284
2012-09-13,6.879,3.652,0.959,1.221,25.101,0.816,0.488,0.557,31.98,0.878,0.248,0.017,49.16,22.551,0.03605175170809711
2012-09-14,6.874,3.656,0.96,1.222,25.105,0.818,0.485,0.558,31.98,0.878,0.248,0.017,49.48,22.552,0.03607797497817865
2012-09-17,6.869,3.659,0.96,1.223,25.11,0.82,0.482,0.559,31.979,0.879,0.249,0.017,49.73,22.554,0.036249818023001895
2012-09-18,6.865,3.662,0.96,1.223,25.115,0.822,0.479,0.559,31.979,0.88,0.249,0.017,49.17,22.556,0.036270939548434085
2012-09-19,6.86,3.665,0.961,1.224,25.119,0.824,0.476,0.56,31.979,0.88,0.25,0.018,48.86,22.557,0.03644314868804664
2012-09-20,6.855,3.668,0.961,1.225,25.124,0.826,0.473,0.561,31.979,0.881,0.251,0.018,47.41,22.559,0.03661560904449307
2012-09-21,6.85,3.671,0.962,1.225,25.129,0.828,0.47,0.561,31.979,0.881,0.251,0.018,47.5,22.56,0.03664233576642336
2012-09-24,6.845,3.674,0.962,1.226,25.133,0.83,0.467,0.562,31.979,0.882,0.252,0.018,47.23,22.562,0.03681519357195033
2012-09-25,6.84,3.677,0.962,1.226,25.138,0.832,0.465,0.562,31.979,0.883,0.252,0.018,46.34,22.564,0.0368421052631579
2012-09-26,6.836,3.681,0.963,1.227,25.143,0.834,0.462,0.563,31.978,0.883,0.253,0.018,45.96,22.565,0.03700994733762434
2012-09-27,6.831,3.684,0.963,1.228,25.148,0.836,0.459,0.564,31.978,0.884,0.254,0.018,46.21,22.567,0.03718342848777631
2012-09-28,6.826,3.687,0.964,1.228,25.152,0.838,0.456,0.564,31.978,0.884,0.254,0.018,46.17,22.568,0.037210665104014065
2012-09-30,6.821,3.69,0.964,1.229,25.157,0.84,0.453,0.565,31.978,0.885,0.255,0.018,46.0,22.57,0.03738454772027562
2012-10-01,6.822,3.691,0.959,1.221,25.166,0.842,0.465,0.562,31.988,0.883,0.256,0.018,45.83,22.579,0.037525652301377894
2012-10-02,6.823,3.691,0.954,1.213,25.174,0.845,0.477,0.56,31.998,0.881,0.257,0.017,46.15,22.588,0.037666715521031804
2012-10-03,6.824,3.692,0.949,1.204,25.183,0.847,0.488,0.557,32.007,0.879,0.258,0.017,46.36,22.596,0.03780773739742087
2012-10-04,6.826,3.693,0.945,1.196,25.192,0.85,0.5,0.554,32.017,0.877,0.259,0.017,46.26,22.605,0.0379431585115734
2012-10-05,6.827,3.693,0.94,1.188,25.2,0.852,0.512,0.552,32.027,0.875,0.26,0.017,46.29,22.614,0.038084077925882524
2012-10-08,6.828,3.694,0.935,1.18,25.209,0.855,0.524,0.549,32.037,0.873,0.261,0.017,46.34,22.623,0.038224956063268895
2012-10-09,6.829,3.695,0.93,1.172,25.218,0.857,0.536,0.546,32.047,0.871,0.262,0.017,46.15,22.631,0.038365792941865574
2012-10-10,6.83,3.695,0.925,1.163,25.226,0.859,0.547,0.544,32.057,0.869,0.263,0.017,46.39,22.64,0.038506588579795026
2012-10-11,6.831,3.696,0.92,1.155,25.235,0.862,0.559,0.541,32.066,0.867,0.264,0.017,46.4,22.649,0.03864734299516908
2012-10-12,6.833,3.696,0.915,1.147,25.244,0.864,0.571,0.538,32.076,0.865,0.265,0.017,46.2,22.658,0.03878237962827455
2012-10-15,6.834,3.697,0.911,1.139,25.252,0.867,0.583,0.536,32.086,0.863,0.266,0.017,46.42,22.666,0.0389230318993269
2012-10-16,6.835,3.698,0.906,1.131,25.261,0.869,0.595,0.533,32.096,0.861,0.267,0.017,46.68,22.675,0.03906364301389905
2012-10-17,6.836,3.698,0.901,1.122,25.27,0.871,0.606,0.53,32.106,0.859,0.268,0.017,46.33,22.684,0.03920421299005266
2012-10-18,6.837,3.699,0.896,1.114,25.278,0.874,0.618,0.528,32.116,0.857,0.269,0.016,46.93,22.693,0.039344741845838825
2012-10-19,6.838,3.7,0.891,1.106,25.287,0.876,0.63,0.525,32.125,0.855,0.27,0.016,46.54,22.701,0.039485229599298045
2012-10-22,6.84,3.7,0.886,1.098,25.296,0.879,0.642,0.522,32.135,0.853,0.27,0.016,46.36,22.71,0.03947368421052632
2012-10-23,6.841,3.701,0.881,1.09,25.304,0.881,0.654,0.52,32.145,0.851,0.271,0.016,45.78,22.719,0.03961409150708961
2012-10-24,6.842,3.702,0.877,1.082,25.313,0.884,0.666,0.517,32.155,0.849,0.272,0.016,45.83,22.728,0.03975445776088864
2012-10-25,6.843,3.702,0.872,1.073,25.322,0.886,0.677,0.514,32.165,0.847,0.273,0.016,45.91,22.736,0.03989478298991671
2012-10-26,6.844,3.703,0.867,1.065,25.33,0.888,0.689,0.512,32.174,0.845,0.274,0.016,45.56,22.745,0.04003506721215663
2012-10-31,6.845,3.704,0.862,1.057,25.339,0.891,0.701,0.509,32.184,0.843,0.275,0.016,46.14,22.754,0.040175310445580724
2012-11-01,6.847,3.704,0.857,1.049,25.348,0.893,0.713,0.506,32.194,0.841,0.276,0.016,46.24,22.763,0.04030962465313276
2012-11-02,6.848,3.705,0.852,1.041,25.356,0.896,0.725,0.504,32.204,0.839,0.277,0.016,47.21,22.771,0.04044976635514019
2012-11-05,6.849,3.705,0.847,1.032,25.365,0.898,0.736,0.501,32.214,0.837,0.278,0.016,46.9,22.78,0.04058986713388816
2012-11-06,6.85,3.706,0.843,1.024,25.374,0.9,0.748,0.498,32.224,0.835,0.279,0.015,47.13,22.789,0.04072992700729928
2012-11-07,6.851,3.707,0.838,1.016,25.382,0.903,0.76,0.496,32.233,0.833,0.28,0.015,47.2,22.798,0.04086994599328565
2012-11-08,6.852,3.707,0.833,1.008,25.391,0.905,0.772,0.493,32.243,0.831,0.281,0.015,46.73,22.806,0.041009924109748984
2012-11-09,6.854,3.708,0.828,1.0,25.4,0.908,0.784,0.49,32.253,0.829,0.282,0.015,46.08,22.815,0.04114385760140064
2012-11-12,6.855,3.709,0.823,0.991,25.408,0.91,0.795,0.488,32.263,0.827,0.283,0.015,46.12,22.824,0.04128373450036469
2012-11-13,6.856,3.709,0.818,0.983,25.417,0.913,0.807,0.485,32.273,0.825,0.284,0.015,46.02,22.833,0.04142357059509918
2012-11-14,6.857,3.71,0.814,0.975,25.426,0.915,0.819,0.482,32.283,0.823,0.285,0.015,44.91,22.842,0.041563365903456315
2012-11-15,6.858,3.711,0.809,0.967,25.434,0.917,0.831,0.48,32.292,0.821,0.286,0.015,44.48,22.85,0.041703120443277925
2012-11-16,6.859,3.711,0.804,0.959,25.443,0.92,0.843,0.477,32.302,0.819,0.287,0.015,44.54,22.859,0.04184283423239539
2012-11-19,6.86,3.712,0.799,0.95,25.451,0.922,0.854,0.475,32.312,0.817,0.288,0.015,45.15,22.868,0.04198250728862973
2012-11-20,6.862,3.713,0.794,0.942,25.46,0.925,0.866,0.472,32.322,0.815,0.289,0.015,45.59,22.877,0.04211600116584086
2012-11-21,6.863,3.713,0.789,0.934,25.469,0.927,0.878,0.469,32.332,0.813,0.29,0.015,45.53,22.885,0.04225557336441789
2012-11-23,6.864,3.714,0.784,0.926,25.477,0.93,0.89,0.467,32.341,0.811,0.291,0.014,45.96,22.894,0.042395104895104896
2012-11-26,6.865,3.715,0.78,0.918,25.486,0.932,0.902,0.464,32.351,0.809,0.292,0.014,46.12,22.903,0.0425345957756737
2012-11-27,6.866,3.715,0.775,0.909,25.495,0.934,0.913,0.461,32.361,0.807,0.293,0.014,45.78,22.912,0.04267404602388582
2012-11-28,6.867,3.716,0.77,0.901,25.503,0.937,0.925,0.459,32.371,0.805,0.294,0.014,45.54,22.92,0.04281345565749235
2012-11-29,6.869,3.716,0.765,0.893,25.512,0.939,0.937,0.456,32.381,0.803,0.295,0.014,45.85,22.929,0.042946571553355656
2012-11-30,6.87,3.717,0.76,0.885,25.521,0.942,0.949,0.453,32.391,0.801,0.296,0.014,46.12,22.938,0.04308588064046579
2012-12-03,6.871,3.718,0.755,0.877,25.529,0.944,0.961,0.451,32.4,0.799,0.297,0.014,46.33,22.947,0.043225149177703384
2012-12-04,6.872,3.718,0.75,0.868,25.538,0.946,0.972,0.448,32.41,0.797,0.298,0.014,46.24,22.955,0.04336437718277066
2012-12-05,6.873,3.719,0.746,0.86,25.547,0.949,0.984,0.445,32.42,0.795,0.299,0.014,46.16,22.964,0.04350356467335952
2012-12-06,6.874,3.72,0.741,0.852,25.555,0.951,0.996,0.443,32.43,0.793,0.3,0.014,46.81,22.973,0.043642711667151585
2012-12-07,6.876,3.72,0.736,0.844,25.564,0.954,1.008,0.44,32.44,0.791,0.3,0.014,47.18,22.982,0.043630017452006974
2012-12-10,6.877,3.721,0.731,0.836,25.573,0.956,1.02,0.437,32.449,0.789,0.301,0.013,47.3,22.99,0.04376908535698706
2012-12-11,6.878,3.722,0.726,0.828,25.581,0.959,1.032,0.435,32.459,0.787,0.302,0.013,47.51,22.999,0.0439081128234952
2012-12-12,6.879,3.722,0.721,0.819,25.59,0.961,1.043,0.432,32.469,0.785,0.303,0.013,47.41,23.008,0.04404709986916703
2012-12-13,6.88,3.723,0.716,0.811,25.599,0.963,1.055,0.429,32.479,0.783,0.304,0.013,46.68,23.017,0.044186046511627906
2012-12-14,6.881,3.724,0.712,0.803,25.607,0.966,1.067,0.427,32.489,0.781,0.305,0.013,46.7,23.025,0.04432495276849295
2012-12-17,6.883,3.724,0.707,0.795,25.616,0.968,1.079,0.424,32.499,0.779,0.306,0.013,47.13,23.034,0.044457358709864885
2012-12-18,6.884,3.725,0.702,0.787,25.625,0.971,1.091,0.421,32.508,0.777,0.307,0.013,47.54,23.043,0.04459616502033701
2012-12-19,6.885,3.725,0.697,0.778,25.633,0.973,1.102,0.419,32.518,0.775,0.308,0.013,47.41,23.052,0.044734931009440815
2012-12-20,6.886,3.726,0.692,0.77,25.642,0.975,1.114,0.416,32.528,0.773,0.309,0.013,47.92,23.06,0.044873656694742955
2012-12-21,6.887,3.727,0.687,0.762,25.651,0.978,1.126,0.413,32.538,0.771,0.31,0.013,47.84,23.069,0.045012342093799916
2012-12-24,6.888,3.727,0.682,0.754,25.659,0.98,1.138,0.411,32.548,0.769,0.311,0.013,47.88,23.078,0.04515098722415796
2012-12-26,6.89,3.728,0.678,0.746,25.668,0.983,1.15,0.408,32.558,0.767,0.312,0.013,47.58,23.087,0.04528301886792453
2012-12-27,6.891,3.729,0.673,0.737,25.677,0.985,1.161,0.405,32.567,0.765,0.313,0.012,47.87,23.095,0.04542156435930925
2012-12-28,6.892,3.729,0.668,0.729,25.685,0.988,1.173,0.403,32.577,0.763,0.314,0.012,47.3,23.104,0.04556006964596634
2012-12-31,6.893,3.73,0.663,0.721,25.694,0.99,1.185,0.4,32.587,0.761,0.315,0.012,47.92,23.113,0.04569853474539388
2013-01-02,6.892,3.729,0.668,0.729,25.684,0.989,1.179,0.403,32.576,0.763,0.314,0.012,49.54,23.104,0.04556006964596634
2013-01-03,6.891,3.728,0.673,0.737,25.673,0.987,1.173,0.405,32.564,0.765,0.314,0.012,49.14,23.095,0.04556668117834857
2013-01-04,6.89,3.727,0.678,0.745,25.663,0.986,1.168,0.408,32.553,0.767,0.313,0.013,49.16,23.086,0.045428156748911465
2013-01-07,6.888,3.726,0.683,0.753,25.653,0.985,1.162,0.41,32.541,0.769,0.313,0.013,49.51,23.078,0.045441347270615565
2013-01-08,6.887,3.725,0.688,0.761,25.642,0.983,1.156,0.413,32.53,0.771,0.312,0.013,49.33,23.069,0.04530274430085669
2013-01-09,6.886,3.724,0.693,0.77,25.632,0.982,1.15,0.416,32.518,0.773,0.312,0.013,49.57,23.06,0.04530932326459483
2013-01-10,6.885,3.723,0.698,0.778,25.622,0.981,1.144,0.418,32.507,0.775,0.311,0.013,49.57,23.051,0.04517066085693537
2013-01-11,6.884,3.722,0.703,0.786,25.611,0.98,1.138,0.421,32.495,0.777,0.311,0.013,49.59,23.042,0.04517722254503195
2013-01-14,6.883,3.721,0.708,0.794,25.601,0.978,1.133,0.423,32.484,0.779,0.31,0.013,49.42,23.033,0.04503850065378469
2013-01-15,6.882,3.72,0.713,0.802,25.591,0.977,1.127,0.426,32.472,0.781,0.31,0.013,49.66,23.024,0.04504504504504505
2013-01-16,6.88,3.719,0.718,0.81,25.58,0.976,1.121,0.428,32.461,0.782,0.309,0.013,49.51,23.016,0.04491279069767442
2013-01-17,6.879,3.718,0.723,0.818,25.57,0.974,1.115,0.431,32.449,0.784,0.309,0.013,49.57,23.007,0.04491931966855648
2013-01-18,6.878,3.717,0.728,0.826,25.56,0.973,1.109,0.434,32.438,0.786,0.308,0.013,49.56,22.998,0.04478045943588252
2013-01-22,6.877,3.716,0.733,0.834,25.549,0.972,1.104,0.436,32.426,0.788,0.308,0.013,49.89,22.989,0.044786971062963504
2013-01-23,6.876,3.715,0.738,0.842,25.539,0.97,1.098,0.439,32.415,0.79,0.307,0.014,50.06,22.98,0.04464805119255381
2013-01-24,6.875,3.714,0.742,0.851,25.528,0.969,1.092,0.441,32.403,0.792,0.307,0.014,50.27,22.971,0.044654545454545454
2013-01-25,6.873,3.713,0.747,0.859,25.518,0.968,1.086,0.444,32.392,0.794,0.306,0.014,50.33,22.963,0.04452204277608031
2013-01-28,6.872,3.712,0.752,0.867,25.508,0.966,1.08,0.447,32.38,0.796,0.306,0.014,50.44,22.954,0.04452852153667055
2013-01-29,6.871,3.711,0.757,0.875,25.497,0.965,1.074,0.449,32.369,0.798,0.305,0.014,50.46,22.945,0.044389462960267786
2013-01-30,6.87,3.71,0.762,0.883,25.487,0.964,1.069,0.452,32.357,0.8,0.305,0.014,50.03,22.936,0.04439592430858806
2013-01-31,6.869,3.709,0.767,0.891,25.477,0.962,1.063,0.454,32.346,0.802,0.304,0.014,49.65,22.927,0.04425680593972922
2013-02-01,6.868,3.708,0.772,0.899,25.466,0.961,1.057,0.457,32.334,0.804,0.303,0.014,50.21,22.918,0.044117647058823525
2013-02-04,6.867,3.707,0.777,0.907,25.456,0.96,1.051,0.46,32.323,0.806,0.303,0.014,50.38,22.909,0.04412407164700743
2013-02-05,6.865,3.706,0.782,0.915,25.446,0.959,1.045,0.462,32.311,0.808,0.302,0.014,50.14,22.901,0.04399126001456664
2013-02-06,6.864,3.705,0.787,0.923,25.435,0.957,1.04,0.465,32.3,0.81,0.302,0.014,50.12,22.892,0.043997668997669
2013-02-07,6.863,3.704,0.792,0.932,25.425,0.956,1.034,0.467,32.288,0.812,0.301,0.015,49.84,22.883,0.04385837097479236
2013-02-08,6.862,3.703,0.797,0.94,25.415,0.955,1.028,0.47,32.277,0.814,0.301,0.015,50.45,22.874,0.04386476245992422
2013-02-11,6.861,3.702,0.802,0.948,25.404,0.953,1.022,0.473,32.265,0.816,0.3,0.015,50.68,22.865,0.043725404459991256
2013-02-12,6.86,3.701,0.807,0.956,25.394,0.952,1.016,0.475,32.254,0.818,0.3,0.015,50.52,22.856,0.043731778425655975
2013-02-13,6.859,3.7,0.812,0.964,25.384,0.951,1.01,0.478,32.242,0.82,0.299,0.015,50.23,22.847,0.04359236040239102
2013-02-14,6.857,3.7,0.817,0.972,25.373,0.949,1.005,0.48,32.231,0.821,0.299,0.015,49.77,22.839,0.04360507510573137
2013-02-15,6.856,3.699,0.822,0.98,25.363,0.948,0.999,0.483,32.219,0.823,0.298,0.015,49.57,22.83,0.04346557759626604
2013-02-19,6.855,3.698,0.827,0.988,25.353,0.947,0.993,0.485,32.208,0.825,0.298,0.015,49.75,22.821,0.043471918307804516
2013-02-20,6.854,3.697,0.832,0.996,25.342,0.945,0.987,0.488,32.196,0.827,0.297,0.015,49.45,22.812,0.04333236066530493
2013-02-21,6.853,3.696,0.837,1.004,25.332,0.944,0.981,0.491,32.185,0.829,0.297,0.015,48.98,22.803,0.04333868378812199
2013-02-22,6.852,3.695,0.842,1.013,25.322,0.943,0.975,0.493,32.173,0.831,0.296,0.015,49.51,22.794,0.043199065966141266
2013-02-25,6.851,3.694,0.847,1.021,25.311,0.941,0.97,0.496,32.162,0.833,0.296,0.015,48.78,22.785,0.04320537147861626
2013-02-26,6.849,3.693,0.852,1.029,25.301,0.94,0.964,0.498,32.15,0.835,0.295,0.016,48.94,22.777,0.04307198131114031
2013-02-27,6.848,3.692,0.857,1.037,25.291,0.939,0.958,0.501,32.139,0.837,0.295,0.016,49.35,22.768,0.04307827102803738
2013-02-28,6.847,3.691,0.862,1.045,25.28,0.938,0.952,0.504,32.127,0.839,0.294,0.016,49.24,22.759,0.0429385132174675
2013-03-01,6.846,3.69,0.867,1.053,25.27,0.936,0.946,0.506,32.116,0.841,0.293,0.016,49.59,22.75,0.04279871457785568
2013-03-04,6.845,3.689,0.872,1.061,25.26,0.935,0.941,0.509,32.104,0.843,0.293,0.016,50.05,22.741,0.04280496712929145
2013-03-05,6.844,3.688,0.877,1.069,25.249,0.934,0.935,0.511,32.093,0.845,0.292,0.016,50.41,22.732,0.042665108123904144
2013-03-06,6.843,3.687,0.882,1.077,25.239,0.932,0.929,0.514,32.081,0.847,0.292,0.016,50.19,22.723,0.042671342978225925
2013-03-07,6.841,3.686,0.887,1.085,25.229,0.931,0.923,0.517,32.07,0.849,0.291,0.016,49.62,22.715,0.0425376406958047
2013-03-08,6.84,3.685,0.891,1.094,25.218,0.93,0.917,0.519,32.058,0.851,0.291,0.016,49.6,22.706,0.04254385964912281
2013-03-11,6.839,3.684,0.896,1.102,25.208,0.928,0.911,0.522,32.047,0.853,0.29,0.016,49.91,22.697,0.0424038602134815
2013-03-12,6.838,3.683,0.901,1.11,25.197,0.927,0.906,0.524,32.035,0.855,0.29,0.016,49.45,22.688,0.04241006142146826
2013-03-13,6.837,3.682,0.906,1.118,25.187,0.926,0.9,0.527,32.024,0.857,0.289,0.016,49.38,22.679,0.042270001462629804
2013-03-14,6.836,3.681,0.911,1.126,25.177,0.924,0.894,0.53,32.012,0.859,0.289,0.017,49.56,22.67,0.04227618490345231
2013-03-15,6.834,3.68,0.916,1.134,25.166,0.923,0.888,0.532,32.001,0.86,0.288,0.017,49.47,22.662,0.04214223002633889
2013-03-18,6.833,3.679,0.921,1.142,25.156,0.922,0.882,0.535,31.989,0.862,0.288,0.017,49.2,22.653,0.04214839748280404
2013-03-19,6.832,3.678,0.926,1.15,25.146,0.92,0.877,0.537,31.978,0.864,0.287,0.017,48.7,22.644,0.042008196721311473
2013-03-20,6.831,3.677,0.931,1.158,25.135,0.919,0.871,0.54,31.966,0.866,0.287,0.017,49.12,22.635,0.042014346362172446
2013-03-21,6.83,3.676,0.936,1.166,25.125,0.918,0.865,0.542,31.955,0.868,0.286,0.017,49.0,22.626,0.041874084919472906
2013-03-22,6.829,3.675,0.941,1.175,25.115,0.917,0.859,0.545,31.943,0.87,0.286,0.017,49.33,22.617,0.041880216722799825
2013-03-25,6.828,3.674,0.946,1.183,25.104,0.915,0.853,0.548,31.932,0.872,0.285,0.017,49.4,22.608,0.04173989455184534
2013-03-26,6.826,3.673,0.951,1.191,25.094,0.914,0.847,0.55,31.92,0.874,0.285,0.017,49.39,22.6,0.04175212423088192
2013-03-27,6.825,3.672,0.956,1.199,25.084,0.913,0.842,0.553,31.909,0.876,0.284,0.017,49.35,22.591,0.04161172161172161
2013-03-28,6.824,3.671,0.961,1.207,25.073,0.911,0.836,0.555,31.897,0.878,0.284,0.017,49.15,22.582,0.041617819460726846
2013-03-31,6.823,3.67,0.966,1.215,25.063,0.91,0.83,0.558,31.886,0.88,0.283,0.017,49.29,22.573,0.04147735600175875
2013-04-01,6.823,3.67,0.965,1.213,25.065,0.913,0.834,0.557,31.888,0.879,0.284,0.017,49.43,22.575,0.04162391909717133
2013-04-02,6.822,3.671,0.963,1.211,25.067,0.916,0.838,0.557,31.89,0.879,0.285,0.017,49.94,22.577,0.04177660510114336
2013-04-03,6.822,3.671,0.962,1.209,25.07,0.919,0.842,0.556,31.892,0.878,0.286,0.017,50.26,22.578,0.041923189680445616
2013-04-04,6.822,3.672,0.961,1.207,25.072,0.922,0.846,0.555,31.894,0.878,0.287,0.017,50.76,22.58,0.04206977425974787
2013-04-05,6.822,3.672,0.959,1.205,25.074,0.925,0.85,0.554,31.896,0.877,0.287,0.017,51.57,22.582,0.04206977425974787
2013-04-08,6.821,3.673,0.958,1.203,25.076,0.928,0.855,0.554,31.898,0.876,0.288,0.017,52.47,22.584,0.04222254801348776
2013-04-09,6.821,3.673,0.957,1.201,25.079,0.93,0.859,0.553,31.9,0.876,0.289,0.017,52.47,22.585,0.04236915408297903
2013-04-10,6.821,3.674,0.955,1.199,25.081,0.933,0.863,0.552,31.902,0.875,0.29,0.017,52.98,22.587,0.042515760152470314
2013-04-11,6.821,3.674,0.954,1.197,25.083,0.936,0.867,0.551,31.904,0.875,0.291,0.017,54.07,22.589,0.04266236622196159
2013-04-12,6.82,3.675,0.953,1.195,25.085,0.939,0.871,0.551,31.906,0.874,0.292,0.017,53.88,22.591,0.042815249266862164
2013-04-15,6.82,3.675,0.951,1.193,25.088,0.942,0.875,0.55,31.908,0.873,0.293,0.017,52.88,22.592,0.04296187683284457
2013-04-16,6.82,3.676,0.95,1.191,25.09,0.945,0.879,0.549,31.91,0.873,0.294,0.017,54.13,22.594,0.04310850439882698
2013-04-17,6.82,3.676,0.949,1.189,25.092,0.948,0.883,0.548,31.912,0.872,0.294,0.017,53.61,22.596,0.04310850439882698
2013-04-18,6.819,3.676,0.947,1.187,25.094,0.951,0.887,0.548,31.914,0.872,0.295,0.017,53.65,22.598,0.04326147528963191
2013-04-19,6.819,3.677,0.946,1.185,25.097,0.954,0.891,0.547,31.916,0.871,0.296,0.017,54.64,22.6,0.04340812435841032
2013-04-22,6.819,3.677,0.945,1.183,25.099,0.957,0.895,0.546,31.918,0.87,0.297,0.017,54.45,22.601,0.043554773427188734
2013-04-23,6.819,3.678,0.944,1.181,25.101,0.96,0.9,0.545,31.92,0.87,0.298,0.017,54.62,22.603,0.043701422495967146
2013-04-24,6.818,3.678,0.942,1.179,25.103,0.963,0.904,0.545,31.922,0.869,0.299,0.017,54.87,22.605,0.04385450278674098
2013-04-25,6.818,3.679,0.941,1.177,25.106,0.966,0.908,0.544,31.924,0.869,0.3,0.017,54.61,22.607,0.04400117336462306
2013-04-26,6.818,3.679,0.94,1.175,25.108,0.968,0.912,0.543,31.926,0.868,0.301,0.017,54.49,22.608,0.044147843942505136
2013-04-29,6.818,3.68,0.938,1.173,25.11,0.971,0.916,0.542,31.928,0.867,0.301,0.017,54.6,22.61,0.044147843942505136
2013-04-30,6.817,3.68,0.937,1.171,25.112,0.974,0.92,0.542,31.93,0.867,0.302,0.017,55.25,22.612,0.044301012175443744
2013-05-01,6.817,3.681,0.936,1.169,25.115,0.977,0.924,0.541,31.932,0.866,0.303,0.017,54.78,22.614,0.04444770426873991
2013-05-02,6.817,3.681,0.934,1.167,25.117,0.98,0.928,0.54,31.934,0.866,0.304,0.017,55.24,22.615,0.04459439636203608
2013-05-03,6.816,3.682,0.933,1.165,25.119,0.983,0.932,0.54,31.936,0.865,0.305,0.017,55.67,22.617,0.044747652582159625
2013-05-06,6.816,3.682,0.932,1.163,25.121,0.986,0.936,0.539,31.938,0.864,0.306,0.017,55.65,22.619,0.0448943661971831
2013-05-07,6.816,3.682,0.93,1.161,25.124,0.989,0.94,0.538,31.94,0.864,0.307,0.017,55.5,22.621,0.04504107981220657
2013-05-08,6.816,3.683,0.929,1.159,25.126,0.992,0.945,0.537,31.942,0.863,0.308,0.017,55.95,22.623,0.04518779342723005
2013-05-09,6.815,3.683,0.928,1.157,25.128,0.995,0.949,0.537,31.944,0.863,0.308,0.017,55.51,22.624,0.04519442406456346
2013-05-10,6.815,3.684,0.926,1.155,25.13,0.998,0.953,0.536,31.946,0.862,0.309,0.017,55.65,22.626,0.045341159207630224
2013-05-13,6.815,3.684,0.925,1.153,25.133,1.001,0.957,0.535,31.948,0.861,0.31,0.017,55.83,22.628,0.045487894350696986
2013-05-14,6.815,3.685,0.924,1.151,25.135,1.004,0.961,0.534,31.95,0.861,0.311,0.017,55.61,22.63,0.045634629493763755
2013-05-15,6.814,3.685,0.922,1.149,25.137,1.006,0.965,0.534,31.951,0.86,0.312,0.017,55.73,22.631,0.04578808335779278
2013-05-16,6.814,3.686,0.921,1.147,25.139,1.009,0.969,0.533,31.953,0.86,0.313,0.017,55.09,22.633,0.0459348400352216
2013-05-17,6.814,3.686,0.92,1.145,25.142,1.012,0.973,0.532,31.955,0.859,0.314,0.017,55.8,22.635,0.04608159671265043
2013-05-20,6.814,3.687,0.918,1.143,25.144,1.015,0.977,0.531,31.957,0.858,0.315,0.017,55.52,22.637,0.046228353390079246
2013-05-21,6.813,3.687,0.917,1.141,25.146,1.018,0.981,0.531,31.959,0.858,0.315,0.017,55.92,22.638,0.046235138705416116
2013-05-22,6.813,3.688,0.916,1.139,25.148,1.021,0.986,0.53,31.961,0.857,0.316,0.017,54.62,22.64,0.04638191692352855
2013-05-23,6.813,3.688,0.914,1.137,25.151,1.024,0.99,0.529,31.963,0.857,0.317,0.017,53.86,22.642,0.046528695141640986
2013-05-24,6.813,3.688,0.913,1.135,25.153,1.027,0.994,0.528,31.965,0.856,0.318,0.017,54.13,22.644,0.04667547335975342
2013-05-28,6.812,3.689,0.912,1.133,25.155,1.03,0.998,0.528,31.967,0.855,0.319,0.017,54.43,22.646,0.04682912507339988
2013-05-29,6.812,3.689,0.91,1.131,25.157,1.033,1.002,0.527,31.969,0.855,0.32,0.016,53.32,22.647,0.046975924838520255
2013-05-30,6.812,3.69,0.909,1.129,25.16,1.036,1.006,0.526,31.971,0.854,0.321,0.016,52.74,22.649,0.047122724603640635
2013-05-31,6.811,3.69,0.908,1.127,25.162,1.039,1.01,0.526,31.973,0.854,0.322,0.016,51.64,22.651,0.047276464542651594
2013-06-03,6.811,3.691,0.906,1.125,25.164,1.042,1.014,0.525,31.975,0.853,0.322,0.016,51.71,22.653,0.047276464542651594
2013-06-04,6.811,3.691,0.905,1.123,25.166,1.044,1.018,0.524,31.977,0.852,0.323,0.016,51.4,22.654,0.047423285861107035
2013-06-05,6.811,3.692,0.904,1.121,25.169,1.047,1.022,0.523,31.979,0.852,0.324,0.016,50.86,22.656,0.047570107179562476
2013-06-06,6.81,3.692,0.902,1.119,25.171,1.05,1.026,0.523,31.981,0.851,0.325,0.016,51.68,22.658,0.04772393538913363
2013-06-07,6.81,3.693,0.901,1.117,25.173,1.053,1.031,0.522,31.983,0.851,0.326,0.016,51.89,22.66,0.04787077826725404
2013-06-10,6.81,3.693,0.9,1.115,25.175,1.056,1.035,0.521,31.985,0.85,0.327,0.016,51.28,22.661,0.04801762114537445
2013-06-11,6.81,3.694,0.899,1.113,25.178,1.059,1.039,0.52,31.987,0.849,0.328,0.016,50.33,22.663,0.04816446402349486
2013-06-12,6.809,3.694,0.897,1.111,25.18,1.062,1.043,0.52,31.989,0.849,0.329,0.016,49.54,22.665,0.048318402114847996
2013-06-13,6.809,3.694,0.896,1.109,25.182,1.065,1.047,0.519,31.991,0.848,0.329,0.016,51.22,22.667,0.048318402114847996
2013-06-14,6.809,3.695,0.895,1.107,25.184,1.068,1.051,0.518,31.993,0.848,0.33,0.016,51.52,22.669,0.048465266558966075
2013-06-17,6.809,3.695,0.893,1.105,25.187,1.071,1.055,0.517,31.995,0.847,0.331,0.016,52.28,22.67,0.048612131003084154
2013-06-18,6.808,3.696,0.892,1.103,25.189,1.074,1.059,0.517,31.997,0.846,0.332,0.016,51.91,22.672,0.04876615746180964
2013-06-19,6.808,3.696,0.891,1.101,25.191,1.077,1.063,0.516,31.999,0.846,0.333,0.016,50.42,22.674,0.04891304347826087
2013-06-20,6.808,3.697,0.889,1.099,25.193,1.08,1.067,0.515,32.001,0.845,0.334,0.016,47.96,22.676,0.04905992949471211
2013-06-21,6.808,3.697,0.888,1.097,25.196,1.082,1.071,0.514,32.003,0.845,0.335,0.016,48.58,22.677,0.04920681551116334
2013-06-24,6.807,3.698,0.887,1.095,25.198,1.085,1.076,0.514,32.005,0.844,0.336,0.016,48.08,22.679,0.0493609519612164
2013-06-25,6.807,3.698,0.885,1.093,25.2,1.088,1.08,0.513,32.007,0.843,0.336,0.016,48.66,22.681,0.0493609519612164
2013-06-26,6.807,3.699,0.884,1.091,25.202,1.091,1.084,0.512,32.009,0.843,0.337,0.016,49.11,22.683,0.049507859556339066
2013-06-27,6.807,3.699,0.883,1.089,25.205,1.094,1.088,0.511,32.011,0.842,0.338,0.016,49.85,22.684,0.049654767151461734
2013-06-28,6.806,3.7,0.881,1.087,25.207,1.097,1.092,0.511,32.013,0.842,0.339,0.016,49.0,22.686,0.04980899206582427
2013-06-30,6.806,3.7,0.88,1.085,25.209,1.1,1.096,0.51,32.015,0.841,0.34,0.016,48.96,22.688,0.04995592124595945
2013-07-01,6.806,3.7,0.881,1.086,25.211,1.098,1.096,0.511,32.016,0.842,0.34,0.016,48.92,22.689,0.04995592124595945
2013-07-02,6.806,3.701,0.882,1.087,25.212,1.097,1.096,0.511,32.018,0.842,0.339,0.016,50.47,22.689,0.04980899206582427
2013-07-03,6.806,3.701,0.882,1.088,25.214,1.095,1.096,0.512,32.02,0.843,0.339,0.016,49.34,22.69,0.04980899206582427
2013-07-05,6.806,3.701,0.883,1.089,25.215,1.094,1.096,0.512,32.021,0.844,0.338,0.016,49.49,22.691,0.0496620628856891
2013-07-08,6.806,3.702,0.884,1.09,25.217,1.092,1.096,0.513,32.022,0.845,0.338,0.016,49.41,22.691,0.0496620628856891
2013-07-09,6.806,3.702,0.885,1.091,25.218,1.091,1.096,0.514,32.024,0.845,0.337,0.016,50.19,22.692,0.049515133705553924
2013-07-10,6.806,3.702,0.886,1.092,25.22,1.089,1.096,0.514,32.026,0.846,0.337,0.016,49.9,22.693,0.049515133705553924
2013-07-11,6.806,3.702,0.887,1.093,25.221,1.088,1.096,0.515,32.027,0.847,0.336,0.016,50.92,22.693,0.04936820452541875
2013-07-12,6.806,3.703,0.887,1.094,25.223,1.086,1.096,0.515,32.028,0.847,0.336,0.016,50.58,22.694,0.04936820452541875
2013-07-15,6.806,3.703,0.888,1.095,25.224,1.084,1.096,0.516,32.03,0.848,0.336,0.016,50.55,22.695,0.04936820452541875
2013-07-16,6.806,3.703,0.889,1.096,25.226,1.083,1.097,0.517,32.032,0.849,0.335,0.016,50.58,22.695,0.049221275345283574
2013-07-17,6.806,3.704,0.89,1.097,25.227,1.081,1.097,0.517,32.033,0.85,0.335,0.016,50.52,22.696,0.049221275345283574
2013-07-18,6.806,3.704,0.891,1.098,25.229,1.08,1.097,0.518,32.034,0.85,0.334,0.016,51.12,22.697,0.0490743461651484
2013-07-19,6.806,3.704,0.891,1.099,25.23,1.078,1.097,0.518,32.036,0.851,0.334,0.016,51.19,22.697,0.0490743461651484
2013-07-22,6.806,3.705,0.892,1.1,25.232,1.077,1.097,0.519,32.038,0.852,0.333,0.016,51.53,22.698,0.048927416985013225
2013-07-23,6.806,3.705,0.893,1.1,25.234,1.075,1.097,0.52,32.039,0.852,0.333,0.016,51.51,22.698,0.048927416985013225
2013-07-24,6.805,3.705,0.894,1.101,25.235,1.073,1.097,0.52,32.04,0.853,0.333,0.016,51.02,22.699,0.048934606906686266
2013-07-25,6.805,3.706,0.895,1.102,25.237,1.072,1.097,0.521,32.042,0.854,0.332,0.016,50.83,22.7,0.048787656135194715
2013-07-26,6.805,3.706,0.895,1.103,25.238,1.07,1.097,0.521,32.044,0.855,0.332,0.016,51.06,22.7,0.048787656135194715
2013-07-29,6.805,3.706,0.896,1.104,25.24,1.069,1.097,0.522,32.045,0.855,0.331,0.016,50.6,22.701,0.048640705363703164
2013-07-30,6.805,3.707,0.897,1.105,25.241,1.067,1.097,0.522,32.046,0.856,0.331,0.016,50.19,22.702,0.048640705363703164
2013-07-31,6.805,3.707,0.898,1.106,25.243,1.066,1.097,0.523,32.048,0.857,0.33,0.016,49.67,22.702,0.04849375459221161
2013-08-01,6.805,3.707,0.899,1.107,25.244,1.064,1.097,0.524,32.05,0.858,0.33,0.016,49.33,22.703,0.04849375459221161
2013-08-02,6.805,3.708,0.9,1.108,25.246,1.062,1.097,0.524,32.051,0.858,0.33,0.016,48.91,22.704,0.04849375459221161
2013-08-05,6.805,3.708,0.9,1.109,25.247,1.061,1.097,0.525,32.053,0.859,0.329,0.016,48.69,22.704,0.04834680382072006
2013-08-06,6.805,3.708,0.901,1.11,25.249,1.059,1.097,0.525,32.054,0.86,0.329,0.016,48.52,22.705,0.04834680382072006
2013-08-07,6.805,3.708,0.902,1.111,25.25,1.058,1.097,0.526,32.056,0.86,0.328,0.016,48.68,22.706,0.04819985304922851
2013-08-08,6.805,3.709,0.903,1.112,25.252,1.056,1.097,0.527,32.057,0.861,0.328,0.016,48.52,22.706,0.04819985304922851
2013-08-09,6.805,3.709,0.904,1.113,25.253,1.055,1.097,0.527,32.059,0.862,0.327,0.016,49.02,22.707,0.04805290227773696
2013-08-12,6.805,3.709,0.904,1.114,25.255,1.053,1.097,0.528,32.06,0.863,0.327,0.016,48.81,22.708,0.04805290227773696
2013-08-13,6.805,3.71,0.905,1.115,25.256,1.052,1.097,0.528,32.062,0.863,0.326,0.016,48.16,22.708,0.04790595150624541
2013-08-14,6.805,3.71,0.906,1.116,25.258,1.05,1.098,0.529,32.063,0.864,0.326,0.016,47.38,22.709,0.04790595150624541
2013-08-15,6.805,3.71,0.907,1.117,25.26,1.048,1.098,0.53,32.064,0.865,0.326,0.017,46.45,22.71,0.04790595150624541
2013-08-16,6.805,3.711,0.908,1.118,25.261,1.047,1.098,0.53,32.066,0.865,0.325,0.017,45.09,22.71,0.04775900073475386
2013-08-19,6.805,3.711,0.908,1.119,25.263,1.045,1.098,0.531,32.067,0.866,0.325,0.017,44.45,22.711,0.04775900073475386
2013-08-20,6.805,3.711,0.909,1.12,25.264,1.044,1.098,0.531,32.069,0.867,0.324,0.017,45.29,22.712,0.047612049963262314
2013-08-21,6.805,3.712,0.91,1.121,25.266,1.042,1.098,0.532,32.07,0.868,0.324,0.017,44.98,22.712,0.047612049963262314
2013-08-22,6.805,3.712,0.911,1.122,25.267,1.041,1.098,0.533,32.072,0.868,0.323,0.017,45.42,22.713,0.04746509919177076
2013-08-23,6.805,3.712,0.912,1.123,25.269,1.039,1.098,0.533,32.073,0.869,0.323,0.017,45.77,22.714,0.04746509919177076
2013-08-26,6.805,3.713,0.913,1.124,25.27,1.038,1.098,0.534,32.075,0.87,0.322,0.017,45.66,22.714,0.04731814842027921
2013-08-27,6.805,3.713,0.913,1.125,25.272,1.036,1.098,0.534,32.076,0.87,0.322,0.017,45.23,22.715,0.04731814842027921
2013-08-28,6.805,3.713,0.914,1.126,25.273,1.034,1.098,0.535,32.078,0.871,0.322,0.017,45.08,22.716,0.04731814842027921
2013-08-29,6.805,3.713,0.915,1.127,25.275,1.033,1.098,0.536,32.079,0.872,0.321,0.017,45.41,22.716,0.04717119764878766
2013-08-30,6.805,3.714,0.916,1.128,25.276,1.031,1.098,0.536,32.081,0.873,0.321,0.017,45.19,22.717,0.04717119764878766
2013-09-03,6.805,3.714,0.917,1.129,25.278,1.03,1.098,0.537,32.082,0.873,0.32,0.017,44.82,22.718,0.04702424687729611
2013-09-04,6.805,3.714,0.917,1.13,25.279,1.028,1.098,0.537,32.084,0.874,0.32,0.017,44.86,22.718,0.04702424687729611
2013-09-05,6.805,3.715,0.918,1.131,25.281,1.027,1.098,0.538,32.085,0.875,0.319,0.017,44.23,22.719,0.04687729610580456
2013-09-06,6.804,3.715,0.919,1.132,25.282,1.025,1.098,0.538,32.087,0.876,0.319,0.017,44.98,22.72,0.04688418577307466
2013-09-09,6.804,3.715,0.92,1.132,25.284,1.023,1.098,0.539,32.088,0.876,0.319,0.017,46.07,22.72,0.04688418577307466
2013-09-10,6.804,3.716,0.921,1.133,25.286,1.022,1.098,0.54,32.09,0.877,0.318,0.017,46.16,22.721,0.04673721340388007
2013-09-11,6.804,3.716,0.921,1.134,25.287,1.02,1.098,0.54,32.091,0.878,0.318,0.017,46.28,22.721,0.04673721340388007
2013-09-12,6.804,3.716,0.922,1.135,25.289,1.019,1.098,0.541,32.093,0.878,0.317,0.017,46.02,22.722,0.04659024103468548
2013-09-13,6.804,3.717,0.923,1.136,25.29,1.017,1.098,0.541,32.094,0.879,0.317,0.017,46.09,22.723,0.04659024103468548
2013-09-16,6.804,3.717,0.924,1.137,25.292,1.016,1.099,0.542,32.096,0.88,0.316,0.017,47.08,22.723,0.04644326866549089
2013-09-17,6.804,3.717,0.925,1.138,25.293,1.014,1.099,0.543,32.097,0.881,0.316,0.017,46.99,22.724,0.04644326866549089
2013-09-18,6.804,3.718,0.926,1.139,25.295,1.012,1.099,0.543,32.099,0.881,0.316,0.017,47.93,22.725,0.04644326866549089
2013-09-19,6.804,3.718,0.926,1.14,25.296,1.011,1.099,0.544,32.1,0.882,0.315,0.017,47.95,22.725,0.046296296296296294
2013-09-20,6.804,3.718,0.927,1.141,25.298,1.009,1.099,0.544,32.102,0.883,0.315,0.017,46.86,22.726,0.046296296296296294
2013-09-23,6.804,3.718,0.928,1.142,25.299,1.008,1.099,0.545,32.103,0.883,0.314,0.017,46.95,22.727,0.0461493239271017
2013-09-24,6.804,3.719,0.929,1.143,25.301,1.006,1.099,0.546,32.105,0.884,0.314,0.017,46.55,22.727,0.0461493239271017
2013-09-25,6.804,3.719,0.93,1.144,25.302,1.005,1.099,0.546,32.106,0.885,0.313,0.017,46.62,22.728,0.04600235155790711
2013-09-26,6.804,3.719,0.93,1.145,25.304,1.003,1.099,0.547,32.108,0.886,0.313,0.017,46.94,22.729,0.04600235155790711
2013-09-27,6.804,3.72,0.931,1.146,25.305,1.002,1.099,0.547,32.109,0.886,0.312,0.017,46.58,22.729,0.04585537918871252
2013-09-30,6.804,3.72,0.932,1.147,25.307,1.0,1.099,0.548,32.111,0.887,0.312,0.017,46.0,22.73,0.04585537918871252
2013-10-01,6.804,3.722,0.932,1.146,25.326,1.004,1.108,0.548,32.13,0.887,0.313,0.017,46.4,22.729,0.04600235155790711
2013-10-02,6.805,3.725,0.932,1.145,25.344,1.007,1.118,0.549,32.149,0.888,0.314,0.017,47.03,22.728,0.0461425422483468
2013-10-03,6.805,3.728,0.932,1.145,25.363,1.011,1.127,0.549,32.168,0.888,0.315,0.017,46.16,22.727,0.046289493019838354
2013-10-04,6.805,3.73,0.932,1.144,25.382,1.014,1.136,0.55,32.187,0.889,0.316,0.017,46.28,22.726,0.046436443791329905
2013-10-07,6.805,3.733,0.932,1.143,25.4,1.018,1.145,0.55,32.206,0.889,0.317,0.017,46.87,22.725,0.046583394562821456
2013-10-08,6.806,3.735,0.932,1.142,25.419,1.022,1.154,0.55,32.225,0.89,0.319,0.017,46.24,22.724,0.04687040846312077
2013-10-09,6.806,3.738,0.932,1.142,25.438,1.025,1.164,0.551,32.244,0.89,0.32,0.017,46.31,22.723,0.04701733764325595
2013-10-10,6.806,3.74,0.932,1.141,25.456,1.029,1.173,0.551,32.263,0.89,0.321,0.017,47.39,22.722,0.04716426682339113
2013-10-11,6.807,3.742,0.931,1.14,25.475,1.032,1.182,0.552,32.282,0.891,0.322,0.017,47.78,22.722,0.047304245629499045
2013-10-14,6.807,3.745,0.931,1.139,25.494,1.036,1.192,0.552,32.301,0.891,0.323,0.017,47.88,22.721,0.04745115322462171
2013-10-15,6.807,3.748,0.931,1.138,25.512,1.04,1.201,0.552,32.32,0.892,0.324,0.017,47.76,22.72,0.04759806081974438
2013-10-16,6.808,3.75,0.931,1.138,25.531,1.043,1.21,0.553,32.339,0.892,0.325,0.017,48.77,22.719,0.047737955346651005
2013-10-17,6.808,3.752,0.931,1.137,25.55,1.047,1.219,0.553,32.358,0.892,0.326,0.017,49.21,22.718,0.04788484136310223
2013-10-18,6.808,3.755,0.931,1.136,25.568,1.05,1.228,0.553,32.377,0.893,0.327,0.017,49.02,22.717,0.04803172737955347
2013-10-21,6.808,3.758,0.931,1.135,25.587,1.054,1.238,0.554,32.396,0.893,0.328,0.017,48.64,22.716,0.0481786133960047
2013-10-22,6.809,3.76,0.931,1.134,25.606,1.058,1.247,0.554,32.414,0.894,0.33,0.017,49.56,22.715,0.048465266558966075
2013-10-23,6.809,3.762,0.931,1.134,25.624,1.061,1.256,0.555,32.433,0.894,0.331,0.017,49.27,22.714,0.048612131003084154
2013-10-24,6.809,3.765,0.931,1.133,25.643,1.065,1.266,0.555,32.452,0.895,0.332,0.017,49.8,22.713,0.04875899544720223
2013-10-25,6.81,3.768,0.931,1.132,25.662,1.068,1.275,0.555,32.471,0.895,0.333,0.017,49.55,22.712,0.048898678414096924
2013-10-28,6.81,3.77,0.931,1.131,25.68,1.072,1.284,0.556,32.49,0.895,0.334,0.017,48.88,22.711,0.049045521292217335
2013-10-29,6.81,3.772,0.931,1.131,25.699,1.075,1.293,0.556,32.509,0.896,0.335,0.017,48.61,22.71,0.049192364170337746
2013-10-30,6.811,3.775,0.931,1.13,25.718,1.079,1.302,0.557,32.528,0.896,0.336,0.017,48.36,22.709,0.049331963001027754
2013-10-31,6.811,3.778,0.931,1.129,25.736,1.083,1.312,0.557,32.547,0.897,0.337,0.017,47.95,22.708,0.049478784319483195
2013-11-01,6.811,3.78,0.931,1.128,25.755,1.086,1.321,0.557,32.566,0.897,0.338,0.017,48.59,22.708,0.049625605637938636
2013-11-04,6.811,3.782,0.93,1.127,25.774,1.09,1.33,0.558,32.585,0.898,0.339,0.017,48.75,22.707,0.04977242695639407
2013-11-05,6.812,3.785,0.93,1.127,25.792,1.093,1.34,0.558,32.604,0.898,0.34,0.017,48.15,22.706,0.049911920140927775
2013-11-06,6.812,3.788,0.93,1.126,25.811,1.097,1.349,0.559,32.623,0.898,0.342,0.017,48.45,22.705,0.05020551967116853
2013-11-07,6.812,3.79,0.93,1.125,25.83,1.101,1.358,0.559,32.642,0.899,0.343,0.017,48.19,22.704,0.05035231943628891
2013-11-08,6.813,3.792,0.93,1.124,25.848,1.104,1.367,0.559,32.661,0.899,0.344,0.017,47.47,22.703,0.050491707030676646
2013-11-11,6.813,3.795,0.93,1.124,25.867,1.108,1.376,0.56,32.68,0.9,0.345,0.017,47.31,22.702,0.05063848524878908
2013-11-12,6.813,3.798,0.93,1.123,25.886,1.111,1.386,0.56,32.699,0.9,0.346,0.017,46.48,22.701,0.05078526346690151
2013-11-13,6.814,3.8,0.93,1.122,25.904,1.115,1.395,0.56,32.718,0.901,0.347,0.017,46.44,22.7,0.05092456706780158
2013-11-14,6.814,3.802,0.93,1.121,25.923,1.119,1.404,0.561,32.737,0.901,0.348,0.017,47.18,22.699,0.05107132374523041
2013-11-15,6.814,3.805,0.93,1.12,25.942,1.122,1.414,0.561,32.756,0.901,0.349,0.017,47.63,22.698,0.051218080422659226
2013-11-18,6.814,3.808,0.93,1.12,25.961,1.126,1.423,0.562,32.775,0.902,0.35,0.017,47.3,22.697,0.05136483710008805
2013-11-19,6.815,3.81,0.93,1.119,25.979,1.129,1.432,0.562,32.794,0.902,0.351,0.017,47.2,22.696,0.05150403521643433
2013-11-20,6.815,3.812,0.93,1.118,25.998,1.133,1.441,0.562,32.813,0.903,0.352,0.017,46.55,22.695,0.051650770359501094
2013-11-21,6.815,3.815,0.93,1.117,26.017,1.137,1.451,0.563,32.832,0.903,0.354,0.017,46.75,22.694,0.051944240645634625
2013-11-22,6.816,3.818,0.93,1.117,26.035,1.14,1.46,0.563,32.851,0.903,0.355,0.017,46.41,22.693,0.05208333333333333
2013-11-25,6.816,3.82,0.93,1.116,26.054,1.144,1.469,0.564,32.87,0.904,0.356,0.017,46.18,22.693,0.052230046948356805
2013-11-26,6.816,3.822,0.929,1.115,26.073,1.147,1.478,0.564,32.889,0.904,0.357,0.017,46.58,22.692,0.05237676056338028
2013-11-27,6.816,3.825,0.929,1.114,26.091,1.151,1.488,0.564,32.908,0.905,0.358,0.017,47.07,22.691,0.05252347417840376
2013-11-29,6.817,3.828,0.929,1.113,26.11,1.155,1.497,0.565,32.927,0.905,0.359,0.017,46.49,22.69,0.052662461493325506
2013-12-02,6.817,3.83,0.929,1.113,26.129,1.158,1.506,0.565,32.946,0.906,0.36,0.017,46.18,22.689,0.05280915358662168
2013-12-03,6.817,3.832,0.929,1.112,26.147,1.162,1.515,0.566,32.965,0.906,0.361,0.017,46.19,22.688,0.05295584567991785
2013-12-04,6.818,3.835,0.929,1.111,26.166,1.165,1.524,0.566,32.984,0.906,0.362,0.017,46.34,22.687,0.05309474919331182
2013-12-05,6.818,3.838,0.929,1.11,26.185,1.169,1.534,0.566,33.003,0.907,0.363,0.017,46.79,22.686,0.0532414197711939
2013-12-06,6.818,3.84,0.929,1.11,26.203,1.172,1.543,0.567,33.022,0.907,0.364,0.017,47.39,22.685,0.053388090349075976
2013-12-09,6.819,3.842,0.929,1.109,26.222,1.176,1.552,0.567,33.04,0.908,0.366,0.017,47.7,22.684,0.05367355917289925
2013-12-10,6.819,3.845,0.929,1.108,26.241,1.18,1.562,0.568,33.059,0.908,0.367,0.017,47.51,22.683,0.053820208241677665
2013-12-11,6.819,3.848,0.929,1.107,26.259,1.183,1.571,0.568,33.078,0.909,0.368,0.017,46.67,22.682,0.05396685731045608
2013-12-12,6.819,3.85,0.929,1.106,26.278,1.187,1.58,0.568,33.097,0.909,0.369,0.017,46.03,22.681,0.05411350637923449
2013-12-13,6.82,3.852,0.929,1.106,26.297,1.19,1.589,0.569,33.116,0.909,0.37,0.017,47.04,22.68,0.054252199413489736
2013-12-16,6.82,3.855,0.929,1.105,26.315,1.194,1.598,0.569,33.135,0.91,0.371,0.017,47.25,22.679,0.05439882697947214
2013-12-17,6.82,3.858,0.929,1.104,26.334,1.198,1.608,0.569,33.154,0.91,0.372,0.017,47.34,22.678,0.05454545454545454
2013-12-18,6.821,3.86,0.929,1.103,26.353,1.201,1.617,0.57,33.173,0.911,0.373,0.017,48.11,22.678,0.0546840639202463
2013-12-19,6.821,3.862,0.928,1.102,26.371,1.205,1.626,0.57,33.192,0.911,0.374,0.017,47.78,22.677,0.054830669989737575
2013-12-20,6.821,3.865,0.928,1.102,26.39,1.208,1.636,0.571,33.211,0.911,0.375,0.017,48.0,22.676,0.054977276059228856
2013-12-23,6.822,3.867,0.928,1.101,26.409,1.212,1.645,0.571,33.23,0.912,0.377,0.017,47.77,22.675,0.05526238639695104
2013-12-24,6.822,3.87,0.928,1.1,26.427,1.216,1.654,0.571,33.249,0.912,0.378,0.017,47.82,22.674,0.055408970976253295
2013-12-26,6.822,3.872,0.928,1.099,26.446,1.219,1.663,0.572,33.268,0.913,0.379,0.017,47.85,22.673,0.05555555555555555
2013-12-27,6.822,3.875,0.928,1.099,26.465,1.223,1.672,0.572,33.287,0.913,0.38,0.017,47.54,22.672,0.05570214013485781
2013-12-30,6.823,3.878,0.928,1.098,26.483,1.226,1.682,0.573,33.306,0.914,0.381,0.017,47.59,22.671,0.05584053935219112
2013-12-31,6.823,3.88,0.928,1.097,26.502,1.23,1.691,0.573,33.325,0.914,0.382,0.017,47.21,22.67,0.055987102447603694
2014-01-02,6.824,3.878,0.928,1.098,26.492,1.228,1.68,0.573,33.316,0.914,0.381,0.017,47.24,22.678,0.05583235638921454
2014-01-03,6.824,3.876,0.928,1.099,26.482,1.226,1.669,0.573,33.306,0.913,0.381,0.017,47.82,22.687,0.05583235638921454
2014-01-06,6.825,3.875,0.928,1.1,26.472,1.224,1.658,0.572,33.297,0.913,0.38,0.017,48.14,22.695,0.055677655677655674
2014-01-07,6.826,3.873,0.929,1.101,26.462,1.221,1.647,0.572,33.288,0.913,0.379,0.017,48.11,22.704,0.055523000292997365
2014-01-08,6.826,3.871,0.929,1.102,26.452,1.219,1.635,0.572,33.278,0.912,0.379,0.017,47.94,22.712,0.055523000292997365
2014-01-09,6.827,3.869,0.929,1.103,26.442,1.217,1.624,0.572,33.269,0.912,0.378,0.017,47.9,22.721,0.05536839021532152
2014-01-10,6.828,3.867,0.929,1.104,26.432,1.215,1.613,0.572,33.26,0.911,0.377,0.017,48.36,22.729,0.05521382542472173
2014-01-13,6.828,3.866,0.929,1.105,26.422,1.213,1.602,0.571,33.25,0.911,0.377,0.017,48.2,22.738,0.05521382542472173
2014-01-14,6.829,3.864,0.929,1.106,26.412,1.211,1.591,0.571,33.241,0.911,0.376,0.017,48.53,22.746,0.05505930590130327
2014-01-15,6.83,3.862,0.93,1.107,26.402,1.209,1.58,0.571,33.232,0.91,0.375,0.017,48.82,22.755,0.05490483162518302
2014-01-16,6.83,3.86,0.93,1.108,26.392,1.207,1.569,0.571,33.222,0.91,0.375,0.017,48.89,22.763,0.05490483162518302
2014-01-17,6.831,3.858,0.93,1.109,26.382,1.204,1.558,0.571,33.213,0.91,0.374,0.017,48.68,22.772,0.054750402576489526
2014-01-21,6.832,3.857,0.93,1.11,26.372,1.202,1.547,0.57,33.204,0.909,0.373,0.017,49.05,22.78,0.054596018735362996
2014-01-22,6.832,3.855,0.93,1.111,26.362,1.2,1.535,0.57,33.194,0.909,0.373,0.017,48.91,22.789,0.054596018735362996
2014-01-23,6.833,3.853,0.93,1.112,26.352,1.198,1.524,0.57,33.185,0.909,0.372,0.017,48.5,22.797,0.05444168008195521
2014-01-24,6.834,3.851,0.931,1.113,26.342,1.196,1.513,0.57,33.176,0.908,0.372,0.017,47.58,22.806,0.05443371378402107
2014-01-27,6.834,3.849,0.931,1.114,26.332,1.194,1.502,0.57,33.166,0.908,0.371,0.017,47.19,22.814,0.05428738659642962
2014-01-28,6.835,3.848,0.931,1.115,26.322,1.192,1.491,0.569,33.157,0.908,0.37,0.017,47.23,22.823,0.05413313825896123
2014-01-29,6.836,3.846,0.931,1.116,26.312,1.19,1.48,0.569,33.148,0.907,0.37,0.017,46.79,22.831,0.05412521942656524
2014-01-30,6.836,3.844,0.931,1.117,26.302,1.187,1.469,0.569,33.138,0.907,0.369,0.017,47.51,22.84,0.053978935049736686
2014-01-31,6.837,3.842,0.931,1.118,26.292,1.185,1.458,0.569,33.129,0.906,0.368,0.017,48.1,22.848,0.05382477694895422
2014-02-03,6.838,3.84,0.932,1.119,26.282,1.183,1.446,0.569,33.12,0.906,0.368,0.017,46.96,22.856,0.05381690552793214
2014-02-04,6.838,3.839,0.932,1.12,26.272,1.181,1.435,0.568,33.11,0.906,0.367,0.017,47.65,22.865,0.05367066393682363
2014-02-05,6.839,3.837,0.932,1.121,26.262,1.179,1.424,0.568,33.101,0.905,0.366,0.017,47.81,22.873,0.053516595993566306
2014-02-06,6.84,3.835,0.932,1.122,26.252,1.177,1.413,0.568,33.092,0.905,0.366,0.017,48.25,22.882,0.05350877192982456
2014-02-07,6.84,3.833,0.932,1.123,26.242,1.175,1.402,0.568,33.082,0.905,0.365,0.017,48.76,22.89,0.0533625730994152
2014-02-10,6.841,3.831,0.932,1.124,26.232,1.172,1.391,0.568,33.073,0.904,0.364,0.017,49.18,22.899,0.05320859523461482
2014-02-11,6.842,3.83,0.933,1.125,26.222,1.17,1.38,0.567,33.064,0.904,0.364,0.017,49.45,22.907,0.05320081847413037
2014-02-12,6.842,3.828,0.933,1.126,26.212,1.168,1.369,0.567,33.054,0.904,0.363,0.017,49.06,22.916,0.053054662379421226
2014-02-13,6.843,3.826,0.933,1.127,26.202,1.166,1.358,0.567,33.045,0.903,0.362,0.017,49.31,22.924,0.052900774514102
2014-02-14,6.844,3.824,0.933,1.127,26.191,1.164,1.346,0.567,33.036,0.903,0.362,0.017,49.76,22.933,0.052893045002922266
2014-02-18,6.845,3.822,0.933,1.128,26.181,1.162,1.335,0.567,33.027,0.902,0.361,0.017,49.78,22.941,0.05273922571219868
2014-02-19,6.845,3.82,0.933,1.129,26.171,1.16,1.324,0.567,33.017,0.902,0.36,0.017,49.76,22.95,0.052593133674214754
2014-02-20,6.846,3.819,0.934,1.13,26.161,1.158,1.313,0.566,33.008,0.902,0.36,0.017,49.67,22.958,0.05258545135845749
2014-02-21,6.847,3.817,0.934,1.131,26.151,1.155,1.302,0.566,32.999,0.901,0.359,0.017,49.56,22.967,0.052431721922009636
2014-02-24,6.847,3.815,0.934,1.132,26.141,1.153,1.291,0.566,32.989,0.901,0.358,0.017,49.67,22.975,0.05228567255732437
2014-02-25,6.848,3.813,0.934,1.133,26.131,1.151,1.28,0.566,32.98,0.901,0.358,0.017,49.5,22.984,0.052278037383177565
2014-02-26,6.849,3.811,0.934,1.134,26.121,1.149,1.269,0.566,32.971,0.9,0.357,0.017,50.03,22.992,0.05212439772229522
2014-02-27,6.849,3.81,0.934,1.135,26.111,1.147,1.258,0.565,32.961,0.9,0.356,0.017,49.82,23.001,0.05197839100598627
2014-02-28,6.85,3.808,0.935,1.136,26.101,1.145,1.246,0.565,32.952,0.9,0.356,0.017,50.1,23.009,0.05197080291970803
2014-03-03,6.851,3.806,0.935,1.137,26.091,1.143,1.235,0.565,32.943,0.899,0.355,0.017,50.3,23.017,0.05181725295577288
2014-03-04,6.851,3.804,0.935,1.138,26.081,1.14,1.224,0.565,32.933,0.899,0.354,0.017,51.05,23.026,0.051671288862939715
2014-03-05,6.852,3.802,0.935,1.139,26.071,1.138,1.213,0.565,32.924,0.898,0.354,0.017,50.98,23.034,0.05166374781085814
2014-03-06,6.853,3.801,0.935,1.14,26.061,1.136,1.202,0.564,32.915,0.898,0.353,0.017,50.81,23.043,0.05151028746534365
2014-03-07,6.853,3.799,0.935,1.141,26.051,1.134,1.191,0.564,32.905,0.898,0.352,0.017,50.23,23.051,0.051364365971107544
2014-03-10,6.854,3.797,0.936,1.142,26.041,1.132,1.18,0.564,32.896,0.897,0.352,0.017,49.98,23.06,0.051356871899620654
2014-03-11,6.855,3.795,0.936,1.143,26.031,1.13,1.169,0.564,32.887,0.897,0.351,0.017,50.35,23.068,0.0512035010940919
2014-03-12,6.855,3.793,0.936,1.144,26.021,1.128,1.157,0.564,32.877,0.897,0.351,0.017,50.4,23.077,0.0512035010940919
2014-03-13,6.856,3.792,0.936,1.145,26.011,1.126,1.146,0.563,32.868,0.896,0.35,0.017,50.24,23.085,0.05105017502917153
2014-03-14,6.857,3.79,0.936,1.146,26.001,1.123,1.135,0.563,32.859,0.896,0.349,0.017,50.03,23.094,0.050896893685285105
2014-03-17,6.857,3.788,0.936,1.147,25.991,1.121,1.124,0.563,32.849,0.896,0.349,0.017,50.54,23.102,0.050896893685285105
2014-03-18,6.858,3.786,0.937,1.148,25.981,1.119,1.113,0.563,32.84,0.895,0.348,0.017,50.78,23.111,0.05074365704286964
2014-03-19,6.859,3.784,0.937,1.149,25.971,1.117,1.102,0.563,32.831,0.895,0.347,0.017,49.59,23.119,0.05059046508237352
2014-03-20,6.859,3.783,0.937,1.15,25.961,1.115,1.091,0.562,32.821,0.895,0.347,0.017,49.8,23.128,0.05059046508237352
2014-03-21,6.86,3.781,0.937,1.151,25.951,1.113,1.08,0.562,32.812,0.894,0.346,0.017,50.1,23.136,0.05043731778425655
2014-03-24,6.861,3.779,0.937,1.152,25.941,1.111,1.069,0.562,32.803,0.894,0.345,0.017,49.8,23.145,0.050284215128989944
2014-03-25,6.861,3.777,0.937,1.153,25.931,1.109,1.057,0.562,32.793,0.893,0.345,0.017,50.29,23.153,0.050284215128989944
2014-03-26,6.862,3.775,0.938,1.154,25.921,1.106,1.046,0.562,32.784,0.893,0.344,0.017,49.55,23.162,0.05013115709705625
2014-03-27,6.863,3.774,0.938,1.155,25.911,1.104,1.035,0.561,32.775,0.893,0.343,0.017,50.13,23.17,0.04997814366894944
2014-03-28,6.863,3.772,0.938,1.156,25.901,1.102,1.024,0.561,32.765,0.892,0.343,0.017,50.9,23.179,0.04997814366894944
2014-03-31,6.864,3.77,0.938,1.157,25.891,1.1,1.013,0.561,32.756,0.892,0.342,0.017,50.94,23.187,0.04982517482517483
2014-04-01,6.852,3.774,0.938,1.157,25.868,1.103,1.023,0.561,32.722,0.892,0.343,0.017,51.25,23.167,0.05005837711617046
2014-04-02,6.84,3.777,0.939,1.158,25.846,1.107,1.034,0.561,32.687,0.892,0.344,0.017,51.11,23.146,0.05029239766081871
2014-04-03,6.828,3.781,0.939,1.158,25.823,1.11,1.044,0.561,32.653,0.892,0.345,0.017,51.08,23.126,0.050527240773286464
2014-04-04,6.817,3.785,0.94,1.159,25.801,1.113,1.054,0.561,32.618,0.893,0.346,0.017,51.39,23.105,0.050755464280475275
2014-04-07,6.805,3.788,0.94,1.159,25.778,1.117,1.065,0.561,32.584,0.893,0.347,0.017,51.92,23.085,0.05099191770756796
2014-04-08,6.793,3.792,0.941,1.159,25.756,1.12,1.075,0.561,32.549,0.893,0.348,0.017,51.99,23.065,0.05122920653614014
2014-04-09,6.781,3.796,0.941,1.16,25.733,1.123,1.086,0.561,32.515,0.893,0.349,0.017,52.03,23.044,0.051467335201297745
2014-04-10,6.769,3.799,0.942,1.16,25.711,1.127,1.096,0.561,32.48,0.893,0.35,0.017,51.91,23.024,0.05170630816959668
2014-04-11,6.757,3.803,0.942,1.161,25.688,1.13,1.106,0.561,32.446,0.893,0.351,0.017,51.7,23.003,0.05194612993932218
2014-04-14,6.745,3.807,0.943,1.161,25.666,1.133,1.117,0.561,32.412,0.894,0.352,0.017,52.23,22.983,0.05218680504077094
2014-04-15,6.733,3.81,0.943,1.161,25.643,1.137,1.127,0.561,32.377,0.894,0.353,0.017,52.81,22.962,0.05242833803653646
2014-04-16,6.722,3.814,0.944,1.162,25.621,1.14,1.137,0.561,32.343,0.894,0.354,0.017,53.32,22.942,0.052662897947039565
2014-04-17,6.71,3.817,0.944,1.162,25.598,1.143,1.148,0.561,32.308,0.894,0.355,0.017,52.78,22.922,0.05290611028315946
2014-04-21,6.698,3.821,0.945,1.163,25.575,1.147,1.158,0.561,32.274,0.894,0.356,0.017,53.03,22.901,0.05315019408778739
2014-04-22,6.686,3.825,0.945,1.163,25.553,1.15,1.168,0.561,32.239,0.894,0.357,0.017,53.03,22.881,0.05339515405324559
2014-04-23,6.674,3.828,0.946,1.163,25.53,1.153,1.179,0.561,32.205,0.895,0.359,0.017,53.06,22.86,0.0537908300869044
2014-04-24,6.662,3.832,0.946,1.164,25.508,1.157,1.189,0.561,32.17,0.895,0.36,0.017,53.18,22.84,0.05403782647853497
2014-04-25,6.65,3.836,0.947,1.164,25.485,1.16,1.2,0.561,32.136,0.895,0.361,0.017,53.0,22.82,0.054285714285714284
2014-04-28,6.638,3.839,0.947,1.165,25.463,1.163,1.21,0.561,32.102,0.895,0.362,0.018,53.24,22.799,0.05453449834287436
2014-04-29,6.627,3.843,0.948,1.165,25.44,1.167,1.22,0.561,32.067,0.895,0.363,0.018,53.52,22.779,0.05477591670439113
2014-04-30,6.615,3.847,0.948,1.165,25.418,1.17,1.231,0.561,32.033,0.895,0.364,0.018,53.82,22.758,0.05502645502645502
2014-05-01,6.603,3.85,0.948,1.166,25.395,1.173,1.241,0.561,31.998,0.895,0.365,0.018,53.96,22.738,0.055277903983038015
2014-05-02,6.591,3.854,0.949,1.166,25.373,1.177,1.251,0.561,31.964,0.896,0.366,0.018,53.78,22.718,0.055530268548020026
2014-05-05,6.579,3.858,0.949,1.167,25.35,1.18,1.262,0.561,31.929,0.896,0.367,0.018,54.08,22.697,0.05578355373157015
2014-05-06,6.567,3.861,0.95,1.167,25.328,1.183,1.272,0.561,31.895,0.896,0.368,0.018,53.88,22.677,0.05603776458047815
2014-05-07,6.555,3.865,0.95,1.167,25.305,1.187,1.282,0.561,31.86,0.896,0.369,0.018,54.61,22.656,0.056292906178489706
2014-05-08,6.543,3.869,0.951,1.168,25.282,1.19,1.293,0.561,31.826,0.896,0.37,0.018,54.71,22.636,0.05654898364664527
2014-05-09,6.532,3.872,0.951,1.168,25.26,1.193,1.303,0.561,31.792,0.896,0.371,0.018,54.58,22.615,0.05679730557256583
2014-05-12,6.52,3.876,0.952,1.169,25.237,1.197,1.314,0.561,31.757,0.897,0.372,0.018,54.71,22.595,0.057055214723926384
2014-05-13,6.508,3.88,0.952,1.169,25.215,1.2,1.324,0.561,31.723,0.897,0.373,0.018,54.25,22.575,0.0573140749846343
2014-05-14,6.496,3.883,0.953,1.169,25.192,1.203,1.334,0.561,31.688,0.897,0.374,0.018,54.15,22.554,0.05757389162561576
2014-05-15,6.484,3.887,0.953,1.17,25.17,1.207,1.345,0.562,31.654,0.897,0.375,0.018,54.34,22.534,0.05783466995681678
2014-05-16,6.472,3.89,0.954,1.17,25.147,1.21,1.355,0.562,31.619,0.897,0.376,0.018,54.73,22.513,0.05809641532756489
2014-05-19,6.46,3.894,0.954,1.17,25.125,1.213,1.365,0.562,31.585,0.897,0.377,0.018,54.54,22.493,0.058359133126934984
2014-05-20,6.448,3.898,0.955,1.171,25.102,1.217,1.376,0.562,31.55,0.898,0.378,0.018,54.48,22.473,0.058622828784119105
2014-05-21,6.437,3.901,0.955,1.171,25.08,1.22,1.386,0.562,31.516,0.898,0.379,0.018,54.19,22.452,0.058878359484231785
2014-05-22,6.425,3.905,0.956,1.172,25.057,1.223,1.397,0.562,31.482,0.898,0.38,0.018,54.08,22.432,0.059143968871595336
2014-05-23,6.413,3.909,0.956,1.172,25.034,1.227,1.407,0.562,31.447,0.898,0.381,0.018,54.46,22.411,0.05941057227506627
2014-05-27,6.401,3.912,0.957,1.172,25.012,1.23,1.417,0.562,31.413,0.898,0.382,0.018,54.86,22.391,0.059678175285111705
2014-05-28,6.389,3.916,0.957,1.173,24.989,1.233,1.428,0.562,31.378,0.898,0.383,0.018,54.67,22.37,0.059946783534199403
2014-05-29,6.377,3.92,0.958,1.173,24.967,1.237,1.438,0.562,31.344,0.899,0.384,0.018,51.36,22.35,0.06021640269719304
2014-05-30,6.365,3.923,0.958,1.174,24.944,1.24,1.448,0.562,31.309,0.899,0.385,0.018,51.73,22.33,0.060487038491751764
2014-06-02,6.353,3.927,0.958,1.174,24.922,1.243,1.459,0.562,31.275,0.899,0.386,0.018,51.83,22.309,0.06075869667873446
2014-06-03,6.342,3.931,0.959,1.174,24.899,1.247,1.469,0.562,31.24,0.899,0.387,0.018,51.54,22.289,0.06102175969725639
2014-06-04,6.33,3.934,0.959,1.175,24.877,1.25,1.479,0.562,31.206,0.899,0.388,0.018,51.82,22.268,0.06129541864139021
2014-06-05,6.318,3.938,0.96,1.175,24.854,1.253,1.49,0.562,31.172,0.899,0.389,0.018,52.78,22.248,0.06157011712567269
2014-06-06,6.306,3.942,0.96,1.176,24.832,1.257,1.5,0.562,31.137,0.899,0.39,0.018,52.73,22.228,0.06184586108468126
2014-06-09,6.294,3.945,0.961,1.176,24.809,1.26,1.511,0.562,31.103,0.9,0.392,0.018,51.89,22.207,0.06228153797267239
2014-06-10,6.282,3.949,0.961,1.176,24.787,1.263,1.521,0.562,31.068,0.9,0.393,0.018,51.48,22.187,0.06255969436485197
2014-06-11,6.27,3.953,0.962,1.177,24.764,1.267,1.531,0.562,31.034,0.9,0.394,0.018,51.18,22.166,0.06283891547049443
2014-06-12,6.258,3.956,0.962,1.177,24.741,1.27,1.542,0.562,30.999,0.9,0.395,0.018,50.93,22.146,0.06311920741450944
2014-06-13,6.247,3.96,0.963,1.178,24.719,1.273,1.552,0.562,30.965,0.9,0.396,0.018,51.01,22.126,0.06339042740515448
2014-06-16,6.235,3.963,0.963,1.178,24.696,1.277,1.562,0.562,30.93,0.9,0.397,0.018,50.81,22.105,0.06367281475541299
2014-06-17,6.223,3.967,0.964,1.178,24.674,1.28,1.573,0.562,30.896,0.901,0.398,0.018,51.21,22.085,0.06395629117788848
2014-06-18,6.211,3.971,0.964,1.179,24.651,1.283,1.583,0.562,30.862,0.901,0.399,0.018,51.74,22.064,0.06424086298502657
2014-06-19,6.199,3.974,0.965,1.179,24.629,1.287,1.593,0.562,30.827,0.901,0.4,0.018,51.98,22.044,0.06452653653815132
2014-06-20,6.187,3.978,0.965,1.18,24.606,1.29,1.604,0.562,30.793,0.901,0.401,0.018,52.03,22.023,0.06481331824793923
2014-06-23,6.175,3.982,0.966,1.18,24.584,1.293,1.614,0.562,30.758,0.901,0.402,0.018,51.79,22.003,0.06510121457489879
2014-06-24,6.163,3.985,0.966,1.18,24.561,1.297,1.625,0.562,30.724,0.901,0.403,0.018,51.7,21.983,0.0653902320298556
2014-06-25,6.152,3.989,0.967,1.181,24.539,1.3,1.635,0.562,30.689,0.902,0.404,0.018,51.6,21.962,0.06566970091027309
2014-06-26,6.14,3.993,0.967,1.181,24.516,1.303,1.645,0.562,30.655,0.902,0.405,0.018,51.52,21.942,0.06596091205211727
2014-06-27,6.128,3.996,0.968,1.182,24.494,1.307,1.656,0.562,30.62,0.902,0.406,0.018,51.91,21.921,0.0662532637075718
2014-06-30,6.116,4.0,0.968,1.182,24.471,1.31,1.666,0.562,30.586,0.902,0.407,0.018,51.67,21.901,0.06654676258992806
2014-07-01,6.112,4.001,0.969,1.183,24.461,1.302,1.653,0.563,30.572,0.902,0.405,0.018,51.86,21.89,0.0662630890052356
2014-07-02,6.108,4.002,0.969,1.184,24.45,1.294,1.64,0.563,30.557,0.902,0.402,0.018,51.82,21.879,0.06581532416502947
2014-07-03,6.104,4.003,0.97,1.184,24.44,1.287,1.626,0.564,30.543,0.902,0.4,0.018,51.63,21.868,0.0655307994757536
2014-07-07,6.1,4.004,0.971,1.185,24.429,1.279,1.613,0.565,30.529,0.903,0.397,0.019,51.74,21.857,0.06508196721311477
2014-07-08,6.097,4.005,0.971,1.186,24.419,1.271,1.6,0.566,30.515,0.903,0.395,0.019,51.81,21.846,0.06478596030834836
2014-07-09,6.093,4.006,0.972,1.187,24.409,1.263,1.586,0.566,30.5,0.903,0.392,0.019,52.1,21.835,0.0643361234203184
2014-07-10,6.089,4.007,0.972,1.188,24.398,1.255,1.573,0.567,30.486,0.903,0.39,0.019,52.28,21.825,0.06404992609623912
2014-07-11,6.085,4.008,0.973,1.189,24.388,1.248,1.56,0.568,30.472,0.903,0.388,0.019,52.52,21.814,0.0637633525061627
2014-07-14,6.081,4.008,0.974,1.189,24.377,1.24,1.547,0.568,30.457,0.903,0.385,0.019,52.65,21.803,0.06331195527051471
2014-07-15,6.077,4.009,0.974,1.19,24.367,1.232,1.533,0.569,30.443,0.903,0.383,0.019,52.92,21.792,0.06302451867697878
2014-07-16,6.073,4.01,0.975,1.191,24.357,1.224,1.52,0.57,30.429,0.903,0.38,0.019,53.1,21.781,0.06257204017783632
2014-07-17,6.069,4.011,0.976,1.192,24.346,1.216,1.507,0.571,30.415,0.904,0.378,0.019,52.71,21.77,0.06228373702422146
2014-07-18,6.065,4.012,0.976,1.193,24.336,1.208,1.494,0.571,30.4,0.904,0.376,0.019,53.15,21.759,0.06199505358615004
2014-07-21,6.062,4.013,0.977,1.194,24.326,1.201,1.48,0.572,30.386,0.904,0.373,0.019,52.96,21.748,0.06153084790498185
2014-07-22,6.058,4.014,0.978,1.194,24.315,1.193,1.467,0.573,30.372,0.904,0.371,0.019,53.24,21.737,0.061241333773522616
2014-07-23,6.054,4.015,0.978,1.195,24.305,1.185,1.454,0.574,30.357,0.904,0.368,0.019,52.96,21.726,0.06078625702015196
2014-07-24,6.05,4.016,0.979,1.196,24.294,1.177,1.441,0.574,30.343,0.904,0.366,0.019,53.24,21.715,0.060495867768595044
2014-07-25,6.046,4.017,0.98,1.197,24.284,1.169,1.428,0.575,30.329,0.904,0.363,0.019,52.51,21.704,0.0600396956665564
2014-07-28,6.042,4.018,0.98,1.198,24.274,1.162,1.414,0.576,30.315,0.904,0.361,0.019,52.98,21.693,0.059748427672955975
2014-07-29,6.038,4.019,0.981,1.199,24.263,1.154,1.401,0.576,30.3,0.905,0.359,0.019,52.86,21.683,0.059456773766147726
2014-07-30,6.034,4.02,0.981,1.199,24.253,1.146,1.388,0.577,30.286,0.905,0.356,0.019,52.88,21.672,0.05899900563473649
2014-07-31,6.03,4.021,0.982,1.2,24.242,1.138,1.374,0.578,30.272,0.905,0.354,0.019,52.27,21.661,0.05870646766169154
2014-08-01,6.027,4.022,0.983,1.201,24.232,1.13,1.361,0.579,30.258,0.905,0.351,0.019,52.11,21.65,0.05823792931806868
2014-08-04,6.023,4.022,0.983,1.202,24.222,1.122,1.348,0.579,30.243,0.905,0.349,0.019,52.33,21.639,0.057944545907355136
2014-08-05,6.019,4.023,0.984,1.203,24.211,1.115,1.335,0.58,30.229,0.905,0.346,0.019,51.7,21.628,0.05748463199867087
2014-08-06,6.015,4.024,0.985,1.204,24.201,1.107,1.322,0.581,30.215,0.905,0.344,0.019,51.37,21.617,0.057190357439733996
2014-08-07,6.011,4.025,0.985,1.204,24.19,1.099,1.308,0.581,30.2,0.905,0.342,0.019,51.36,21.606,0.05689569123273998
2014-08-08,6.007,4.026,0.986,1.205,24.18,1.091,1.295,0.582,30.186,0.906,0.339,0.019,51.68,21.595,0.056434160146495764
2014-08-11,6.003,4.027,0.987,1.206,24.17,1.083,1.282,0.583,30.172,0.906,0.337,0.019,52.22,21.584,0.05613859736798268
2014-08-12,5.999,4.028,0.987,1.207,24.159,1.076,1.268,0.584,30.158,0.906,0.334,0.019,51.94,21.573,0.0556759459909985
2014-08-13,5.995,4.029,0.988,1.208,24.149,1.068,1.255,0.584,30.143,0.906,0.332,0.019,52.37,21.562,0.05537948290241868
2014-08-14,5.992,4.03,0.988,1.208,24.138,1.06,1.242,0.585,30.129,0.906,0.33,0.019,52.29,21.552,0.05507343124165554
2014-08-15,5.988,4.031,0.989,1.209,24.128,1.052,1.229,0.586,30.115,0.906,0.327,0.019,52.47,21.541,0.05460921843687375
2014-08-18,5.984,4.032,0.99,1.21,24.118,1.044,1.216,0.586,30.1,0.906,0.325,0.019,52.91,21.53,0.05431149732620321
2014-08-19,5.98,4.033,0.99,1.211,24.107,1.037,1.202,0.587,30.086,0.906,0.322,0.02,52.79,21.519,0.05384615384615384
2014-08-20,5.976,4.034,0.991,1.212,24.097,1.029,1.189,0.588,30.072,0.907,0.32,0.02,52.99,21.508,0.0535475234270415
2014-08-21,5.972,4.035,0.992,1.213,24.087,1.021,1.176,0.589,30.058,0.907,0.317,0.02,52.97,21.497,0.05308104487608841
2014-08-22,5.968,4.036,0.992,1.213,24.076,1.013,1.162,0.589,30.043,0.907,0.315,0.02,52.65,21.486,0.052781501340482574
2014-08-25,5.964,4.037,0.993,1.214,24.066,1.005,1.149,0.59,30.029,0.907,0.313,0.02,52.59,21.475,0.05248155600268276
2014-08-26,5.96,4.037,0.994,1.215,24.055,0.998,1.136,0.591,30.015,0.907,0.31,0.02,52.6,21.464,0.05201342281879195
2014-08-27,5.956,4.038,0.994,1.216,24.045,0.99,1.123,0.591,30.0,0.907,0.308,0.02,52.68,21.453,0.05171255876427132
2014-08-28,5.953,4.039,0.995,1.217,24.035,0.982,1.11,0.592,29.986,0.907,0.305,0.02,52.51,21.442,0.05123467159415421
2014-08-29,5.949,4.04,0.996,1.218,24.024,0.974,1.096,0.593,29.972,0.907,0.303,0.02,52.84,21.431,0.050932929904185575
2014-09-02,5.945,4.041,0.996,1.218,24.014,0.966,1.083,0.594,29.958,0.908,0.3,0.02,52.87,21.42,0.05046257359125315
2014-09-03,5.941,4.042,0.997,1.219,24.003,0.958,1.07,0.594,29.943,0.908,0.298,0.02,53.08,21.41,0.05015990573977445
2014-09-04,5.937,4.043,0.997,1.22,23.993,0.951,1.056,0.595,29.929,0.908,0.296,0.02,52.92,21.399,0.04985683004884622
2014-09-05,5.933,4.044,0.998,1.221,23.983,0.943,1.043,0.596,29.915,0.908,0.293,0.02,53.82,21.388,0.04938479689870217
2014-09-08,5.929,4.045,0.999,1.222,23.972,0.935,1.03,0.596,29.9,0.908,0.291,0.02,53.57,21.377,0.0490807893405296
2014-09-09,5.925,4.046,0.999,1.223,23.962,0.927,1.017,0.597,29.886,0.908,0.288,0.02,53.59,21.366,0.04860759493670886
2014-09-10,5.921,4.047,1.0,1.223,23.951,0.919,1.003,0.598,29.872,0.908,0.286,0.02,52.96,21.355,0.04830265157912514
2014-09-11,5.918,4.048,1.001,1.224,23.941,0.912,0.99,0.599,29.858,0.908,0.283,0.02,52.81,21.344,0.047820209530246696
2014-09-12,5.914,4.049,1.001,1.225,23.931,0.904,0.977,0.599,29.843,0.909,0.281,0.02,51.43,21.333,0.047514372675008465
2014-09-15,5.91,4.05,1.002,1.226,23.92,0.896,0.964,0.6,29.829,0.909,0.279,0.02,51.45,21.322,0.04720812182741117
2014-09-16,5.906,4.051,1.003,1.227,23.91,0.888,0.95,0.601,29.815,0.909,0.276,0.02,51.97,21.311,0.04673213681002371
2014-09-17,5.902,4.052,1.003,1.228,23.9,0.88,0.937,0.602,29.801,0.909,0.274,0.02,52.06,21.3,0.046424940698068455
2014-09-18,5.898,4.052,1.004,1.228,23.889,0.872,0.924,0.602,29.786,0.909,0.271,0.02,51.59,21.289,0.04594777890810445
2014-09-19,5.894,4.053,1.005,1.229,23.879,0.865,0.911,0.603,29.772,0.909,0.269,0.02,51.51,21.278,0.045639633525619276
2014-09-22,5.89,4.054,1.005,1.23,23.868,0.857,0.898,0.604,29.758,0.909,0.267,0.02,51.32,21.268,0.04533106960950765
2014-09-23,5.886,4.055,1.006,1.231,23.858,0.849,0.884,0.604,29.743,0.909,0.264,0.02,51.07,21.257,0.04485219164118247
2014-09-24,5.883,4.056,1.006,1.232,23.848,0.841,0.871,0.605,29.729,0.91,0.262,0.02,50.84,21.246,0.044535101138874725
2014-09-25,5.879,4.057,1.007,1.233,23.837,0.833,0.858,0.606,29.715,0.91,0.259,0.02,50.57,21.235,0.0440551114135057
2014-09-26,5.875,4.058,1.008,1.233,23.827,0.826,0.844,0.607,29.701,0.91,0.257,0.02,51.17,21.224,0.04374468085106383
2014-09-29,5.871,4.059,1.008,1.234,23.816,0.818,0.831,0.607,29.686,0.91,0.254,0.02,51.1,21.213,0.04326349855220576
2014-09-30,5.867,4.06,1.009,1.235,23.806,0.81,0.818,0.608,29.672,0.91,0.252,0.02,51.1,21.202,0.04295210499403443
2014-10-01,5.868,4.058,1.01,1.236,23.802,0.818,0.815,0.609,29.67,0.911,0.254,0.021,51.24,21.197,0.043285616905248805
2014-10-02,5.87,4.057,1.011,1.237,23.799,0.825,0.812,0.609,29.668,0.912,0.257,0.021,51.11,21.191,0.04378194207836457
2014-10-03,5.871,4.055,1.012,1.238,23.795,0.833,0.808,0.61,29.665,0.913,0.259,0.021,51.52,21.186,0.04411514222449327
2014-10-06,5.872,4.054,1.013,1.239,23.792,0.841,0.805,0.611,29.663,0.914,0.262,0.021,51.61,21.18,0.04461852861035422
2014-10-07,5.874,4.052,1.014,1.24,23.788,0.848,0.802,0.612,29.661,0.914,0.264,0.021,51.08,21.175,0.04494382022471911
2014-10-08,5.875,4.051,1.015,1.241,23.785,0.856,0.799,0.612,29.659,0.915,0.266,0.021,52.23,21.169,0.045276595744680855
2014-10-09,5.876,4.049,1.016,1.242,23.781,0.864,0.795,0.613,29.657,0.916,0.269,0.021,52.41,21.164,0.04577944179714091
2014-10-10,5.878,4.047,1.017,1.243,23.778,0.871,0.792,0.614,29.654,0.917,0.271,0.021,52.34,21.158,0.0461041170466145
2014-10-13,5.879,4.046,1.018,1.244,23.774,0.879,0.789,0.615,29.652,0.918,0.274,0.021,52.04,21.153,0.04660656574247322
2014-10-14,5.88,4.044,1.019,1.245,23.771,0.887,0.786,0.615,29.65,0.919,0.276,0.021,52.72,21.147,0.04693877551020409
2014-10-15,5.882,4.043,1.02,1.246,23.767,0.894,0.783,0.616,29.648,0.92,0.278,0.021,51.57,21.142,0.047262835770146214
2014-10-16,5.883,4.041,1.021,1.247,23.764,0.902,0.779,0.617,29.646,0.921,0.281,0.021,51.67,21.137,0.04776474587795343
2014-10-17,5.884,4.04,1.022,1.248,23.76,0.91,0.776,0.618,29.644,0.922,0.283,0.021,52.33,21.131,0.04809653297076818
2014-10-20,5.886,4.038,1.023,1.249,23.757,0.917,0.773,0.618,29.641,0.922,0.285,0.021,52.93,21.126,0.048419979612640156
2014-10-21,5.887,4.037,1.024,1.25,23.753,0.925,0.77,0.619,29.639,0.923,0.288,0.021,53.46,21.12,0.048921352131815865
2014-10-22,5.888,4.035,1.025,1.251,23.75,0.933,0.766,0.62,29.637,0.924,0.29,0.021,53.27,21.115,0.049252717391304345
2014-10-23,5.89,4.033,1.026,1.251,23.746,0.94,0.763,0.62,29.635,0.925,0.293,0.021,53.58,21.109,0.04974533106960951
2014-10-24,5.891,4.032,1.027,1.252,23.743,0.948,0.76,0.621,29.633,0.926,0.295,0.021,53.71,21.104,0.0500763877100662
2014-10-27,5.892,4.03,1.028,1.253,23.739,0.955,0.757,0.622,29.63,0.927,0.297,0.021,54.13,21.098,0.05040733197556008
2014-10-28,5.894,4.029,1.029,1.254,23.736,0.963,0.754,0.623,29.628,0.928,0.3,0.021,55.01,21.093,0.0508992195453003
2014-10-29,5.895,4.027,1.03,1.255,23.732,0.971,0.75,0.623,29.626,0.929,0.302,0.021,54.68,21.087,0.05122985581000848
2014-10-30,5.896,4.026,1.031,1.256,23.729,0.978,0.747,0.624,29.624,0.93,0.305,0.021,54.97,21.082,0.05172998643147897
2014-10-31,5.898,4.024,1.032,1.257,23.725,0.986,0.744,0.625,29.622,0.93,0.307,0.021,55.69,21.077,0.05205154289589692
2014-11-03,5.899,4.022,1.033,1.258,23.722,0.994,0.741,0.626,29.62,0.931,0.309,0.021,56.68,21.071,0.05238175962027462
2014-11-04,5.9,4.021,1.034,1.259,23.718,1.001,0.738,0.626,29.617,0.932,0.312,0.021,56.87,21.066,0.05288135593220339
2014-11-05,5.902,4.019,1.035,1.26,23.715,1.009,0.734,0.627,29.615,0.933,0.314,0.021,56.44,21.06,0.05320230430362589
2014-11-06,5.903,4.018,1.036,1.261,23.711,1.017,0.731,0.628,29.613,0.934,0.317,0.021,55.96,21.055,0.053701507707945115
2014-11-07,5.904,4.016,1.037,1.262,23.708,1.024,0.728,0.629,29.611,0.935,0.319,0.021,55.76,21.049,0.05403116531165312
2014-11-10,5.906,4.015,1.038,1.263,23.704,1.032,0.725,0.629,29.609,0.936,0.321,0.021,56.64,21.044,0.054351506942092793
2014-11-11,5.907,4.013,1.039,1.264,23.701,1.04,0.721,0.63,29.606,0.937,0.324,0.021,56.12,21.038,0.05485017775520569
2014-11-12,5.908,4.012,1.04,1.265,23.697,1.047,0.718,0.631,29.604,0.938,0.326,0.021,55.41,21.033,0.05517941773865944
2014-11-13,5.909,4.01,1.041,1.266,23.694,1.055,0.715,0.632,29.602,0.938,0.328,0.021,55.79,21.028,0.05550854628532747
2014-11-14,5.911,4.008,1.042,1.267,23.69,1.063,0.712,0.632,29.6,0.939,0.331,0.021,55.32,21.022,0.05599729318220268
2014-11-17,5.912,4.007,1.043,1.268,23.686,1.07,0.709,0.633,29.598,0.94,0.333,0.021,55.46,21.017,0.056326116373477675
2014-11-18,5.913,4.005,1.044,1.269,23.683,1.078,0.705,0.634,29.595,0.941,0.336,0.021,55.68,21.011,0.05682394723490614
2014-11-19,5.915,4.004,1.045,1.27,23.679,1.086,0.702,0.634,29.593,0.942,0.338,0.021,54.8,21.006,0.05714285714285715
2014-11-20,5.916,4.002,1.046,1.271,23.676,1.093,0.699,0.635,29.591,0.943,0.34,0.021,55.58,21.0,0.05747126436781609
2014-11-21,5.917,4.001,1.047,1.272,23.672,1.101,0.696,0.636,29.589,0.944,0.343,0.021,55.45,20.995,0.05796856515125909
2014-11-24,5.919,3.999,1.048,1.273,23.669,1.109,0.692,0.637,29.587,0.945,0.345,0.022,55.49,20.989,0.05828687278256462
2014-11-25,5.92,3.997,1.049,1.274,23.665,1.116,0.689,0.637,29.584,0.946,0.348,0.022,55.62,20.984,0.05878378378378378
2014-11-26,5.921,3.996,1.05,1.275,23.662,1.124,0.686,0.638,29.582,0.947,0.35,0.022,56.15,20.978,0.05911163654788042
2014-11-28,5.923,3.994,1.051,1.276,23.658,1.132,0.683,0.639,29.58,0.947,0.352,0.022,56.18,20.973,0.05942934323822387
2014-12-01,5.924,3.993,1.052,1.277,23.655,1.139,0.68,0.64,29.578,0.948,0.355,0.022,56.05,20.968,0.059925725860904784
2014-12-02,5.925,3.991,1.053,1.278,23.651,1.147,0.676,0.64,29.576,0.949,0.357,0.022,56.51,20.962,0.06025316455696202
2014-12-03,5.927,3.99,1.054,1.279,23.648,1.155,0.673,0.641,29.574,0.95,0.36,0.022,56.43,20.957,0.06073899105787076
2014-12-04,5.928,3.988,1.055,1.28,23.644,1.162,0.67,0.642,29.571,0.951,0.362,0.022,56.57,20.951,0.06106612685560054
2014-12-05,5.929,3.987,1.056,1.281,23.641,1.17,0.667,0.643,29.569,0.952,0.364,0.022,56.19,20.946,0.06139315230224321
2014-12-08,5.931,3.985,1.057,1.281,23.637,1.178,0.664,0.643,29.567,0.953,0.367,0.022,56.82,20.94,0.06187826673410892
2014-12-09,5.932,3.983,1.058,1.282,23.634,1.185,0.66,0.644,29.565,0.954,0.369,0.022,56.62,20.935,0.0622049898853675
2014-12-10,5.933,3.982,1.059,1.283,23.63,1.193,0.657,0.645,29.563,0.955,0.372,0.022,56.77,20.929,0.06270015169391539
2014-12-11,5.935,3.98,1.06,1.284,23.627,1.2,0.654,0.645,29.56,0.955,0.374,0.022,56.82,20.924,0.06301600673967987
2014-12-12,5.936,3.979,1.061,1.285,23.623,1.208,0.651,0.646,29.558,0.956,0.376,0.022,56.07,20.918,0.06334231805929919
2014-12-15,5.937,3.977,1.062,1.286,23.62,1.216,0.647,0.647,29.556,0.957,0.379,0.022,56.03,20.913,0.06383695469092134
2014-12-16,5.939,3.976,1.063,1.287,23.616,1.223,0.644,0.648,29.554,0.958,0.381,0.022,55.67,20.908,0.06415221417747095
2014-12-17,5.94,3.974,1.064,1.288,23.613,1.231,0.641,0.648,29.552,0.959,0.383,0.022,56.86,20.902,0.06447811447811448
2014-12-18,5.941,3.972,1.065,1.289,23.609,1.239,0.638,0.649,29.55,0.96,0.386,0.022,57.63,20.897,0.06497222689782865
2014-12-19,5.943,3.971,1.066,1.29,23.606,1.246,0.635,0.65,29.547,0.961,0.388,0.022,57.03,20.891,0.06528689214201583
2014-12-22,5.944,3.969,1.067,1.291,23.602,1.254,0.631,0.651,29.545,0.962,0.391,0.022,58.25,20.886,0.0657806191117093
2014-12-23,5.945,3.968,1.068,1.292,23.599,1.262,0.628,0.651,29.543,0.963,0.393,0.022,57.9,20.88,0.06610597140454164
2014-12-24,5.947,3.966,1.069,1.293,23.595,1.269,0.625,0.652,29.541,0.963,0.395,0.022,57.52,20.875,0.06642004371952245
2014-12-26,5.948,3.965,1.07,1.294,23.592,1.277,0.622,0.653,29.539,0.964,0.398,0.022,57.37,20.869,0.06691324815063887
2014-12-29,5.949,3.963,1.071,1.295,23.588,1.285,0.618,0.654,29.536,0.965,0.4,0.022,57.95,20.864,0.06723819129265424
2014-12-30,5.951,3.962,1.072,1.296,23.585,1.292,0.615,0.654,29.534,0.966,0.403,0.022,57.66,20.858,0.06771971097294573
2014-12-31,5.952,3.96,1.073,1.297,23.581,1.3,0.612,0.655,29.532,0.967,0.405,0.022,56.59,20.853,0.06804435483870969
2015-01-02,5.952,3.962,1.071,1.296,23.596,1.307,0.616,0.654,29.548,0.966,0.407,0.022,57.66,20.867,0.06838037634408602
2015-01-05,5.953,3.965,1.07,1.294,23.611,1.314,0.619,0.653,29.563,0.965,0.409,0.022,57.9,20.881,0.0687048546951117
2015-01-06,5.953,3.967,1.068,1.293,23.627,1.321,0.623,0.652,29.579,0.964,0.412,0.022,59.51,20.894,0.0692088022845624
2015-01-07,5.953,3.969,1.067,1.292,23.642,1.328,0.627,0.651,29.594,0.963,0.414,0.022,60.6,20.908,0.06954476734419619
2015-01-08,5.954,3.971,1.065,1.29,23.657,1.335,0.63,0.65,29.61,0.962,0.416,0.022,60.52,20.922,0.06986899563318777
2015-01-09,5.954,3.974,1.064,1.289,23.672,1.342,0.634,0.649,29.625,0.961,0.418,0.022,61.15,20.936,0.07020490426603963
2015-01-12,5.954,3.976,1.062,1.288,23.688,1.349,0.637,0.649,29.641,0.96,0.42,0.022,61.21,20.95,0.0705408128988915
2015-01-13,5.955,3.978,1.061,1.286,23.703,1.356,0.641,0.648,29.657,0.958,0.423,0.022,61.25,20.963,0.07103274559193955
2015-01-14,5.955,3.981,1.059,1.285,23.718,1.363,0.645,0.647,29.672,0.957,0.425,0.022,61.79,20.977,0.07136859781696053
2015-01-15,5.955,3.983,1.058,1.284,23.733,1.37,0.648,0.646,29.688,0.956,0.427,0.022,62.24,20.991,0.07170445004198153
2015-01-16,5.956,3.985,1.056,1.282,23.749,1.378,0.652,0.645,29.703,0.955,0.429,0.022,62.47,21.005,0.07202820685023505
2015-01-20,5.956,3.988,1.055,1.281,23.764,1.385,0.656,0.644,29.719,0.954,0.431,0.022,62.11,21.018,0.07236400268636668
2015-01-21,5.956,3.99,1.053,1.28,23.779,1.392,0.659,0.643,29.734,0.953,0.434,0.022,62.29,21.032,0.07286769644056414
2015-01-22,5.957,3.992,1.052,1.278,23.794,1.399,0.663,0.642,29.75,0.952,0.436,0.022,63.47,21.046,0.07319120362598623
2015-01-23,5.957,3.994,1.05,1.277,23.809,1.406,0.667,0.641,29.766,0.951,0.438,0.022,63.19,21.06,0.07352694309216048
2015-01-26,5.957,3.997,1.049,1.276,23.825,1.413,0.67,0.64,29.781,0.95,0.44,0.022,63.83,21.074,0.07386268255833474
2015-01-27,5.958,3.999,1.047,1.274,23.84,1.42,0.674,0.639,29.797,0.949,0.442,0.021,63.68,21.087,0.07418596844578718
2015-01-28,5.958,4.001,1.046,1.273,23.855,1.427,0.678,0.638,29.812,0.948,0.445,0.021,63.31,21.101,0.07468949311849614
2015-01-29,5.958,4.004,1.044,1.272,23.87,1.434,0.681,0.638,29.828,0.947,0.447,0.021,63.7,21.115,0.07502517623363544
2015-01-30,5.959,4.006,1.043,1.27,23.886,1.441,0.685,0.637,29.843,0.946,0.449,0.021,61.8,21.129,0.07534821278738044
2015-02-02,5.959,4.008,1.041,1.269,23.901,1.448,0.688,0.636,29.859,0.945,0.451,0.021,62.04,21.143,0.07568383957039772
2015-02-03,5.959,4.01,1.039,1.268,23.916,1.455,0.692,0.635,29.875,0.944,0.453,0.021,62.25,21.156,0.07601946635341501
2015-02-04,5.96,4.013,1.038,1.266,23.931,1.462,0.696,0.634,29.89,0.942,0.456,0.021,62.79,21.17,0.07651006711409396
2015-02-05,5.96,4.015,1.036,1.265,23.947,1.469,0.699,0.633,29.906,0.941,0.458,0.021,63.22,21.184,0.07684563758389262
2015-02-06,5.96,4.017,1.035,1.264,23.962,1.476,0.703,0.632,29.921,0.94,0.46,0.021,60.69,21.198,0.07718120805369127
2015-02-09,5.961,4.02,1.033,1.262,23.977,1.483,0.707,0.631,29.937,0.939,0.462,0.021,60.39,21.211,0.07750377453447409
2015-02-10,5.961,4.022,1.032,1.261,23.992,1.49,0.71,0.63,29.952,0.938,0.464,0.021,60.59,21.225,0.077839288709948
2015-02-11,5.961,4.024,1.03,1.26,24.007,1.497,0.714,0.629,29.968,0.937,0.467,0.021,59.86,21.239,0.07834255997315887
2015-02-12,5.962,4.027,1.029,1.258,24.023,1.504,0.718,0.628,29.984,0.936,0.469,0.021,60.58,21.253,0.07866487755786648
2015-02-13,5.962,4.029,1.027,1.257,24.038,1.511,0.721,0.627,29.999,0.935,0.471,0.021,60.08,21.267,0.07900033545790003
2015-02-17,5.962,4.031,1.026,1.256,24.053,1.519,0.725,0.627,30.015,0.934,0.473,0.021,59.98,21.28,0.07933579335793357
2015-02-18,5.962,4.033,1.024,1.255,24.068,1.526,0.728,0.626,30.03,0.933,0.475,0.021,60.44,21.294,0.07967125125796712
2015-02-19,5.963,4.036,1.023,1.253,24.084,1.533,0.732,0.625,30.046,0.932,0.477,0.021,59.05,21.308,0.07999329196713063
2015-02-20,5.963,4.038,1.021,1.252,24.099,1.54,0.736,0.624,30.062,0.931,0.48,0.021,59.67,21.322,0.08049639443233271
2015-02-23,5.963,4.04,1.02,1.251,24.114,1.547,0.739,0.623,30.077,0.93,0.482,0.021,60.23,21.336,0.08083179607580077
2015-02-24,5.964,4.043,1.018,1.249,24.129,1.554,0.743,0.622,30.093,0.929,0.484,0.021,59.13,21.349,0.0811535881958417
2015-02-25,5.964,4.045,1.017,1.248,24.144,1.561,0.747,0.621,30.108,0.928,0.486,0.021,59.26,21.363,0.08148893360160965
2015-02-26,5.964,4.047,1.015,1.247,24.16,1.568,0.75,0.62,30.124,0.927,0.488,0.021,58.22,21.377,0.0818242790073776
2015-02-27,5.965,4.05,1.014,1.245,24.175,1.575,0.754,0.619,30.139,0.925,0.491,0.021,59.22,21.391,0.08231349538977369
2015-03-02,5.965,4.052,1.012,1.244,24.19,1.582,0.758,0.618,30.155,0.924,0.493,0.021,59.12,21.404,0.0826487845766974
2015-03-03,5.965,4.054,1.01,1.243,24.205,1.589,0.761,0.617,30.171,0.923,0.495,0.02,58.99,21.418,0.08298407376362113
2015-03-04,5.966,4.056,1.009,1.241,24.221,1.596,0.765,0.616,30.186,0.922,0.497,0.02,58.35,21.432,0.0833053972510895
2015-03-05,5.966,4.059,1.007,1.24,24.236,1.603,0.768,0.616,30.202,0.921,0.499,0.02,58.22,21.446,0.08364063023801542
2015-03-06,5.966,4.061,1.006,1.239,24.251,1.61,0.772,0.615,30.217,0.92,0.502,0.02,56.18,21.46,0.08414347971840429
2015-03-09,5.967,4.063,1.004,1.237,24.266,1.617,0.776,0.614,30.233,0.919,0.504,0.02,56.14,21.473,0.08446455505279035
2015-03-10,5.967,4.066,1.003,1.236,24.282,1.624,0.779,0.613,30.248,0.918,0.506,0.02,55.97,21.487,0.0847997318585554
2015-03-11,5.967,4.068,1.001,1.235,24.297,1.631,0.783,0.612,30.264,0.917,0.508,0.02,55.8,21.501,0.08513490866432044
2015-03-12,5.968,4.07,1.0,1.233,24.312,1.638,0.787,0.611,30.28,0.916,0.51,0.02,57.12,21.515,0.08545576407506703
2015-03-13,5.968,4.072,0.998,1.232,24.327,1.645,0.79,0.61,30.295,0.915,0.513,0.02,57.24,21.529,0.08595844504021448
2015-03-16,5.968,4.075,0.997,1.231,24.342,1.652,0.794,0.609,30.311,0.914,0.515,0.02,58.2,21.542,0.08629356568364611
2015-03-17,5.969,4.077,0.995,1.229,24.358,1.66,0.798,0.608,30.326,0.913,0.517,0.02,57.91,21.556,0.08661417322834646
2015-03-18,5.969,4.079,0.994,1.228,24.373,1.667,0.801,0.607,30.342,0.912,0.519,0.02,59.58,21.57,0.08694923772826268
2015-03-19,5.969,4.082,0.992,1.227,24.388,1.674,0.805,0.606,30.357,0.911,0.521,0.02,59.76,21.584,0.08728430222817893
2015-03-20,5.97,4.084,0.991,1.225,24.403,1.681,0.809,0.605,30.373,0.909,0.524,0.02,61.39,21.597,0.08777219430485762
2015-03-23,5.97,4.086,0.989,1.224,24.419,1.688,0.812,0.605,30.389,0.908,0.526,0.02,61.45,21.611,0.08810720268006701
2015-03-24,5.97,4.089,0.988,1.223,24.434,1.695,0.816,0.604,30.404,0.907,0.528,0.02,61.23,21.625,0.08844221105527639
2015-03-25,5.971,4.091,0.986,1.221,24.449,1.702,0.819,0.603,30.42,0.906,0.53,0.02,60.4,21.639,0.0887623513649305
2015-03-26,5.971,4.093,0.985,1.22,24.464,1.709,0.823,0.602,30.435,0.905,0.532,0.02,59.93,21.653,0.08909730363423213
2015-03-27,5.971,4.095,0.983,1.219,24.48,1.716,0.827,0.601,30.451,0.904,0.535,0.02,60.43,21.666,0.08959973203818457
2015-03-30,5.972,4.098,0.982,1.217,24.495,1.723,0.83,0.6,30.466,0.903,0.537,0.02,61.28,21.68,0.08991962491627595
2015-03-31,5.972,4.1,0.98,1.216,24.51,1.73,0.834,0.599,30.482,0.902,0.539,0.02,60.86,21.694,0.09025452109845948
2015-04-01,5.963,4.108,0.982,1.218,24.516,1.727,0.83,0.601,30.479,0.904,0.538,0.02,61.48,21.7,0.09022304209290626
2015-04-02,5.953,4.117,0.984,1.22,24.523,1.723,0.825,0.602,30.476,0.906,0.537,0.02,61.9,21.706,0.09020661851167479
2015-04-06,5.944,4.125,0.987,1.222,24.529,1.72,0.821,0.604,30.473,0.907,0.536,0.02,62.35,21.712,0.09017496635262451
2015-04-07,5.935,4.133,0.989,1.224,24.535,1.717,0.817,0.606,30.47,0.909,0.535,0.02,61.57,21.718,0.09014321819713565
2015-04-08,5.925,4.141,0.991,1.227,24.541,1.713,0.813,0.607,30.467,0.911,0.534,0.02,61.31,21.724,0.09012658227848103
2015-04-09,5.916,4.15,0.993,1.229,24.548,1.71,0.808,0.609,30.464,0.913,0.533,0.02,59.97,21.73,0.0900946585530764
2015-04-10,5.907,4.158,0.996,1.231,24.554,1.707,0.804,0.61,30.461,0.915,0.532,0.02,59.39,21.736,0.09006263754867107
2015-04-13,5.898,4.166,0.998,1.233,24.56,1.703,0.8,0.612,30.458,0.916,0.531,0.02,59.1,21.742,0.09003051881993897
2015-04-14,5.888,4.174,1.0,1.235,24.566,1.7,0.796,0.614,30.455,0.918,0.53,0.02,59.44,21.748,0.09001358695652174
2015-04-15,5.879,4.183,1.002,1.237,24.573,1.697,0.791,0.615,30.452,0.92,0.529,0.02,59.01,21.754,0.08998128933492092
2015-04-16,5.87,4.191,1.004,1.239,24.579,1.693,0.787,0.617,30.448,0.922,0.527,0.02,59.03,21.76,0.08977853492333901
2015-04-17,5.86,4.199,1.007,1.241,24.585,1.69,0.783,0.619,30.445,0.924,0.526,0.02,58.45,21.766,0.08976109215017065
2015-04-20,5.851,4.207,1.009,1.243,24.591,1.687,0.779,0.62,30.442,0.925,0.525,0.02,58.56,21.772,0.08972825158092634
2015-04-21,5.842,4.216,1.011,1.246,24.598,1.683,0.774,0.622,30.439,0.927,0.524,0.02,58.63,21.778,0.08969530982540228
2015-04-22,5.832,4.224,1.013,1.248,24.604,1.68,0.77,0.624,30.436,0.929,0.523,0.02,58.72,21.784,0.08967764060356653
2015-04-23,5.823,4.232,1.016,1.25,24.61,1.677,0.766,0.625,30.433,0.931,0.522,0.021,58.7,21.79,0.08964451313755796
2015-04-24,5.814,4.24,1.018,1.252,24.616,1.673,0.762,0.627,30.43,0.932,0.521,0.021,58.59,21.796,0.08961128310973512
2015-04-27,5.805,4.249,1.02,1.254,24.623,1.67,0.757,0.628,30.427,0.934,0.52,0.021,58.96,21.802,0.08957795004306633
2015-04-28,5.795,4.257,1.022,1.256,24.629,1.667,0.753,0.63,30.424,0.936,0.519,0.021,58.45,21.808,0.08955996548748922
2015-04-29,5.786,4.265,1.024,1.258,24.635,1.663,0.749,0.632,30.421,0.938,0.518,0.021,56.85,21.814,0.08952644313861045
2015-04-30,5.777,4.273,1.027,1.26,24.641,1.66,0.745,0.633,30.418,0.94,0.517,0.021,56.35,21.82,0.08949281634066124
2015-05-01,5.767,4.282,1.029,1.262,24.648,1.657,0.74,0.635,30.415,0.941,0.516,0.021,57.18,21.826,0.08947459684411306
2015-05-04,5.758,4.29,1.031,1.265,24.654,1.653,0.736,0.637,30.412,0.943,0.515,0.021,56.94,21.832,0.08944077804793331
2015-05-05,5.749,4.298,1.033,1.267,24.66,1.65,0.732,0.638,30.409,0.945,0.514,0.021,56.03,21.838,0.08940685336580276
2015-05-06,5.739,4.306,1.036,1.269,24.666,1.647,0.728,0.64,30.406,0.947,0.513,0.021,56.39,21.844,0.08938839519079979
2015-05-07,5.73,4.315,1.038,1.271,24.673,1.643,0.723,0.642,30.403,0.949,0.512,0.021,56.87,21.85,0.08935427574171029
2015-05-08,5.721,4.323,1.04,1.273,24.679,1.64,0.719,0.643,30.4,0.95,0.511,0.021,58.27,21.856,0.08932004894249257
2015-05-11,5.712,4.331,1.042,1.275,24.685,1.637,0.715,0.645,30.397,0.952,0.51,0.021,57.18,21.862,0.08928571428571429
2015-05-12,5.702,4.339,1.044,1.277,24.691,1.633,0.711,0.646,30.394,0.954,0.509,0.021,57.27,21.868,0.08926692388635567
2015-05-13,5.693,4.348,1.047,1.279,24.698,1.63,0.706,0.648,30.391,0.956,0.508,0.021,56.31,21.874,0.08923239065519059
2015-05-14,5.684,4.356,1.049,1.281,24.704,1.627,0.702,0.65,30.388,0.958,0.507,0.021,57.37,21.88,0.08919774806474313
2015-05-15,5.674,4.364,1.051,1.284,24.71,1.623,0.698,0.651,30.384,0.959,0.505,0.021,57.63,21.885,0.0890024673951357
2015-05-18,5.665,4.372,1.053,1.286,24.716,1.62,0.694,0.653,30.381,0.961,0.504,0.021,57.37,21.891,0.08896734333627537
2015-05-19,5.656,4.381,1.056,1.288,24.723,1.617,0.689,0.655,30.378,0.963,0.503,0.022,57.14,21.897,0.08893210749646394
2015-05-20,5.646,4.389,1.058,1.29,24.729,1.613,0.685,0.656,30.375,0.965,0.502,0.022,57.0,21.903,0.08891250442791357
2015-05-21,5.637,4.397,1.06,1.292,24.735,1.61,0.681,0.658,30.372,0.967,0.501,0.022,56.99,21.909,0.0888770622671634
2015-05-22,5.628,4.405,1.062,1.294,24.741,1.607,0.677,0.659,30.369,0.968,0.5,0.022,57.01,21.915,0.08884150675195451
2015-05-26,5.619,4.414,1.064,1.296,24.748,1.603,0.672,0.661,30.366,0.97,0.499,0.022,56.54,21.921,0.08880583733760455
2015-05-27,5.609,4.422,1.067,1.298,24.754,1.6,0.668,0.663,30.363,0.972,0.498,0.022,57.18,21.927,0.0887858798359779
2015-05-28,5.6,4.43,1.069,1.3,24.76,1.597,0.664,0.664,30.36,0.974,0.497,0.022,57.08,21.933,0.08875000000000001
2015-05-29,5.591,4.438,1.071,1.303,24.766,1.593,0.66,0.666,30.357,0.976,0.496,0.022,56.32,21.939,0.08871400465033089
2015-06-01,5.581,4.447,1.073,1.305,24.773,1.59,0.655,0.668,30.354,0.977,0.495,0.022,56.94,21.945,0.08869378247625873
2015-06-02,5.572,4.455,1.076,1.307,24.779,1.587,0.651,0.669,30.351,0.979,0.494,0.022,56.56,21.951,0.0886575735821967
2015-06-03,5.563,4.463,1.078,1.309,24.785,1.583,0.647,0.671,30.348,0.981,0.493,0.022,55.56,21.957,0.08862124752831206
2015-06-04,5.553,4.471,1.08,1.311,24.791,1.58,0.643,0.673,30.345,0.983,0.492,0.022,55.59,21.963,0.08860075634792004
2015-06-05,5.544,4.48,1.082,1.313,24.798,1.577,0.638,0.674,30.342,0.985,0.491,0.022,54.84,21.969,0.08856421356421357
2015-06-08,5.535,4.488,1.084,1.315,24.804,1.573,0.634,0.676,30.339,0.986,0.49,0.022,54.53,21.975,0.08852755194218609
2015-06-09,5.526,4.496,1.087,1.317,24.81,1.57,0.63,0.677,30.336,0.988,0.489,0.022,54.21,21.981,0.08849077090119435
2015-06-10,5.516,4.504,1.089,1.319,24.816,1.567,0.626,0.679,30.333,0.99,0.488,0.022,54.76,21.987,0.08846990572878898
2015-06-11,5.507,4.513,1.091,1.322,24.823,1.563,0.621,0.681,30.33,0.992,0.487,0.022,55.04,21.993,0.0884329035772653
2015-06-12,5.498,4.521,1.093,1.324,24.829,1.56,0.617,0.682,30.327,0.993,0.486,0.023,54.92,21.999,0.08839578028373954
2015-06-15,5.488,4.529,1.096,1.326,24.835,1.557,0.613,0.684,30.324,0.995,0.485,0.023,54.59,22.005,0.0883746355685131
2015-06-16,5.479,4.537,1.098,1.328,24.841,1.553,0.609,0.686,30.32,0.997,0.483,0.023,55.04,22.011,0.08815477276875341
2015-06-17,5.47,4.546,1.1,1.33,24.848,1.55,0.604,0.687,30.317,0.999,0.482,0.023,55.76,22.017,0.08811700182815356
2015-06-18,5.46,4.554,1.102,1.332,24.854,1.547,0.6,0.689,30.314,1.001,0.481,0.023,56.48,22.023,0.08809523809523809
2015-06-19,5.451,4.562,1.104,1.334,24.86,1.543,0.596,0.691,30.311,1.002,0.48,0.023,55.73,22.029,0.08805723720418272
2015-06-22,5.442,4.57,1.107,1.336,24.866,1.54,0.592,0.692,30.308,1.004,0.479,0.023,54.81,22.035,0.08801911062109517
2015-06-23,5.433,4.579,1.109,1.338,24.873,1.537,0.587,0.694,30.305,1.006,0.478,0.023,54.41,22.041,0.0879808577213326
2015-06-24,5.423,4.587,1.111,1.341,24.879,1.533,0.583,0.695,30.302,1.008,0.477,0.023,54.0,22.047,0.08795869444956665
2015-06-25,5.414,4.595,1.113,1.343,24.885,1.53,0.579,0.697,30.299,1.01,0.476,0.023,53.52,22.053,0.08792020687107499
2015-06-26,5.405,4.603,1.116,1.345,24.891,1.527,0.575,0.699,30.296,1.011,0.475,0.023,54.0,22.059,0.08788159111933394
2015-06-29,5.395,4.612,1.118,1.347,24.898,1.523,0.57,0.7,30.293,1.013,0.474,0.023,53.1,22.065,0.08785912882298424
2015-06-30,5.386,4.62,1.12,1.349,24.904,1.52,0.566,0.702,30.29,1.015,0.473,0.023,53.72,22.071,0.08782027478648347
2015-07-01,5.385,4.623,1.119,1.349,24.914,1.518,0.571,0.701,30.299,1.014,0.472,0.023,54.07,22.08,0.08765088207985144
2015-07-02,5.384,4.625,1.118,1.348,24.923,1.515,0.575,0.701,30.307,1.013,0.471,0.023,54.06,22.088,0.08748142644873699
2015-07-06,5.383,4.628,1.118,1.348,24.933,1.512,0.58,0.7,30.316,1.013,0.471,0.023,54.39,22.097,0.087497677874791
2015-07-07,5.382,4.631,1.117,1.347,24.943,1.51,0.584,0.699,30.325,1.012,0.47,0.023,55.3,22.106,0.08732813080639168
2015-07-08,5.381,4.633,1.116,1.347,24.952,1.508,0.589,0.699,30.334,1.011,0.469,0.023,55.18,22.115,0.08715852072105555
2015-07-09,5.38,4.636,1.115,1.346,24.962,1.505,0.593,0.698,30.342,1.01,0.468,0.023,55.11,22.123,0.08698884758364313
2015-07-10,5.38,4.639,1.114,1.346,24.971,1.502,0.598,0.697,30.351,1.009,0.467,0.023,55.34,22.132,0.08680297397769518
2015-07-13,5.379,4.641,1.114,1.345,24.981,1.5,0.602,0.696,30.36,1.008,0.466,0.023,55.48,22.141,0.08663320319762038
2015-07-14,5.378,4.644,1.113,1.345,24.991,1.498,0.607,0.696,30.368,1.008,0.466,0.023,55.69,22.149,0.08664931201190033
2015-07-15,5.377,4.647,1.112,1.344,25.0,1.495,0.611,0.695,30.377,1.007,0.465,0.023,56.13,22.158,0.08647944950716013
2015-07-16,5.376,4.649,1.111,1.344,25.01,1.492,0.616,0.694,30.386,1.006,0.464,0.023,56.76,22.167,0.08630952380952381
2015-07-17,5.375,4.652,1.11,1.344,25.02,1.49,0.621,0.694,30.395,1.005,0.463,0.023,56.64,22.176,0.08613953488372093
2015-07-20,5.374,4.655,1.11,1.343,25.029,1.488,0.625,0.693,30.403,1.004,0.462,0.023,56.6,22.184,0.08596948269445479
2015-07-21,5.373,4.657,1.109,1.343,25.039,1.485,0.63,0.692,30.412,1.004,0.461,0.023,56.24,22.193,0.08579936720640238
2015-07-22,5.372,4.66,1.108,1.342,25.049,1.482,0.634,0.692,30.421,1.003,0.461,0.023,56.43,22.202,0.08581533879374535
2015-07-23,5.371,4.662,1.107,1.342,25.058,1.48,0.639,0.691,30.429,1.002,0.46,0.023,56.12,22.211,0.0856451312604729
2015-07-24,5.37,4.665,1.106,1.341,25.068,1.478,0.643,0.69,30.438,1.001,0.459,0.023,57.13,22.219,0.08547486033519554
2015-07-27,5.369,4.668,1.106,1.341,25.078,1.475,0.648,0.69,30.447,1.0,0.458,0.023,57.48,22.228,0.0853045259824921
2015-07-28,5.368,4.67,1.105,1.34,25.087,1.473,0.652,0.689,30.456,1.0,0.457,0.023,57.66,22.237,0.08513412816691505
2015-07-29,5.368,4.673,1.104,1.34,25.097,1.47,0.657,0.688,30.464,0.999,0.456,0.023,57.7,22.245,0.0849478390461997
2015-07-30,5.367,4.676,1.103,1.339,25.106,1.468,0.661,0.688,30.473,0.998,0.456,0.023,57.59,22.254,0.0849636668529905
2015-07-31,5.366,4.678,1.102,1.339,25.116,1.465,0.666,0.687,30.482,0.997,0.455,0.023,57.93,22.263,0.08479314200521805
2015-08-03,5.365,4.681,1.102,1.339,25.126,1.463,0.671,0.686,30.491,0.996,0.454,0.023,58.29,22.272,0.08462255358807083
2015-08-04,5.364,4.684,1.101,1.338,25.135,1.46,0.675,0.686,30.499,0.995,0.453,0.022,58.34,22.28,0.08445190156599552
2015-08-05,5.363,4.686,1.1,1.338,25.145,1.458,0.68,0.685,30.508,0.995,0.452,0.022,58.39,22.289,0.08428118590341227
2015-08-06,5.362,4.689,1.099,1.337,25.155,1.455,0.684,0.684,30.517,0.994,0.451,0.022,58.76,22.298,0.08411040656471466
2015-08-07,5.361,4.692,1.098,1.337,25.164,1.453,0.689,0.683,30.525,0.993,0.451,0.022,59.31,22.306,0.08412609587763478
2015-08-10,5.36,4.694,1.098,1.336,25.174,1.45,0.693,0.683,30.534,0.992,0.45,0.022,58.53,22.315,0.08395522388059701
2015-08-11,5.359,4.697,1.097,1.336,25.184,1.448,0.698,0.682,30.543,0.991,0.449,0.022,59.27,22.324,0.08378428811345401
2015-08-12,5.358,4.7,1.096,1.335,25.193,1.445,0.702,0.681,30.552,0.991,0.448,0.022,59.41,22.333,0.0836132885405002
2015-08-13,5.357,4.702,1.095,1.335,25.203,1.443,0.707,0.681,30.56,0.99,0.447,0.022,59.02,22.341,0.08344222512600336
2015-08-14,5.357,4.705,1.094,1.334,25.212,1.44,0.712,0.68,30.569,0.989,0.446,0.022,59.31,22.35,0.08325555348142617
2015-08-17,5.356,4.708,1.094,1.334,25.222,1.438,0.716,0.679,30.578,0.988,0.446,0.022,59.88,22.359,0.08327109783420464
2015-08-18,5.355,4.71,1.093,1.334,25.232,1.435,0.721,0.679,30.586,0.987,0.445,0.022,60.27,22.367,0.08309990662931839
2015-08-19,5.354,4.713,1.092,1.333,25.241,1.432,0.725,0.678,30.595,0.987,0.444,0.022,59.78,22.376,0.08292865147553231
2015-08-20,5.353,4.716,1.091,1.333,25.251,1.43,0.73,0.677,30.604,0.986,0.443,0.022,59.47,22.385,0.08275733233700729
2015-08-21,5.352,4.718,1.091,1.332,25.261,1.428,0.734,0.677,30.613,0.985,0.442,0.022,58.78,22.394,0.08258594917787743
2015-08-24,5.351,4.721,1.09,1.332,25.27,1.425,0.739,0.676,30.621,0.984,0.442,0.022,56.34,22.402,0.08260138291908055
2015-08-25,5.35,4.724,1.089,1.331,25.28,1.422,0.743,0.675,30.63,0.983,0.441,0.022,54.79,22.411,0.08242990654205608
2015-08-26,5.349,4.726,1.088,1.331,25.29,1.42,0.748,0.674,30.639,0.982,0.44,0.022,56.3,22.42,0.08225836604972891
2015-08-27,5.348,4.729,1.087,1.33,25.299,1.418,0.752,0.674,30.647,0.982,0.439,0.022,57.47,22.428,0.08208676140613314
2015-08-28,5.347,4.732,1.087,1.33,25.309,1.415,0.757,0.673,30.656,0.981,0.438,0.022,57.03,22.437,0.08191509257527585
2015-08-31,5.346,4.734,1.086,1.33,25.319,1.412,0.762,0.672,30.665,0.98,0.437,0.022,55.48,22.446,0.0817433595211373
2015-09-01,5.345,4.737,1.085,1.329,25.328,1.41,0.766,0.672,30.674,0.979,0.437,0.022,54.15,22.455,0.08175865294667914
2015-09-02,5.345,4.74,1.084,1.329,25.338,1.408,0.771,0.671,30.682,0.978,0.436,0.022,54.81,22.463,0.08157156220767073
2015-09-03,5.344,4.742,1.083,1.328,25.347,1.405,0.775,0.67,30.691,0.978,0.435,0.022,55.05,22.472,0.08139970059880239
2015-09-04,5.343,4.745,1.083,1.328,25.357,1.402,0.78,0.67,30.7,0.977,0.434,0.022,54.12,22.481,0.08122777465843159
2015-09-08,5.342,4.748,1.082,1.327,25.367,1.4,0.784,0.669,30.708,0.976,0.433,0.022,54.93,22.49,0.08105578435043055
2015-09-09,5.341,4.75,1.081,1.327,25.376,1.398,0.789,0.668,30.717,0.975,0.432,0.022,54.02,22.498,0.08088372963864444
2015-09-10,5.34,4.753,1.08,1.326,25.386,1.395,0.793,0.668,30.726,0.974,0.432,0.022,54.17,22.507,0.08089887640449438
2015-09-11,5.339,4.755,1.079,1.326,25.396,1.392,0.798,0.667,30.735,0.974,0.431,0.022,55.43,22.516,0.0807267278516576
2015-09-14,5.338,4.758,1.079,1.325,25.405,1.39,0.802,0.666,30.743,0.973,0.43,0.022,55.37,22.524,0.08055451479955039
2015-09-15,5.337,4.761,1.078,1.325,25.415,1.388,0.807,0.666,30.752,0.972,0.429,0.022,56.03,22.533,0.08038223721191681
2015-09-16,5.336,4.763,1.077,1.325,25.425,1.385,0.812,0.665,30.761,0.971,0.428,0.022,56.75,22.542,0.08020989505247375
2015-09-17,5.335,4.766,1.076,1.324,25.434,1.382,0.816,0.664,30.77,0.97,0.427,0.022,57.21,22.551,0.08003748828491096
2015-09-18,5.334,4.769,1.075,1.324,25.444,1.38,0.821,0.664,30.778,0.969,0.427,0.022,56.93,22.559,0.08005249343832022
2015-09-21,5.333,4.771,1.075,1.323,25.454,1.378,0.825,0.663,30.787,0.969,0.426,0.022,57.49,22.568,0.07987999249953122
2015-09-22,5.333,4.774,1.074,1.323,25.463,1.375,0.83,0.662,30.796,0.968,0.425,0.022,56.7,22.577,0.07969248078004874
2015-09-23,5.332,4.777,1.073,1.322,25.473,1.372,0.834,0.661,30.804,0.967,0.424,0.021,56.78,22.585,0.0795198799699925
2015-09-24,5.331,4.779,1.072,1.322,25.482,1.37,0.839,0.661,30.813,0.966,0.423,0.021,56.08,22.594,0.07934721440630275
2015-09-25,5.33,4.782,1.071,1.321,25.492,1.368,0.843,0.66,30.822,0.965,0.422,0.021,56.56,22.603,0.07917448405253283
2015-09-28,5.329,4.785,1.071,1.321,25.502,1.365,0.848,0.659,30.831,0.965,0.422,0.021,55.74,22.612,0.07918934133983863
2015-09-29,5.328,4.787,1.07,1.32,25.511,1.362,0.852,0.659,30.839,0.964,0.421,0.021,56.45,22.62,0.0790165165165165
2015-09-30,5.327,4.79,1.069,1.32,25.521,1.36,0.857,0.658,30.848,0.963,0.42,0.021,56.85,22.629,0.07884362680683311
2015-10-01,5.325,4.791,1.07,1.321,25.518,1.359,0.855,0.659,30.844,0.964,0.42,0.021,57.65,22.626,0.07887323943661971
2015-10-02,5.324,4.792,1.071,1.322,25.516,1.357,0.852,0.66,30.839,0.965,0.419,0.021,58.14,22.622,0.07870022539444027
2015-10-05,5.322,4.793,1.072,1.323,25.513,1.356,0.85,0.66,30.835,0.966,0.419,0.021,59.48,22.619,0.07872980082675686
2015-10-06,5.32,4.794,1.073,1.324,25.51,1.354,0.847,0.661,30.83,0.967,0.418,0.021,59.46,22.616,0.07857142857142857
2015-10-07,5.318,4.795,1.074,1.325,25.508,1.353,0.845,0.662,30.826,0.968,0.418,0.021,60.23,22.612,0.07860097781120723
2015-10-08,5.317,4.797,1.075,1.326,25.505,1.352,0.842,0.663,30.821,0.969,0.417,0.022,60.45,22.609,0.07842768478465299
2015-10-09,5.315,4.798,1.076,1.327,25.502,1.35,0.84,0.664,30.817,0.97,0.417,0.022,60.49,22.606,0.07845719661335841
2015-10-12,5.313,4.799,1.078,1.328,25.5,1.349,0.838,0.664,30.813,0.971,0.416,0.022,60.98,22.603,0.07829851308112178
2015-10-13,5.311,4.8,1.079,1.329,25.497,1.347,0.835,0.665,30.808,0.972,0.416,0.022,60.46,22.599,0.07832799849369233
2015-10-14,5.31,4.801,1.08,1.33,25.494,1.346,0.833,0.666,30.804,0.973,0.416,0.022,60.19,22.596,0.07834274952919021
2015-10-15,5.308,4.802,1.081,1.33,25.491,1.345,0.83,0.667,30.799,0.974,0.415,0.022,61.27,22.593,0.07818387339864355
2015-10-16,5.306,4.803,1.082,1.331,25.489,1.343,0.828,0.668,30.795,0.975,0.415,0.022,61.59,22.589,0.07821334338484734
2015-10-19,5.304,4.804,1.083,1.332,25.486,1.342,0.825,0.669,30.791,0.976,0.414,0.022,62.82,22.586,0.07805429864253392
2015-10-20,5.303,4.805,1.084,1.333,25.483,1.34,0.823,0.669,30.786,0.977,0.414,0.022,62.68,22.583,0.07806901753724306
2015-10-21,5.301,4.806,1.085,1.334,25.481,1.339,0.82,0.67,30.782,0.978,0.413,0.022,63.03,22.579,0.07790982833427655
2015-10-22,5.299,4.808,1.086,1.335,25.478,1.338,0.818,0.671,30.777,0.979,0.413,0.022,63.52,22.576,0.07793923381770144
2015-10-23,5.298,4.809,1.087,1.336,25.475,1.336,0.816,0.672,30.773,0.98,0.413,0.022,62.96,22.573,0.07795394488486221
2015-10-26,5.296,4.81,1.088,1.337,25.473,1.335,0.813,0.673,30.768,0.981,0.412,0.022,63.07,22.569,0.07779456193353473
2015-10-27,5.294,4.811,1.089,1.338,25.47,1.333,0.811,0.673,30.764,0.982,0.412,0.022,63.94,22.566,0.07782395164336986
2015-10-28,5.292,4.812,1.09,1.339,25.467,1.332,0.808,0.674,30.76,0.983,0.411,0.022,63.79,22.563,0.07766439909297052
2015-10-29,5.291,4.813,1.091,1.34,25.465,1.33,0.806,0.675,30.755,0.984,0.411,0.022,63.38,22.559,0.07767907767907767
2015-10-30,5.289,4.814,1.092,1.341,25.462,1.329,0.803,0.676,30.751,0.985,0.41,0.022,62.47,22.556,0.07751937984496124
2015-11-02,5.287,4.815,1.093,1.342,25.459,1.328,0.801,0.677,30.746,0.986,0.41,0.022,63.81,22.553,0.07754870436920748
2015-11-03,5.285,4.816,1.094,1.343,25.457,1.326,0.798,0.678,30.742,0.987,0.41,0.022,63.23,22.55,0.07757805108798485
2015-11-04,5.284,4.817,1.096,1.344,25.454,1.325,0.796,0.678,30.737,0.988,0.409,0.022,63.18,22.546,0.07740348221044663
2015-11-05,5.282,4.818,1.097,1.345,25.451,1.323,0.794,0.679,30.733,0.989,0.409,0.022,62.95,22.543,0.07743279060961757
2015-11-06,5.28,4.82,1.098,1.346,25.448,1.322,0.791,0.68,30.729,0.99,0.408,0.022,60.44,22.54,0.07727272727272727
2015-11-09,5.278,4.821,1.099,1.347,25.446,1.321,0.789,0.681,30.724,0.991,0.408,0.022,59.39,22.536,0.07730200833649109
2015-11-10,5.277,4.822,1.1,1.348,25.443,1.319,0.786,0.682,30.72,0.992,0.407,0.022,60.3,22.533,0.07712715558082243
2015-11-11,5.275,4.823,1.101,1.349,25.44,1.318,0.784,0.682,30.715,0.993,0.407,0.022,60.02,22.53,0.07715639810426539
2015-11-12,5.273,4.824,1.102,1.35,25.438,1.316,0.781,0.683,30.711,0.994,0.406,0.022,59.25,22.526,0.07699601744737342
2015-11-13,5.272,4.825,1.103,1.35,25.435,1.315,0.779,0.684,30.706,0.996,0.406,0.022,57.78,22.523,0.07701062215477997
2015-11-16,5.27,4.826,1.104,1.351,25.432,1.314,0.777,0.685,30.702,0.997,0.406,0.022,58.19,22.52,0.07703984819734347
2015-11-17,5.268,4.827,1.105,1.352,25.43,1.312,0.774,0.686,30.698,0.998,0.405,0.022,57.94,22.516,0.07687927107061504
2015-11-18,5.266,4.828,1.106,1.353,25.427,1.311,0.772,0.686,30.693,0.999,0.405,0.022,58.99,22.513,0.0769084694265097
2015-11-19,5.265,4.829,1.107,1.354,25.424,1.309,0.769,0.687,30.689,1.0,0.404,0.022,59.24,22.51,0.07673314339981008
2015-11-20,5.263,4.83,1.108,1.355,25.422,1.308,0.767,0.688,30.684,1.001,0.404,0.022,59.61,22.506,0.07676230286908609
2015-11-23,5.261,4.832,1.109,1.356,25.419,1.307,0.764,0.689,30.68,1.002,0.403,0.022,59.26,22.503,0.07660140657669645
2015-11-24,5.259,4.833,1.11,1.357,25.416,1.305,0.762,0.69,30.676,1.003,0.403,0.022,58.06,22.5,0.07663053812511884
2015-11-25,5.258,4.834,1.112,1.358,25.414,1.304,0.76,0.69,30.671,1.004,0.402,0.023,58.45,22.496,0.07645492582731077
2015-11-27,5.256,4.835,1.113,1.359,25.411,1.302,0.757,0.691,30.667,1.005,0.402,0.023,58.92,22.493,0.07648401826484018
2015-11-30,5.254,4.836,1.114,1.36,25.408,1.301,0.755,0.692,30.662,1.006,0.402,0.023,57.75,22.49,0.07651313285116103
2015-12-01,5.252,4.837,1.115,1.361,25.405,1.3,0.752,0.693,30.658,1.007,0.401,0.023,58.5,22.487,0.07635186595582635
2015-12-02,5.251,4.838,1.116,1.362,25.403,1.298,0.75,0.694,30.653,1.008,0.401,0.023,56.76,22.483,0.07636640639878119
2015-12-03,5.249,4.839,1.117,1.363,25.4,1.297,0.747,0.695,30.649,1.009,0.4,0.023,56.34,22.48,0.07620499142693847
2015-12-04,5.247,4.84,1.118,1.364,25.397,1.295,0.745,0.695,30.645,1.01,0.4,0.023,58.1,22.477,0.07623403849818945
2015-12-07,5.245,4.841,1.119,1.365,25.395,1.294,0.742,0.696,30.64,1.011,0.399,0.023,58.25,22.473,0.07607244995233556
2015-12-08,5.244,4.842,1.12,1.366,25.392,1.292,0.74,0.697,30.636,1.012,0.399,0.023,58.29,22.47,0.07608695652173914
2015-12-09,5.242,4.844,1.121,1.367,25.389,1.291,0.738,0.698,30.631,1.013,0.399,0.023,58.07,22.467,0.07611598626478444
2015-12-10,5.24,4.845,1.122,1.368,25.387,1.29,0.735,0.699,30.627,1.014,0.398,0.023,57.38,22.463,0.07595419847328244
2015-12-11,5.239,4.846,1.123,1.369,25.384,1.288,0.733,0.699,30.622,1.015,0.398,0.023,57.25,22.46,0.07596869631609086
2015-12-14,5.237,4.847,1.124,1.37,25.381,1.287,0.73,0.7,30.618,1.016,0.397,0.023,57.67,22.457,0.07580675959518808
2015-12-15,5.235,4.848,1.125,1.371,25.379,1.285,0.728,0.701,30.614,1.017,0.397,0.023,58.83,22.453,0.07583572110792741
2015-12-16,5.233,4.849,1.126,1.371,25.376,1.284,0.725,0.702,30.609,1.018,0.396,0.023,59.96,22.45,0.07567360978406269
2015-12-17,5.232,4.85,1.127,1.372,25.373,1.283,0.723,0.703,30.605,1.019,0.396,0.023,60.0,22.447,0.07568807339449542
2015-12-18,5.23,4.851,1.128,1.373,25.37,1.281,0.72,0.704,30.6,1.02,0.396,0.023,59.08,22.444,0.07571701720841299
2015-12-21,5.228,4.852,1.13,1.374,25.368,1.28,0.718,0.704,30.596,1.021,0.395,0.023,59.49,22.44,0.07555470543228769
2015-12-22,5.226,4.853,1.131,1.375,25.365,1.278,0.716,0.705,30.592,1.022,0.395,0.023,59.73,22.437,0.07558362035973977
2015-12-23,5.225,4.855,1.132,1.376,25.362,1.277,0.713,0.706,30.587,1.023,0.394,0.023,60.17,22.434,0.07540669856459331
2015-12-24,5.223,4.856,1.133,1.377,25.36,1.276,0.711,0.707,30.583,1.024,0.394,0.023,60.27,22.43,0.07543557342523455
2015-12-28,5.221,4.857,1.134,1.378,25.357,1.274,0.708,0.708,30.578,1.025,0.393,0.023,60.18,22.427,0.07527293621911511
2015-12-29,5.219,4.858,1.135,1.379,25.354,1.273,0.706,0.708,30.574,1.026,0.393,0.023,60.72,22.424,0.07530178195056524
2015-12-30,5.218,4.859,1.136,1.38,25.352,1.271,0.703,0.709,30.569,1.027,0.392,0.023,60.52,22.42,0.07512456880030663
2015-12-31,5.216,4.86,1.137,1.381,25.349,1.27,0.701,0.71,30.565,1.028,0.392,0.023,60.3,22.417,0.07515337423312883
2016-01-04,5.218,4.86,1.136,1.38,25.36,1.275,0.703,0.71,30.579,1.028,0.393,0.023,59.51,22.426,0.07531621310847068
2016-01-05,5.221,4.86,1.136,1.38,25.372,1.279,0.704,0.709,30.592,1.027,0.395,0.023,60.7,22.435,0.07565600459682054
2016-01-06,5.223,4.86,1.135,1.379,25.383,1.284,0.706,0.709,30.606,1.027,0.396,0.023,60.55,22.444,0.07581849511774842
2016-01-07,5.226,4.86,1.134,1.378,25.394,1.288,0.708,0.708,30.62,1.026,0.398,0.023,59.27,22.454,0.07615767317259856
2016-01-08,5.228,4.86,1.134,1.377,25.405,1.293,0.71,0.708,30.633,1.026,0.399,0.023,57.58,22.463,0.07631981637337415
2016-01-11,5.23,4.86,1.133,1.377,25.417,1.298,0.711,0.708,30.647,1.026,0.401,0.023,57.77,22.472,0.07667304015296367
2016-01-12,5.233,4.86,1.133,1.376,25.428,1.302,0.713,0.707,30.661,1.025,0.402,0.023,57.41,22.481,0.07682017962927576
2016-01-13,5.235,4.86,1.132,1.375,25.439,1.307,0.715,0.707,30.674,1.025,0.404,0.023,57.02,22.49,0.07717287488061127
2016-01-14,5.238,4.86,1.131,1.375,25.45,1.311,0.716,0.706,30.688,1.024,0.405,0.023,57.45,22.499,0.07731958762886598
2016-01-15,5.24,4.86,1.131,1.374,25.462,1.316,0.718,0.706,30.702,1.024,0.407,0.023,56.99,22.509,0.07767175572519083
2016-01-19,5.243,4.86,1.13,1.373,25.473,1.32,0.72,0.705,30.715,1.023,0.408,0.023,57.68,22.518,0.0778180431050925
2016-01-20,5.245,4.86,1.129,1.372,25.484,1.325,0.721,0.705,30.729,1.023,0.41,0.023,55.89,22.527,0.07816968541468064
2016-01-21,5.247,4.86,1.129,1.372,25.495,1.33,0.723,0.705,30.743,1.023,0.411,0.023,56.53,22.536,0.07833047455688964
2016-01-22,5.25,4.86,1.128,1.371,25.507,1.334,0.725,0.704,30.756,1.022,0.412,0.023,57.96,22.545,0.07847619047619048
2016-01-25,5.252,4.86,1.127,1.37,25.518,1.339,0.727,0.704,30.77,1.022,0.414,0.023,57.29,22.554,0.07882711348057883
2016-01-26,5.255,4.86,1.127,1.369,25.529,1.343,0.728,0.703,30.784,1.021,0.415,0.023,58.83,22.564,0.07897240723120837
2016-01-27,5.257,4.86,1.126,1.369,25.54,1.348,0.73,0.703,30.797,1.021,0.417,0.023,57.56,22.573,0.07932280768499145
2016-01-28,5.259,4.86,1.125,1.368,25.552,1.353,0.732,0.703,30.811,1.021,0.418,0.023,57.8,22.582,0.07948279140521011
2016-01-29,5.262,4.86,1.125,1.367,25.563,1.357,0.733,0.702,30.825,1.02,0.42,0.023,57.64,22.591,0.0798175598631699
2016-02-01,5.264,4.86,1.124,1.367,25.574,1.362,0.735,0.702,30.838,1.02,0.421,0.023,58.15,22.6,0.07997720364741641
2016-02-02,5.267,4.86,1.124,1.366,25.586,1.366,0.737,0.701,30.852,1.019,0.423,0.023,57.59,22.609,0.0803113726979305
2016-02-03,5.269,4.86,1.123,1.365,25.597,1.371,0.739,0.701,30.866,1.019,0.424,0.023,58.26,22.619,0.08047067754792181
2016-02-04,5.271,4.86,1.122,1.364,25.608,1.376,0.74,0.701,30.879,1.019,0.426,0.023,58.04,22.628,0.08081957882754695
2016-02-05,5.274,4.86,1.122,1.364,25.619,1.38,0.742,0.7,30.893,1.018,0.427,0.023,56.93,22.637,0.08096321577550246
2016-02-08,5.276,4.86,1.121,1.363,25.631,1.385,0.744,0.7,30.907,1.018,0.428,0.023,56.46,22.646,0.08112206216830933
2016-02-09,5.279,4.86,1.12,1.362,25.642,1.389,0.745,0.699,30.92,1.017,0.43,0.023,55.36,22.655,0.08145482098882365
2016-02-10,5.281,4.86,1.12,1.362,25.653,1.394,0.747,0.699,30.934,1.017,0.431,0.023,56.07,22.664,0.081613330808559
2016-02-11,5.283,4.86,1.119,1.361,25.664,1.399,0.749,0.699,30.948,1.017,0.433,0.023,56.16,22.674,0.08196100700359643
2016-02-12,5.286,4.86,1.118,1.36,25.676,1.403,0.75,0.698,30.961,1.016,0.434,0.023,56.79,22.683,0.08210367007188801
2016-02-16,5.288,4.86,1.118,1.359,25.687,1.408,0.752,0.698,30.975,1.016,0.436,0.023,57.66,22.692,0.08245083207261725
2016-02-17,5.291,4.86,1.117,1.359,25.698,1.412,0.754,0.697,30.989,1.015,0.437,0.023,57.89,22.701,0.08259308259308258
2016-02-18,5.293,4.86,1.117,1.358,25.709,1.417,0.756,0.697,31.003,1.015,0.439,0.022,58.56,22.71,0.08293973172114112
2016-02-19,5.296,4.86,1.116,1.357,25.721,1.421,0.757,0.696,31.016,1.014,0.44,0.022,58.62,22.719,0.08308157099697885
2016-02-22,5.298,4.86,1.115,1.356,25.732,1.426,0.759,0.696,31.03,1.014,0.442,0.022,58.61,22.729,0.08342770856927142
2016-02-23,5.3,4.86,1.115,1.356,25.743,1.431,0.761,0.696,31.044,1.014,0.443,0.022,58.69,22.738,0.08358490566037736
2016-02-24,5.303,4.86,1.114,1.355,25.754,1.435,0.762,0.695,31.057,1.013,0.445,0.022,58.53,22.747,0.08391476522722988
2016-02-25,5.305,4.86,1.113,1.354,25.766,1.44,0.764,0.695,31.071,1.013,0.446,0.022,59.39,22.756,0.08407163053722903
2016-02-26,5.308,4.86,1.113,1.354,25.777,1.444,0.766,0.694,31.085,1.012,0.447,0.022,58.91,22.765,0.08421250941974379
2016-02-29,5.31,4.86,1.112,1.353,25.788,1.449,0.767,0.694,31.098,1.012,0.449,0.022,58.71,22.774,0.08455743879472694
2016-03-01,5.312,4.86,1.111,1.352,25.799,1.454,0.769,0.694,31.112,1.012,0.45,0.022,60.2,22.784,0.08471385542168675
2016-03-02,5.315,4.86,1.111,1.351,25.811,1.458,0.771,0.693,31.126,1.011,0.452,0.022,60.43,22.793,0.0850423330197554
2016-03-03,5.317,4.86,1.11,1.351,25.822,1.463,0.773,0.693,31.139,1.011,0.453,0.022,61.08,22.802,0.08519842016174535
2016-03-04,5.32,4.86,1.11,1.35,25.833,1.467,0.774,0.692,31.153,1.01,0.455,0.022,61.43,22.811,0.08552631578947369
2016-03-07,5.322,4.86,1.109,1.349,25.845,1.472,0.776,0.692,31.167,1.01,0.456,0.022,61.77,22.82,0.08568207440811725
2016-03-08,5.324,4.86,1.108,1.349,25.856,1.477,0.778,0.692,31.18,1.01,0.458,0.022,61.17,22.829,0.08602554470323066
2016-03-09,5.327,4.86,1.108,1.348,25.867,1.481,0.779,0.691,31.194,1.009,0.459,0.022,61.19,22.839,0.08616482072461049
2016-03-10,5.329,4.86,1.107,1.347,25.878,1.486,0.781,0.691,31.208,1.009,0.461,0.022,61.27,22.848,0.08650778757740665
2016-03-11,5.332,4.86,1.106,1.346,25.89,1.49,0.783,0.69,31.221,1.008,0.462,0.022,62.29,22.857,0.08664666166541636
2016-03-14,5.334,4.86,1.106,1.346,25.901,1.495,0.785,0.69,31.235,1.008,0.463,0.022,61.6,22.866,0.08680164979377579
2016-03-15,5.336,4.86,1.105,1.345,25.912,1.5,0.786,0.69,31.249,1.008,0.465,0.022,61.77,22.875,0.087143928035982
2016-03-16,5.339,4.86,1.104,1.344,25.923,1.504,0.788,0.689,31.262,1.007,0.466,0.022,62.05,22.884,0.08728226259599176
2016-03-17,5.341,4.86,1.104,1.343,25.935,1.509,0.79,0.689,31.276,1.007,0.468,0.022,63.47,22.894,0.08762404044186482
2016-03-18,5.344,4.86,1.103,1.343,25.946,1.513,0.791,0.688,31.29,1.006,0.469,0.022,63.42,22.903,0.08776197604790419
2016-03-21,5.346,4.86,1.102,1.342,25.957,1.518,0.793,0.688,31.303,1.006,0.471,0.022,62.81,22.912,0.08810325476992142
2016-03-22,5.349,4.86,1.102,1.341,25.968,1.522,0.795,0.687,31.317,1.005,0.472,0.022,62.62,22.921,0.08824079267152737
2016-03-23,5.351,4.86,1.101,1.341,25.98,1.527,0.796,0.687,31.331,1.005,0.474,0.022,62.35,22.93,0.08858157353765651
2016-03-24,5.353,4.86,1.101,1.34,25.991,1.532,0.798,0.687,31.344,1.005,0.475,0.022,62.33,22.939,0.08873528862320194
2016-03-28,5.356,4.86,1.1,1.339,26.002,1.536,0.8,0.686,31.358,1.004,0.477,0.022,62.83,22.949,0.08905899925317401
2016-03-29,5.358,4.86,1.099,1.338,26.013,1.541,0.802,0.686,31.372,1.004,0.478,0.022,64.03,22.958,0.08921239268383725
2016-03-30,5.361,4.86,1.099,1.338,26.025,1.545,0.803,0.685,31.385,1.003,0.48,0.022,63.66,22.967,0.08953553441522104
2016-03-31,5.363,4.86,1.098,1.337,26.036,1.55,0.805,0.685,31.399,1.003,0.481,0.022,64.26,22.976,0.08968860712287897
2016-04-01,5.362,4.861,1.098,1.337,26.036,1.548,0.806,0.685,31.399,1.003,0.481,0.022,65.53,22.975,0.08970533383066019
2016-04-04,5.362,4.861,1.097,1.336,26.037,1.547,0.807,0.684,31.398,1.002,0.48,0.022,65.43,22.974,0.08951883625512867
2016-04-05,5.361,4.862,1.097,1.336,26.037,1.545,0.809,0.684,31.398,1.002,0.48,0.022,64.89,22.974,0.08953553441522104
2016-04-06,5.36,4.863,1.097,1.336,26.038,1.544,0.81,0.683,31.398,1.002,0.479,0.022,65.39,22.973,0.08936567164179103
2016-04-07,5.359,4.863,1.097,1.335,26.038,1.542,0.811,0.683,31.398,1.002,0.479,0.022,64.81,22.972,0.089382347452883
2016-04-08,5.359,4.864,1.096,1.335,26.038,1.541,0.812,0.683,31.397,1.001,0.479,0.022,64.9,22.971,0.089382347452883
2016-04-11,5.358,4.864,1.096,1.335,26.039,1.539,0.814,0.682,31.397,1.001,0.478,0.022,64.77,22.97,0.08921239268383725
2016-04-12,5.357,4.865,1.096,1.334,26.039,1.538,0.815,0.682,31.397,1.001,0.478,0.022,65.22,22.97,0.0892290461078962
2016-04-13,5.357,4.866,1.095,1.334,26.04,1.536,0.816,0.681,31.396,1.0,0.477,0.022,65.07,22.969,0.08904237446331902
2016-04-14,5.356,4.866,1.095,1.334,26.04,1.534,0.817,0.681,31.396,1.0,0.477,0.022,65.17,22.968,0.08905899925317401
2016-04-15,5.355,4.867,1.095,1.333,26.04,1.533,0.819,0.681,31.396,1.0,0.477,0.022,65.15,22.967,0.08907563025210083
2016-04-18,5.354,4.868,1.095,1.333,26.041,1.531,0.82,0.68,31.395,0.999,0.476,0.022,65.52,22.966,0.08890549122151661
2016-04-19,5.354,4.868,1.094,1.333,26.041,1.53,0.821,0.68,31.395,0.999,0.476,0.022,65.27,22.965,0.08890549122151661
2016-04-20,5.353,4.869,1.094,1.332,26.042,1.528,0.822,0.679,31.395,0.999,0.475,0.022,63.85,22.965,0.08873528862320194
2016-04-21,5.352,4.869,1.094,1.332,26.042,1.527,0.824,0.679,31.395,0.999,0.475,0.022,62.46,22.964,0.08875186846038863
2016-04-22,5.352,4.87,1.094,1.332,26.042,1.525,0.825,0.679,31.394,0.998,0.474,0.022,63.35,22.963,0.08856502242152466
2016-04-25,5.351,4.871,1.093,1.331,26.043,1.523,0.826,0.678,31.394,0.998,0.474,0.022,63.83,22.962,0.08858157353765651
2016-04-26,5.35,4.871,1.093,1.331,26.043,1.522,0.827,0.678,31.394,0.998,0.474,0.022,63.92,22.961,0.0885981308411215
2016-04-27,5.349,4.872,1.093,1.33,26.044,1.52,0.828,0.677,31.393,0.997,0.473,0.022,64.11,22.961,0.08842774350345858
2016-04-28,5.349,4.873,1.092,1.33,26.044,1.519,0.83,0.677,31.393,0.997,0.473,0.022,63.83,22.96,0.08842774350345858
2016-04-29,5.348,4.873,1.092,1.33,26.045,1.517,0.831,0.676,31.393,0.997,0.472,0.022,63.05,22.959,0.08825729244577411
2016-05-02,5.347,4.874,1.092,1.329,26.045,1.516,0.832,0.676,31.392,0.996,0.472,0.022,64.1,22.958,0.08827379839162146
2016-05-03,5.346,4.874,1.092,1.329,26.045,1.514,0.833,0.676,31.392,0.996,0.472,0.022,64.23,22.957,0.08829031051253274
2016-05-04,5.346,4.875,1.091,1.329,26.046,1.512,0.835,0.675,31.392,0.996,0.471,0.022,65.07,22.956,0.08810325476992142
2016-05-05,5.345,4.876,1.091,1.328,26.046,1.511,0.836,0.675,31.392,0.996,0.471,0.021,65.32,22.956,0.08811973807296539
2016-05-06,5.344,4.876,1.091,1.328,26.047,1.509,0.837,0.674,31.391,0.995,0.47,0.021,66.07,22.955,0.08794910179640718
2016-05-09,5.344,4.877,1.09,1.328,26.047,1.508,0.838,0.674,31.391,0.995,0.47,0.021,66.77,22.954,0.08794910179640718
2016-05-10,5.343,4.878,1.09,1.327,26.047,1.506,0.84,0.674,31.391,0.995,0.47,0.021,67.04,22.953,0.08796556241811716
2016-05-11,5.342,4.878,1.09,1.327,26.048,1.505,0.841,0.673,31.39,0.994,0.469,0.021,63.7,22.952,0.08779483339573194
2016-05-12,5.341,4.879,1.09,1.327,26.048,1.503,0.842,0.673,31.39,0.994,0.469,0.021,63.95,22.952,0.08781127129750982
2016-05-13,5.341,4.879,1.089,1.326,26.049,1.502,0.843,0.672,31.39,0.994,0.468,0.021,61.58,22.951,0.08762404044186482
2016-05-16,5.34,4.88,1.089,1.326,26.049,1.5,0.844,0.672,31.39,0.993,0.468,0.021,62.49,22.95,0.08764044943820226
2016-05-17,5.339,4.881,1.089,1.326,26.049,1.498,0.846,0.672,31.389,0.993,0.468,0.021,61.26,22.949,0.08765686458138228
2016-05-18,5.339,4.881,1.088,1.325,26.05,1.497,0.847,0.671,31.389,0.993,0.467,0.021,60.64,22.948,0.08746956358868702
2016-05-19,5.338,4.882,1.088,1.325,26.05,1.495,0.848,0.671,31.389,0.993,0.467,0.021,60.75,22.948,0.08748594979393032
2016-05-20,5.337,4.882,1.088,1.325,26.051,1.494,0.849,0.67,31.388,0.992,0.466,0.021,61.15,22.947,0.08731497095746675
2016-05-23,5.336,4.883,1.088,1.324,26.051,1.492,0.851,0.67,31.388,0.992,0.466,0.021,61.35,22.946,0.08733133433283358
2016-05-24,5.336,4.884,1.087,1.324,26.051,1.491,0.852,0.67,31.388,0.992,0.466,0.021,61.94,22.945,0.08733133433283358
2016-05-25,5.335,4.884,1.087,1.324,26.052,1.489,0.853,0.669,31.387,0.991,0.465,0.021,61.45,22.944,0.08716026241799438
2016-05-26,5.334,4.885,1.087,1.323,26.052,1.488,0.854,0.669,31.387,0.991,0.465,0.021,61.78,22.944,0.08717660292463443
2016-05-27,5.334,4.886,1.086,1.323,26.053,1.486,0.856,0.668,31.387,0.991,0.464,0.021,61.98,22.943,0.08698912635920511
2016-05-31,5.333,4.886,1.086,1.323,26.053,1.484,0.857,0.668,31.387,0.991,0.464,0.021,61.94,22.942,0.08700543783986499
2016-06-01,5.332,4.887,1.086,1.322,26.053,1.483,0.858,0.668,31.386,0.99,0.464,0.021,62.13,22.941,0.08702175543885972
2016-06-02,5.331,4.888,1.086,1.322,26.054,1.481,0.859,0.667,31.386,0.99,0.463,0.021,61.86,22.94,0.08685049709247795
2016-06-03,5.331,4.888,1.085,1.322,26.054,1.48,0.861,0.667,31.386,0.99,0.463,0.021,62.52,22.939,0.08685049709247795
2016-06-06,5.33,4.889,1.085,1.321,26.055,1.478,0.862,0.666,31.385,0.989,0.462,0.021,62.26,22.939,0.08667917448405253
2016-06-07,5.329,4.889,1.085,1.321,26.055,1.477,0.863,0.666,31.385,0.989,0.462,0.021,62.53,22.938,0.0866954400450366
2016-06-08,5.328,4.89,1.084,1.32,26.056,1.475,0.864,0.666,31.385,0.989,0.462,0.021,63.13,22.937,0.08671171171171171
2016-06-09,5.328,4.891,1.084,1.32,26.056,1.473,0.865,0.665,31.384,0.988,0.461,0.021,63.2,22.936,0.08652402402402402
2016-06-10,5.327,4.891,1.084,1.32,26.056,1.472,0.867,0.665,31.384,0.988,0.461,0.021,62.76,22.935,0.08654026656654779
2016-06-13,5.326,4.892,1.084,1.319,26.057,1.47,0.868,0.664,31.384,0.988,0.46,0.021,63.22,22.935,0.08636875704093129
2016-06-14,5.326,4.892,1.083,1.319,26.057,1.469,0.869,0.664,31.384,0.988,0.46,0.021,63.56,22.934,0.08636875704093129
2016-06-15,5.325,4.893,1.083,1.319,26.058,1.467,0.87,0.663,31.383,0.987,0.459,0.021,64.0,22.933,0.08619718309859155
2016-06-16,5.324,4.894,1.083,1.318,26.058,1.466,0.872,0.663,31.383,0.987,0.459,0.021,64.63,22.932,0.08621337340345606
2016-06-17,5.323,4.894,1.083,1.318,26.058,1.464,0.873,0.663,31.383,0.987,0.459,0.021,64.53,22.931,0.08622956979147098
2016-06-20,5.323,4.895,1.082,1.318,26.059,1.462,0.874,0.662,31.382,0.986,0.458,0.021,64.86,22.93,0.08604170580499718
2016-06-21,5.322,4.896,1.082,1.317,26.059,1.461,0.875,0.662,31.382,0.986,0.458,0.021,65.32,22.93,0.08605787298008268
2016-06-22,5.321,4.896,1.082,1.317,26.06,1.459,0.877,0.661,31.382,0.986,0.457,0.021,65.37,22.929,0.08588611163315167
2016-06-23,5.321,4.897,1.081,1.317,26.06,1.458,0.878,0.661,31.381,0.985,0.457,0.021,65.53,22.928,0.08588611163315167
2016-06-24,5.32,4.898,1.081,1.316,26.06,1.456,0.879,0.661,31.381,0.985,0.457,0.021,64.72,22.927,0.08590225563909774
2016-06-27,5.319,4.898,1.081,1.316,26.061,1.455,0.88,0.66,31.381,0.985,0.456,0.021,65.17,22.926,0.08573040045121263
2016-06-28,5.318,4.899,1.081,1.316,26.061,1.453,0.882,0.66,31.381,0.985,0.456,0.021,66.78,22.926,0.08574652124858971
2016-06-29,5.318,4.899,1.08,1.315,26.062,1.452,0.883,0.659,31.38,0.984,0.455,0.021,67.36,22.925,0.08555848063181648
2016-06-30,5.317,4.9,1.08,1.315,26.062,1.45,0.884,0.659,31.38,0.984,0.455,0.021,67.98,22.924,0.08557457212713937
2016-07-01,5.317,4.901,1.08,1.316,26.066,1.452,0.883,0.659,31.385,0.984,0.456,0.021,68.23,22.926,0.08576264810983637
2016-07-05,5.317,4.902,1.081,1.316,26.071,1.455,0.882,0.66,31.389,0.985,0.457,0.021,69.2,22.929,0.08595072409253339
2016-07-06,5.317,4.902,1.081,1.317,26.075,1.458,0.881,0.66,31.394,0.985,0.457,0.021,68.36,22.931,0.08595072409253339
2016-07-07,5.318,4.903,1.081,1.318,26.08,1.46,0.88,0.66,31.398,0.985,0.458,0.021,67.75,22.934,0.08612260248213616
2016-07-08,5.318,4.904,1.082,1.318,26.084,1.462,0.879,0.66,31.403,0.986,0.459,0.021,68.99,22.936,0.08631064309890937
2016-07-11,5.318,4.905,1.082,1.319,26.088,1.465,0.878,0.661,31.407,0.986,0.46,0.021,69.68,22.939,0.0864986837156826
2016-07-12,5.318,4.905,1.082,1.32,26.093,1.468,0.876,0.661,31.412,0.986,0.46,0.021,69.59,22.941,0.0864986837156826
2016-07-13,5.318,4.906,1.083,1.32,26.097,1.47,0.875,0.661,31.416,0.987,0.461,0.021,70.46,22.943,0.08668672433245582
2016-07-14,5.318,4.907,1.083,1.321,26.101,1.472,0.874,0.661,31.421,0.987,0.462,0.021,69.81,22.946,0.08687476494922905
2016-07-15,5.319,4.908,1.083,1.322,26.106,1.475,0.873,0.662,31.425,0.987,0.463,0.021,70.06,22.948,0.08704643730024442
2016-07-18,5.319,4.909,1.084,1.322,26.11,1.478,0.872,0.662,31.43,0.988,0.464,0.021,69.85,22.951,0.0872344425643918
2016-07-19,5.319,4.909,1.084,1.323,26.114,1.48,0.871,0.662,31.434,0.988,0.464,0.021,70.08,22.953,0.0872344425643918
2016-07-20,5.319,4.91,1.084,1.324,26.119,1.482,0.87,0.662,31.439,0.988,0.465,0.021,70.15,22.955,0.08742244782853921
2016-07-21,5.319,4.911,1.085,1.324,26.123,1.485,0.869,0.663,31.443,0.989,0.466,0.021,70.45,22.958,0.0876104530926866
2016-07-22,5.319,4.912,1.085,1.325,26.128,1.488,0.868,0.663,31.448,0.989,0.467,0.021,70.8,22.96,0.087798458356834
2016-07-25,5.32,4.913,1.086,1.326,26.132,1.49,0.867,0.663,31.452,0.99,0.468,0.021,70.54,22.963,0.08796992481203007
2016-07-26,5.32,4.913,1.086,1.326,26.136,1.492,0.866,0.664,31.457,0.99,0.468,0.021,70.55,22.965,0.08796992481203007
2016-07-27,5.32,4.914,1.086,1.327,26.141,1.495,0.865,0.664,31.461,0.99,0.469,0.021,69.67,22.968,0.0881578947368421
2016-07-28,5.32,4.915,1.087,1.327,26.145,1.498,0.864,0.664,31.466,0.991,0.47,0.021,70.41,22.97,0.08834586466165413
2016-07-29,5.32,4.916,1.087,1.328,26.15,1.5,0.862,0.664,31.47,0.991,0.471,0.021,71.34,22.972,0.08853383458646616
2016-08-01,5.32,4.916,1.087,1.329,26.154,1.502,0.861,0.665,31.475,0.991,0.471,0.021,71.52,22.975,0.08853383458646616
2016-08-02,5.32,4.917,1.088,1.329,26.158,1.505,0.86,0.665,31.479,0.992,0.472,0.021,70.27,22.977,0.08872180451127819
2016-08-03,5.321,4.918,1.088,1.33,26.163,1.508,0.859,0.665,31.484,0.992,0.473,0.021,69.86,22.98,0.08889306521330577
2016-08-04,5.321,4.919,1.088,1.331,26.167,1.51,0.858,0.665,31.488,0.992,0.474,0.021,69.01,22.982,0.0890809998120654
2016-08-05,5.321,4.92,1.089,1.331,26.171,1.512,0.857,0.666,31.493,0.993,0.475,0.021,69.04,22.985,0.08926893441082503
2016-08-08,5.321,4.92,1.089,1.332,26.176,1.515,0.856,0.666,31.497,0.993,0.475,0.021,69.12,22.987,0.08926893441082503
2016-08-09,5.321,4.921,1.089,1.333,26.18,1.518,0.855,0.666,31.502,0.993,0.476,0.021,69.33,22.989,0.08945686900958466
2016-08-10,5.321,4.922,1.09,1.333,26.184,1.52,0.854,0.666,31.506,0.994,0.477,0.021,68.81,22.992,0.0896448036083443
2016-08-11,5.322,4.923,1.09,1.334,26.189,1.522,0.853,0.667,31.511,0.994,0.478,0.021,67.42,22.994,0.08981585869973693
2016-08-12,5.322,4.923,1.09,1.335,26.193,1.525,0.852,0.667,31.515,0.994,0.478,0.021,67.63,22.997,0.08981585869973693
2016-08-15,5.322,4.924,1.091,1.335,26.198,1.528,0.851,0.667,31.52,0.995,0.479,0.021,67.27,22.999,0.09000375798571965
2016-08-16,5.322,4.925,1.091,1.336,26.202,1.53,0.849,0.668,31.524,0.995,0.48,0.021,66.48,23.002,0.09019165727170236
2016-08-17,5.322,4.926,1.091,1.337,26.206,1.532,0.848,0.668,31.529,0.995,0.481,0.021,67.24,23.004,0.09037955655768508
2016-08-18,5.322,4.927,1.092,1.337,26.211,1.535,0.847,0.668,31.534,0.996,0.482,0.021,67.36,23.006,0.0905674558436678
2016-08-19,5.322,4.927,1.092,1.338,26.215,1.538,0.846,0.668,31.538,0.996,0.482,0.021,66.59,23.009,0.0905674558436678
2016-08-22,5.323,4.928,1.092,1.339,26.22,1.54,0.845,0.669,31.543,0.996,0.483,0.021,66.77,23.011,0.090738305466842
2016-08-23,5.323,4.929,1.093,1.339,26.224,1.542,0.844,0.669,31.547,0.997,0.484,0.021,66.61,23.014,0.09092616945331579
2016-08-24,5.323,4.93,1.093,1.34,26.228,1.545,0.843,0.669,31.552,0.997,0.485,0.021,67.32,23.016,0.09111403343978958
2016-08-25,5.323,4.93,1.093,1.341,26.233,1.548,0.842,0.669,31.556,0.997,0.485,0.021,67.73,23.018,0.09111403343978958
2016-08-26,5.323,4.931,1.094,1.341,26.237,1.55,0.841,0.67,31.561,0.998,0.486,0.021,67.17,23.021,0.09130189742626338
2016-08-29,5.323,4.932,1.094,1.342,26.241,1.552,0.84,0.67,31.565,0.998,0.487,0.021,67.78,23.023,0.09148976141273717
2016-08-30,5.324,4.933,1.094,1.343,26.246,1.555,0.839,0.67,31.57,0.998,0.488,0.021,67.84,23.026,0.09166040570999248
2016-08-31,5.324,4.934,1.095,1.343,26.25,1.558,0.838,0.67,31.574,0.999,0.489,0.021,67.71,23.028,0.09184823441021789
2016-09-01,5.324,4.934,1.095,1.344,26.254,1.56,0.837,0.671,31.579,0.999,0.489,0.021,67.88,23.031,0.09184823441021789
2016-09-02,5.324,4.935,1.095,1.345,26.259,1.562,0.835,0.671,31.583,0.999,0.49,0.021,68.09,23.033,0.09203606311044328
2016-09-06,5.324,4.936,1.096,1.345,26.263,1.565,0.834,0.671,31.588,1.0,0.491,0.021,68.55,23.035,0.09222389181066867
2016-09-07,5.324,4.937,1.096,1.346,26.268,1.568,0.833,0.671,31.592,1.0,0.492,0.021,68.8,23.038,0.09241172051089407
2016-09-08,5.324,4.938,1.096,1.346,26.272,1.57,0.832,0.672,31.597,1.0,0.492,0.021,68.22,23.04,0.09241172051089407
2016-09-09,5.325,4.938,1.097,1.347,26.276,1.572,0.831,0.672,31.601,1.001,0.493,0.021,65.96,23.043,0.09258215962441314
2016-09-12,5.325,4.939,1.097,1.348,26.281,1.575,0.83,0.672,31.606,1.001,0.494,0.021,66.71,23.045,0.09276995305164319
2016-09-13,5.325,4.94,1.098,1.348,26.285,1.578,0.829,0.673,31.61,1.002,0.495,0.021,65.02,23.048,0.09295774647887324
2016-09-14,5.325,4.941,1.098,1.349,26.29,1.58,0.828,0.673,31.615,1.002,0.496,0.021,65.29,23.05,0.09314553990610329
2016-09-15,5.325,4.941,1.098,1.35,26.294,1.582,0.827,0.673,31.619,1.002,0.496,0.021,65.33,23.052,0.09314553990610329
2016-09-16,5.325,4.942,1.099,1.35,26.298,1.585,0.826,0.673,31.624,1.003,0.497,0.021,65.59,23.055,0.09333333333333332
2016-09-19,5.326,4.943,1.099,1.351,26.303,1.588,0.825,0.674,31.628,1.003,0.498,0.021,65.86,23.057,0.09350356740518213
2016-09-20,5.326,4.944,1.099,1.352,26.307,1.59,0.824,0.674,31.633,1.003,0.499,0.021,65.58,23.06,0.09369132557266242
2016-09-21,5.326,4.945,1.1,1.352,26.311,1.592,0.823,0.674,31.637,1.004,0.5,0.021,66.26,23.062,0.0938790837401427
2016-09-22,5.326,4.945,1.1,1.353,26.316,1.595,0.821,0.674,31.642,1.004,0.5,0.021,67.09,23.064,0.0938790837401427
2016-09-23,5.326,4.946,1.1,1.354,26.32,1.598,0.82,0.675,31.646,1.004,0.501,0.021,67.09,23.067,0.09406684190762299
2016-09-26,5.326,4.947,1.101,1.354,26.324,1.6,0.819,0.675,31.651,1.005,0.502,0.021,67.48,23.069,0.09425460007510328
2016-09-27,5.327,4.948,1.101,1.355,26.329,1.602,0.818,0.675,31.655,1.005,0.503,0.021,66.91,23.072,0.09442462924723109
2016-09-28,5.327,4.948,1.101,1.356,26.333,1.605,0.817,0.675,31.66,1.005,0.503,0.021,66.81,23.074,0.09442462924723109
2016-09-29,5.327,4.949,1.102,1.356,26.338,1.608,0.816,0.676,31.664,1.006,0.504,0.021,65.23,23.077,0.09461235216819974
2016-09-30,5.327,4.95,1.102,1.357,26.342,1.61,0.815,0.676,31.669,1.006,0.505,0.021,65.05,23.079,0.09480007508916839
2016-10-03,5.321,4.955,1.103,1.358,26.339,1.605,0.811,0.676,31.66,1.007,0.503,0.021,63.11,23.077,0.09453110317609473
2016-10-04,5.316,4.96,1.105,1.359,26.336,1.599,0.807,0.677,31.651,1.008,0.502,0.021,62.18,23.076,0.09443190368698269
2016-10-05,5.31,4.965,1.106,1.36,26.333,1.594,0.803,0.677,31.643,1.008,0.5,0.021,61.2,23.074,0.09416195856873824
2016-10-06,5.304,4.97,1.107,1.361,26.33,1.588,0.799,0.678,31.634,1.009,0.498,0.021,61.44,23.073,0.09389140271493213
2016-10-07,5.298,4.975,1.108,1.362,26.327,1.583,0.795,0.678,31.625,1.01,0.496,0.021,61.54,23.071,0.09362023405058513
2016-10-10,5.293,4.98,1.11,1.363,26.323,1.577,0.791,0.678,31.616,1.011,0.495,0.021,61.76,23.069,0.09351974305686755
2016-10-11,5.287,4.985,1.111,1.365,26.32,1.572,0.787,0.679,31.607,1.011,0.493,0.021,61.15,23.068,0.0932475884244373
2016-10-12,5.281,4.99,1.112,1.366,26.317,1.566,0.783,0.679,31.598,1.012,0.491,0.021,62.2,23.066,0.09297481537587579
2016-10-13,5.275,4.995,1.113,1.367,26.314,1.561,0.779,0.68,31.59,1.013,0.489,0.022,62.16,23.065,0.09270142180094786
2016-10-14,5.27,5.0,1.115,1.368,26.311,1.555,0.775,0.68,31.581,1.014,0.488,0.022,61.6,23.063,0.09259962049335864
2016-10-17,5.264,5.005,1.116,1.369,26.308,1.55,0.771,0.68,31.572,1.015,0.486,0.022,61.75,23.061,0.09232522796352582
2016-10-18,5.258,5.01,1.117,1.37,26.305,1.544,0.767,0.681,31.563,1.015,0.484,0.022,62.05,23.06,0.09205020920502091
2016-10-19,5.252,5.015,1.118,1.371,26.302,1.539,0.763,0.681,31.554,1.016,0.482,0.022,62.06,23.058,0.09177456207159178
2016-10-20,5.247,5.02,1.12,1.372,26.299,1.533,0.759,0.681,31.545,1.017,0.481,0.022,61.68,23.057,0.0916714312940728
2016-10-21,5.241,5.025,1.121,1.373,26.296,1.528,0.755,0.682,31.537,1.018,0.479,0.022,61.46,23.055,0.09139477199007823
2016-10-24,5.235,5.03,1.122,1.374,26.292,1.522,0.751,0.682,31.528,1.018,0.477,0.022,61.6,23.054,0.09111747851002865
2016-10-25,5.23,5.035,1.124,1.375,26.289,1.517,0.747,0.683,31.519,1.019,0.476,0.022,61.68,23.052,0.0910133843212237
2016-10-26,5.224,5.04,1.125,1.376,26.286,1.512,0.743,0.683,31.51,1.02,0.474,0.022,58.9,23.05,0.09073506891271056
2016-10-27,5.218,5.045,1.126,1.377,26.283,1.506,0.739,0.683,31.501,1.021,0.472,0.022,57.29,23.049,0.09045611345343042
2016-10-28,5.212,5.05,1.127,1.379,26.28,1.501,0.735,0.684,31.492,1.022,0.47,0.022,57.18,23.047,0.09017651573292403
2016-10-31,5.207,5.055,1.129,1.38,26.277,1.495,0.731,0.684,31.484,1.022,0.469,0.022,58.15,23.046,0.09007105819089686
2016-11-01,5.201,5.06,1.13,1.381,26.274,1.49,0.727,0.685,31.475,1.023,0.467,0.022,57.3,23.044,0.08979042491828496
2016-11-02,5.195,5.065,1.131,1.382,26.271,1.484,0.723,0.685,31.466,1.024,0.465,0.022,56.18,23.042,0.08950914340712224
2016-11-03,5.189,5.07,1.132,1.383,26.268,1.479,0.719,0.685,31.457,1.025,0.463,0.022,56.07,23.041,0.08922721140874929
2016-11-04,5.184,5.075,1.134,1.384,26.265,1.473,0.715,0.686,31.448,1.026,0.462,0.022,56.37,23.039,0.08912037037037038
2016-11-07,5.178,5.08,1.135,1.385,26.262,1.468,0.711,0.686,31.439,1.026,0.46,0.022,56.89,23.038,0.08883738895326382
2016-11-08,5.172,5.085,1.136,1.386,26.258,1.462,0.707,0.687,31.431,1.027,0.458,0.022,57.3,23.036,0.08855375096674402
2016-11-09,5.166,5.09,1.137,1.387,26.255,1.457,0.703,0.687,31.422,1.028,0.456,0.022,56.53,23.034,0.08826945412311266
2016-11-10,5.161,5.095,1.139,1.388,26.252,1.451,0.699,0.687,31.413,1.029,0.455,0.022,57.0,23.033,0.08816120906801009
2016-11-11,5.155,5.1,1.14,1.389,26.249,1.446,0.695,0.688,31.404,1.029,0.453,0.022,57.1,23.031,0.08787584869059166
2016-11-14,5.149,5.105,1.141,1.39,26.246,1.44,0.691,0.688,31.395,1.03,0.451,0.022,58.03,23.03,0.08758982326665372
2016-11-15,5.143,5.11,1.142,1.392,26.243,1.435,0.688,0.688,31.386,1.031,0.45,0.022,57.61,23.028,0.087497569511958
2016-11-16,5.138,5.115,1.144,1.393,26.24,1.43,0.684,0.689,31.378,1.032,0.448,0.022,57.2,23.026,0.08719346049046321
2016-11-17,5.132,5.12,1.145,1.394,26.237,1.424,0.68,0.689,31.369,1.033,0.446,0.022,56.5,23.025,0.08690568978955573
2016-11-18,5.126,5.125,1.146,1.395,26.234,1.419,0.676,0.69,31.36,1.033,0.444,0.022,56.54,23.023,0.08661724541552868
2016-11-21,5.121,5.13,1.148,1.396,26.231,1.413,0.672,0.69,31.351,1.034,0.443,0.022,56.18,23.022,0.08650654169107595
2016-11-22,5.115,5.135,1.149,1.397,26.228,1.408,0.668,0.69,31.342,1.035,0.441,0.022,56.78,23.02,0.08621700879765395
2016-11-23,5.109,5.14,1.15,1.398,26.224,1.402,0.664,0.691,31.334,1.036,0.439,0.022,56.52,23.018,0.08592679585045997
2016-11-25,5.103,5.145,1.151,1.399,26.221,1.397,0.66,0.691,31.325,1.036,0.437,0.022,56.69,23.017,0.08563590045071527
2016-11-28,5.098,5.15,1.153,1.4,26.218,1.391,0.656,0.692,31.316,1.037,0.436,0.022,56.7,23.015,0.08552373479795998
2016-11-29,5.092,5.155,1.154,1.401,26.215,1.386,0.652,0.692,31.307,1.038,0.434,0.022,57.0,23.014,0.08523173605655932
2016-11-30,5.086,5.16,1.155,1.402,26.212,1.38,0.648,0.692,31.298,1.039,0.432,0.022,56.17,23.012,0.0849390483680692
2016-12-01,5.08,5.165,1.156,1.403,26.209,1.375,0.644,0.693,31.289,1.04,0.43,0.022,55.29,23.01,0.08464566929133858
2016-12-02,5.075,5.17,1.158,1.404,26.206,1.369,0.64,0.693,31.281,1.04,0.429,0.022,56.08,23.009,0.0845320197044335
2016-12-05,5.069,5.175,1.159,1.406,26.203,1.364,0.636,0.694,31.272,1.041,0.427,0.022,56.52,23.007,0.08423752219372657
2016-12-06,5.063,5.18,1.16,1.407,26.2,1.358,0.632,0.694,31.263,1.042,0.425,0.022,56.32,23.006,0.08394232668378432
2016-12-07,5.057,5.185,1.161,1.408,26.197,1.353,0.628,0.694,31.254,1.043,0.423,0.022,57.46,23.004,0.08364643069013249
2016-12-08,5.052,5.19,1.163,1.409,26.194,1.348,0.624,0.695,31.245,1.044,0.422,0.022,57.43,23.002,0.08353127474267617
2016-12-09,5.046,5.195,1.164,1.41,26.19,1.342,0.62,0.695,31.236,1.044,0.42,0.022,57.36,23.001,0.08323424494649226
2016-12-12,5.04,5.2,1.165,1.411,26.187,1.337,0.616,0.696,31.228,1.045,0.418,0.022,58.2,22.999,0.08293650793650793
2016-12-13,5.035,5.205,1.167,1.412,26.184,1.331,0.612,0.696,31.219,1.046,0.417,0.022,58.61,22.998,0.08282025819265143
2016-12-14,5.029,5.21,1.168,1.413,26.181,1.326,0.608,0.696,31.21,1.047,0.415,0.022,56.68,22.996,0.08252137601908928
2016-12-15,5.023,5.215,1.169,1.414,26.178,1.32,0.604,0.697,31.201,1.047,0.413,0.022,56.28,22.995,0.08222177981286084
2016-12-16,5.017,5.22,1.17,1.415,26.175,1.315,0.6,0.697,31.192,1.048,0.411,0.022,56.69,22.993,0.08192146701215865
2016-12-19,5.012,5.225,1.172,1.416,26.172,1.309,0.596,0.697,31.183,1.049,0.41,0.022,57.11,22.991,0.08180367118914605
2016-12-20,5.006,5.23,1.173,1.417,26.169,1.304,0.592,0.698,31.175,1.05,0.408,0.022,57.22,22.99,0.08150219736316419
2016-12-21,5.0,5.235,1.174,1.418,26.166,1.298,0.588,0.698,31.166,1.051,0.406,0.022,55.71,22.988,0.08120000000000001
2016-12-22,4.994,5.24,1.175,1.42,26.163,1.293,0.584,0.699,31.157,1.051,0.404,0.022,55.11,22.987,0.08089707649179016
2016-12-23,4.989,5.245,1.177,1.421,26.159,1.287,0.58,0.699,31.148,1.052,0.403,0.022,55.02,22.985,0.08077771096412108
2016-12-27,4.983,5.25,1.178,1.422,26.156,1.282,0.576,0.699,31.139,1.053,0.401,0.022,55.02,22.983,0.08047361027493478
2016-12-28,4.977,5.255,1.179,1.423,26.153,1.276,0.572,0.7,31.13,1.054,0.399,0.022,54.47,22.982,0.08016877637130801
2016-12-29,4.971,5.26,1.18,1.424,26.15,1.271,0.568,0.7,31.122,1.054,0.397,0.023,55.03,22.98,0.07986320659826997
2016-12-30,4.966,5.265,1.182,1.425,26.147,1.265,0.564,0.701,31.113,1.055,0.396,0.023,55.56,22.979,0.0797422472815143
2016-12-31,4.96,5.27,1.183,1.426,26.144,1.26,0.56,0.701,31.104,1.056,0.394,0.023,56.345,22.977,0.07943548387096774
2017-01-03,4.956,5.274,1.182,1.425,26.145,1.264,0.559,0.701,31.101,1.055,0.395,0.023,57.13,22.98,0.07970137207425343
2017-01-04,4.953,5.279,1.181,1.423,26.146,1.269,0.558,0.7,31.099,1.055,0.397,0.023,57.58,22.983,0.08015344235816677
2017-01-05,4.949,5.283,1.179,1.422,26.148,1.273,0.558,0.7,31.096,1.054,0.398,0.023,57.68,22.985,0.08042028692665186
2017-01-06,4.945,5.287,1.178,1.421,26.149,1.277,0.557,0.699,31.094,1.053,0.399,0.022,58.44,22.988,0.08068756319514661
2017-01-09,4.941,5.292,1.177,1.42,26.15,1.282,0.556,0.699,31.091,1.052,0.401,0.022,58.15,22.991,0.08115766039263307
2017-01-10,4.938,5.296,1.176,1.418,26.151,1.286,0.555,0.699,31.089,1.052,0.402,0.022,57.62,22.994,0.08140947752126368
2017-01-11,4.934,5.3,1.175,1.417,26.152,1.29,0.555,0.698,31.086,1.051,0.403,0.022,56.93,22.996,0.08167815160113498
2017-01-12,4.93,5.305,1.173,1.416,26.153,1.295,0.554,0.698,31.084,1.05,0.405,0.022,57.27,22.999,0.0821501014198783
2017-01-13,4.926,5.309,1.172,1.414,26.155,1.299,0.553,0.698,31.081,1.05,0.406,0.022,57.56,23.002,0.08241981323589119
2017-01-17,4.923,5.314,1.171,1.413,26.156,1.304,0.552,0.697,31.079,1.049,0.408,0.022,57.97,23.005,0.08287629494210846
2017-01-18,4.919,5.318,1.17,1.412,26.157,1.308,0.552,0.697,31.076,1.048,0.409,0.022,58.36,23.008,0.08314698109371824
2017-01-19,4.915,5.322,1.169,1.411,26.158,1.312,0.551,0.696,31.073,1.047,0.41,0.022,57.22,23.01,0.08341810783316378
2017-01-20,4.912,5.327,1.167,1.409,26.159,1.317,0.55,0.696,31.071,1.047,0.412,0.022,57.72,23.013,0.08387622149837133
2017-01-23,4.908,5.331,1.166,1.408,26.16,1.321,0.549,0.696,31.068,1.046,0.413,0.022,57.87,23.016,0.0841483292583537
2017-01-24,4.904,5.335,1.165,1.407,26.162,1.325,0.549,0.695,31.066,1.045,0.414,0.022,57.6,23.019,0.08442088091353997
2017-01-25,4.9,5.34,1.164,1.405,26.163,1.33,0.548,0.695,31.063,1.045,0.416,0.022,57.06,23.021,0.08489795918367346
2017-01-26,4.897,5.344,1.163,1.404,26.164,1.334,0.547,0.694,31.061,1.044,0.417,0.022,56.96,23.024,0.08515417602613845
2017-01-27,4.893,5.348,1.162,1.403,26.165,1.338,0.546,0.694,31.058,1.043,0.418,0.022,56.15,23.027,0.08542816268138156
2017-01-30,4.889,5.353,1.16,1.401,26.166,1.343,0.546,0.694,31.056,1.043,0.42,0.022,55.6,23.03,0.08590713847412558
2017-01-31,4.885,5.357,1.159,1.4,26.168,1.347,0.545,0.693,31.053,1.042,0.421,0.022,57.49,23.032,0.08618219037871033
2017-02-01,4.882,5.361,1.158,1.399,26.169,1.351,0.544,0.693,31.05,1.041,0.422,0.022,56.78,23.035,0.08643998361327325
2017-02-02,4.878,5.366,1.157,1.398,26.17,1.356,0.543,0.692,31.048,1.04,0.424,0.022,57.23,23.038,0.08692086920869209
2017-02-03,4.874,5.37,1.156,1.396,26.171,1.36,0.543,0.692,31.045,1.04,0.425,0.022,57.97,23.041,0.08719737382027083
2017-02-06,4.871,5.375,1.154,1.395,26.172,1.365,0.542,0.692,31.043,1.039,0.427,0.022,56.95,23.044,0.08766167111476082
2017-02-07,4.867,5.379,1.153,1.394,26.173,1.369,0.541,0.691,31.04,1.038,0.428,0.022,56.01,23.046,0.08793918224779125
2017-02-08,4.863,5.383,1.152,1.392,26.175,1.373,0.54,0.691,31.038,1.038,0.429,0.022,56.5,23.049,0.08821714990746451
2017-02-09,4.859,5.388,1.151,1.391,26.176,1.378,0.54,0.691,31.035,1.037,0.431,0.022,56.93,23.052,0.08870137888454414
2017-02-10,4.856,5.392,1.15,1.39,26.177,1.382,0.539,0.69,31.033,1.036,0.432,0.022,56.96,23.055,0.08896210873146623
2017-02-13,4.852,5.396,1.148,1.389,26.178,1.386,0.538,0.69,31.03,1.035,0.433,0.022,56.83,23.057,0.08924154987633964
2017-02-14,4.848,5.401,1.147,1.387,26.179,1.391,0.537,0.689,31.028,1.035,0.435,0.022,56.6,23.06,0.08972772277227722
2017-02-15,4.844,5.405,1.146,1.386,26.18,1.395,0.536,0.689,31.025,1.034,0.436,0.022,55.85,23.063,0.09000825763831544
2017-02-16,4.841,5.409,1.145,1.385,26.182,1.399,0.536,0.689,31.022,1.033,0.437,0.022,56.05,23.066,0.09027060524684982
2017-02-17,4.837,5.414,1.144,1.383,26.183,1.404,0.535,0.688,31.02,1.033,0.439,0.022,56.65,23.069,0.09075873475294605
2017-02-21,4.833,5.418,1.142,1.382,26.184,1.408,0.534,0.688,31.017,1.032,0.44,0.022,57.92,23.071,0.09104076143182288
2017-02-22,4.83,5.422,1.141,1.381,26.185,1.412,0.533,0.687,31.015,1.031,0.441,0.022,57.78,23.074,0.09130434782608696
2017-02-23,4.826,5.427,1.14,1.38,26.186,1.417,0.533,0.687,31.012,1.03,0.443,0.022,57.87,23.077,0.09179444674678824
2017-02-24,4.822,5.431,1.139,1.378,26.188,1.421,0.532,0.687,31.01,1.03,0.444,0.022,57.65,23.08,0.09207797594359186
2017-02-27,4.818,5.435,1.138,1.377,26.189,1.425,0.531,0.686,31.007,1.029,0.445,0.022,58.29,23.082,0.09236197592361976
2017-02-28,4.815,5.44,1.136,1.376,26.19,1.43,0.53,0.686,31.005,1.028,0.447,0.022,57.68,23.085,0.09283489096573208
2017-03-01,4.811,5.444,1.135,1.374,26.191,1.434,0.53,0.686,31.002,1.028,0.448,0.022,57.09,23.088,0.0931199334857618
2017-03-02,4.807,5.449,1.134,1.373,26.192,1.439,0.529,0.685,31.0,1.027,0.45,0.022,56.66,23.091,0.09361348034116912
2017-03-03,4.804,5.453,1.133,1.372,26.193,1.443,0.528,0.685,30.997,1.026,0.451,0.022,56.12,23.094,0.09388009991673606
2017-03-06,4.8,5.457,1.132,1.371,26.195,1.447,0.527,0.684,30.994,1.025,0.452,0.022,55.93,23.096,0.09416666666666668
2017-03-07,4.796,5.462,1.13,1.369,26.196,1.452,0.527,0.684,30.992,1.025,0.454,0.022,55.46,23.099,0.09466221851542952
2017-03-08,4.792,5.466,1.129,1.368,26.197,1.456,0.526,0.684,30.989,1.024,0.455,0.022,54.64,23.102,0.09494991652754592
2017-03-09,4.789,5.47,1.128,1.367,26.198,1.46,0.525,0.683,30.987,1.023,0.456,0.022,52.96,23.105,0.09521820839423681
2017-03-10,4.785,5.475,1.127,1.365,26.199,1.465,0.524,0.683,30.984,1.023,0.458,0.022,52.61,23.107,0.09571577847439916
2017-03-13,4.781,5.479,1.126,1.364,26.201,1.469,0.524,0.682,30.982,1.022,0.459,0.022,52.77,23.11,0.09600501987032002
2017-03-14,4.777,5.483,1.125,1.363,26.202,1.473,0.523,0.682,30.979,1.021,0.46,0.022,52.31,23.113,0.09629474565626962
2017-03-15,4.774,5.488,1.123,1.361,26.203,1.478,0.522,0.682,30.977,1.021,0.462,0.022,53.18,23.116,0.0967741935483871
2017-03-16,4.77,5.492,1.122,1.36,26.204,1.482,0.521,0.681,30.974,1.02,0.463,0.022,52.99,23.118,0.09706498951781972
2017-03-17,4.766,5.496,1.121,1.359,26.205,1.486,0.521,0.681,30.971,1.019,0.464,0.022,52.56,23.121,0.09735627360469996
2017-03-20,4.763,5.501,1.12,1.358,26.206,1.491,0.52,0.68,30.969,1.018,0.466,0.022,52.59,23.124,0.09783749737560361
2017-03-21,4.759,5.505,1.119,1.356,26.208,1.495,0.519,0.68,30.966,1.018,0.467,0.022,52.85,23.127,0.09812985921412061
2017-03-22,4.755,5.51,1.117,1.355,26.209,1.5,0.518,0.68,30.964,1.017,0.469,0.022,51.74,23.13,0.09863301787592008
2017-03-23,4.751,5.514,1.116,1.354,26.21,1.504,0.518,0.679,30.961,1.016,0.47,0.022,52.41,23.132,0.09892654178067774
2017-03-24,4.748,5.518,1.115,1.352,26.211,1.508,0.517,0.679,30.959,1.016,0.471,0.022,52.54,23.135,0.09919966301600673
2017-03-27,4.744,5.523,1.114,1.351,26.212,1.513,0.516,0.679,30.956,1.015,0.473,0.022,51.97,23.138,0.09970489038785835
2017-03-28,4.74,5.527,1.113,1.35,26.213,1.517,0.515,0.678,30.954,1.014,0.474,0.022,52.57,23.141,0.09999999999999999
2017-03-29,4.736,5.531,1.111,1.349,26.215,1.521,0.515,0.678,30.951,1.013,0.475,0.022,53.13,23.143,0.10029560810810811
2017-03-30,4.733,5.536,1.11,1.347,26.216,1.526,0.514,0.677,30.949,1.013,0.477,0.022,53.19,23.146,0.10078174519332347
2017-03-31,4.729,5.54,1.109,1.346,26.217,1.53,0.513,0.677,30.946,1.012,0.478,0.022,53.81,23.149,0.1010784521040389
2017-04-03,4.722,5.551,1.109,1.346,26.224,1.525,0.513,0.677,30.946,1.012,0.476,0.022,54.23,23.153,0.10080474375264717
2017-04-04,4.715,5.562,1.109,1.347,26.232,1.52,0.512,0.677,30.947,1.012,0.475,0.022,53.14,23.158,0.1007423117709438
2017-04-05,4.708,5.572,1.109,1.347,26.239,1.516,0.512,0.677,30.947,1.013,0.473,0.022,53.06,23.162,0.10046728971962617
2017-04-06,4.701,5.583,1.11,1.347,26.246,1.511,0.511,0.678,30.947,1.013,0.472,0.022,52.91,23.166,0.10040416932567539
2017-04-07,4.694,5.594,1.11,1.347,26.253,1.506,0.511,0.678,30.948,1.013,0.47,0.022,52.91,23.171,0.10012782275244993
2017-04-10,4.687,5.605,1.11,1.348,26.261,1.501,0.511,0.678,30.948,1.013,0.469,0.022,53.43,23.175,0.10006400682739491
2017-04-11,4.68,5.616,1.11,1.348,26.268,1.497,0.51,0.678,30.948,1.014,0.467,0.022,54.01,23.179,0.09978632478632479
2017-04-12,4.673,5.626,1.11,1.348,26.275,1.492,0.51,0.678,30.949,1.014,0.466,0.022,53.99,23.184,0.09972180612026536
2017-04-13,4.666,5.637,1.11,1.348,26.282,1.487,0.51,0.678,30.949,1.014,0.464,0.022,54.16,23.188,0.09944277753964852
2017-04-17,4.659,5.648,1.111,1.349,26.29,1.482,0.509,0.678,30.949,1.014,0.463,0.022,54.39,23.192,0.09937754883022108
2017-04-18,4.653,5.659,1.111,1.349,26.297,1.478,0.509,0.679,30.949,1.014,0.461,0.022,54.44,23.197,0.09907586503331185
2017-04-19,4.646,5.67,1.111,1.349,26.304,1.473,0.508,0.679,30.95,1.015,0.46,0.022,54.35,23.201,0.09900990099009901
2017-04-20,4.639,5.68,1.111,1.349,26.312,1.468,0.508,0.679,30.95,1.015,0.458,0.022,54.44,23.206,0.09872817417546885
2017-04-21,4.632,5.691,1.111,1.35,26.319,1.463,0.508,0.679,30.95,1.015,0.457,0.022,53.59,23.21,0.09866148531951642
2017-04-24,4.625,5.702,1.111,1.35,26.326,1.459,0.507,0.679,30.951,1.015,0.455,0.022,52.64,23.214,0.09837837837837839
2017-04-25,4.618,5.713,1.112,1.35,26.333,1.454,0.507,0.679,30.951,1.016,0.454,0.022,52.36,23.219,0.09831095712429623
2017-04-26,4.611,5.723,1.112,1.35,26.341,1.449,0.507,0.679,30.951,1.016,0.452,0.022,51.42,23.223,0.09802645846887878
2017-04-27,4.604,5.734,1.112,1.351,26.348,1.444,0.506,0.68,30.952,1.016,0.451,0.022,52.3,23.227,0.09795829713292789
2017-04-28,4.597,5.745,1.112,1.351,26.355,1.44,0.506,0.68,30.952,1.016,0.449,0.022,51.49,23.232,0.09767239504024364
2017-05-01,4.59,5.756,1.112,1.351,26.362,1.435,0.505,0.68,30.952,1.016,0.448,0.022,52.54,23.236,0.09760348583877997
2017-05-02,4.583,5.767,1.112,1.351,26.37,1.43,0.505,0.68,30.953,1.017,0.446,0.022,52.59,23.24,0.09731616844861445
2017-05-03,4.576,5.777,1.112,1.352,26.377,1.425,0.505,0.68,30.953,1.017,0.444,0.022,51.59,23.245,0.09702797202797203
2017-05-04,4.569,5.788,1.113,1.352,26.384,1.42,0.504,0.68,30.953,1.017,0.443,0.022,51.54,23.249,0.09695775880936748
2017-05-05,4.562,5.799,1.113,1.352,26.391,1.416,0.504,0.68,30.954,1.017,0.441,0.022,51.26,23.253,0.09666812801402892
2017-05-08,4.555,5.81,1.113,1.352,26.399,1.411,0.503,0.681,30.954,1.018,0.44,0.022,50.74,23.258,0.09659714599341383
2017-05-09,4.548,5.821,1.113,1.353,26.406,1.406,0.503,0.681,30.954,1.018,0.438,0.022,50.62,23.262,0.09630606860158311
2017-05-10,4.541,5.831,1.113,1.353,26.413,1.401,0.503,0.681,30.955,1.018,0.437,0.022,51.61,23.266,0.09623430962343095
2017-05-11,4.534,5.842,1.113,1.353,26.421,1.397,0.502,0.681,30.955,1.018,0.435,0.022,50.41,23.271,0.09594177326863697
2017-05-12,4.527,5.853,1.114,1.353,26.428,1.392,0.502,0.681,30.955,1.018,0.434,0.022,49.07,23.275,0.09586922907002429
2017-05-15,4.52,5.864,1.114,1.354,26.435,1.387,0.502,0.681,30.956,1.019,0.432,0.022,48.66,23.279,0.09557522123893807
2017-05-16,4.513,5.875,1.114,1.354,26.442,1.382,0.501,0.681,30.956,1.019,0.431,0.022,48.02,23.284,0.09550188344781742
2017-05-17,4.507,5.885,1.114,1.354,26.45,1.378,0.501,0.682,30.956,1.019,0.429,0.022,48.06,23.288,0.09518526736188153
2017-05-18,4.5,5.896,1.114,1.354,26.457,1.373,0.5,0.682,30.956,1.019,0.428,0.022,47.99,23.293,0.0951111111111111
2017-05-19,4.493,5.907,1.114,1.355,26.464,1.368,0.5,0.682,30.957,1.02,0.426,0.022,49.19,23.297,0.09481415535277096
2017-05-22,4.486,5.918,1.115,1.355,26.471,1.363,0.5,0.682,30.957,1.02,0.425,0.022,49.1,23.301,0.09473918858671422
2017-05-23,4.479,5.929,1.115,1.355,26.479,1.359,0.499,0.682,30.957,1.02,0.423,0.022,49.0,23.306,0.09444072337575352
2017-05-24,4.472,5.939,1.115,1.355,26.486,1.354,0.499,0.682,30.958,1.02,0.422,0.022,49.78,23.31,0.0943649373881932
2017-05-25,4.465,5.95,1.115,1.356,26.493,1.349,0.499,0.682,30.958,1.02,0.42,0.022,50.07,23.314,0.0940649496080627
2017-05-26,4.458,5.961,1.115,1.356,26.501,1.344,0.498,0.683,30.958,1.021,0.419,0.022,49.0,23.319,0.0939883355764917
2017-05-30,4.451,5.972,1.115,1.356,26.508,1.34,0.498,0.683,30.959,1.021,0.417,0.022,48.29,23.323,0.09368681195237026
2017-05-31,4.444,5.983,1.116,1.356,26.515,1.335,0.497,0.683,30.959,1.021,0.416,0.022,48.06,23.327,0.09360936093609361
2017-06-01,4.437,5.993,1.116,1.357,26.522,1.33,0.497,0.683,30.959,1.021,0.414,0.022,48.24,23.332,0.09330628803245435
2017-06-02,4.43,6.004,1.116,1.357,26.53,1.325,0.497,0.683,30.96,1.022,0.412,0.022,47.56,23.336,0.09300225733634311
2017-06-05,4.423,6.015,1.116,1.357,26.537,1.32,0.496,0.683,30.96,1.022,0.411,0.022,47.44,23.34,0.09292335518878589
2017-06-06,4.416,6.026,1.116,1.357,26.544,1.316,0.496,0.683,30.96,1.022,0.409,0.022,47.7,23.345,0.09261775362318839
2017-06-07,4.409,6.037,1.116,1.358,26.551,1.311,0.495,0.684,30.961,1.022,0.408,0.022,48.38,23.349,0.09253799047403038
2017-06-08,4.402,6.047,1.116,1.358,26.559,1.306,0.495,0.684,30.961,1.022,0.406,0.022,48.16,23.353,0.09223080417991822
2017-06-09,4.395,6.058,1.117,1.358,26.566,1.301,0.495,0.684,30.961,1.023,0.405,0.022,48.48,23.358,0.09215017064846417
2017-06-12,4.388,6.069,1.117,1.358,26.573,1.297,0.494,0.684,30.962,1.023,0.403,0.022,49.77,23.362,0.09184138559708296
2017-06-13,4.381,6.08,1.117,1.359,26.58,1.292,0.494,0.684,30.962,1.023,0.402,0.022,49.48,23.366,0.09175987217530245
2017-06-14,4.374,6.09,1.117,1.359,26.588,1.287,0.494,0.684,30.962,1.023,0.4,0.022,49.74,23.371,0.09144947416552356
2017-06-15,4.367,6.101,1.117,1.359,26.595,1.282,0.493,0.684,30.963,1.024,0.399,0.022,50.08,23.375,0.09136707121593772
2017-06-16,4.361,6.112,1.117,1.359,26.602,1.278,0.493,0.685,30.963,1.024,0.397,0.022,49.93,23.38,0.091034166475579
2017-06-19,4.354,6.123,1.118,1.36,26.61,1.273,0.492,0.685,30.963,1.024,0.396,0.022,49.53,23.384,0.09095084979329353
2017-06-20,4.347,6.134,1.118,1.36,26.617,1.268,0.492,0.685,30.963,1.024,0.394,0.022,49.53,23.388,0.09063722107200367
2017-06-21,4.34,6.144,1.118,1.36,26.624,1.263,0.492,0.685,30.964,1.024,0.393,0.022,49.47,23.393,0.09055299539170508
2017-06-22,4.333,6.155,1.118,1.36,26.631,1.259,0.491,0.685,30.964,1.025,0.391,0.022,49.58,23.397,0.09023771059312255
2017-06-23,4.326,6.166,1.118,1.361,26.639,1.254,0.491,0.685,30.964,1.025,0.39,0.022,49.51,23.401,0.09015256588072124
2017-06-26,4.319,6.177,1.118,1.361,26.646,1.249,0.491,0.685,30.965,1.025,0.388,0.022,49.99,23.406,0.08983561009492938
2017-06-27,4.312,6.188,1.119,1.361,26.653,1.244,0.49,0.686,30.965,1.025,0.387,0.022,50.59,23.41,0.0897495361781076
2017-06-28,4.305,6.198,1.119,1.361,26.66,1.24,0.49,0.686,30.965,1.026,0.385,0.022,51.04,23.414,0.0894308943089431
2017-06-29,4.298,6.209,1.119,1.362,26.668,1.235,0.489,0.686,30.966,1.026,0.384,0.022,50.66,23.419,0.0893438808748255
2017-06-30,4.291,6.22,1.119,1.362,26.675,1.23,0.489,0.686,30.966,1.026,0.382,0.022,50.4,23.423,0.08902353763691447
2017-07-03,4.29,6.221,1.119,1.363,26.677,1.237,0.489,0.686,30.967,1.026,0.384,0.022,51.35,23.423,0.08951048951048951
2017-07-05,4.29,6.223,1.12,1.363,26.679,1.243,0.49,0.686,30.968,1.026,0.386,0.022,49.19,23.423,0.08997668997668998
2017-07-06,4.289,6.224,1.12,1.364,26.68,1.25,0.49,0.686,30.969,1.026,0.388,0.022,48.42,23.422,0.09046397761716019
2017-07-07,4.288,6.226,1.121,1.365,26.682,1.256,0.49,0.686,30.97,1.026,0.39,0.022,48.69,23.422,0.09095149253731342
2017-07-10,4.287,6.227,1.121,1.365,26.684,1.263,0.49,0.686,30.971,1.026,0.392,0.022,48.32,23.422,0.09143923489619782
2017-07-11,4.286,6.228,1.122,1.366,26.686,1.269,0.491,0.686,30.972,1.026,0.394,0.022,47.85,23.422,0.09192720485300981
2017-07-12,4.286,6.23,1.122,1.367,26.688,1.276,0.491,0.686,30.973,1.026,0.396,0.022,48.34,23.422,0.0923938404106393
2017-07-13,4.285,6.231,1.123,1.367,26.689,1.282,0.491,0.686,30.974,1.026,0.398,0.022,49.13,23.421,0.09288214702450409
2017-07-14,4.284,6.233,1.123,1.368,26.691,1.289,0.492,0.687,30.975,1.026,0.401,0.022,49.96,23.421,0.09360410830999068
2017-07-17,4.284,6.234,1.124,1.369,26.693,1.296,0.492,0.687,30.976,1.026,0.403,0.022,50.4,23.421,0.09407096171802055
2017-07-18,4.283,6.235,1.124,1.369,26.695,1.302,0.492,0.687,30.977,1.026,0.405,0.022,49.68,23.421,0.09455988792902172
2017-07-19,4.282,6.237,1.124,1.37,26.697,1.309,0.493,0.687,30.978,1.026,0.407,0.022,49.82,23.421,0.09504904250350303
2017-07-20,4.281,6.238,1.125,1.371,26.698,1.315,0.493,0.687,30.979,1.026,0.409,0.022,50.05,23.42,0.09553842560149498
2017-07-21,4.28,6.24,1.125,1.371,26.7,1.322,0.493,0.687,30.98,1.026,0.411,0.022,49.92,23.42,0.09602803738317756
2017-07-24,4.28,6.241,1.126,1.372,26.702,1.328,0.493,0.687,30.981,1.026,0.413,0.022,49.75,23.42,0.09649532710280373
2017-07-25,4.279,6.242,1.126,1.372,26.704,1.335,0.494,0.687,30.982,1.026,0.415,0.022,50.22,23.42,0.09698527693386305
2017-07-26,4.278,6.244,1.127,1.373,26.706,1.342,0.494,0.687,30.984,1.026,0.417,0.022,50.91,23.42,0.09747545582047687
2017-07-27,4.278,6.245,1.127,1.374,26.707,1.348,0.494,0.687,30.985,1.026,0.419,0.022,51.7,23.419,0.09794296400187004
2017-07-28,4.277,6.247,1.128,1.374,26.709,1.355,0.495,0.687,30.986,1.026,0.421,0.022,49.9,23.419,0.09843348141220482
2017-07-31,4.276,6.248,1.128,1.375,26.711,1.361,0.495,0.687,30.987,1.026,0.423,0.022,49.27,23.419,0.09892422825070159
2017-08-01,4.275,6.25,1.129,1.376,26.713,1.368,0.495,0.687,30.988,1.026,0.425,0.022,51.16,23.419,0.09941520467836257
2017-08-02,4.275,6.251,1.129,1.376,26.715,1.374,0.496,0.687,30.989,1.026,0.427,0.022,50.16,23.419,0.0998830409356725
2017-08-03,4.274,6.252,1.129,1.377,26.716,1.381,0.496,0.687,30.99,1.026,0.429,0.022,50.34,23.418,0.10037435657463734
2017-08-04,4.273,6.254,1.13,1.378,26.718,1.388,0.496,0.688,30.991,1.026,0.432,0.022,51.14,23.418,0.10109992979171543
2017-08-07,4.272,6.255,1.13,1.378,26.72,1.394,0.496,0.688,30.992,1.026,0.434,0.022,51.72,23.418,0.10159176029962547
2017-08-08,4.272,6.257,1.131,1.379,26.722,1.401,0.497,0.688,30.993,1.026,0.436,0.022,51.01,23.418,0.10205992509363296
2017-08-09,4.271,6.258,1.131,1.38,26.724,1.407,0.497,0.688,30.994,1.026,0.438,0.022,50.8,23.418,0.10255209552797939
2017-08-10,4.27,6.259,1.132,1.38,26.725,1.414,0.497,0.688,30.995,1.026,0.44,0.022,50.09,23.417,0.10304449648711946
2017-08-11,4.269,6.261,1.132,1.381,26.727,1.42,0.498,0.688,30.996,1.026,0.442,0.022,49.08,23.417,0.10353712813305223
2017-08-14,4.268,6.262,1.133,1.382,26.729,1.427,0.498,0.688,30.997,1.026,0.444,0.022,49.84,23.417,0.10402999062792878
2017-08-15,4.268,6.264,1.133,1.382,26.731,1.433,0.498,0.688,30.998,1.026,0.446,0.022,48.96,23.417,0.10449859418931584
2017-08-16,4.267,6.265,1.134,1.383,26.732,1.44,0.498,0.688,30.999,1.026,0.448,0.022,49.1,23.416,0.10499179751581907
2017-08-17,4.266,6.266,1.134,1.384,26.734,1.447,0.499,0.688,31.0,1.027,0.45,0.022,48.87,23.416,0.10548523206751055
2017-08-18,4.266,6.268,1.134,1.384,26.736,1.453,0.499,0.688,31.001,1.027,0.452,0.022,47.74,23.416,0.10595405532114394
2017-08-21,4.265,6.269,1.135,1.385,26.738,1.46,0.499,0.688,31.002,1.027,0.454,0.022,48.05,23.416,0.10644783118405628
2017-08-22,4.264,6.271,1.135,1.386,26.74,1.466,0.5,0.688,31.003,1.027,0.456,0.022,47.63,23.416,0.10694183864915573
2017-08-23,4.263,6.272,1.136,1.386,26.741,1.473,0.5,0.688,31.004,1.027,0.458,0.022,48.98,23.415,0.10743607787942765
2017-08-24,4.262,6.273,1.136,1.387,26.743,1.479,0.5,0.688,31.005,1.027,0.46,0.022,48.7,23.415,0.10793054903801035
2017-08-25,4.262,6.275,1.137,1.388,26.745,1.486,0.501,0.688,31.006,1.027,0.462,0.022,49.44,23.415,0.10839981229469735
2017-08-28,4.261,6.276,1.137,1.388,26.747,1.492,0.501,0.688,31.007,1.027,0.464,0.022,48.75,23.415,0.10889462567472424
2017-08-29,4.26,6.278,1.138,1.389,26.749,1.499,0.501,0.689,31.008,1.027,0.467,0.022,48.57,23.415,0.10962441314553992
2017-08-30,4.26,6.279,1.138,1.39,26.75,1.506,0.501,0.689,31.009,1.027,0.469,0.022,48.81,23.414,0.11009389671361502
2017-08-31,4.259,6.28,1.138,1.39,26.752,1.512,0.502,0.689,31.01,1.027,0.471,0.022,48.76,23.414,0.11058934022070907
2017-09-01,4.258,6.282,1.139,1.391,26.754,1.519,0.502,0.689,31.011,1.027,0.473,0.022,49.17,23.414,0.11108501643964303
2017-09-05,4.257,6.283,1.139,1.392,26.756,1.525,0.502,0.689,31.012,1.027,0.475,0.022,48.77,23.414,0.11158092553441391
2017-09-06,4.256,6.285,1.14,1.392,26.758,1.532,0.503,0.689,31.013,1.027,0.477,0.022,49.34,23.414,0.11207706766917293
2017-09-07,4.256,6.286,1.14,1.393,26.759,1.538,0.503,0.689,31.014,1.027,0.479,0.022,49.99,23.413,0.11254699248120299
2017-09-08,4.255,6.288,1.141,1.394,26.761,1.545,0.503,0.689,31.016,1.027,0.481,0.022,49.6,23.413,0.11304347826086956
2017-09-11,4.254,6.289,1.141,1.394,26.763,1.552,0.504,0.689,31.017,1.027,0.483,0.022,49.84,23.413,0.11354019746121298
2017-09-12,4.254,6.29,1.142,1.395,26.765,1.558,0.504,0.689,31.018,1.027,0.485,0.022,48.97,23.413,0.11401034320639399
2017-09-13,4.253,6.292,1.142,1.395,26.767,1.565,0.504,0.689,31.019,1.027,0.487,0.022,49.87,23.413,0.11450740653656243
2017-09-14,4.252,6.293,1.143,1.396,26.768,1.571,0.504,0.689,31.02,1.027,0.489,0.022,50.9,23.412,0.11500470366886172
2017-09-15,4.251,6.295,1.143,1.397,26.77,1.578,0.505,0.689,31.021,1.027,0.491,0.022,51.22,23.412,0.1155022347682898
2017-09-18,4.251,6.296,1.143,1.397,26.772,1.584,0.505,0.689,31.022,1.027,0.493,0.022,50.21,23.412,0.11597271230298752
2017-09-19,4.25,6.297,1.144,1.398,26.774,1.591,0.505,0.689,31.023,1.027,0.495,0.022,49.65,23.412,0.11647058823529412
2017-09-20,4.249,6.299,1.144,1.399,26.776,1.598,0.506,0.69,31.024,1.027,0.498,0.022,49.71,23.412,0.11720404801129679
2017-09-21,4.248,6.3,1.145,1.399,26.777,1.604,0.506,0.69,31.025,1.027,0.5,0.022,49.61,23.411,0.11770244821092278
2017-09-22,4.248,6.302,1.145,1.4,26.779,1.611,0.506,0.69,31.026,1.027,0.502,0.022,49.37,23.411,0.11817325800376648
2017-09-25,4.247,6.303,1.146,1.401,26.781,1.617,0.507,0.69,31.027,1.027,0.504,0.022,49.89,23.411,0.1186720037673652
2017-09-26,4.246,6.304,1.146,1.401,26.783,1.624,0.507,0.69,31.028,1.027,0.506,0.022,50.83,23.411,0.11917098445595854
2017-09-27,4.245,6.306,1.147,1.402,26.785,1.63,0.507,0.69,31.029,1.027,0.508,0.022,49.77,23.411,0.11967020023557126
2017-09-28,4.244,6.307,1.147,1.403,26.786,1.637,0.507,0.69,31.03,1.027,0.51,0.022,50.23,23.41,0.12016965127238455
2017-09-29,4.244,6.309,1.148,1.403,26.788,1.643,0.508,0.69,31.031,1.027,0.512,0.022,50.05,23.41,0.12064090480678606
2017-09-30,4.243,6.31,1.148,1.404,26.79,1.65,0.508,0.69,31.032,1.027,0.514,0.022,49.9,23.41,0.12114070233325476
2017-10-02,4.243,6.315,1.148,1.404,26.809,1.653,0.523,0.691,31.051,1.028,0.515,0.022,49.75,23.429,0.12137638463351402
2017-10-03,4.243,6.319,1.149,1.404,26.828,1.656,0.538,0.692,31.07,1.029,0.516,0.022,49.54,23.448,0.12161206693377327
2017-10-04,4.243,6.324,1.149,1.405,26.848,1.658,0.554,0.693,31.089,1.03,0.517,0.022,49.79,23.467,0.12184774923403252
2017-10-05,4.243,6.329,1.149,1.405,26.867,1.661,0.569,0.694,31.109,1.031,0.518,0.022,50.24,23.486,0.12208343153429177
2017-10-06,4.243,6.333,1.15,1.405,26.886,1.664,0.584,0.695,31.128,1.032,0.518,0.022,49.92,23.505,0.12208343153429177
2017-10-09,4.243,6.338,1.15,1.405,26.905,1.667,0.599,0.696,31.147,1.033,0.519,0.022,50.08,23.525,0.12231911383455102
2017-10-10,4.243,6.343,1.151,1.405,26.924,1.67,0.615,0.696,31.166,1.034,0.52,0.022,50.75,23.544,0.12255479613481027
2017-10-11,4.243,6.348,1.151,1.406,26.944,1.672,0.63,0.697,31.185,1.035,0.521,0.022,51.43,23.563,0.12279047843506952
2017-10-12,4.242,6.352,1.151,1.406,26.963,1.675,0.645,0.698,31.204,1.036,0.522,0.022,51.26,23.582,0.12305516265912306
2017-10-13,4.242,6.357,1.152,1.406,26.982,1.678,0.66,0.699,31.224,1.037,0.523,0.022,51.81,23.601,0.12329090051862329
2017-10-16,4.242,6.362,1.152,1.406,27.001,1.681,0.675,0.7,31.243,1.039,0.524,0.022,51.5,23.62,0.12352663837812353
2017-10-17,4.242,6.366,1.152,1.406,27.02,1.684,0.691,0.701,31.262,1.04,0.525,0.022,52.05,23.639,0.12376237623762376
2017-10-18,4.242,6.371,1.153,1.406,27.04,1.687,0.706,0.702,31.281,1.041,0.526,0.022,51.24,23.658,0.12399811409712401
2017-10-19,4.242,6.376,1.153,1.407,27.059,1.689,0.721,0.703,31.3,1.042,0.526,0.022,51.56,23.677,0.12399811409712401
2017-10-20,4.242,6.38,1.153,1.407,27.078,1.692,0.736,0.704,31.319,1.043,0.527,0.022,51.31,23.696,0.12423385195662424
2017-10-23,4.242,6.385,1.154,1.407,27.097,1.695,0.752,0.705,31.338,1.044,0.528,0.022,51.54,23.716,0.12446958981612448
2017-10-24,4.242,6.39,1.154,1.407,27.116,1.698,0.767,0.706,31.358,1.045,0.529,0.022,51.05,23.735,0.12470532767562471
2017-10-25,4.242,6.394,1.154,1.407,27.136,1.701,0.782,0.707,31.377,1.046,0.53,0.023,50.99,23.754,0.12494106553512495
2017-10-26,4.242,6.399,1.155,1.408,27.155,1.703,0.797,0.708,31.396,1.047,0.531,0.023,51.01,23.773,0.1251768033946252
2017-10-27,4.242,6.404,1.155,1.408,27.174,1.706,0.812,0.708,31.415,1.048,0.532,0.023,48.8,23.792,0.12541254125412543
2017-10-30,4.242,6.408,1.156,1.408,27.193,1.709,0.828,0.709,31.434,1.049,0.533,0.023,49.14,23.811,0.12564827911362567
2017-10-31,4.242,6.413,1.156,1.408,27.212,1.712,0.843,0.71,31.453,1.05,0.534,0.023,48.39,23.83,0.1258840169731259
2017-11-01,4.242,6.418,1.156,1.408,27.232,1.715,0.858,0.711,31.473,1.051,0.534,0.023,48.94,23.849,0.1258840169731259
2017-11-02,4.242,6.422,1.157,1.408,27.251,1.718,0.873,0.712,31.492,1.052,0.535,0.023,49.64,23.868,0.12611975483262614
2017-11-03,4.241,6.427,1.157,1.409,27.27,1.72,0.888,0.713,31.511,1.053,0.536,0.023,48.29,23.887,0.12638528648903563
2017-11-06,4.241,6.432,1.157,1.409,27.289,1.723,0.904,0.714,31.53,1.054,0.537,0.023,48.28,23.906,0.12662107993397786
2017-11-07,4.241,6.437,1.158,1.409,27.308,1.726,0.919,0.715,31.549,1.055,0.538,0.023,49.55,23.926,0.12685687337892007
2017-11-08,4.241,6.441,1.158,1.409,27.328,1.729,0.934,0.716,31.568,1.056,0.539,0.023,48.92,23.945,0.1270926668238623
2017-11-09,4.241,6.446,1.158,1.409,27.347,1.732,0.949,0.717,31.588,1.057,0.54,0.023,50.24,23.964,0.12732846026880454
2017-11-10,4.241,6.451,1.159,1.41,27.366,1.734,0.965,0.718,31.607,1.058,0.541,0.023,51.01,23.983,0.12756425371374677
2017-11-13,4.241,6.455,1.159,1.41,27.385,1.737,0.98,0.719,31.626,1.059,0.542,0.023,49.94,24.002,0.127800047158689
2017-11-14,4.241,6.46,1.16,1.41,27.404,1.74,0.995,0.72,31.645,1.06,0.542,0.023,50.0,24.021,0.127800047158689
2017-11-15,4.241,6.465,1.16,1.41,27.424,1.743,1.01,0.72,31.664,1.062,0.543,0.023,49.65,24.04,0.12803584060363124
2017-11-16,4.241,6.469,1.16,1.41,27.443,1.746,1.025,0.721,31.683,1.063,0.544,0.023,49.8,24.059,0.12827163404857347
2017-11-17,4.241,6.474,1.161,1.411,27.462,1.748,1.041,0.722,31.702,1.064,0.545,0.023,50.45,24.078,0.1285074274935157
2017-11-20,4.241,6.479,1.161,1.411,27.481,1.751,1.056,0.723,31.722,1.065,0.546,0.023,49.53,24.097,0.12874322093845794
2017-11-21,4.241,6.483,1.161,1.411,27.501,1.754,1.071,0.724,31.741,1.066,0.547,0.023,49.58,24.116,0.12897901438340015
2017-11-22,4.241,6.488,1.162,1.411,27.52,1.757,1.086,0.725,31.76,1.067,0.548,0.023,49.32,24.136,0.12921480782834238
2017-11-24,4.241,6.493,1.162,1.411,27.539,1.76,1.102,0.726,31.779,1.068,0.549,0.023,49.22,24.155,0.12945060127328462
2017-11-27,4.24,6.498,1.162,1.412,27.558,1.762,1.117,0.727,31.798,1.069,0.55,0.023,48.72,24.174,0.12971698113207547
2017-11-28,4.24,6.502,1.163,1.412,27.577,1.765,1.132,0.728,31.817,1.07,0.551,0.023,48.63,24.193,0.12995283018867926
2017-11-29,4.24,6.507,1.163,1.412,27.597,1.768,1.147,0.729,31.837,1.071,0.551,0.023,49.45,24.212,0.12995283018867926
2017-11-30,4.24,6.512,1.163,1.412,27.616,1.771,1.162,0.73,31.856,1.072,0.552,0.023,50.39,24.231,0.13018867924528302
2017-12-01,4.24,6.516,1.164,1.412,27.635,1.774,1.178,0.731,31.875,1.073,0.553,0.023,50.57,24.25,0.1304245283018868
2017-12-04,4.24,6.521,1.164,1.412,27.654,1.777,1.193,0.731,31.894,1.074,0.554,0.023,50.99,24.269,0.13066037735849056
2017-12-05,4.24,6.526,1.165,1.413,27.673,1.779,1.208,0.732,31.913,1.075,0.555,0.023,50.7,24.288,0.13089622641509435
2017-12-06,4.24,6.53,1.165,1.413,27.693,1.782,1.223,0.733,31.932,1.076,0.556,0.023,50.7,24.307,0.1311320754716981
2017-12-07,4.24,6.535,1.165,1.413,27.712,1.785,1.238,0.734,31.952,1.077,0.557,0.023,50.49,24.327,0.1313679245283019
2017-12-08,4.24,6.54,1.166,1.413,27.731,1.788,1.254,0.735,31.971,1.078,0.558,0.023,50.54,24.346,0.13160377358490566
2017-12-11,4.24,6.544,1.166,1.413,27.75,1.791,1.269,0.736,31.99,1.079,0.559,0.023,50.55,24.365,0.13183962264150945
2017-12-12,4.24,6.549,1.166,1.414,27.769,1.793,1.284,0.737,32.009,1.08,0.559,0.023,51.82,24.384,0.13183962264150945
2017-12-13,4.24,6.554,1.167,1.414,27.789,1.796,1.299,0.738,32.028,1.081,0.56,0.023,51.66,24.403,0.1320754716981132
2017-12-14,4.24,6.558,1.167,1.414,27.808,1.799,1.315,0.739,32.047,1.082,0.561,0.023,51.6,24.422,0.132311320754717
2017-12-15,4.24,6.563,1.167,1.414,27.827,1.802,1.33,0.74,32.066,1.084,0.562,0.023,52.28,24.441,0.13254716981132075
2017-12-18,4.24,6.568,1.168,1.414,27.846,1.805,1.345,0.741,32.086,1.085,0.563,0.023,52.9,24.46,0.1327830188679245
2017-12-19,4.24,6.572,1.168,1.414,27.865,1.808,1.36,0.742,32.105,1.086,0.564,0.023,52.47,24.479,0.13301886792452827
2017-12-20,4.239,6.577,1.168,1.415,27.885,1.81,1.375,0.743,32.124,1.087,0.565,0.023,51.08,24.498,0.13328615239443264
2017-12-21,4.239,6.582,1.169,1.415,27.904,1.813,1.391,0.743,32.143,1.088,0.566,0.023,51.31,24.517,0.13352205708893605
2017-12-22,4.239,6.587,1.169,1.415,27.923,1.816,1.406,0.744,32.162,1.089,0.567,0.023,52.05,24.537,0.1337579617834395
2017-12-26,4.239,6.591,1.17,1.415,27.942,1.819,1.421,0.745,32.181,1.09,0.567,0.023,52.76,24.556,0.1337579617834395
2017-12-27,4.239,6.596,1.17,1.415,27.961,1.822,1.436,0.746,32.201,1.091,0.568,0.023,53.2,24.575,0.1339938664779429
2017-12-28,4.239,6.601,1.17,1.416,27.981,1.824,1.452,0.747,32.22,1.092,0.569,0.023,53.32,24.594,0.13422977117244633
2017-12-29,4.239,6.605,1.171,1.416,28.0,1.827,1.467,0.748,32.239,1.093,0.57,0.023,53.5,24.613,0.13446567586694974
2017-12-31,4.239,6.61,1.171,1.416,28.019,1.83,1.482,0.749,32.258,1.094,0.571,0.023,53.525,24.632,0.13470158056145318
2018-01-02,4.236,6.611,1.17,1.416,28.002,1.833,1.464,0.748,32.238,1.093,0.572,0.023,53.55,24.616,0.13503305004721436
2018-01-03,4.232,6.613,1.17,1.415,27.986,1.835,1.446,0.747,32.218,1.092,0.573,0.023,53.3,24.6,0.1353969754253308
2018-01-04,4.229,6.614,1.169,1.415,27.969,1.838,1.428,0.747,32.198,1.091,0.573,0.023,51.74,24.584,0.13549302435563962
2018-01-05,4.226,6.615,1.169,1.415,27.952,1.841,1.41,0.746,32.178,1.09,0.574,0.023,52.22,24.569,0.13582584003786086
2018-01-08,4.222,6.616,1.168,1.414,27.936,1.844,1.392,0.745,32.158,1.089,0.575,0.023,52.57,24.553,0.1361913784936049
2018-01-09,4.219,6.618,1.168,1.414,27.919,1.846,1.374,0.744,32.138,1.088,0.576,0.023,51.41,24.537,0.136525242948566
2018-01-10,4.216,6.619,1.167,1.414,27.902,1.849,1.356,0.744,32.118,1.088,0.577,0.023,51.24,24.521,0.13685958254269448
2018-01-11,4.212,6.62,1.167,1.413,27.886,1.852,1.338,0.743,32.098,1.087,0.577,0.023,51.19,24.505,0.13698955365622031
2018-01-12,4.209,6.622,1.166,1.413,27.869,1.855,1.32,0.742,32.078,1.086,0.578,0.023,51.4,24.489,0.1373247802328344
2018-01-16,4.206,6.623,1.166,1.412,27.852,1.857,1.302,0.741,32.058,1.085,0.579,0.023,51.26,24.473,0.137660485021398
2018-01-17,4.202,6.624,1.165,1.412,27.836,1.86,1.284,0.741,32.038,1.084,0.58,0.023,51.99,24.457,0.13802950975725845
2018-01-18,4.199,6.625,1.165,1.412,27.819,1.863,1.266,0.74,32.018,1.083,0.581,0.023,51.01,24.442,0.13836627768516313
2018-01-19,4.196,6.627,1.164,1.411,27.802,1.866,1.248,0.739,31.998,1.082,0.581,0.023,51.01,24.426,0.138465204957102
2018-01-22,4.192,6.628,1.164,1.411,27.786,1.868,1.23,0.738,31.978,1.081,0.582,0.023,51.59,24.41,0.1388358778625954
2018-01-23,4.189,6.629,1.163,1.411,27.769,1.871,1.212,0.738,31.958,1.08,0.583,0.023,51.66,24.394,0.13917402721413225
2018-01-24,4.186,6.631,1.163,1.41,27.752,1.874,1.194,0.737,31.938,1.079,0.584,0.023,51.59,24.378,0.13951266125179168
2018-01-25,4.183,6.632,1.162,1.41,27.735,1.877,1.176,0.736,31.918,1.078,0.585,0.023,51.0,24.362,0.13985178101840784
2018-01-26,4.179,6.633,1.162,1.41,27.719,1.879,1.158,0.735,31.898,1.077,0.586,0.023,50.85,24.346,0.14022493419478343
2018-01-29,4.176,6.635,1.161,1.409,27.702,1.882,1.14,0.735,31.878,1.077,0.586,0.023,50.6,24.33,0.14032567049808428
2018-01-30,4.173,6.636,1.161,1.409,27.685,1.885,1.122,0.734,31.858,1.076,0.587,0.023,50.5,24.315,0.14066618739515935
2018-01-31,4.169,6.637,1.16,1.409,27.669,1.888,1.104,0.733,31.838,1.075,0.588,0.023,50.74,24.299,0.14104101703046296
2018-02-01,4.166,6.638,1.16,1.408,27.652,1.89,1.086,0.732,31.818,1.074,0.589,0.023,49.58,24.283,0.14138262121939507
2018-02-02,4.163,6.64,1.159,1.408,27.635,1.893,1.068,0.732,31.798,1.073,0.59,0.023,48.61,24.267,0.1417247177516214
2018-02-05,4.159,6.641,1.159,1.407,27.619,1.896,1.05,0.731,31.778,1.072,0.59,0.023,48.18,24.251,0.1418610242846838
2018-02-06,4.156,6.642,1.158,1.407,27.602,1.899,1.032,0.73,31.758,1.071,0.591,0.023,48.44,24.235,0.14220404234841194
2018-02-07,4.153,6.644,1.158,1.407,27.585,1.901,1.014,0.729,31.738,1.07,0.592,0.023,48.1,24.219,0.1425475559836263
2018-02-08,4.149,6.645,1.157,1.406,27.569,1.904,0.996,0.729,31.718,1.069,0.593,0.023,47.26,24.203,0.14292600626657026
2018-02-09,4.146,6.646,1.157,1.406,27.552,1.907,0.978,0.728,31.698,1.068,0.594,0.023,48.82,24.188,0.14327062228654125
2018-02-12,4.143,6.647,1.156,1.406,27.535,1.91,0.96,0.727,31.678,1.067,0.594,0.023,48.7,24.172,0.14337436640115858
2018-02-13,4.139,6.649,1.156,1.405,27.519,1.912,0.942,0.726,31.658,1.066,0.595,0.023,48.29,24.156,0.14375453007972938
2018-02-14,4.136,6.65,1.155,1.405,27.502,1.915,0.924,0.725,31.638,1.066,0.596,0.023,47.86,24.14,0.14410058027079303
2018-02-15,4.133,6.651,1.154,1.405,27.485,1.918,0.907,0.725,31.618,1.065,0.597,0.023,48.5,24.124,0.144447132833293
2018-02-16,4.129,6.653,1.154,1.404,27.469,1.92,0.889,0.724,31.598,1.064,0.598,0.023,48.48,24.108,0.14482925647856626
2018-02-20,4.126,6.654,1.153,1.404,27.452,1.923,0.871,0.723,31.578,1.063,0.598,0.023,48.32,24.092,0.14493456131846824
2018-02-21,4.123,6.655,1.153,1.404,27.435,1.926,0.853,0.722,31.558,1.062,0.599,0.023,46.99,24.077,0.1452825612418142
2018-02-22,4.119,6.656,1.152,1.403,27.419,1.929,0.835,0.722,31.538,1.061,0.6,0.023,47.84,24.061,0.14566642388929352
2018-02-23,4.116,6.658,1.152,1.403,27.402,1.931,0.817,0.721,31.518,1.06,0.601,0.023,48.66,24.045,0.14601554907677358
2018-02-26,4.113,6.659,1.151,1.403,27.385,1.934,0.799,0.72,31.498,1.059,0.602,0.023,49.4,24.029,0.14636518356430828
2018-02-27,4.109,6.66,1.151,1.402,27.369,1.937,0.781,0.719,31.478,1.058,0.602,0.023,47.81,24.013,0.1465076660988075
2018-02-28,4.106,6.662,1.15,1.402,27.352,1.94,0.763,0.719,31.458,1.057,0.603,0.023,47.68,23.997,0.14685825621042378
2018-03-01,4.103,6.663,1.15,1.401,27.335,1.942,0.745,0.718,31.438,1.056,0.604,0.023,48.12,23.981,0.14720935900560567
2018-03-02,4.099,6.664,1.149,1.401,27.319,1.945,0.727,0.717,31.418,1.055,0.605,0.023,48.3,23.965,0.14759697487191997
2018-03-05,4.096,6.665,1.149,1.401,27.302,1.948,0.709,0.716,31.398,1.054,0.606,0.023,48.9,23.95,0.14794921875
2018-03-06,4.093,6.667,1.148,1.4,27.285,1.951,0.691,0.716,31.378,1.054,0.606,0.023,48.96,23.934,0.14805765941851942
2018-03-07,4.089,6.668,1.148,1.4,27.269,1.953,0.673,0.715,31.358,1.053,0.607,0.023,48.43,23.918,0.14844705306921005
2018-03-08,4.086,6.669,1.147,1.4,27.252,1.956,0.655,0.714,31.338,1.052,0.608,0.023,48.54,23.902,0.14880078316201661
2018-03-09,4.083,6.671,1.147,1.399,27.235,1.959,0.637,0.713,31.318,1.051,0.609,0.023,48.63,23.886,0.14915503306392358
2018-03-12,4.08,6.672,1.146,1.399,27.218,1.962,0.619,0.713,31.298,1.05,0.61,0.023,48.68,23.87,0.14950980392156862
2018-03-13,4.076,6.673,1.146,1.399,27.202,1.964,0.601,0.712,31.278,1.049,0.611,0.023,48.91,23.854,0.14990186457311092
2018-03-14,4.073,6.675,1.145,1.398,27.185,1.967,0.583,0.711,31.258,1.048,0.611,0.023,49.22,23.838,0.15001227596366312
2018-03-15,4.07,6.676,1.145,1.398,27.168,1.97,0.565,0.71,31.238,1.047,0.612,0.023,48.64,23.823,0.15036855036855035
2018-03-16,4.066,6.677,1.144,1.398,27.152,1.973,0.547,0.71,31.218,1.046,0.613,0.023,48.8,23.807,0.15076242006886376
2018-03-19,4.063,6.678,1.144,1.397,27.135,1.975,0.529,0.709,31.198,1.045,0.614,0.023,48.27,23.791,0.15111986217080975
2018-03-20,4.06,6.68,1.143,1.397,27.118,1.978,0.511,0.708,31.178,1.044,0.615,0.023,48.01,23.775,0.15147783251231528
2018-03-21,4.056,6.681,1.143,1.396,27.102,1.981,0.493,0.707,31.158,1.043,0.615,0.023,47.94,23.759,0.15162721893491124
2018-03-22,4.053,6.682,1.142,1.396,27.085,1.984,0.475,0.707,31.138,1.043,0.616,0.023,47.37,23.743,0.15198618307426598
2018-03-23,4.05,6.684,1.142,1.396,27.068,1.986,0.457,0.706,31.118,1.042,0.617,0.023,47.12,23.727,0.1523456790123457
2018-03-26,4.046,6.685,1.141,1.395,27.052,1.989,0.439,0.705,31.098,1.041,0.618,0.023,47.62,23.711,0.15274345032130499
2018-03-27,4.043,6.686,1.141,1.395,27.035,1.992,0.421,0.704,31.078,1.04,0.619,0.023,46.73,23.696,0.15310413059609201
2018-03-28,4.04,6.687,1.14,1.395,27.018,1.995,0.403,0.704,31.058,1.039,0.619,0.023,48.42,23.68,0.15321782178217822
2018-03-29,4.036,6.689,1.14,1.394,27.002,1.997,0.385,0.703,31.038,1.038,0.62,0.023,47.94,23.664,0.15361744301288405
2018-03-31,4.033,6.69,1.139,1.394,26.985,2.0,0.367,0.702,31.018,1.037,0.621,0.023,47.65,23.648,0.1539796677411356
2018-04-02,4.031,6.694,1.139,1.394,26.985,1.996,0.372,0.702,31.015,1.037,0.62,0.023,47.36,23.646,0.1538079880922848
2018-04-03,4.028,6.698,1.139,1.394,26.984,1.993,0.378,0.703,31.013,1.038,0.619,0.023,47.71,23.644,0.15367428003972197
2018-04-04,4.026,6.702,1.139,1.394,26.984,1.989,0.383,0.703,31.01,1.038,0.618,0.023,48.35,23.641,0.15350223546944858
2018-04-05,4.024,6.706,1.14,1.393,26.984,1.986,0.388,0.704,31.007,1.039,0.616,0.023,48.12,23.639,0.15308151093439362
2018-04-06,4.021,6.71,1.14,1.393,26.983,1.982,0.394,0.704,31.005,1.039,0.615,0.023,47.67,23.637,0.15294702810246208
2018-04-09,4.019,6.714,1.14,1.393,26.983,1.979,0.399,0.704,31.002,1.04,0.614,0.023,47.46,23.635,0.15277432197063945
2018-04-10,4.016,6.718,1.14,1.393,26.983,1.975,0.404,0.705,30.999,1.04,0.613,0.023,47.93,23.633,0.1526394422310757
2018-04-11,4.014,6.722,1.14,1.393,26.983,1.972,0.41,0.705,30.996,1.041,0.612,0.023,47.52,23.63,0.15246636771300448
2018-04-12,4.012,6.726,1.14,1.393,26.982,1.968,0.415,0.706,30.994,1.041,0.611,0.023,46.38,23.628,0.15229312063808575
2018-04-13,4.009,6.73,1.14,1.393,26.982,1.965,0.42,0.706,30.991,1.042,0.61,0.023,46.94,23.626,0.1521576452980793
2018-04-16,4.007,6.734,1.141,1.392,26.982,1.961,0.426,0.706,30.988,1.042,0.608,0.023,47.11,23.624,0.1517344646867981
2018-04-17,4.005,6.738,1.141,1.392,26.981,1.958,0.431,0.707,30.986,1.043,0.607,0.023,47.41,23.622,0.1515605493133583
2018-04-18,4.002,6.742,1.141,1.392,26.981,1.954,0.436,0.707,30.983,1.043,0.606,0.023,47.19,23.619,0.15142428785607198
2018-04-19,4.0,6.746,1.141,1.392,26.981,1.95,0.442,0.708,30.98,1.043,0.605,0.023,46.49,23.617,0.15125
2018-04-20,3.997,6.75,1.141,1.392,26.98,1.947,0.447,0.708,30.978,1.044,0.604,0.023,45.55,23.615,0.15111333500125093
2018-04-23,3.995,6.754,1.141,1.392,26.98,1.943,0.452,0.708,30.975,1.044,0.603,0.023,45.44,23.613,0.1509386733416771
2018-04-24,3.993,6.758,1.141,1.392,26.98,1.94,0.458,0.709,30.972,1.045,0.602,0.023,45.72,23.611,0.15076383671424995
2018-04-25,3.99,6.762,1.141,1.392,26.979,1.936,0.463,0.709,30.97,1.045,0.601,0.023,45.39,23.608,0.15062656641604008
2018-04-26,3.988,6.766,1.142,1.391,26.979,1.933,0.468,0.71,30.967,1.046,0.599,0.023,46.45,23.606,0.15020060180541625
2018-04-27,3.986,6.77,1.142,1.391,26.979,1.929,0.474,0.71,30.964,1.046,0.598,0.023,48.3,23.604,0.15002508780732562
2018-04-30,3.983,6.774,1.142,1.391,26.979,1.926,0.479,0.71,30.961,1.047,0.597,0.023,48.36,23.602,0.14988701983429575
2018-05-01,3.981,6.778,1.142,1.391,26.978,1.922,0.484,0.711,30.959,1.047,0.596,0.023,49.42,23.6,0.14971112785732227
2018-05-02,3.979,6.782,1.142,1.391,26.978,1.919,0.49,0.711,30.956,1.048,0.595,0.023,49.25,23.597,0.14953505906006534
2018-05-03,3.976,6.786,1.142,1.391,26.978,1.915,0.495,0.712,30.953,1.048,0.594,0.023,49.2,23.595,0.1493963782696177
2018-05-04,3.974,6.79,1.142,1.391,26.977,1.912,0.5,0.712,30.951,1.049,0.593,0.023,49.29,23.593,0.14921992954202312
2018-05-07,3.971,6.794,1.143,1.39,26.977,1.908,0.506,0.712,30.948,1.049,0.591,0.023,49.43,23.591,0.14882901032485518
2018-05-08,3.969,6.798,1.143,1.39,26.977,1.904,0.511,0.713,30.945,1.049,0.59,0.023,49.11,23.589,0.14865205341395818
2018-05-09,3.967,6.802,1.143,1.39,26.976,1.901,0.516,0.713,30.943,1.05,0.589,0.023,49.48,23.586,0.1484749180741114
2018-05-10,3.964,6.806,1.143,1.39,26.976,1.897,0.522,0.714,30.94,1.05,0.588,0.023,49.87,23.584,0.14833501513622602
2018-05-11,3.962,6.81,1.143,1.39,26.976,1.894,0.527,0.714,30.937,1.051,0.587,0.023,49.46,23.582,0.1481574962140333
2018-05-14,3.96,6.814,1.143,1.39,26.975,1.89,0.532,0.714,30.935,1.051,0.586,0.023,48.88,23.58,0.14797979797979796
2018-05-15,3.957,6.818,1.143,1.39,26.975,1.887,0.538,0.715,30.932,1.052,0.585,0.023,47.84,23.578,0.14783927217589082
2018-05-16,3.955,6.822,1.144,1.389,26.975,1.883,0.543,0.715,30.929,1.052,0.583,0.023,47.74,23.575,0.14740834386852084
2018-05-17,3.952,6.826,1.144,1.389,26.975,1.88,0.549,0.716,30.926,1.053,0.582,0.023,47.54,23.573,0.14726720647773278
2018-05-18,3.95,6.83,1.144,1.389,26.974,1.876,0.554,0.716,30.924,1.053,0.581,0.023,47.7,23.571,0.1470886075949367
2018-05-21,3.948,6.834,1.144,1.389,26.974,1.873,0.559,0.716,30.921,1.054,0.58,0.023,48.58,23.569,0.1469098277608916
2018-05-22,3.945,6.838,1.144,1.389,26.974,1.869,0.565,0.717,30.918,1.054,0.579,0.023,48.95,23.567,0.1467680608365019
2018-05-23,3.943,6.842,1.144,1.389,26.973,1.866,0.57,0.717,30.916,1.055,0.578,0.023,49.27,23.564,0.1465888917068222
2018-05-24,3.941,6.846,1.144,1.389,26.973,1.862,0.575,0.718,30.913,1.055,0.577,0.023,49.12,23.562,0.14640954072570414
2018-05-25,3.938,6.85,1.145,1.388,26.973,1.858,0.581,0.718,30.91,1.055,0.575,0.023,49.34,23.56,0.14601320467242254
2018-05-29,3.936,6.854,1.145,1.388,26.972,1.855,0.586,0.718,30.908,1.056,0.574,0.023,49.42,23.558,0.14583333333333331
2018-05-30,3.933,6.858,1.145,1.388,26.972,1.851,0.591,0.719,30.905,1.056,0.573,0.023,49.99,23.556,0.14569031273836766
2018-05-31,3.931,6.862,1.145,1.388,26.972,1.848,0.597,0.719,30.902,1.057,0.572,0.023,49.56,23.553,0.1455100483337573
2018-06-01,3.929,6.866,1.145,1.388,26.971,1.844,0.602,0.72,30.9,1.057,0.571,0.023,49.74,23.551,0.1453296004072283
2018-06-04,3.926,6.87,1.145,1.388,26.971,1.841,0.607,0.72,30.897,1.058,0.57,0.023,50.31,23.549,0.14518593988792663
2018-06-05,3.924,6.874,1.145,1.388,26.971,1.837,0.613,0.72,30.894,1.058,0.569,0.023,50.4,23.547,0.1450050968399592
2018-06-06,3.922,6.878,1.146,1.387,26.971,1.834,0.618,0.721,30.891,1.059,0.567,0.023,51.13,23.545,0.14456909739928606
2018-06-07,3.919,6.882,1.146,1.387,26.97,1.83,0.623,0.721,30.889,1.059,0.566,0.023,50.98,23.542,0.1444245981117632
2018-06-08,3.917,6.886,1.146,1.387,26.97,1.827,0.629,0.722,30.886,1.06,0.565,0.023,51.16,23.54,0.14424304314526423
2018-06-11,3.915,6.89,1.146,1.387,26.97,1.823,0.634,0.722,30.883,1.06,0.564,0.023,51.07,23.538,0.14406130268199233
2018-06-12,3.912,6.894,1.146,1.387,26.969,1.82,0.639,0.722,30.881,1.061,0.563,0.023,51.4,23.536,0.1439161554192229
2018-06-13,3.91,6.898,1.146,1.387,26.969,1.816,0.645,0.723,30.878,1.061,0.562,0.023,50.27,23.534,0.14373401534526856
2018-06-14,3.907,6.902,1.146,1.387,26.969,1.812,0.65,0.723,30.875,1.061,0.561,0.023,50.75,23.531,0.14358843102124394
2018-06-15,3.905,6.906,1.146,1.387,26.968,1.809,0.655,0.724,30.873,1.062,0.56,0.023,50.88,23.529,0.14340588988476313
2018-06-18,3.903,6.91,1.147,1.386,26.968,1.805,0.661,0.724,30.87,1.062,0.558,0.023,51.06,23.527,0.14296694850115296
2018-06-19,3.9,6.914,1.147,1.386,26.968,1.802,0.666,0.724,30.867,1.063,0.557,0.023,51.16,23.525,0.14282051282051283
2018-06-20,3.898,6.918,1.147,1.386,26.967,1.798,0.671,0.725,30.865,1.063,0.556,0.023,52.0,23.523,0.1426372498717291
2018-06-21,3.896,6.922,1.147,1.386,26.967,1.795,0.677,0.725,30.862,1.064,0.555,0.023,52.43,23.52,0.14245379876796715
2018-06-22,3.893,6.926,1.147,1.386,26.967,1.791,0.682,0.726,30.859,1.064,0.554,0.024,53.47,23.518,0.1423067043411251
2018-06-25,3.891,6.93,1.147,1.386,26.967,1.788,0.687,0.726,30.856,1.065,0.553,0.024,53.04,23.516,0.14212284759701876
2018-06-26,3.888,6.934,1.147,1.386,26.966,1.784,0.693,0.726,30.854,1.065,0.552,0.024,53.33,23.514,0.14197530864197533
2018-06-27,3.886,6.938,1.148,1.385,26.966,1.781,0.698,0.727,30.851,1.066,0.55,0.024,52.87,23.512,0.14153371075656201
2018-06-28,3.884,6.942,1.148,1.385,26.966,1.777,0.703,0.727,30.848,1.066,0.549,0.024,52.96,23.509,0.14134912461380023
2018-06-29,3.881,6.946,1.148,1.385,26.965,1.774,0.709,0.728,30.846,1.067,0.548,0.024,52.65,23.507,0.14120072146354035
2018-06-30,3.879,6.95,1.148,1.385,26.965,1.77,0.714,0.728,30.843,1.067,0.547,0.024,52.565,23.505,0.14101572570250065
2018-07-02,3.879,6.95,1.148,1.385,26.968,1.77,0.714,0.728,30.847,1.067,0.547,0.024,52.48,23.508,0.14101572570250065
2018-07-03,3.88,6.951,1.148,1.386,26.972,1.771,0.713,0.728,30.85,1.067,0.547,0.024,52.94,23.51,0.140979381443299
2018-07-05,3.88,6.951,1.148,1.386,26.975,1.771,0.713,0.728,30.854,1.067,0.547,0.024,53.35,23.513,0.140979381443299
2018-07-06,3.88,6.951,1.148,1.386,26.979,1.772,0.713,0.728,30.858,1.066,0.548,0.024,53.5,23.516,0.14123711340206188
2018-07-09,3.88,6.952,1.148,1.386,26.982,1.772,0.713,0.728,30.862,1.066,0.548,0.024,53.24,23.519,0.14123711340206188
2018-07-10,3.881,6.952,1.147,1.387,26.985,1.773,0.712,0.728,30.865,1.066,0.548,0.024,53.46,23.521,0.14120072146354035
2018-07-11,3.881,6.952,1.147,1.387,26.989,1.773,0.712,0.727,30.869,1.066,0.548,0.024,52.93,23.524,0.14120072146354035
2018-07-12,3.881,6.953,1.147,1.387,26.992,1.774,0.712,0.727,30.873,1.066,0.548,0.024,53.09,23.527,0.14120072146354035
2018-07-13,3.882,6.953,1.147,1.388,26.996,1.774,0.711,0.727,30.876,1.066,0.548,0.024,53.1,23.529,0.14116434827408553
2018-07-16,3.882,6.953,1.147,1.388,26.999,1.775,0.711,0.727,30.88,1.066,0.548,0.024,52.78,23.532,0.14116434827408553
2018-07-17,3.882,6.953,1.147,1.388,27.002,1.775,0.711,0.727,30.884,1.065,0.549,0.024,52.73,23.535,0.14142194744976816
2018-07-18,3.883,6.954,1.147,1.389,27.006,1.776,0.711,0.727,30.887,1.065,0.549,0.024,52.8,23.537,0.14138552665464849
2018-07-19,3.883,6.954,1.147,1.389,27.009,1.776,0.71,0.727,30.891,1.065,0.549,0.024,53.8,23.54,0.14138552665464849
2018-07-20,3.883,6.954,1.147,1.389,27.012,1.777,0.71,0.727,30.895,1.065,0.549,0.024,52.73,23.543,0.14138552665464849
2018-07-23,3.883,6.955,1.147,1.389,27.016,1.777,0.71,0.727,30.899,1.065,0.549,0.024,52.7,23.546,0.14138552665464849
2018-07-24,3.884,6.955,1.146,1.39,27.019,1.778,0.71,0.727,30.902,1.065,0.549,0.024,52.52,23.548,0.14134912461380023
2018-07-25,3.884,6.955,1.146,1.39,27.023,1.778,0.709,0.727,30.906,1.065,0.549,0.024,52.93,23.551,0.14134912461380023
2018-07-26,3.884,6.956,1.146,1.39,27.026,1.778,0.709,0.727,30.91,1.064,0.55,0.024,52.86,23.554,0.1416065911431514
2018-07-27,3.885,6.956,1.146,1.391,27.029,1.779,0.709,0.727,30.913,1.064,0.55,0.024,52.14,23.556,0.14157014157014158
2018-07-30,3.885,6.956,1.146,1.391,27.033,1.779,0.708,0.726,30.917,1.064,0.55,0.023,53.16,23.559,0.14157014157014158
2018-07-31,3.885,6.957,1.146,1.391,27.036,1.78,0.708,0.726,30.921,1.064,0.55,0.023,54.5,23.562,0.14157014157014158
2018-08-01,3.886,6.957,1.146,1.392,27.04,1.78,0.708,0.726,30.924,1.064,0.55,0.023,54.98,23.564,0.14153371075656201
2018-08-02,3.886,6.957,1.146,1.392,27.043,1.781,0.708,0.726,30.928,1.064,0.55,0.023,54.52,23.567,0.14153371075656201
2018-08-03,3.886,6.958,1.146,1.392,27.046,1.781,0.707,0.726,30.932,1.064,0.55,0.023,55.14,23.57,0.14153371075656201
2018-08-06,3.886,6.958,1.146,1.392,27.05,1.782,0.707,0.726,30.936,1.063,0.551,0.023,54.77,23.573,0.14179104477611942
2018-08-07,3.887,6.958,1.146,1.393,27.053,1.782,0.707,0.726,30.939,1.063,0.551,0.023,54.58,23.575,0.1417545665037304
2018-08-08,3.887,6.958,1.145,1.393,27.057,1.783,0.706,0.726,30.943,1.063,0.551,0.023,54.52,23.578,0.1417545665037304
2018-08-09,3.887,6.959,1.145,1.393,27.06,1.783,0.706,0.726,30.947,1.063,0.551,0.023,54.65,23.581,0.1417545665037304
2018-08-10,3.888,6.959,1.145,1.394,27.063,1.784,0.706,0.726,30.95,1.063,0.551,0.023,53.93,23.583,0.1417181069958848
2018-08-13,3.888,6.959,1.145,1.394,27.067,1.784,0.706,0.726,30.954,1.063,0.551,0.023,54.06,23.586,0.1417181069958848
2018-08-14,3.888,6.96,1.145,1.394,27.07,1.785,0.705,0.726,30.958,1.063,0.551,0.023,54.31,23.589,0.1417181069958848
2018-08-15,3.888,6.96,1.145,1.394,27.074,1.785,0.705,0.726,30.962,1.062,0.552,0.023,54.79,23.592,0.14197530864197533
2018-08-16,3.889,6.96,1.145,1.395,27.077,1.785,0.705,0.725,30.965,1.062,0.552,0.023,54.68,23.594,0.1419388017485215
2018-08-17,3.889,6.961,1.145,1.395,27.08,1.786,0.704,0.725,30.969,1.062,0.552,0.023,55.2,23.597,0.1419388017485215
2018-08-20,3.889,6.961,1.145,1.395,27.084,1.786,0.704,0.725,30.973,1.062,0.552,0.023,56.1,23.6,0.1419388017485215
2018-08-21,3.89,6.961,1.145,1.396,27.087,1.787,0.704,0.725,30.976,1.062,0.552,0.023,55.74,23.602,0.14190231362467867
2018-08-22,3.89,6.962,1.145,1.396,27.09,1.787,0.704,0.725,30.98,1.062,0.552,0.023,55.48,23.605,0.14190231362467867
2018-08-23,3.89,6.962,1.144,1.396,27.094,1.788,0.703,0.725,30.984,1.062,0.552,0.023,55.81,23.608,0.14190231362467867
2018-08-24,3.891,6.962,1.144,1.397,27.097,1.788,0.703,0.725,30.987,1.062,0.552,0.023,55.96,23.61,0.14186584425597534
2018-08-27,3.891,6.962,1.144,1.397,27.101,1.789,0.703,0.725,30.991,1.061,0.553,0.023,55.69,23.613,0.14212284759701876
2018-08-28,3.891,6.963,1.144,1.397,27.104,1.789,0.702,0.725,30.995,1.061,0.553,0.023,56.43,23.616,0.14212284759701876
2018-08-29,3.891,6.963,1.144,1.397,27.107,1.79,0.702,0.725,30.999,1.061,0.553,0.023,56.16,23.619,0.14212284759701876
2018-08-30,3.892,6.963,1.144,1.398,27.111,1.79,0.702,0.725,31.002,1.061,0.553,0.023,56.12,23.621,0.1420863309352518
2018-08-31,3.892,6.964,1.144,1.398,27.114,1.791,0.702,0.725,31.006,1.061,0.553,0.023,56.61,23.624,0.1420863309352518
2018-09-04,3.892,6.964,1.144,1.398,27.118,1.791,0.701,0.724,31.01,1.061,0.553,0.023,56.24,23.627,0.1420863309352518
2018-09-05,3.893,6.964,1.144,1.399,27.121,1.792,0.701,0.724,31.013,1.061,0.553,0.023,56.42,23.629,0.14204983303365015
2018-09-06,3.893,6.965,1.144,1.399,27.124,1.792,0.701,0.724,31.017,1.06,0.554,0.023,57.07,23.632,0.1423067043411251
2018-09-07,3.893,6.965,1.144,1.399,27.128,1.792,0.7,0.724,31.021,1.06,0.554,0.023,56.2,23.635,0.1423067043411251
2018-09-10,3.894,6.965,1.143,1.4,27.131,1.793,0.7,0.724,31.024,1.06,0.554,0.023,56.32,23.637,0.14227015921931177
2018-09-11,3.894,6.966,1.143,1.4,27.135,1.793,0.7,0.724,31.028,1.06,0.554,0.023,57.0,23.64,0.14227015921931177
2018-09-12,3.894,6.966,1.143,1.4,27.138,1.794,0.7,0.724,31.032,1.06,0.554,0.023,57.2,23.643,0.14227015921931177
2018-09-13,3.894,6.966,1.143,1.4,27.141,1.794,0.699,0.724,31.036,1.06,0.554,0.023,57.29,23.646,0.14227015921931177
2018-09-14,3.895,6.967,1.143,1.401,27.145,1.795,0.699,0.724,31.039,1.06,0.554,0.023,56.45,23.648,0.14223363286264443
2018-09-17,3.895,6.967,1.143,1.401,27.148,1.795,0.699,0.724,31.043,1.059,0.555,0.023,56.74,23.651,0.14249037227214378
2018-09-18,3.895,6.967,1.143,1.401,27.151,1.796,0.699,0.724,31.047,1.059,0.555,0.023,56.11,23.654,0.14249037227214378
2018-09-19,3.896,6.967,1.143,1.402,27.155,1.796,0.698,0.724,31.05,1.059,0.555,0.023,55.61,23.656,0.14245379876796715
2018-09-20,3.896,6.968,1.143,1.402,27.158,1.797,0.698,0.724,31.054,1.059,0.555,0.023,55.71,23.659,0.14245379876796715
2018-09-21,3.896,6.968,1.143,1.402,27.162,1.797,0.698,0.723,31.058,1.059,0.555,0.023,55.82,23.662,0.14245379876796715
2018-09-24,3.897,6.968,1.142,1.403,27.165,1.798,0.697,0.723,31.061,1.059,0.555,0.023,54.64,23.664,0.14241724403387224
2018-09-25,3.897,6.969,1.142,1.403,27.168,1.798,0.697,0.723,31.065,1.059,0.555,0.023,54.74,23.667,0.14241724403387224
2018-09-26,3.897,6.969,1.142,1.403,27.172,1.799,0.697,0.723,31.069,1.058,0.556,0.023,54.22,23.67,0.14267385168078012
2018-09-27,3.897,6.969,1.142,1.403,27.175,1.799,0.697,0.723,31.073,1.058,0.556,0.023,54.27,23.673,0.14267385168078012
2018-09-28,3.898,6.97,1.142,1.404,27.179,1.8,0.696,0.723,31.076,1.058,0.556,0.023,54.67,23.675,0.1426372498717291
2018-09-30,3.898,6.97,1.142,1.404,27.182,1.8,0.696,0.723,31.08,1.058,0.556,0.023,54.68,23.678,0.1426372498717291
2018-10-01,3.896,6.972,1.143,1.405,27.177,1.808,0.693,0.724,31.074,1.059,0.558,0.023,54.69,23.672,0.14322381930184808
2018-10-02,3.895,6.973,1.144,1.406,27.173,1.816,0.69,0.725,31.067,1.06,0.561,0.023,54.51,23.666,0.14403080872913993
2018-10-03,3.893,6.975,1.145,1.407,27.168,1.824,0.687,0.725,31.061,1.061,0.563,0.023,53.6,23.66,0.1446185461083997
2018-10-04,3.892,6.977,1.146,1.408,27.163,1.832,0.684,0.726,31.055,1.062,0.566,0.023,52.35,23.654,0.14542651593011305
2018-10-05,3.89,6.979,1.147,1.409,27.159,1.84,0.682,0.727,31.049,1.062,0.568,0.023,53.03,23.648,0.1460154241645244
2018-10-08,3.888,6.98,1.148,1.41,27.154,1.848,0.679,0.728,31.042,1.063,0.571,0.023,54.16,23.643,0.14686213991769548
2018-10-09,3.887,6.982,1.149,1.41,27.149,1.856,0.676,0.729,31.036,1.064,0.573,0.023,54.22,23.637,0.14741445845124773
2018-10-10,3.885,6.984,1.15,1.411,27.145,1.863,0.673,0.729,31.03,1.065,0.576,0.024,53.45,23.631,0.14826254826254825
2018-10-11,3.884,6.986,1.151,1.412,27.14,1.871,0.67,0.73,31.024,1.066,0.578,0.024,52.76,23.625,0.14881565396498456
2018-10-12,3.882,6.987,1.152,1.413,27.135,1.879,0.667,0.731,31.017,1.067,0.581,0.024,53.0,23.619,0.14966512107161256
2018-10-15,3.88,6.989,1.154,1.414,27.131,1.887,0.664,0.732,31.011,1.068,0.583,0.024,52.95,23.613,0.15025773195876288
2018-10-16,3.879,6.991,1.155,1.415,27.126,1.895,0.661,0.733,31.005,1.069,0.586,0.024,53.9,23.607,0.1510698633668471
2018-10-17,3.877,6.993,1.156,1.416,27.122,1.903,0.658,0.734,30.999,1.07,0.588,0.024,53.49,23.601,0.15166365746711374
2018-10-18,3.876,6.994,1.157,1.417,27.117,1.911,0.656,0.734,30.992,1.07,0.591,0.024,53.6,23.595,0.1524767801857585
2018-10-19,3.874,6.996,1.158,1.418,27.112,1.919,0.653,0.735,30.986,1.071,0.593,0.024,54.11,23.589,0.15307176045431078
2018-10-22,3.872,6.998,1.159,1.419,27.108,1.927,0.65,0.736,30.98,1.072,0.596,0.024,53.22,23.584,0.15392561983471073
2018-10-23,3.871,7.0,1.16,1.42,27.103,1.935,0.647,0.737,30.974,1.073,0.598,0.024,53.47,23.578,0.15448204598295012
2018-10-24,3.869,7.001,1.161,1.421,27.098,1.943,0.644,0.738,30.967,1.074,0.601,0.024,53.88,23.572,0.15533729645903332
2018-10-25,3.868,7.003,1.162,1.421,27.094,1.951,0.641,0.738,30.961,1.075,0.603,0.024,55.99,23.566,0.15589451913133404
2018-10-26,3.866,7.005,1.163,1.422,27.089,1.959,0.638,0.739,30.955,1.076,0.606,0.024,55.66,23.56,0.15675116399379202
2018-10-29,3.864,7.007,1.164,1.423,27.084,1.967,0.635,0.74,30.949,1.077,0.608,0.024,56.0,23.554,0.15734989648033126
2018-10-30,3.863,7.008,1.165,1.424,27.08,1.975,0.632,0.741,30.942,1.078,0.611,0.024,58.13,23.548,0.15816722754336007
2018-10-31,3.861,7.01,1.166,1.425,27.075,1.983,0.63,0.742,30.936,1.078,0.613,0.024,56.82,23.542,0.15876715876715874
2018-11-01,3.86,7.012,1.167,1.426,27.07,1.99,0.627,0.742,30.93,1.079,0.616,0.024,56.24,23.536,0.15958549222797927
2018-11-02,3.858,7.014,1.168,1.427,27.066,1.998,0.624,0.743,30.924,1.08,0.618,0.024,55.86,23.53,0.16018662519440124
2018-11-05,3.856,7.015,1.169,1.428,27.061,2.006,0.621,0.744,30.917,1.081,0.621,0.024,56.71,23.524,0.16104771784232366
2018-11-06,3.855,7.017,1.17,1.429,27.056,2.014,0.618,0.745,30.911,1.082,0.623,0.024,56.86,23.519,0.1616083009079118
2018-11-07,3.853,7.019,1.171,1.43,27.052,2.022,0.615,0.746,30.905,1.083,0.626,0.024,57.98,23.513,0.16247080197248895
2018-11-08,3.852,7.021,1.172,1.431,27.047,2.03,0.612,0.746,30.899,1.084,0.628,0.024,57.99,23.507,0.16303219106957426
2018-11-09,3.85,7.022,1.173,1.432,27.042,2.038,0.609,0.747,30.892,1.085,0.631,0.024,58.42,23.501,0.1638961038961039
2018-11-12,3.848,7.024,1.174,1.433,27.038,2.046,0.606,0.748,30.886,1.086,0.633,0.024,58.19,23.495,0.1645010395010395
2018-11-13,3.847,7.026,1.176,1.433,27.033,2.054,0.604,0.749,30.88,1.086,0.636,0.024,58.48,23.489,0.16532362880166362
2018-11-14,3.845,7.028,1.177,1.434,27.029,2.062,0.601,0.75,30.874,1.087,0.638,0.024,58.02,23.483,0.1659297789336801
2018-11-15,3.843,7.029,1.178,1.435,27.024,2.07,0.598,0.751,30.867,1.088,0.641,0.024,56.48,23.477,0.1667967733541504
2018-11-16,3.842,7.031,1.179,1.436,27.019,2.078,0.595,0.751,30.861,1.089,0.643,0.024,57.3,23.471,0.16736074960957834
2018-11-19,3.84,7.033,1.18,1.437,27.015,2.086,0.592,0.752,30.855,1.09,0.646,0.024,57.84,23.465,0.16822916666666668
2018-11-20,3.839,7.035,1.181,1.438,27.01,2.094,0.589,0.753,30.849,1.091,0.648,0.024,56.71,23.46,0.16879395675957282
2018-11-21,3.837,7.036,1.182,1.439,27.005,2.102,0.586,0.754,30.842,1.092,0.651,0.024,56.67,23.454,0.16966379984362784
2018-11-23,3.835,7.038,1.183,1.44,27.001,2.11,0.583,0.755,30.836,1.093,0.653,0.024,56.49,23.448,0.17027379400260756
2018-11-26,3.834,7.04,1.184,1.441,26.996,2.117,0.58,0.755,30.83,1.094,0.656,0.025,55.96,23.442,0.17110067814293167
2018-11-27,3.832,7.042,1.185,1.442,26.991,2.125,0.578,0.756,30.824,1.094,0.658,0.025,56.27,23.436,0.17171189979123175
2018-11-28,3.831,7.043,1.186,1.443,26.987,2.133,0.575,0.757,30.817,1.095,0.661,0.025,57.06,23.43,0.17253980683894546
2018-11-29,3.829,7.045,1.187,1.444,26.982,2.141,0.572,0.758,30.811,1.096,0.663,0.025,57.16,23.424,0.17315225907547663
2018-11-30,3.827,7.047,1.188,1.445,26.977,2.149,0.569,0.759,30.805,1.097,0.666,0.025,57.49,23.418,0.1740266527305984
2018-12-03,3.826,7.049,1.189,1.445,26.973,2.157,0.566,0.759,30.799,1.098,0.668,0.025,57.88,23.412,0.174594877156299
2018-12-04,3.824,7.05,1.19,1.446,26.968,2.165,0.563,0.76,30.792,1.099,0.671,0.025,57.29,23.406,0.17547071129707115
2018-12-06,3.823,7.052,1.191,1.447,26.963,2.173,0.56,0.761,30.786,1.1,0.673,0.025,59.01,23.4,0.17603975935129482
2018-12-07,3.821,7.054,1.192,1.448,26.959,2.181,0.557,0.762,30.78,1.101,0.676,0.025,58.34,23.395,0.17691703742475792
2018-12-10,3.819,7.056,1.193,1.449,26.954,2.189,0.554,0.763,30.774,1.102,0.678,0.025,57.62,23.389,0.17753338570306365
2018-12-11,3.818,7.057,1.194,1.45,26.949,2.197,0.552,0.763,30.767,1.102,0.681,0.025,58.04,23.383,0.178365636458879
2018-12-12,3.816,7.059,1.195,1.451,26.945,2.205,0.549,0.764,30.761,1.103,0.683,0.025,56.51,23.377,0.17898322851153042
2018-12-13,3.815,7.061,1.196,1.452,26.94,2.213,0.546,0.765,30.755,1.104,0.686,0.025,56.99,23.371,0.1798165137614679
2018-12-14,3.813,7.063,1.198,1.453,26.936,2.221,0.543,0.766,30.749,1.105,0.688,0.025,56.56,23.365,0.18043535274062417
2018-12-17,3.811,7.064,1.199,1.454,26.931,2.229,0.54,0.767,30.742,1.106,0.691,0.025,54.18,23.359,0.18131723956966675
2018-12-18,3.81,7.066,1.2,1.455,26.926,2.237,0.537,0.768,30.736,1.107,0.693,0.025,54.18,23.353,0.18188976377952754
2018-12-19,3.808,7.068,1.201,1.456,26.922,2.244,0.534,0.768,30.73,1.108,0.696,0.025,53.24,23.347,0.18277310924369747
2018-12-20,3.807,7.07,1.202,1.456,26.917,2.252,0.531,0.769,30.724,1.109,0.698,0.025,52.04,23.341,0.1833464670344103
2018-12-21,3.805,7.071,1.203,1.457,26.912,2.26,0.528,0.77,30.717,1.11,0.701,0.025,51.05,23.336,0.18423127463863337
2018-12-24,3.803,7.073,1.204,1.458,26.908,2.268,0.526,0.771,30.711,1.11,0.703,0.025,49.74,23.33,0.18485406258217196
2018-12-26,3.802,7.075,1.205,1.459,26.903,2.276,0.523,0.772,30.705,1.111,0.706,0.025,51.6,23.324,0.18569174118884796
2018-12-27,3.8,7.077,1.206,1.46,26.898,2.284,0.52,0.772,30.699,1.112,0.708,0.025,51.81,23.318,0.1863157894736842
2018-12-28,3.799,7.078,1.207,1.461,26.894,2.292,0.517,0.773,30.692,1.113,0.711,0.025,52.05,23.312,0.18715451434588048
2018-12-31,3.797,7.08,1.208,1.462,26.889,2.3,0.514,0.774,30.686,1.114,0.713,0.025,52.01,23.306,0.187779826178562
2019-01-02,3.795,7.084,1.208,1.462,26.893,2.292,0.513,0.774,30.689,1.114,0.71,0.025,50.98,23.304,0.18708827404479578
2019-01-03,3.794,7.088,1.208,1.462,26.897,2.283,0.512,0.773,30.691,1.113,0.708,0.025,50.94,23.302,0.18661043753294673
2019-01-04,3.792,7.093,1.208,1.462,26.901,2.275,0.51,0.773,30.694,1.113,0.705,0.025,51.72,23.3,0.18591772151898733
2019-01-07,3.791,7.097,1.207,1.461,26.905,2.266,0.509,0.772,30.696,1.112,0.702,0.025,52.26,23.298,0.1851754154576629
2019-01-08,3.789,7.101,1.207,1.461,26.909,2.258,0.508,0.772,30.699,1.112,0.7,0.025,53.51,23.296,0.18474531538664554
2019-01-09,3.788,7.105,1.207,1.461,26.913,2.25,0.507,0.771,30.701,1.111,0.697,0.025,53.58,23.294,0.18400211193241817
2019-01-10,3.786,7.109,1.207,1.461,26.918,2.241,0.505,0.771,30.704,1.111,0.694,0.025,53.56,23.292,0.18330692023243528
2019-01-11,3.784,7.114,1.207,1.461,26.922,2.233,0.504,0.77,30.706,1.11,0.692,0.025,53.25,23.291,0.1828752642706131
2019-01-14,3.783,7.118,1.207,1.461,26.926,2.225,0.503,0.77,30.709,1.11,0.689,0.025,52.75,23.289,0.18213058419243985
2019-01-15,3.781,7.122,1.206,1.461,26.93,2.216,0.502,0.769,30.711,1.109,0.686,0.025,52.91,23.287,0.1814334832055012
2019-01-16,3.78,7.126,1.206,1.46,26.934,2.208,0.5,0.769,30.714,1.109,0.684,0.025,53.42,23.285,0.18095238095238098
2019-01-17,3.778,7.13,1.206,1.46,26.938,2.199,0.499,0.768,30.716,1.108,0.681,0.025,53.54,23.283,0.18025410269984118
2019-01-18,3.777,7.135,1.206,1.46,26.942,2.191,0.498,0.768,30.719,1.108,0.678,0.025,53.75,23.281,0.1795075456711676
2019-01-22,3.775,7.139,1.206,1.46,26.946,2.183,0.497,0.767,30.721,1.107,0.676,0.025,53.53,23.279,0.17907284768211923
2019-01-23,3.774,7.143,1.206,1.46,26.95,2.174,0.495,0.767,30.724,1.107,0.673,0.025,53.81,23.277,0.17832538420773716
2019-01-24,3.772,7.147,1.205,1.46,26.954,2.166,0.494,0.767,30.726,1.107,0.67,0.025,54.15,23.275,0.17762460233297986
2019-01-25,3.77,7.151,1.205,1.46,26.958,2.157,0.493,0.766,30.729,1.106,0.668,0.025,54.72,23.273,0.17718832891246686
2019-01-28,3.769,7.155,1.205,1.459,26.962,2.149,0.492,0.766,30.731,1.106,0.665,0.025,55.15,23.271,0.17643937383921465
2019-01-29,3.767,7.16,1.205,1.459,26.967,2.141,0.49,0.765,30.734,1.105,0.662,0.025,55.37,23.269,0.17573666047252456
2019-01-30,3.766,7.164,1.205,1.459,26.971,2.132,0.489,0.765,30.736,1.105,0.66,0.025,56.0,23.267,0.17525225703664365
2019-01-31,3.764,7.168,1.205,1.459,26.975,2.124,0.488,0.764,30.739,1.104,0.657,0.025,56.27,23.265,0.17454835281615305
2019-02-01,3.763,7.172,1.204,1.459,26.979,2.115,0.487,0.764,30.741,1.104,0.654,0.025,55.37,23.263,0.17379750199309063
2019-02-04,3.761,7.176,1.204,1.459,26.983,2.107,0.485,0.763,30.744,1.103,0.652,0.025,56.19,23.261,0.17335814942834352
2019-02-05,3.759,7.181,1.204,1.459,26.987,2.099,0.484,0.763,30.746,1.103,0.649,0.025,56.85,23.26,0.17265230114392127
2019-02-06,3.758,7.185,1.204,1.458,26.991,2.09,0.483,0.762,30.749,1.102,0.646,0.025,56.81,23.258,0.17189994678020223
2019-02-07,3.756,7.189,1.204,1.458,26.995,2.082,0.482,0.762,30.751,1.102,0.644,0.025,57.42,23.256,0.1714589989350373
2019-02-08,3.755,7.193,1.204,1.458,26.999,2.074,0.48,0.761,30.754,1.101,0.641,0.025,56.88,23.254,0.17070572569906792
2019-02-11,3.753,7.197,1.203,1.458,27.003,2.065,0.479,0.761,30.756,1.101,0.638,0.025,57.25,23.252,0.16999733546496137
2019-02-12,3.752,7.202,1.203,1.458,27.007,2.057,0.478,0.76,30.759,1.1,0.636,0.025,57.04,23.25,0.16950959488272924
2019-02-13,3.75,7.206,1.203,1.458,27.011,2.048,0.477,0.76,30.761,1.1,0.633,0.025,56.85,23.248,0.1688
2019-02-14,3.748,7.21,1.203,1.458,27.016,2.04,0.476,0.76,30.764,1.1,0.631,0.025,56.78,23.246,0.1683564567769477
2019-02-15,3.747,7.214,1.203,1.457,27.02,2.032,0.474,0.759,30.767,1.099,0.628,0.025,56.65,23.244,0.16760074726447827
2019-02-19,3.745,7.218,1.203,1.457,27.024,2.023,0.473,0.759,30.769,1.099,0.625,0.025,56.31,23.242,0.16688918558077437
2019-02-20,3.744,7.223,1.203,1.457,27.028,2.015,0.472,0.758,30.772,1.098,0.623,0.025,55.38,23.24,0.16639957264957264
2019-02-21,3.742,7.227,1.202,1.457,27.032,2.006,0.471,0.758,30.774,1.098,0.62,0.025,56.28,23.238,0.16568679850347406
2019-02-22,3.741,7.231,1.202,1.457,27.036,1.998,0.469,0.757,30.777,1.097,0.617,0.025,56.74,23.236,0.16492916332531407
2019-02-25,3.739,7.235,1.202,1.457,27.04,1.99,0.468,0.757,30.779,1.097,0.615,0.025,56.64,23.234,0.16448248194704468
2019-02-26,3.738,7.239,1.202,1.456,27.044,1.981,0.467,0.756,30.782,1.096,0.612,0.025,56.63,23.232,0.1637239165329053
2019-02-27,3.736,7.244,1.202,1.456,27.048,1.973,0.466,0.756,30.784,1.096,0.609,0.025,56.0,23.231,0.1630085653104925
2019-02-28,3.734,7.248,1.202,1.456,27.052,1.965,0.464,0.755,30.787,1.095,0.607,0.025,55.97,23.229,0.16256025709694696
2019-03-01,3.733,7.252,1.201,1.456,27.056,1.956,0.463,0.755,30.789,1.095,0.604,0.025,54.25,23.227,0.16180016072863648
2019-03-04,3.731,7.256,1.201,1.456,27.06,1.948,0.462,0.754,30.792,1.094,0.601,0.024,54.17,23.225,0.161082819619405
2019-03-05,3.73,7.26,1.201,1.456,27.064,1.939,0.461,0.754,30.794,1.094,0.599,0.024,54.5,23.223,0.16058981233243969
2019-03-06,3.728,7.265,1.201,1.456,27.069,1.931,0.459,0.753,30.797,1.093,0.596,0.024,54.5,23.221,0.15987124463519312
2019-03-07,3.727,7.269,1.201,1.455,27.073,1.923,0.458,0.753,30.799,1.093,0.593,0.024,54.19,23.219,0.15910920311242285
2019-03-08,3.725,7.273,1.201,1.455,27.077,1.914,0.457,0.752,30.802,1.092,0.591,0.024,53.83,23.217,0.15865771812080537
2019-03-11,3.723,7.277,1.2,1.455,27.081,1.906,0.456,0.752,30.804,1.092,0.588,0.024,54.34,23.215,0.1579371474617244
2019-03-12,3.722,7.281,1.2,1.455,27.085,1.897,0.454,0.752,30.807,1.092,0.585,0.024,54.97,23.213,0.15717356260075227
2019-03-13,3.72,7.285,1.2,1.455,27.089,1.889,0.453,0.751,30.809,1.091,0.583,0.024,55.04,23.211,0.15672043010752687
2019-03-14,3.719,7.29,1.2,1.455,27.093,1.881,0.452,0.751,30.812,1.091,0.58,0.024,55.55,23.209,0.15595590212422694
2019-03-15,3.717,7.294,1.2,1.455,27.097,1.872,0.451,0.75,30.814,1.09,0.577,0.024,54.41,23.207,0.15523271455474844
2019-03-18,3.716,7.298,1.2,1.454,27.101,1.864,0.449,0.75,30.817,1.09,0.575,0.024,53.86,23.205,0.15473627556512376
2019-03-19,3.714,7.302,1.199,1.454,27.105,1.855,0.448,0.749,30.819,1.089,0.572,0.024,53.58,23.203,0.15401184706515886
2019-03-20,3.713,7.306,1.199,1.454,27.109,1.847,0.447,0.749,30.822,1.089,0.569,0.024,53.74,23.201,0.15324535416105572
2019-03-21,3.711,7.311,1.199,1.454,27.113,1.839,0.446,0.748,30.824,1.088,0.567,0.024,55.05,23.2,0.15278900565885206
2019-03-22,3.709,7.315,1.199,1.454,27.118,1.83,0.444,0.748,30.827,1.088,0.564,0.024,54.87,23.198,0.15206255055270962
2019-03-25,3.708,7.319,1.199,1.454,27.122,1.822,0.443,0.747,30.829,1.087,0.561,0.024,54.99,23.196,0.15129449838187703
2019-03-26,3.706,7.323,1.199,1.454,27.126,1.814,0.442,0.747,30.832,1.087,0.559,0.024,56.0,23.194,0.15083648138154346
2019-03-27,3.705,7.327,1.198,1.453,27.13,1.805,0.441,0.746,30.834,1.086,0.556,0.024,55.96,23.192,0.15006747638326587
2019-03-28,3.703,7.332,1.198,1.453,27.134,1.797,0.439,0.746,30.837,1.086,0.553,0.024,56.65,23.19,0.14933837429111532
2019-03-29,3.702,7.336,1.198,1.453,27.138,1.788,0.438,0.745,30.839,1.085,0.551,0.024,56.3,23.188,0.14883846569421935
2019-03-31,3.7,7.34,1.198,1.453,27.142,1.78,0.437,0.745,30.842,1.085,0.548,0.024,56.385,23.186,0.14810810810810812
2019-04-01,3.695,7.352,1.197,1.452,27.146,1.777,0.438,0.744,30.84,1.084,0.547,0.024,56.47,23.188,0.14803788903924223
2019-04-02,3.69,7.365,1.197,1.451,27.149,1.774,0.438,0.743,30.839,1.084,0.546,0.024,56.58,23.19,0.14796747967479676
2019-04-03,3.684,7.377,1.196,1.45,27.153,1.772,0.439,0.742,30.837,1.083,0.546,0.024,56.48,23.193,0.1482084690553746
2019-04-04,3.679,7.39,1.195,1.45,27.156,1.769,0.44,0.741,30.835,1.083,0.545,0.024,56.76,23.195,0.14813808100027184
2019-04-05,3.674,7.402,1.194,1.449,27.16,1.766,0.44,0.74,30.833,1.082,0.544,0.024,57.05,23.197,0.14806750136091454
2019-04-08,3.669,7.415,1.194,1.448,27.163,1.763,0.441,0.739,30.832,1.082,0.543,0.024,56.64,23.199,0.14799672935404742
2019-04-09,3.663,7.428,1.193,1.447,27.167,1.76,0.442,0.738,30.83,1.081,0.542,0.024,56.36,23.201,0.147966147966148
2019-04-10,3.658,7.44,1.192,1.446,27.17,1.758,0.442,0.737,30.828,1.081,0.541,0.024,57.09,23.203,0.14789502460360854
2019-04-11,3.653,7.452,1.192,1.445,27.174,1.755,0.443,0.736,30.827,1.08,0.541,0.024,56.87,23.206,0.1480974541472762
2019-04-12,3.648,7.465,1.191,1.444,27.177,1.752,0.444,0.735,30.825,1.08,0.54,0.024,57.27,23.208,0.1480263157894737
2019-04-15,3.642,7.478,1.19,1.443,27.181,1.749,0.444,0.734,30.823,1.079,0.539,0.024,56.96,23.21,0.14799560680944537
2019-04-16,3.637,7.49,1.19,1.443,27.185,1.746,0.445,0.733,30.822,1.079,0.538,0.024,54.67,23.212,0.147924113280176
2019-04-17,3.632,7.502,1.189,1.442,27.188,1.743,0.446,0.732,30.82,1.078,0.537,0.024,54.78,23.214,0.14785242290748898
2019-04-18,3.626,7.515,1.188,1.441,27.192,1.741,0.446,0.731,30.818,1.078,0.536,0.024,54.97,23.216,0.14782129067843355
2019-04-22,3.621,7.528,1.187,1.44,27.195,1.738,0.447,0.73,30.816,1.077,0.536,0.024,53.63,23.219,0.148025407346037
2019-04-23,3.616,7.54,1.187,1.439,27.199,1.735,0.448,0.729,30.815,1.077,0.535,0.024,54.52,23.221,0.14795353982300885
2019-04-24,3.611,7.552,1.186,1.438,27.202,1.732,0.448,0.728,30.813,1.076,0.534,0.024,55.0,23.223,0.1478814732761008
2019-04-25,3.606,7.565,1.185,1.437,27.206,1.729,0.449,0.727,30.811,1.076,0.533,0.024,54.9,23.225,0.14780920687742652
2019-04-26,3.6,7.578,1.185,1.436,27.209,1.727,0.45,0.726,30.81,1.075,0.532,0.024,55.14,23.227,0.14777777777777779
2019-04-29,3.595,7.59,1.184,1.436,27.213,1.724,0.45,0.725,30.808,1.075,0.531,0.024,54.26,23.229,0.14770514603616133
2019-04-30,3.59,7.602,1.183,1.435,27.216,1.721,0.451,0.724,30.806,1.074,0.531,0.024,53.62,23.232,0.14791086350974933
2019-05-01,3.585,7.615,1.183,1.434,27.22,1.718,0.452,0.723,30.805,1.074,0.53,0.023,54.87,23.234,0.14783821478382148
2019-05-02,3.579,7.628,1.182,1.433,27.224,1.715,0.452,0.722,30.803,1.073,0.529,0.023,54.89,23.236,0.14780664990220732
2019-05-03,3.574,7.64,1.181,1.432,27.227,1.713,0.453,0.721,30.801,1.073,0.528,0.023,55.39,23.238,0.14773363178511473
2019-05-06,3.569,7.652,1.18,1.431,27.231,1.71,0.454,0.72,30.799,1.072,0.527,0.023,54.98,23.24,0.14766040907817315
2019-05-07,3.564,7.665,1.18,1.43,27.234,1.707,0.454,0.719,30.798,1.072,0.526,0.023,53.72,23.242,0.14758698092031425
2019-05-08,3.558,7.678,1.179,1.429,27.238,1.704,0.455,0.718,30.796,1.071,0.526,0.023,53.36,23.245,0.14783586284429456
2019-05-09,3.553,7.69,1.178,1.428,27.241,1.701,0.456,0.717,30.794,1.071,0.525,0.023,53.64,23.247,0.14776245426400225
2019-05-10,3.548,7.703,1.178,1.428,27.245,1.698,0.456,0.716,30.793,1.07,0.524,0.023,54.09,23.249,0.14768883878241262
2019-05-13,3.542,7.715,1.177,1.427,27.248,1.696,0.457,0.715,30.791,1.07,0.523,0.023,54.02,23.251,0.14765669113495203
2019-05-14,3.537,7.728,1.176,1.426,27.252,1.693,0.458,0.714,30.789,1.069,0.522,0.023,54.41,23.253,0.14758269720101783
2019-05-15,3.532,7.74,1.176,1.425,27.255,1.69,0.458,0.713,30.788,1.068,0.522,0.023,54.64,23.255,0.1477916194790487
2019-05-16,3.527,7.752,1.175,1.424,27.259,1.687,0.459,0.712,30.786,1.068,0.521,0.023,54.12,23.258,0.1477176070314715
2019-05-17,3.522,7.765,1.174,1.423,27.263,1.684,0.46,0.711,30.784,1.067,0.52,0.023,53.86,23.26,0.14764338444065872
2019-05-20,3.516,7.778,1.173,1.422,27.266,1.682,0.461,0.71,30.782,1.067,0.519,0.023,52.65,23.262,0.1476109215017065
2019-05-21,3.511,7.79,1.173,1.422,27.27,1.679,0.461,0.709,30.781,1.066,0.518,0.023,53.34,23.264,0.14753631444033039
2019-05-22,3.506,7.802,1.172,1.421,27.273,1.676,0.462,0.708,30.779,1.066,0.517,0.023,53.0,23.266,0.14746149458071878
2019-05-23,3.5,7.815,1.171,1.42,27.277,1.673,0.463,0.707,30.777,1.065,0.517,0.023,52.94,23.269,0.14771428571428571
2019-05-24,3.495,7.828,1.171,1.419,27.28,1.67,0.463,0.706,30.776,1.065,0.516,0.023,52.89,23.271,0.14763948497854076
2019-05-28,3.49,7.84,1.17,1.418,27.284,1.668,0.464,0.705,30.774,1.064,0.515,0.023,51.89,23.273,0.1475644699140401
2019-05-29,3.485,7.852,1.169,1.417,27.287,1.665,0.465,0.704,30.772,1.064,0.514,0.023,50.62,23.275,0.14748923959827834
2019-05-30,3.48,7.865,1.168,1.416,27.291,1.662,0.465,0.703,30.77,1.063,0.513,0.023,50.34,23.277,0.1474137931034483
2019-05-31,3.474,7.878,1.168,1.415,27.295,1.659,0.466,0.702,30.769,1.063,0.512,0.023,50.04,23.279,0.14738054116292457
2019-06-03,3.469,7.89,1.167,1.414,27.298,1.656,0.467,0.701,30.767,1.062,0.512,0.023,49.91,23.282,0.14759296627270108
2019-06-04,3.464,7.903,1.166,1.414,27.302,1.653,0.467,0.7,30.765,1.062,0.511,0.023,50.04,23.284,0.1475173210161663
2019-06-05,3.458,7.915,1.166,1.413,27.305,1.651,0.468,0.699,30.764,1.061,0.51,0.023,50.92,23.286,0.1474840948525159
2019-06-06,3.453,7.928,1.165,1.412,27.309,1.648,0.469,0.698,30.762,1.061,0.509,0.023,50.51,23.288,0.14740805097017087
2019-06-07,3.448,7.94,1.164,1.411,27.312,1.645,0.469,0.697,30.76,1.06,0.508,0.023,50.44,23.29,0.14733178654292345
2019-06-10,3.443,7.953,1.164,1.41,27.316,1.642,0.47,0.696,30.759,1.06,0.507,0.023,49.82,23.292,0.1472553006099332
2019-06-11,3.438,7.965,1.163,1.409,27.319,1.639,0.471,0.695,30.757,1.059,0.507,0.023,50.22,23.295,0.1474694589877836
2019-06-12,3.432,7.978,1.162,1.408,27.323,1.637,0.471,0.694,30.755,1.059,0.506,0.023,50.18,23.297,0.14743589743589744
2019-06-13,3.427,7.99,1.161,1.408,27.326,1.634,0.472,0.693,30.753,1.058,0.505,0.023,50.57,23.299,0.14735920630288882
2019-06-14,3.422,8.003,1.161,1.407,27.33,1.631,0.473,0.692,30.752,1.058,0.504,0.023,50.29,23.301,0.1472822910578609
2019-06-17,3.416,8.015,1.16,1.406,27.334,1.628,0.473,0.691,30.75,1.057,0.503,0.022,51.41,23.303,0.14724824355971897
2019-06-18,3.411,8.028,1.159,1.405,27.337,1.625,0.474,0.69,30.748,1.057,0.502,0.022,51.29,23.305,0.14717091761946643
2019-06-19,3.406,8.04,1.159,1.404,27.341,1.622,0.475,0.689,30.747,1.056,0.502,0.022,51.02,23.308,0.1473869641808573
2019-06-20,3.401,8.052,1.158,1.403,27.344,1.62,0.475,0.688,30.745,1.056,0.501,0.022,50.89,23.31,0.14730961481917085
2019-06-21,3.395,8.065,1.157,1.402,27.348,1.617,0.476,0.687,30.743,1.055,0.5,0.022,50.66,23.312,0.14727540500736377
2019-06-24,3.39,8.078,1.157,1.401,27.351,1.614,0.477,0.686,30.742,1.055,0.499,0.022,50.02,23.314,0.1471976401179941
2019-06-25,3.385,8.09,1.156,1.4,27.355,1.611,0.477,0.685,30.74,1.054,0.498,0.022,49.85,23.316,0.14711964549483014
2019-06-26,3.38,8.103,1.155,1.4,27.358,1.608,0.478,0.684,30.738,1.054,0.497,0.022,49.17,23.318,0.1470414201183432
2019-06-27,3.374,8.115,1.154,1.399,27.362,1.606,0.479,0.683,30.736,1.053,0.497,0.022,49.37,23.321,0.14730290456431536
2019-06-28,3.369,8.128,1.154,1.398,27.365,1.603,0.479,0.682,30.735,1.053,0.496,0.022,49.32,23.323,0.14722469575541702
2019-06-30,3.364,8.14,1.153,1.397,27.369,1.6,0.48,0.681,30.733,1.052,0.495,0.022,49.035,23.325,0.14714625445897742
2019-07-01,3.36,8.169,1.153,1.397,27.422,1.603,0.529,0.681,30.782,1.052,0.496,0.022,48.75,23.377,0.14761904761904762
2019-07-02,3.355,8.198,1.153,1.398,27.475,1.605,0.579,0.682,30.83,1.052,0.497,0.022,49.76,23.429,0.1481371087928465
2019-07-03,3.351,8.227,1.153,1.398,27.528,1.608,0.628,0.682,30.879,1.052,0.497,0.022,50.71,23.481,0.14831393613846613
2019-07-05,3.346,8.256,1.153,1.398,27.581,1.611,0.678,0.682,30.927,1.052,0.498,0.022,50.07,23.532,0.1488344291691572
2019-07-08,3.342,8.285,1.153,1.399,27.634,1.613,0.727,0.683,30.976,1.052,0.499,0.022,50.48,23.584,0.14931178934769598
2019-07-09,3.337,8.313,1.153,1.399,27.687,1.616,0.777,0.683,31.025,1.052,0.5,0.022,50.56,23.636,0.14983518130056936
2019-07-10,3.333,8.342,1.153,1.399,27.74,1.619,0.826,0.684,31.073,1.052,0.5,0.022,50.36,23.688,0.15001500150015
2019-07-11,3.328,8.371,1.153,1.4,27.793,1.621,0.876,0.684,31.122,1.052,0.501,0.022,49.95,23.74,0.1505408653846154
2019-07-12,3.324,8.4,1.153,1.4,27.846,1.624,0.925,0.684,31.17,1.052,0.502,0.022,49.86,23.792,0.1510228640192539
2019-07-15,3.32,8.429,1.153,1.4,27.899,1.627,0.975,0.685,31.219,1.052,0.503,0.022,49.96,23.844,0.15150602409638556
2019-07-16,3.315,8.458,1.153,1.4,27.953,1.629,1.024,0.685,31.268,1.051,0.503,0.022,49.78,23.895,0.1517345399698341
2019-07-17,3.311,8.487,1.153,1.401,28.006,1.632,1.074,0.686,31.316,1.051,0.504,0.022,49.21,23.947,0.1522198731501057
2019-07-18,3.306,8.516,1.153,1.401,28.059,1.635,1.123,0.686,31.365,1.051,0.505,0.022,48.98,23.999,0.15275257108287962
2019-07-19,3.302,8.545,1.153,1.401,28.112,1.637,1.173,0.686,31.414,1.051,0.506,0.022,48.07,24.051,0.1532404603270745
2019-07-22,3.297,8.574,1.153,1.402,28.165,1.64,1.222,0.687,31.462,1.051,0.506,0.022,47.67,24.103,0.15347285410979677
2019-07-23,3.293,8.603,1.153,1.402,28.218,1.642,1.272,0.687,31.511,1.051,0.507,0.022,48.63,24.155,0.1539629517157607
2019-07-24,3.289,8.631,1.153,1.402,28.271,1.645,1.321,0.687,31.559,1.051,0.508,0.022,48.91,24.207,0.15445424141076314
2019-07-25,3.284,8.66,1.153,1.403,28.324,1.648,1.371,0.688,31.608,1.051,0.509,0.022,48.65,24.258,0.15499390986601708
2019-07-26,3.28,8.689,1.153,1.403,28.377,1.65,1.42,0.688,31.657,1.051,0.51,0.022,48.65,24.31,0.15548780487804878
2019-07-29,3.275,8.718,1.153,1.403,28.43,1.653,1.47,0.688,31.705,1.051,0.51,0.022,49.05,24.362,0.15572519083969466
2019-07-30,3.271,8.747,1.153,1.404,28.483,1.656,1.519,0.689,31.754,1.051,0.511,0.022,49.23,24.414,0.15622133904004892
2019-07-31,3.266,8.776,1.153,1.404,28.536,1.658,1.569,0.689,31.802,1.051,0.512,0.022,49.84,24.466,0.15676668707899571
2019-08-01,3.262,8.805,1.153,1.404,28.589,1.661,1.618,0.69,31.851,1.051,0.513,0.022,48.39,24.518,0.15726548129981607
2019-08-02,3.258,8.834,1.153,1.404,28.642,1.664,1.668,0.69,31.9,1.051,0.513,0.022,48.93,24.57,0.15745856353591162
2019-08-05,3.253,8.863,1.153,1.405,28.695,1.666,1.717,0.69,31.948,1.051,0.514,0.022,47.55,24.621,0.1580079926221949
2019-08-06,3.249,8.892,1.153,1.405,28.748,1.669,1.767,0.691,31.997,1.051,0.515,0.022,47.15,24.673,0.1585103108648815
2019-08-07,3.244,8.92,1.153,1.405,28.801,1.672,1.816,0.691,32.045,1.051,0.516,0.022,47.17,24.725,0.15906288532675708
2019-08-08,3.24,8.949,1.153,1.406,28.854,1.674,1.866,0.692,32.094,1.051,0.516,0.022,47.67,24.777,0.15925925925925924
2019-08-09,3.235,8.978,1.153,1.406,28.907,1.677,1.915,0.692,32.143,1.051,0.517,0.022,47.61,24.829,0.1598145285935085
2019-08-12,3.231,9.007,1.153,1.406,28.96,1.68,1.965,0.692,32.191,1.051,0.518,0.022,47.03,24.881,0.16032188177034976
2019-08-13,3.226,9.036,1.153,1.407,29.013,1.682,2.014,0.693,32.24,1.051,0.519,0.022,47.74,24.933,0.16088034717916927
2019-08-14,3.222,9.065,1.153,1.407,29.066,1.685,2.064,0.693,32.288,1.05,0.52,0.021,46.74,24.984,0.16139044072004965
2019-08-15,3.218,9.094,1.153,1.407,29.12,1.688,2.113,0.693,32.337,1.05,0.52,0.021,45.44,25.036,0.16159105034182722
2019-08-16,3.213,9.123,1.153,1.408,29.173,1.69,2.162,0.694,32.386,1.05,0.521,0.021,45.66,25.088,0.1621537503890445
2019-08-19,3.209,9.152,1.153,1.408,29.226,1.693,2.212,0.694,32.434,1.05,0.522,0.021,46.08,25.14,0.16266749766282332
2019-08-20,3.204,9.181,1.153,1.408,29.279,1.696,2.261,0.694,32.483,1.05,0.523,0.021,45.33,25.192,0.1632334581772784
2019-08-21,3.2,9.21,1.153,1.409,29.332,1.698,2.311,0.695,32.532,1.05,0.523,0.021,45.29,25.244,0.16343749999999999
2019-08-22,3.195,9.238,1.153,1.409,29.385,1.701,2.36,0.695,32.58,1.05,0.524,0.021,45.69,25.296,0.1640062597809077
2019-08-23,3.191,9.267,1.153,1.409,29.438,1.704,2.41,0.696,32.629,1.05,0.525,0.021,44.87,25.348,0.16452522720150425
2019-08-26,3.186,9.296,1.153,1.41,29.491,1.706,2.459,0.696,32.677,1.05,0.526,0.021,45.16,25.399,0.16509730069052103
2019-08-27,3.182,9.325,1.153,1.41,29.544,1.709,2.509,0.696,32.726,1.05,0.526,0.021,44.7,25.451,0.1653048397234444
2019-08-28,3.178,9.354,1.153,1.41,29.597,1.712,2.558,0.697,32.775,1.05,0.527,0.021,45.03,25.503,0.1658275645059786
2019-08-29,3.173,9.383,1.153,1.41,29.65,1.714,2.608,0.697,32.823,1.05,0.528,0.021,45.54,25.555,0.16640403403718879
2019-08-30,3.169,9.412,1.153,1.411,29.703,1.717,2.657,0.698,32.872,1.05,0.529,0.021,45.77,25.607,0.1669296307983591
2019-09-03,3.164,9.441,1.153,1.411,29.756,1.72,2.707,0.698,32.92,1.05,0.529,0.021,45.94,25.659,0.16719342604298357
2019-09-04,3.16,9.47,1.153,1.411,29.809,1.722,2.756,0.698,32.969,1.05,0.53,0.021,46.14,25.711,0.16772151898734178
2019-09-05,3.155,9.499,1.153,1.412,29.862,1.725,2.806,0.699,33.018,1.05,0.531,0.021,46.11,25.762,0.1683042789223455
2019-09-06,3.151,9.528,1.153,1.412,29.915,1.728,2.855,0.699,33.066,1.05,0.532,0.021,46.48,25.814,0.1688352903840051
2019-09-09,3.147,9.556,1.153,1.412,29.968,1.73,2.905,0.699,33.115,1.05,0.533,0.021,48.61,25.866,0.1693676517318081
2019-09-10,3.142,9.585,1.153,1.413,30.021,1.733,2.954,0.7,33.163,1.05,0.533,0.021,49.54,25.918,0.16963717377466583
2019-09-11,3.138,9.614,1.153,1.413,30.074,1.735,3.004,0.7,33.212,1.05,0.534,0.021,48.51,25.97,0.17017208413001914
2019-09-12,3.133,9.643,1.153,1.413,30.127,1.738,3.053,0.7,33.261,1.05,0.535,0.021,47.71,26.022,0.17076284711139483
2019-09-13,3.129,9.672,1.153,1.414,30.18,1.741,3.103,0.701,33.309,1.05,0.536,0.021,47.3,26.074,0.17130073505912433
2019-09-16,3.124,9.701,1.153,1.414,30.234,1.743,3.152,0.701,33.358,1.049,0.536,0.021,47.44,26.125,0.17157490396927016
2019-09-17,3.12,9.73,1.153,1.414,30.287,1.746,3.202,0.702,33.407,1.049,0.537,0.021,47.37,26.177,0.17211538461538461
2019-09-18,3.116,9.759,1.153,1.414,30.34,1.749,3.251,0.702,33.455,1.049,0.538,0.021,47.88,26.229,0.17265725288831837
2019-09-19,3.111,9.788,1.153,1.415,30.393,1.751,3.301,0.702,33.504,1.049,0.539,0.021,47.51,26.281,0.17325618772099002
2019-09-20,3.107,9.817,1.153,1.415,30.446,1.754,3.35,0.703,33.552,1.049,0.539,0.021,47.64,26.333,0.1734792404248471
2019-09-23,3.102,9.845,1.153,1.415,30.499,1.757,3.4,0.703,33.601,1.049,0.54,0.021,47.61,26.385,0.17408123791102517
2019-09-24,3.098,9.874,1.153,1.416,30.552,1.759,3.449,0.704,33.65,1.049,0.541,0.021,47.32,26.437,0.17462879276952875
2019-09-25,3.093,9.903,1.153,1.416,30.605,1.762,3.499,0.704,33.698,1.049,0.542,0.021,47.25,26.488,0.1752344002586486
2019-09-26,3.089,9.932,1.153,1.416,30.658,1.765,3.548,0.704,33.747,1.049,0.542,0.021,47.82,26.54,0.17546131434121076
2019-09-27,3.084,9.961,1.153,1.417,30.711,1.767,3.598,0.705,33.795,1.049,0.543,0.021,48.54,26.592,0.17607003891050585
2019-09-30,3.08,9.99,1.153,1.417,30.764,1.77,3.647,0.705,33.844,1.049,0.544,0.021,47.83,26.644,0.17662337662337663
2019-10-01,3.077,9.986,1.154,1.418,30.726,1.768,3.6,0.706,33.803,1.05,0.543,0.021,46.92,26.605,0.17647058823529413
2019-10-02,3.075,9.982,1.155,1.419,30.688,1.767,3.554,0.707,33.762,1.051,0.543,0.021,45.94,26.566,0.17658536585365853
2019-10-03,3.072,9.978,1.157,1.42,30.649,1.765,3.507,0.709,33.722,1.052,0.542,0.021,45.42,26.528,0.17643229166666669
2019-10-04,3.069,9.974,1.158,1.422,30.611,1.763,3.461,0.71,33.681,1.053,0.542,0.021,45.58,26.489,0.17660475724991856
2019-10-07,3.067,9.97,1.159,1.423,30.573,1.761,3.414,0.711,33.64,1.055,0.541,0.021,45.64,26.45,0.17639387023149658
2019-10-08,3.064,9.966,1.16,1.424,30.535,1.76,3.368,0.712,33.599,1.056,0.541,0.021,44.92,26.411,0.17656657963446476
2019-10-09,3.062,9.962,1.161,1.425,30.497,1.758,3.321,0.713,33.558,1.057,0.54,0.021,44.95,26.373,0.17635532331809278
2019-10-10,3.059,9.958,1.163,1.426,30.458,1.756,3.275,0.715,33.518,1.058,0.54,0.021,45.33,26.334,0.17652827721477607
2019-10-11,3.056,9.953,1.164,1.427,30.42,1.755,3.228,0.716,33.477,1.059,0.539,0.021,45.76,26.295,0.17637434554973822
2019-10-14,3.054,9.949,1.165,1.428,30.382,1.753,3.182,0.717,33.436,1.06,0.539,0.021,45.78,26.256,0.1764898493778651
2019-10-15,3.051,9.945,1.166,1.429,30.344,1.751,3.135,0.718,33.395,1.061,0.538,0.022,45.85,26.218,0.1763356276630613
2019-10-16,3.048,9.941,1.167,1.43,30.306,1.749,3.089,0.719,33.354,1.062,0.538,0.022,45.8,26.179,0.17650918635170604
2019-10-17,3.046,9.937,1.169,1.432,30.268,1.748,3.042,0.721,33.313,1.064,0.537,0.022,45.83,26.14,0.1762967826657912
2019-10-18,3.043,9.933,1.17,1.433,30.229,1.746,2.996,0.722,33.273,1.065,0.537,0.022,46.17,26.101,0.17647058823529413
2019-10-21,3.04,9.929,1.171,1.434,30.191,1.744,2.949,0.723,33.232,1.066,0.536,0.022,47.17,26.063,0.17631578947368423
2019-10-22,3.038,9.925,1.172,1.435,30.153,1.742,2.902,0.724,33.191,1.067,0.536,0.022,47.58,26.024,0.17643186306780778
2019-10-23,3.035,9.921,1.173,1.436,30.115,1.741,2.856,0.725,33.15,1.068,0.535,0.022,47.64,25.985,0.17627677100494235
2019-10-24,3.032,9.917,1.175,1.437,30.077,1.739,2.809,0.727,33.109,1.069,0.534,0.022,47.56,25.946,0.17612137203166228
2019-10-25,3.03,9.913,1.176,1.438,30.038,1.737,2.763,0.728,33.069,1.07,0.534,0.022,47.9,25.907,0.17623762376237626
2019-10-28,3.027,9.909,1.177,1.44,30.0,1.736,2.716,0.729,33.028,1.072,0.533,0.022,47.38,25.869,0.1760819293029402
2019-10-29,3.025,9.905,1.178,1.441,29.962,1.734,2.67,0.73,32.987,1.073,0.533,0.022,47.08,25.83,0.17619834710743804
2019-10-30,3.022,9.901,1.179,1.442,29.924,1.732,2.623,0.731,32.946,1.074,0.532,0.022,46.56,25.791,0.17604235605559235
2019-10-31,3.019,9.897,1.181,1.443,29.886,1.73,2.577,0.733,32.905,1.075,0.532,0.022,46.4,25.752,0.1762172904935409
2019-11-01,3.017,9.892,1.182,1.444,29.848,1.729,2.53,0.734,32.864,1.076,0.531,0.022,47.46,25.714,0.1760026516407027
2019-11-04,3.014,9.888,1.183,1.445,29.809,1.727,2.484,0.735,32.824,1.077,0.531,0.022,48.67,25.675,0.1761778367617784
2019-11-05,3.011,9.884,1.184,1.446,29.771,1.725,2.437,0.736,32.783,1.078,0.53,0.023,48.17,25.636,0.17602125539687813
2019-11-06,3.009,9.88,1.185,1.447,29.733,1.724,2.391,0.737,32.742,1.079,0.53,0.023,47.76,25.597,0.17613825191093388
2019-11-07,3.006,9.876,1.187,1.449,29.695,1.722,2.344,0.739,32.701,1.08,0.529,0.023,48.03,25.559,0.17598137059214905
2019-11-08,3.003,9.872,1.188,1.45,29.657,1.72,2.298,0.74,32.66,1.082,0.529,0.023,47.58,25.52,0.17615717615717616
2019-11-11,3.001,9.868,1.189,1.451,29.618,1.718,2.251,0.741,32.62,1.083,0.528,0.023,47.86,25.481,0.17594135288237256
2019-11-12,2.998,9.864,1.19,1.452,29.58,1.717,2.205,0.742,32.579,1.084,0.528,0.023,47.3,25.442,0.1761174116077385
2019-11-13,2.996,9.86,1.192,1.453,29.542,1.715,2.158,0.744,32.538,1.085,0.527,0.023,47.53,25.404,0.17590120160213618
2019-11-14,2.993,9.856,1.193,1.454,29.504,1.713,2.111,0.745,32.497,1.086,0.526,0.023,47.29,25.365,0.17574340126962915
2019-11-15,2.99,9.852,1.194,1.455,29.466,1.712,2.065,0.746,32.456,1.087,0.526,0.023,47.42,25.326,0.17591973244147158
2019-11-18,2.988,9.848,1.195,1.456,29.427,1.71,2.018,0.747,32.416,1.088,0.525,0.023,47.33,25.287,0.17570281124497994
2019-11-19,2.985,9.844,1.196,1.458,29.389,1.708,1.972,0.748,32.375,1.09,0.525,0.023,46.45,25.248,0.17587939698492464
2019-11-20,2.982,9.84,1.198,1.459,29.351,1.706,1.925,0.75,32.334,1.091,0.524,0.023,45.65,25.21,0.17572099262240107
2019-11-21,2.98,9.836,1.199,1.46,29.313,1.705,1.879,0.751,32.293,1.092,0.524,0.023,45.12,25.171,0.17583892617449665
2019-11-22,2.977,9.832,1.2,1.461,29.275,1.703,1.832,0.752,32.252,1.093,0.523,0.023,45.48,25.132,0.17568021498152503
2019-11-25,2.974,9.828,1.201,1.462,29.236,1.701,1.786,0.753,32.212,1.094,0.523,0.023,45.96,25.093,0.17585743106926696
2019-11-26,2.972,9.823,1.202,1.463,29.198,1.7,1.739,0.754,32.171,1.095,0.522,0.024,46.42,25.055,0.1756393001345895
2019-11-27,2.969,9.819,1.204,1.464,29.16,1.698,1.693,0.756,32.13,1.096,0.522,0.024,46.57,25.016,0.17581677332435164
2019-11-29,2.966,9.815,1.205,1.465,29.122,1.696,1.646,0.757,32.089,1.097,0.521,0.024,46.57,24.977,0.17565745111260958
2019-12-02,2.964,9.811,1.206,1.467,29.084,1.694,1.6,0.758,32.048,1.098,0.521,0.024,45.84,24.938,0.17577597840755738
2019-12-03,2.961,9.807,1.207,1.468,29.046,1.693,1.553,0.759,32.007,1.1,0.52,0.024,45.61,24.9,0.17561634582911181
2019-12-04,2.959,9.803,1.208,1.469,29.007,1.691,1.507,0.76,31.967,1.101,0.52,0.024,45.93,24.861,0.17573504562352146
2019-12-05,2.956,9.799,1.21,1.47,28.969,1.689,1.46,0.762,31.926,1.102,0.519,0.024,45.73,24.822,0.17557510148849798
2019-12-06,2.953,9.795,1.211,1.471,28.931,1.688,1.414,0.763,31.885,1.103,0.518,0.024,45.65,24.783,0.1754148323738571
2019-12-09,2.951,9.791,1.212,1.472,28.893,1.686,1.367,0.764,31.844,1.104,0.518,0.024,46.13,24.744,0.17553371738393764
2019-12-10,2.948,9.787,1.213,1.473,28.855,1.684,1.32,0.765,31.803,1.105,0.517,0.024,45.9,24.706,0.17537313432835822
2019-12-11,2.945,9.783,1.214,1.474,28.816,1.682,1.274,0.766,31.763,1.106,0.517,0.024,44.78,24.667,0.17555178268251276
2019-12-12,2.943,9.779,1.216,1.476,28.778,1.681,1.227,0.768,31.722,1.108,0.516,0.024,44.35,24.628,0.17533129459734964
2019-12-13,2.94,9.775,1.217,1.477,28.74,1.679,1.181,0.769,31.681,1.109,0.516,0.024,44.45,24.589,0.17551020408163265
2019-12-16,2.937,9.771,1.218,1.478,28.702,1.677,1.134,0.77,31.64,1.11,0.515,0.024,44.83,24.551,0.1753489955737147
2019-12-17,2.935,9.767,1.219,1.479,28.664,1.675,1.088,0.771,31.599,1.111,0.515,0.024,44.55,24.512,0.17546848381601363
2019-12-18,2.932,9.763,1.22,1.48,28.626,1.674,1.041,0.772,31.558,1.112,0.514,0.025,44.45,24.473,0.17530695770804913
2019-12-19,2.929,9.758,1.222,1.481,28.587,1.672,0.995,0.774,31.518,1.113,0.514,0.025,44.76,24.434,0.17548651416865826
2019-12-20,2.927,9.754,1.223,1.482,28.549,1.67,0.948,0.775,31.477,1.114,0.513,0.025,44.8,24.396,0.1752647762213871
2019-12-23,2.924,9.75,1.224,1.483,28.511,1.669,0.902,0.776,31.436,1.115,0.513,0.025,44.64,24.357,0.17544459644322846
2019-12-24,2.922,9.746,1.225,1.485,28.473,1.667,0.855,0.777,31.395,1.116,0.512,0.025,44.89,24.318,0.17522245037645448
2019-12-26,2.919,9.742,1.226,1.486,28.435,1.665,0.809,0.778,31.354,1.118,0.512,0.025,45.15,24.279,0.17540253511476533
2019-12-27,2.916,9.738,1.228,1.487,28.396,1.663,0.762,0.78,31.314,1.119,0.511,0.025,45.45,24.241,0.1752400548696845
2019-12-30,2.914,9.734,1.229,1.488,28.358,1.662,0.716,0.781,31.273,1.12,0.511,0.025,45.45,24.202,0.17536032944406313
2019-12-31,2.911,9.73,1.23,1.489,28.32,1.66,0.669,0.782,31.232,1.121,0.51,0.025,45.87,24.163,0.17519752662315355
2020-01-02,2.905,9.776,1.228,1.487,28.373,1.656,0.718,0.78,31.279,1.119,0.509,0.025,44.47,24.218,0.17521514629948368
2020-01-03,2.898,9.822,1.226,1.485,28.426,1.653,0.768,0.778,31.325,1.117,0.508,0.025,44.55,24.272,0.17529330572808832
2020-01-06,2.892,9.868,1.224,1.482,28.479,1.649,0.817,0.776,31.372,1.115,0.507,0.025,44.78,24.327,0.1753112033195021
2020-01-07,2.885,9.915,1.222,1.48,28.532,1.645,0.866,0.774,31.418,1.113,0.505,0.025,44.27,24.382,0.17504332755632585
2020-01-08,2.879,9.961,1.22,1.478,28.585,1.641,0.915,0.772,31.465,1.111,0.504,0.025,44.57,24.436,0.17506078499478986
2020-01-09,2.872,10.007,1.218,1.476,28.638,1.638,0.965,0.77,31.512,1.109,0.503,0.024,44.21,24.491,0.17513927576601673
2020-01-10,2.866,10.053,1.216,1.474,28.691,1.634,1.014,0.768,31.558,1.107,0.502,0.024,44.38,24.546,0.1751570132588974
2020-01-13,2.859,10.099,1.214,1.471,28.745,1.63,1.063,0.766,31.605,1.105,0.501,0.024,44.53,24.6,0.17523609653725078
2020-01-14,2.853,10.145,1.212,1.469,28.798,1.627,1.113,0.764,31.651,1.103,0.5,0.024,45.1,24.655,0.17525411847178407
2020-01-15,2.846,10.191,1.21,1.467,28.851,1.623,1.162,0.762,31.698,1.101,0.498,0.024,45.09,24.71,0.17498243148278284
2020-01-16,2.84,10.237,1.208,1.465,28.904,1.619,1.211,0.759,31.745,1.099,0.497,0.024,45.53,24.764,0.17500000000000002
2020-01-17,2.834,10.284,1.206,1.463,28.957,1.615,1.26,0.757,31.791,1.097,0.496,0.024,45.29,24.819,0.17501764290755115
2020-01-21,2.827,10.33,1.204,1.46,29.01,1.612,1.31,0.755,31.838,1.095,0.495,0.024,45.7,24.874,0.17509727626459143
2020-01-22,2.821,10.376,1.202,1.458,29.063,1.608,1.359,0.753,31.884,1.093,0.494,0.024,44.75,24.928,0.17511520737327188
2020-01-23,2.814,10.422,1.2,1.456,29.116,1.604,1.408,0.751,31.931,1.091,0.493,0.024,45.13,24.983,0.17519545131485428
2020-01-24,2.808,10.468,1.198,1.454,29.169,1.601,1.458,0.749,31.978,1.088,0.491,0.024,44.39,25.038,0.17485754985754987
2020-01-27,2.801,10.514,1.196,1.452,29.222,1.597,1.507,0.747,32.024,1.086,0.49,0.023,43.41,25.093,0.17493752231345946
2020-01-28,2.795,10.56,1.194,1.45,29.275,1.593,1.556,0.745,32.071,1.084,0.489,0.023,42.91,25.147,0.1749552772808587
2020-01-29,2.788,10.606,1.192,1.447,29.328,1.59,1.606,0.743,32.117,1.082,0.488,0.023,42.92,25.202,0.1750358680057389
2020-01-30,2.782,10.653,1.19,1.445,29.381,1.586,1.655,0.741,32.164,1.08,0.487,0.023,41.82,25.257,0.17505391804457224
2020-01-31,2.776,10.699,1.188,1.443,29.434,1.582,1.704,0.739,32.211,1.078,0.486,0.023,40.81,25.311,0.1750720461095101
2020-02-03,2.769,10.745,1.186,1.441,29.487,1.578,1.753,0.737,32.257,1.076,0.484,0.023,40.7,25.366,0.1747923438064283
2020-02-04,2.763,10.791,1.184,1.439,29.54,1.575,1.803,0.735,32.304,1.074,0.483,0.023,42.08,25.421,0.1748099891422367
2020-02-05,2.756,10.837,1.182,1.436,29.594,1.571,1.852,0.733,32.35,1.072,0.482,0.023,43.05,25.475,0.1748911465892598
2020-02-06,2.75,10.883,1.18,1.434,29.647,1.567,1.901,0.731,32.397,1.07,0.481,0.023,43.17,25.53,0.1749090909090909
2020-02-07,2.743,10.929,1.178,1.432,29.7,1.564,1.951,0.729,32.444,1.068,0.48,0.023,43.22,25.585,0.17499088589135983
2020-02-10,2.737,10.975,1.176,1.43,29.753,1.56,2.0,0.727,32.49,1.066,0.479,0.022,43.85,25.639,0.17500913408841795
2020-02-11,2.73,11.022,1.174,1.428,29.806,1.556,2.049,0.725,32.537,1.064,0.477,0.022,43.55,25.694,0.17472527472527472
2020-02-12,2.724,11.068,1.172,1.425,29.859,1.552,2.098,0.723,32.583,1.062,0.476,0.022,42.66,25.749,0.17474302496328925
2020-02-13,2.717,11.114,1.17,1.423,29.912,1.549,2.148,0.721,32.63,1.06,0.475,0.022,42.5,25.803,0.17482517482517482
2020-02-14,2.711,11.16,1.168,1.421,29.965,1.545,2.197,0.718,32.677,1.058,0.474,0.022,42.58,25.858,0.17484323127997048
2020-02-18,2.705,11.206,1.166,1.419,30.018,1.541,2.246,0.716,32.723,1.056,0.473,0.022,42.66,25.913,0.17486136783733824
2020-02-19,2.698,11.252,1.164,1.417,30.071,1.538,2.296,0.714,32.77,1.054,0.472,0.022,41.99,25.967,0.17494440326167532
2020-02-20,2.692,11.298,1.162,1.414,30.124,1.534,2.345,0.712,32.816,1.052,0.471,0.022,43.07,26.022,0.17496285289747399
2020-02-21,2.685,11.345,1.16,1.412,30.177,1.53,2.394,0.71,32.863,1.05,0.469,0.022,43.6,26.077,0.17467411545623834
2020-02-24,2.679,11.391,1.158,1.41,30.23,1.526,2.443,0.708,32.909,1.048,0.468,0.022,43.15,26.131,0.17469204927211648
2020-02-25,2.672,11.437,1.156,1.408,30.283,1.523,2.493,0.706,32.956,1.046,0.467,0.022,41.46,26.186,0.1747754491017964
2020-02-26,2.666,11.483,1.154,1.406,30.336,1.519,2.542,0.704,33.003,1.044,0.466,0.021,40.53,26.241,0.17479369842460615
2020-02-27,2.659,11.529,1.152,1.403,30.39,1.515,2.591,0.702,33.049,1.042,0.465,0.021,38.56,26.295,0.17487777359909742
2020-02-28,2.653,11.575,1.15,1.401,30.443,1.512,2.641,0.7,33.096,1.04,0.464,0.021,37.72,26.35,0.17489634376177912
2020-03-02,2.646,11.621,1.148,1.399,30.496,1.508,2.69,0.698,33.142,1.038,0.462,0.021,38.99,26.405,0.17460317460317462
2020-03-03,2.64,11.667,1.146,1.397,30.549,1.504,2.739,0.696,33.189,1.036,0.461,0.021,37.54,26.459,0.17462121212121212
2020-03-04,2.634,11.714,1.144,1.395,30.602,1.5,2.788,0.694,33.236,1.034,0.46,0.021,37.85,26.514,0.17463933181473046
2020-03-05,2.627,11.76,1.142,1.392,30.655,1.497,2.838,0.692,33.282,1.032,0.459,0.021,36.75,26.569,0.17472401979444235
2020-03-06,2.621,11.806,1.14,1.39,30.708,1.493,2.887,0.69,33.329,1.03,0.458,0.021,36.49,26.623,0.17474246470812668
2020-03-09,2.614,11.852,1.138,1.388,30.761,1.489,2.936,0.688,33.375,1.028,0.457,0.021,31.58,26.678,0.17482785003825557
2020-03-10,2.608,11.898,1.136,1.386,30.814,1.486,2.986,0.686,33.422,1.025,0.455,0.021,34.16,26.733,0.17446319018404907
2020-03-11,2.601,11.944,1.134,1.384,30.867,1.482,3.035,0.684,33.469,1.023,0.454,0.021,31.11,26.788,0.17454825067281815
2020-03-12,2.595,11.99,1.132,1.382,30.92,1.478,3.084,0.682,33.515,1.021,0.453,0.02,25.59,26.842,0.1745664739884393
2020-03-13,2.588,12.036,1.13,1.379,30.973,1.475,3.134,0.68,33.562,1.019,0.452,0.02,27.51,26.897,0.17465224111282843
2020-03-16,2.582,12.083,1.128,1.377,31.026,1.471,3.183,0.678,33.608,1.017,0.451,0.02,20.16,26.952,0.17467079783113867
2020-03-17,2.576,12.129,1.126,1.375,31.079,1.467,3.232,0.675,33.655,1.015,0.45,0.02,18.04,27.006,0.17468944099378883
2020-03-18,2.569,12.175,1.124,1.373,31.132,1.463,3.281,0.673,33.702,1.013,0.448,0.02,13.77,27.061,0.17438692098092642
2020-03-19,2.563,12.221,1.122,1.371,31.185,1.46,3.331,0.671,33.748,1.011,0.447,0.02,17.08,27.116,0.17440499414748342
2020-03-20,2.556,12.267,1.12,1.368,31.239,1.456,3.38,0.669,33.795,1.009,0.446,0.02,14.76,27.17,0.17449139280125195
2020-03-23,2.55,12.313,1.118,1.366,31.292,1.452,3.429,0.667,33.841,1.007,0.445,0.02,15.37,27.225,0.17450980392156865
2020-03-24,2.543,12.359,1.116,1.364,31.345,1.449,3.479,0.665,33.888,1.005,0.444,0.02,16.77,27.28,0.1745969327565867
2020-03-25,2.537,12.405,1.114,1.362,31.398,1.445,3.528,0.663,33.935,1.003,0.443,0.02,19.11,27.334,0.17461568782026016
2020-03-26,2.53,12.452,1.112,1.36,31.451,1.441,3.577,0.661,33.981,1.001,0.441,0.019,19.03,27.389,0.17430830039525694
2020-03-27,2.524,12.498,1.11,1.357,31.504,1.437,3.626,0.659,34.028,0.999,0.44,0.019,17.83,27.444,0.17432646592709983
2020-03-30,2.517,12.544,1.108,1.355,31.557,1.434,3.676,0.657,34.074,0.997,0.439,0.019,17.25,27.498,0.1744139849026619
2020-03-31,2.511,12.59,1.106,1.353,31.61,1.43,3.725,0.655,34.121,0.995,0.438,0.019,16.81,27.553,0.17443249701314217
2020-04-01,2.508,12.606,1.102,1.348,31.611,1.42,3.718,0.652,34.119,0.992,0.435,0.019,14.39,27.548,0.173444976076555
2020-04-02,2.505,12.621,1.098,1.344,31.613,1.411,3.712,0.649,34.118,0.988,0.432,0.019,13.46,27.544,0.1724550898203593
2020-04-03,2.503,12.637,1.094,1.339,31.614,1.401,3.705,0.645,34.116,0.985,0.429,0.019,14.29,27.539,0.1713943268078306
2020-04-06,2.5,12.652,1.09,1.335,31.615,1.392,3.698,0.642,34.115,0.982,0.426,0.019,16.54,27.535,0.1704
2020-04-07,2.497,12.668,1.086,1.33,31.616,1.382,3.692,0.639,34.113,0.979,0.423,0.019,18.62,27.53,0.16940328394072887
2020-04-08,2.494,12.683,1.083,1.325,31.618,1.373,3.685,0.636,34.112,0.975,0.42,0.019,19.24,27.526,0.16840417000801922
2020-04-09,2.491,12.699,1.079,1.321,31.619,1.363,3.678,0.632,34.11,0.972,0.418,0.019,20.85,27.521,0.16780409474106783
2020-04-13,2.489,12.714,1.075,1.316,31.62,1.354,3.672,0.629,34.109,0.969,0.415,0.018,19.97,27.517,0.16673362796303737
2020-04-14,2.486,12.73,1.071,1.311,31.622,1.344,3.665,0.626,34.107,0.965,0.412,0.018,20.72,27.512,0.165728077232502
2020-04-15,2.483,12.746,1.067,1.307,31.623,1.335,3.658,0.623,34.106,0.962,0.409,0.018,18.73,27.508,0.16472009665726942
2020-04-16,2.48,12.761,1.063,1.302,31.624,1.325,3.652,0.619,34.104,0.959,0.406,0.018,16.24,27.503,0.16370967741935485
2020-04-17,2.477,12.777,1.059,1.298,31.625,1.316,3.645,0.616,34.103,0.956,0.403,0.018,17.17,27.499,0.1626968106580541
2020-04-20,2.475,12.792,1.055,1.293,31.627,1.306,3.639,0.613,34.101,0.952,0.4,0.018,16.47,27.494,0.16161616161616163
2020-04-21,2.472,12.808,1.051,1.288,31.628,1.297,3.632,0.61,34.1,0.949,0.397,0.018,16.38,27.49,0.16059870550161814
2020-04-22,2.469,12.823,1.047,1.284,31.629,1.287,3.625,0.606,34.098,0.946,0.394,0.018,16.05,27.485,0.1595787768327258
2020-04-23,2.466,12.839,1.044,1.279,31.631,1.278,3.619,0.603,34.097,0.942,0.391,0.018,16.26,27.481,0.15855636658556366
2020-04-24,2.464,12.854,1.04,1.274,31.632,1.268,3.612,0.6,34.095,0.939,0.388,0.018,15.75,27.476,0.15746753246753248
2020-04-27,2.461,12.87,1.036,1.27,31.633,1.259,3.605,0.597,34.094,0.936,0.385,0.017,17.49,27.472,0.1564404713531085
2020-04-28,2.458,12.886,1.032,1.265,31.634,1.249,3.599,0.593,34.092,0.933,0.383,0.017,19.37,27.467,0.15581773799837265
2020-04-29,2.455,12.901,1.028,1.261,31.636,1.24,3.592,0.59,34.091,0.929,0.38,0.017,21.04,27.463,0.15478615071283094
2020-04-30,2.452,12.917,1.024,1.256,31.637,1.23,3.585,0.587,34.089,0.926,0.377,0.017,20.42,27.458,0.1537520391517129
2020-05-01,2.45,12.932,1.02,1.251,31.638,1.22,3.579,0.584,34.088,0.923,0.374,0.017,19.33,27.454,0.1526530612244898
2020-05-04,2.447,12.948,1.016,1.247,31.64,1.211,3.572,0.581,34.086,0.919,0.371,0.017,19.27,27.449,0.15161422149570902
2020-05-05,2.444,12.963,1.012,1.242,31.641,1.201,3.565,0.577,34.085,0.916,0.368,0.017,18.52,27.445,0.15057283142389524
2020-05-06,2.441,12.979,1.008,1.238,31.642,1.192,3.559,0.574,34.083,0.913,0.365,0.017,17.05,27.44,0.14952888160589922
2020-05-07,2.438,12.994,1.004,1.233,31.643,1.182,3.552,0.571,34.082,0.91,0.362,0.017,17.44,27.436,0.14848236259228875
2020-05-08,2.436,13.01,1.001,1.228,31.645,1.173,3.545,0.568,34.08,0.906,0.359,0.017,17.75,27.431,0.1473727422003284
2020-05-11,2.433,13.026,0.997,1.224,31.646,1.163,3.539,0.564,34.079,0.903,0.356,0.017,16.85,27.427,0.146321413892314
2020-05-12,2.43,13.041,0.993,1.219,31.647,1.154,3.532,0.561,34.077,0.9,0.353,0.016,16.68,27.422,0.14526748971193415
2020-05-13,2.427,13.057,0.989,1.214,31.649,1.144,3.525,0.558,34.076,0.896,0.35,0.016,15.65,27.418,0.1442109600329625
2020-05-14,2.424,13.072,0.985,1.21,31.65,1.135,3.519,0.555,34.074,0.893,0.347,0.016,15.77,27.413,0.14315181518151815
2020-05-15,2.422,13.088,0.981,1.205,31.651,1.125,3.512,0.551,34.073,0.89,0.345,0.016,15.7,27.409,0.14244426094137075
2020-05-18,2.419,13.103,0.977,1.201,31.652,1.116,3.506,0.548,34.071,0.887,0.342,0.016,17.41,27.404,0.14138073584125674
2020-05-19,2.416,13.119,0.973,1.196,31.654,1.106,3.499,0.545,34.07,0.883,0.339,0.016,17.4,27.4,0.14031456953642385
2020-05-20,2.413,13.134,0.969,1.191,31.655,1.097,3.492,0.542,34.068,0.88,0.336,0.016,17.03,27.395,0.1392457521757149
2020-05-21,2.41,13.15,0.965,1.187,31.656,1.087,3.486,0.538,34.067,0.877,0.333,0.016,17.13,27.391,0.13817427385892117
2020-05-22,2.408,13.166,0.962,1.182,31.658,1.078,3.479,0.535,34.065,0.873,0.33,0.016,16.7,27.386,0.13704318936877077
2020-05-26,2.405,13.181,0.958,1.177,31.659,1.068,3.472,0.532,34.064,0.87,0.327,0.016,18.12,27.382,0.13596673596673597
2020-05-27,2.402,13.197,0.954,1.173,31.66,1.059,3.466,0.529,34.062,0.867,0.324,0.016,19.33,27.377,0.13488759367194006
2020-05-28,2.399,13.212,0.95,1.168,31.661,1.049,3.459,0.525,34.061,0.864,0.321,0.015,18.28,27.373,0.133805752396832
2020-05-29,2.396,13.228,0.946,1.164,31.663,1.04,3.452,0.522,34.059,0.86,0.318,0.015,17.65,27.368,0.1327212020033389
2020-06-01,2.394,13.243,0.942,1.159,31.664,1.03,3.446,0.519,34.058,0.857,0.315,0.015,18.84,27.364,0.13157894736842105
2020-06-02,2.391,13.259,0.938,1.154,31.665,1.02,3.439,0.516,34.056,0.854,0.312,0.015,19.41,27.359,0.13048933500627352
2020-06-03,2.388,13.274,0.934,1.15,31.667,1.011,3.432,0.513,34.055,0.85,0.309,0.015,22.29,27.355,0.12939698492462312
2020-06-04,2.385,13.29,0.93,1.145,31.668,1.001,3.426,0.509,34.053,0.847,0.307,0.015,23.47,27.35,0.1287211740041929
2020-06-05,2.382,13.306,0.926,1.141,31.669,0.992,3.419,0.506,34.052,0.844,0.304,0.015,27.1,27.346,0.12762384550797648
2020-06-08,2.38,13.321,0.922,1.136,31.67,0.982,3.412,0.503,34.05,0.841,0.301,0.015,29.21,27.341,0.1264705882352941
2020-06-09,2.377,13.337,0.919,1.131,31.672,0.973,3.406,0.5,34.049,0.837,0.298,0.015,26.45,27.337,0.12536811106436685
2020-06-10,2.374,13.352,0.915,1.127,31.673,0.963,3.399,0.496,34.047,0.834,0.295,0.015,25.39,27.332,0.12426284751474304
2020-06-11,2.371,13.368,0.911,1.122,31.674,0.954,3.392,0.493,34.046,0.831,0.292,0.014,22.0,27.328,0.12315478700970055
2020-06-12,2.369,13.383,0.907,1.117,31.676,0.944,3.386,0.49,34.044,0.827,0.289,0.014,23.24,27.323,0.12199240185732374
2020-06-15,2.366,13.399,0.903,1.113,31.677,0.935,3.379,0.487,34.043,0.824,0.286,0.014,22.75,27.319,0.12087912087912087
2020-06-16,2.363,13.414,0.899,1.108,31.678,0.925,3.373,0.483,34.041,0.821,0.283,0.014,23.1,27.314,0.11976301311891661
2020-06-17,2.36,13.43,0.895,1.104,31.679,0.916,3.366,0.48,34.04,0.818,0.28,0.014,21.92,27.31,0.11864406779661019
2020-06-18,2.357,13.446,0.891,1.099,31.681,0.906,3.359,0.477,34.038,0.814,0.277,0.014,21.71,27.305,0.1175222740772168
2020-06-19,2.355,13.461,0.887,1.094,31.682,0.897,3.353,0.474,34.037,0.811,0.274,0.014,20.53,27.301,0.11634819532908706
2020-06-22,2.352,13.477,0.883,1.09,31.683,0.887,3.346,0.47,34.035,0.808,0.272,0.014,20.97,27.296,0.11564625850340138
2020-06-23,2.349,13.492,0.88,1.085,31.685,0.878,3.339,0.467,34.034,0.804,0.269,0.014,21.45,27.292,0.11451681566624095
2020-06-24,2.346,13.508,0.876,1.08,31.686,0.868,3.333,0.464,34.032,0.801,0.266,0.014,19.92,27.287,0.113384484228474
2020-06-25,2.343,13.523,0.872,1.076,31.687,0.859,3.326,0.461,34.031,0.798,0.263,0.014,19.86,27.283,0.11224925309432353
2020-06-26,2.341,13.539,0.868,1.071,31.688,0.849,3.319,0.457,34.029,0.795,0.26,0.013,18.93,27.278,0.11106364801366937
2020-06-29,2.338,13.554,0.864,1.067,31.69,0.84,3.313,0.454,34.028,0.791,0.257,0.013,20.84,27.274,0.10992301112061591
2020-06-30,2.335,13.57,0.86,1.062,31.691,0.83,3.306,0.451,34.026,0.788,0.254,0.013,20.92,27.269,0.10877944325481799
2020-07-01,2.33,13.588,0.86,1.062,31.659,0.825,3.271,0.45,33.989,0.787,0.252,0.013,21.36,27.236,0.10815450643776824
2020-07-02,2.325,13.605,0.859,1.062,31.627,0.819,3.236,0.45,33.952,0.787,0.251,0.013,21.05,27.202,0.10795698924731183
2020-07-06,2.32,13.623,0.859,1.062,31.595,0.814,3.202,0.449,33.915,0.786,0.249,0.013,21.09,27.169,0.10732758620689656
2020-07-07,2.315,13.641,0.859,1.062,31.563,0.808,3.167,0.448,33.878,0.785,0.247,0.013,19.77,27.136,0.10669546436285098
2020-07-08,2.31,13.658,0.858,1.062,31.531,0.803,3.132,0.447,33.841,0.785,0.246,0.013,19.7,27.103,0.10649350649350649
2020-07-09,2.305,13.676,0.858,1.062,31.499,0.797,3.098,0.447,33.804,0.784,0.244,0.013,18.67,27.069,0.10585683297180043
2020-07-10,2.3,13.694,0.858,1.062,31.467,0.792,3.063,0.446,33.767,0.783,0.242,0.013,19.57,27.036,0.10521739130434783
2020-07-13,2.295,13.711,0.857,1.062,31.435,0.786,3.028,0.445,33.731,0.782,0.24,0.013,19.48,27.003,0.10457516339869281
2020-07-14,2.29,13.729,0.857,1.062,31.403,0.781,2.993,0.444,33.694,0.782,0.239,0.013,18.95,26.97,0.10436681222707422
2020-07-15,2.285,13.747,0.857,1.062,31.371,0.775,2.958,0.444,33.657,0.781,0.237,0.013,20.37,26.936,0.1037199124726477
2020-07-16,2.28,13.764,0.856,1.062,31.339,0.77,2.924,0.443,33.62,0.78,0.235,0.013,19.24,26.903,0.10307017543859649
2020-07-17,2.275,13.782,0.856,1.062,31.307,0.764,2.889,0.442,33.583,0.78,0.234,0.013,19.09,26.87,0.10285714285714287
2020-07-20,2.27,13.8,0.856,1.062,31.275,0.759,2.854,0.441,33.546,0.779,0.232,0.013,18.48,26.837,0.10220264317180618
2020-07-21,2.265,13.817,0.855,1.062,31.243,0.753,2.82,0.441,33.509,0.778,0.23,0.013,18.65,26.803,0.10154525386313466
2020-07-22,2.26,13.835,0.855,1.062,31.211,0.748,2.785,0.44,33.472,0.778,0.229,0.013,18.98,26.77,0.1013274336283186
2020-07-23,2.255,13.852,0.854,1.062,31.179,0.742,2.75,0.439,33.435,0.777,0.227,0.013,18.91,26.737,0.10066518847006653
2020-07-24,2.25,13.87,0.854,1.062,31.148,0.737,2.715,0.439,33.398,0.776,0.225,0.013,18.53,26.703,0.1
2020-07-27,2.245,13.888,0.854,1.062,31.116,0.732,2.68,0.438,33.361,0.776,0.224,0.013,18.95,26.67,0.09977728285077951
2020-07-28,2.24,13.905,0.853,1.062,31.084,0.726,2.646,0.437,33.324,0.775,0.222,0.013,19.62,26.637,0.09910714285714285
2020-07-29,2.235,13.923,0.853,1.062,31.052,0.721,2.611,0.436,33.287,0.774,0.22,0.013,20.06,26.604,0.09843400447427293
2020-07-30,2.23,13.941,0.853,1.062,31.02,0.715,2.576,0.436,33.25,0.774,0.219,0.013,19.46,26.57,0.09820627802690583
2020-07-31,2.225,13.958,0.852,1.062,30.988,0.71,2.542,0.435,33.213,0.773,0.217,0.013,19.07,26.537,0.09752808988764045
2020-08-03,2.22,13.976,0.852,1.062,30.956,0.704,2.507,0.434,33.176,0.772,0.215,0.013,18.67,26.504,0.09684684684684684
2020-08-04,2.215,13.994,0.852,1.062,30.924,0.699,2.472,0.433,33.14,0.772,0.214,0.013,19.27,26.471,0.09661399548532731
2020-08-05,2.21,14.011,0.851,1.062,30.892,0.693,2.437,0.433,33.103,0.771,0.212,0.013,19.12,26.437,0.09592760180995474
2020-08-06,2.205,14.029,0.851,1.062,30.86,0.688,2.402,0.432,33.066,0.77,0.21,0.013,18.72,26.404,0.09523809523809523
2020-08-07,2.2,14.047,0.851,1.062,30.828,0.682,2.368,0.431,33.029,0.769,0.208,0.013,19.02,26.371,0.09454545454545453
2020-08-10,2.195,14.064,0.85,1.062,30.796,0.677,2.333,0.43,32.992,0.769,0.207,0.013,20.03,26.338,0.09430523917995444
2020-08-11,2.19,14.082,0.85,1.062,30.764,0.671,2.298,0.43,32.955,0.768,0.205,0.013,20.54,26.304,0.09360730593607305
2020-08-12,2.185,14.1,0.85,1.062,30.732,0.666,2.264,0.429,32.918,0.767,0.203,0.013,20.75,26.271,0.09290617848970252
2020-08-13,2.18,14.117,0.849,1.062,30.7,0.66,2.229,0.428,32.881,0.767,0.202,0.013,20.2,26.238,0.0926605504587156
2020-08-14,2.176,14.135,0.849,1.062,30.668,0.655,2.194,0.428,32.844,0.766,0.2,0.013,20.86,26.204,0.09191176470588235
2020-08-17,2.171,14.153,0.849,1.061,30.636,0.65,2.159,0.427,32.807,0.765,0.198,0.013,20.86,26.171,0.09120221096269002
2020-08-18,2.166,14.17,0.848,1.061,30.604,0.644,2.124,0.426,32.77,0.765,0.197,0.013,19.92,26.138,0.0909510618651893
2020-08-19,2.161,14.188,0.848,1.061,30.572,0.639,2.09,0.425,32.733,0.764,0.195,0.013,19.54,26.105,0.09023600185099491
2020-08-20,2.156,14.206,0.848,1.061,30.54,0.633,2.055,0.425,32.696,0.763,0.193,0.013,19.84,26.071,0.08951762523191094
2020-08-21,2.151,14.223,0.847,1.061,30.508,0.628,2.02,0.424,32.659,0.763,0.192,0.013,19.74,26.038,0.0892608089260809
2020-08-24,2.146,14.241,0.847,1.061,30.476,0.622,1.986,0.423,32.622,0.762,0.19,0.013,20.96,26.005,0.08853681267474371
2020-08-25,2.141,14.259,0.847,1.061,30.444,0.617,1.951,0.422,32.585,0.761,0.188,0.013,21.0,25.972,0.08780943484353106
2020-08-26,2.136,14.276,0.846,1.061,30.412,0.611,1.916,0.422,32.549,0.76,0.186,0.013,20.29,25.938,0.08707865168539325
2020-08-27,2.131,14.294,0.846,1.061,30.38,0.606,1.881,0.421,32.512,0.76,0.185,0.013,20.67,25.905,0.08681370248709527
2020-08-28,2.126,14.312,0.846,1.061,30.348,0.6,1.846,0.42,32.475,0.759,0.183,0.013,21.36,25.872,0.08607714016933209
2020-08-31,2.121,14.329,0.845,1.061,30.316,0.595,1.812,0.419,32.438,0.758,0.181,0.013,20.76,25.839,0.08533710513908534
2020-09-01,2.116,14.347,0.845,1.061,30.284,0.589,1.777,0.419,32.401,0.758,0.18,0.013,20.56,25.805,0.08506616257088846
2020-09-02,2.111,14.365,0.845,1.061,30.252,0.584,1.742,0.418,32.364,0.757,0.178,0.013,20.75,25.772,0.08432022738038843
2020-09-03,2.106,14.382,0.844,1.061,30.22,0.578,1.708,0.417,32.327,0.756,0.176,0.013,20.8,25.739,0.0835707502374169
2020-09-04,2.101,14.4,0.844,1.061,30.188,0.573,1.673,0.416,32.29,0.756,0.175,0.013,21.49,25.706,0.08329366968110423
2020-09-08,2.096,14.418,0.843,1.061,30.156,0.568,1.638,0.416,32.253,0.755,0.173,0.013,21.43,25.672,0.08253816793893129
2020-09-09,2.091,14.435,0.843,1.061,30.125,0.562,1.603,0.415,32.216,0.754,0.171,0.013,21.07,25.639,0.08177905308464849
2020-09-10,2.086,14.453,0.843,1.061,30.093,0.557,1.568,0.414,32.179,0.754,0.17,0.013,20.25,25.606,0.08149568552253117
2020-09-11,2.081,14.47,0.842,1.061,30.061,0.551,1.534,0.414,32.142,0.753,0.168,0.013,19.62,25.572,0.08073041806823643
2020-09-14,2.076,14.488,0.842,1.061,30.029,0.546,1.499,0.413,32.105,0.752,0.166,0.013,20.74,25.539,0.07996146435452794
2020-09-15,2.071,14.506,0.842,1.061,29.997,0.54,1.464,0.412,32.068,0.752,0.165,0.013,21.74,25.506,0.07967165620473202
2020-09-16,2.066,14.523,0.841,1.061,29.965,0.535,1.43,0.411,32.031,0.751,0.163,0.013,22.67,25.473,0.07889641819941917
2020-09-17,2.061,14.541,0.841,1.061,29.933,0.529,1.395,0.411,31.994,0.75,0.161,0.013,21.99,25.439,0.07811741872877244
2020-09-18,2.056,14.559,0.841,1.061,29.901,0.524,1.36,0.41,31.958,0.75,0.16,0.013,21.36,25.406,0.07782101167315175
2020-09-21,2.051,14.576,0.84,1.061,29.869,0.518,1.325,0.409,31.921,0.749,0.158,0.013,19.84,25.373,0.07703559239395416
2020-09-22,2.046,14.594,0.84,1.061,29.837,0.513,1.29,0.408,31.884,0.748,0.156,0.013,19.92,25.34,0.07624633431085044
2020-09-23,2.041,14.612,0.84,1.061,29.805,0.507,1.256,0.408,31.847,0.747,0.154,0.013,19.24,25.306,0.07545320921117099
2020-09-24,2.036,14.629,0.839,1.061,29.773,0.502,1.221,0.407,31.81,0.747,0.153,0.013,19.22,25.273,0.07514734774066797
2020-09-25,2.031,14.647,0.839,1.061,29.741,0.496,1.186,0.406,31.773,0.746,0.151,0.013,19.45,25.24,0.0743476120137863
2020-09-28,2.026,14.665,0.839,1.061,29.709,0.491,1.152,0.405,31.736,0.745,0.149,0.013,20.13,25.207,0.07354392892398816
2020-09-29,2.021,14.682,0.838,1.061,29.677,0.485,1.117,0.405,31.699,0.745,0.148,0.013,19.58,25.173,0.07323107372587828
2020-09-30,2.016,14.7,0.838,1.061,29.645,0.48,1.082,0.404,31.662,0.744,0.146,0.013,19.79,25.14,0.07242063492063491
2020-10-01,2.039,14.611,0.839,1.062,29.671,0.486,1.081,0.405,31.711,0.745,0.148,0.013,20.54,25.165,0.07258460029426188
2020-10-02,2.062,14.522,0.84,1.063,29.697,0.492,1.08,0.406,31.76,0.746,0.15,0.013,21.06,25.189,0.07274490785645005
2020-10-05,2.084,14.434,0.842,1.064,29.723,0.497,1.079,0.407,31.808,0.747,0.152,0.013,21.23,25.214,0.07293666026871401
2020-10-06,2.107,14.345,0.843,1.065,29.749,0.503,1.078,0.408,31.857,0.748,0.154,0.013,21.61,25.239,0.07308970099667773
2020-10-07,2.13,14.256,0.844,1.066,29.775,0.509,1.077,0.409,31.906,0.748,0.156,0.013,21.93,25.264,0.07323943661971831
2020-10-08,2.152,14.167,0.845,1.068,29.802,0.515,1.075,0.409,31.955,0.749,0.158,0.013,21.63,25.288,0.07342007434944238
2020-10-09,2.175,14.079,0.847,1.069,29.828,0.52,1.074,0.41,32.004,0.75,0.16,0.013,20.91,25.313,0.07356321839080461
2020-10-12,2.198,13.99,0.848,1.07,29.854,0.526,1.073,0.411,32.053,0.751,0.162,0.013,21.0,25.338,0.07370336669699727
2020-10-13,2.221,13.901,0.849,1.071,29.88,0.532,1.072,0.412,32.101,0.752,0.164,0.013,20.32,25.363,0.07384061233678524
2020-10-14,2.244,13.812,0.85,1.072,29.906,0.538,1.071,0.413,32.15,0.753,0.166,0.013,20.29,25.387,0.07397504456327986
2020-10-15,2.266,13.724,0.851,1.073,29.932,0.544,1.07,0.414,32.199,0.754,0.167,0.013,20.11,25.412,0.0736981465136805
2020-10-16,2.289,13.635,0.853,1.074,29.958,0.549,1.069,0.415,32.248,0.754,0.169,0.013,20.01,25.437,0.07383136740934906
2020-10-19,2.312,13.546,0.854,1.075,29.984,0.555,1.068,0.416,32.297,0.755,0.171,0.013,19.73,25.462,0.07396193771626298
2020-10-20,2.334,13.458,0.855,1.076,30.01,0.561,1.067,0.417,32.346,0.756,0.173,0.013,19.9,25.486,0.0741216795201371
2020-10-21,2.357,13.369,0.856,1.077,30.036,0.567,1.066,0.418,32.394,0.757,0.175,0.013,19.82,25.511,0.07424692405600339
2020-10-22,2.38,13.28,0.857,1.078,30.062,0.572,1.064,0.419,32.443,0.758,0.177,0.013,20.48,25.536,0.07436974789915966
2020-10-23,2.403,13.191,0.859,1.08,30.089,0.578,1.063,0.419,32.492,0.759,0.179,0.013,20.65,25.56,0.07449022055763628
2020-10-26,2.426,13.102,0.86,1.081,30.115,0.584,1.062,0.42,32.541,0.76,0.181,0.013,19.97,25.585,0.07460840890354492
2020-10-27,2.448,13.014,0.861,1.082,30.141,0.59,1.061,0.421,32.59,0.761,0.183,0.013,19.14,25.61,0.07475490196078431
2020-10-28,2.471,12.925,0.862,1.083,30.167,0.596,1.06,0.422,32.639,0.762,0.185,0.013,18.76,25.635,0.07486847430190206
2020-10-29,2.494,12.836,0.864,1.084,30.193,0.601,1.059,0.423,32.687,0.762,0.187,0.013,19.58,25.659,0.07497995188452285
2020-10-30,2.516,12.747,0.865,1.085,30.219,0.607,1.058,0.424,32.736,0.763,0.189,0.013,19.39,25.684,0.07511923688394277
2020-11-02,2.539,12.659,0.866,1.086,30.245,0.613,1.057,0.425,32.785,0.764,0.191,0.013,19.98,25.709,0.07522646711303663
2020-11-03,2.562,12.57,0.867,1.087,30.271,0.619,1.056,0.426,32.834,0.765,0.193,0.013,20.06,25.734,0.07533177205308353
2020-11-04,2.585,12.481,0.868,1.088,30.297,0.625,1.055,0.427,32.883,0.766,0.195,0.013,19.23,25.758,0.07543520309477757
2020-11-05,2.608,12.392,0.87,1.089,30.323,0.63,1.054,0.428,32.932,0.767,0.197,0.013,19.6,25.783,0.07553680981595091
2020-11-06,2.63,12.304,0.871,1.091,30.35,0.636,1.052,0.428,32.98,0.768,0.199,0.013,19.1,25.808,0.07566539923954373
2020-11-09,2.653,12.215,0.872,1.092,30.376,0.642,1.051,0.429,33.029,0.768,0.201,0.013,24.42,25.833,0.07576328684508105
2020-11-10,2.676,12.126,0.873,1.093,30.402,0.648,1.05,0.43,33.078,0.769,0.203,0.013,24.34,25.857,0.0758594917787743
2020-11-11,2.698,12.038,0.875,1.094,30.428,0.653,1.049,0.431,33.127,0.77,0.205,0.013,22.66,25.882,0.0759822090437361
2020-11-12,2.721,11.949,0.876,1.095,30.454,0.659,1.048,0.432,33.176,0.771,0.207,0.013,21.35,25.907,0.07607497243660419
2020-11-13,2.744,11.86,0.877,1.096,30.48,0.665,1.047,0.433,33.224,0.772,0.209,0.013,23.06,25.932,0.07616618075801748
2020-11-16,2.767,11.771,0.878,1.097,30.506,0.671,1.046,0.434,33.273,0.773,0.21,0.013,24.38,25.956,0.07589447054571738
2020-11-17,2.79,11.682,0.879,1.098,30.532,0.677,1.045,0.435,33.322,0.774,0.212,0.013,24.38,25.981,0.07598566308243727
2020-11-18,2.812,11.594,0.881,1.099,30.558,0.682,1.044,0.436,33.371,0.775,0.214,0.013,23.65,26.006,0.07610241820768136
2020-11-19,2.835,11.505,0.882,1.1,30.584,0.688,1.043,0.437,33.42,0.776,0.216,0.013,24.89,26.03,0.0761904761904762
2020-11-20,2.858,11.416,0.883,1.101,30.61,0.694,1.042,0.438,33.469,0.776,0.218,0.013,25.04,26.055,0.07627711686494051
2020-11-23,2.88,11.327,0.884,1.103,30.637,0.7,1.04,0.438,33.517,0.777,0.22,0.013,26.37,26.08,0.0763888888888889
2020-11-24,2.903,11.239,0.886,1.104,30.663,0.705,1.039,0.439,33.566,0.778,0.222,0.013,27.41,26.105,0.07647261453668619
2020-11-25,2.926,11.15,0.887,1.105,30.689,0.711,1.038,0.44,33.615,0.779,0.224,0.013,26.92,26.129,0.07655502392344497
2020-11-27,2.949,11.061,0.888,1.106,30.715,0.717,1.037,0.441,33.664,0.78,0.226,0.013,26.41,26.154,0.07663614784672772
2020-11-30,2.972,10.972,0.889,1.107,30.741,0.723,1.036,0.442,33.713,0.781,0.228,0.013,25.49,26.179,0.07671601615074025
2020-12-01,2.994,10.884,0.89,1.108,30.767,0.729,1.035,0.443,33.762,0.782,0.23,0.013,26.24,26.204,0.07682030728122913
2020-12-02,3.017,10.795,0.892,1.109,30.793,0.734,1.034,0.444,33.81,0.782,0.232,0.013,26.94,26.228,0.0768975803778588
2020-12-03,3.04,10.706,0.893,1.11,30.819,0.74,1.033,0.445,33.859,0.783,0.234,0.013,27.67,26.253,0.07697368421052632
2020-12-04,3.062,10.618,0.894,1.111,30.845,0.746,1.032,0.446,33.908,0.784,0.236,0.013,28.99,26.278,0.07707380796864795
2020-12-07,3.085,10.529,0.895,1.112,30.871,0.752,1.031,0.447,33.957,0.785,0.238,0.013,27.59,26.303,0.07714748784440842
2020-12-08,3.108,10.44,0.897,1.114,30.898,0.758,1.03,0.448,34.006,0.786,0.24,0.013,27.82,26.327,0.07722007722007722
2020-12-09,3.131,10.351,0.898,1.115,30.924,0.763,1.028,0.448,34.055,0.787,0.242,0.013,28.05,26.352,0.07729160012775471
2020-12-10,3.154,10.262,0.899,1.116,30.95,0.769,1.027,0.449,34.103,0.788,0.244,0.013,27.92,26.377,0.07736207989854153
2020-12-11,3.176,10.174,0.9,1.117,30.976,0.775,1.026,0.45,34.152,0.789,0.246,0.013,27.14,26.401,0.07745591939546599
2020-12-14,3.199,10.085,0.901,1.118,31.002,0.781,1.025,0.451,34.201,0.79,0.248,0.013,26.96,26.426,0.07752422632072523
2020-12-15,3.222,9.996,0.903,1.119,31.028,0.786,1.024,0.452,34.25,0.79,0.25,0.013,27.71,26.451,0.07759155803848541
2020-12-16,3.244,9.907,0.904,1.12,31.054,0.792,1.023,0.453,34.299,0.791,0.251,0.013,27.26,26.476,0.07737361282367447
2020-12-17,3.267,9.819,0.905,1.121,31.08,0.798,1.022,0.454,34.348,0.792,0.253,0.013,27.49,26.5,0.07744107744107745
2020-12-18,3.29,9.73,0.906,1.122,31.106,0.804,1.021,0.455,34.396,0.793,0.255,0.013,26.38,26.525,0.07750759878419453
2020-12-21,3.313,9.641,0.907,1.123,31.132,0.81,1.02,0.456,34.445,0.794,0.257,0.013,25.83,26.55,0.07757319649864171
2020-12-22,3.336,9.552,0.909,1.124,31.158,0.815,1.019,0.457,34.494,0.795,0.259,0.013,25.85,26.575,0.0776378896882494
2020-12-23,3.358,9.464,0.91,1.126,31.185,0.821,1.017,0.457,34.543,0.796,0.261,0.013,25.83,26.599,0.07772483621203097
2020-12-24,3.381,9.375,0.911,1.127,31.211,0.827,1.016,0.458,34.592,0.796,0.263,0.013,26.05,26.624,0.07778763679384798
2020-12-28,3.404,9.286,0.912,1.128,31.237,0.833,1.015,0.459,34.641,0.797,0.265,0.013,26.39,26.649,0.07784958871915394
2020-12-29,3.426,9.198,0.914,1.129,31.263,0.838,1.014,0.46,34.689,0.798,0.267,0.013,25.71,26.674,0.07793345008756568
2020-12-30,3.449,9.109,0.915,1.13,31.289,0.844,1.013,0.461,34.738,0.799,0.269,0.013,25.92,26.698,0.0779936213395187
2020-12-31,3.472,9.02,0.916,1.131,31.315,0.85,1.012,0.462,34.787,0.8,0.271,0.013,26.33,26.723,0.07805299539170507
2021-01-04,3.473,9.016,0.918,1.133,31.308,0.858,1.011,0.464,34.781,0.802,0.274,0.013,27.2,26.714,0.0788943276706018
2021-01-05,3.473,9.012,0.919,1.135,31.301,0.867,1.01,0.467,34.775,0.804,0.277,0.013,27.32,26.704,0.07975813417794415
2021-01-06,3.474,9.009,0.921,1.136,31.294,0.875,1.008,0.469,34.769,0.807,0.28,0.013,27.95,26.695,0.08059873344847439
2021-01-07,3.475,9.005,0.923,1.138,31.288,0.883,1.007,0.471,34.762,0.809,0.282,0.014,27.97,26.686,0.08115107913669063
2021-01-08,3.476,9.001,0.924,1.14,31.281,0.892,1.006,0.474,34.756,0.811,0.285,0.014,28.41,26.677,0.08199079401611047
2021-01-11,3.476,8.997,0.926,1.142,31.274,0.9,1.005,0.476,34.75,0.813,0.288,0.014,27.31,26.667,0.08285385500575373
2021-01-12,3.477,8.994,0.927,1.144,31.267,0.909,1.003,0.478,34.744,0.816,0.291,0.014,28.06,26.658,0.08369283865401207
2021-01-13,3.478,8.99,0.929,1.145,31.26,0.917,1.002,0.481,34.738,0.818,0.294,0.014,29.2,26.649,0.08453133985048877
2021-01-14,3.478,8.986,0.931,1.147,31.253,0.925,1.001,0.483,34.732,0.82,0.297,0.014,31.19,26.639,0.08539390454284071
2021-01-15,3.479,8.982,0.932,1.149,31.246,0.934,1.0,0.485,34.726,0.822,0.3,0.014,30.55,26.63,0.0862316757688991
2021-01-19,3.48,8.979,0.934,1.151,31.239,0.942,0.998,0.488,34.719,0.825,0.303,0.014,30.44,26.621,0.08706896551724137
2021-01-20,3.481,8.975,0.936,1.152,31.233,0.95,0.997,0.49,34.713,0.827,0.305,0.014,31.3,26.612,0.08761850043091066
2021-01-21,3.481,8.971,0.937,1.154,31.226,0.959,0.996,0.492,34.707,0.829,0.308,0.014,31.05,26.602,0.08848032174662454
2021-01-22,3.482,8.967,0.939,1.156,31.219,0.967,0.995,0.495,34.701,0.831,0.311,0.014,31.37,26.593,0.08931648477886271
2021-01-25,3.483,8.963,0.941,1.158,31.212,0.975,0.993,0.497,34.695,0.833,0.314,0.014,32.02,26.584,0.09015216767154752
2021-01-26,3.484,8.96,0.942,1.16,31.205,0.984,0.992,0.5,34.689,0.836,0.317,0.014,32.54,26.575,0.0909873708381171
2021-01-27,3.484,8.956,0.944,1.161,31.198,0.992,0.991,0.502,34.682,0.838,0.32,0.014,31.75,26.565,0.09184845005740529
2021-01-28,3.485,8.952,0.946,1.163,31.191,1.0,0.99,0.504,34.676,0.84,0.323,0.015,32.03,26.556,0.09268292682926829
2021-01-29,3.486,8.948,0.947,1.165,31.184,1.009,0.988,0.507,34.67,0.842,0.326,0.015,30.53,26.547,0.09351692484222604
2021-02-01,3.486,8.945,0.949,1.167,31.178,1.017,0.987,0.509,34.664,0.845,0.328,0.015,30.53,26.537,0.09409064830751578
2021-02-02,3.487,8.941,0.95,1.169,31.171,1.026,0.986,0.511,34.658,0.847,0.331,0.015,30.37,26.528,0.0949240034413536
2021-02-03,3.488,8.937,0.952,1.17,31.164,1.034,0.985,0.514,34.652,0.849,0.334,0.015,30.68,26.519,0.09575688073394496
2021-02-04,3.489,8.933,0.954,1.172,31.157,1.042,0.983,0.516,34.646,0.851,0.337,0.015,31.26,26.51,0.09658928059615937
2021-02-05,3.489,8.93,0.955,1.174,31.15,1.051,0.982,0.518,34.639,0.854,0.34,0.015,31.78,26.5,0.09744912582401835
2021-02-08,3.49,8.926,0.957,1.176,31.143,1.059,0.981,0.521,34.633,0.856,0.343,0.015,32.5,26.491,0.09828080229226362
2021-02-09,3.491,8.922,0.959,1.177,31.136,1.067,0.98,0.523,34.627,0.858,0.346,0.015,33.69,26.482,0.09911200229160698
2021-02-10,3.491,8.918,0.96,1.179,31.13,1.076,0.978,0.525,34.621,0.86,0.348,0.015,34.89,26.472,0.09968490403895731
2021-02-11,3.492,8.914,0.962,1.181,31.123,1.084,0.977,0.528,34.615,0.862,0.351,0.015,35.9,26.463,0.10051546391752576
2021-02-12,3.493,8.911,0.964,1.183,31.116,1.092,0.976,0.53,34.609,0.865,0.354,0.015,35.89,26.454,0.10134554823933581
2021-02-16,3.494,8.907,0.965,1.185,31.109,1.101,0.975,0.532,34.603,0.867,0.357,0.015,36.13,26.445,0.10217515741270748
2021-02-17,3.494,8.903,0.967,1.186,31.102,1.109,0.973,0.535,34.596,0.869,0.36,0.015,35.56,26.435,0.1030337721808815
2021-02-18,3.495,8.899,0.968,1.188,31.095,1.118,0.972,0.537,34.59,0.871,0.363,0.016,34.99,26.426,0.103862660944206
2021-02-19,3.496,8.896,0.97,1.19,31.088,1.126,0.971,0.539,34.584,0.874,0.366,0.016,35.95,26.417,0.10469107551487414
2021-02-22,3.497,8.892,0.972,1.192,31.081,1.134,0.97,0.542,34.578,0.876,0.369,0.016,37.05,26.408,0.10551901629968545
2021-02-23,3.497,8.888,0.973,1.194,31.075,1.143,0.968,0.544,34.572,0.878,0.371,0.016,37.82,26.398,0.10609093508721762
2021-02-24,3.498,8.884,0.975,1.195,31.068,1.151,0.967,0.546,34.566,0.88,0.374,0.016,39.09,26.389,0.10691823899371068
2021-02-25,3.499,8.88,0.977,1.197,31.061,1.159,0.966,0.549,34.56,0.882,0.377,0.016,37.72,26.38,0.10774507002000572
2021-02-26,3.499,8.877,0.978,1.199,31.054,1.168,0.965,0.551,34.553,0.885,0.38,0.016,37.1,26.37,0.1086024578450986
2021-03-01,3.5,8.873,0.98,1.201,31.047,1.176,0.963,0.553,34.547,0.887,0.383,0.016,37.42,26.361,0.10942857142857143
2021-03-02,3.501,8.869,0.982,1.202,31.04,1.184,0.962,0.556,34.541,0.889,0.386,0.016,36.69,26.352,0.11025421308197658
2021-03-03,3.502,8.865,0.983,1.204,31.033,1.193,0.961,0.558,34.535,0.891,0.389,0.016,37.45,26.343,0.11107938320959453
2021-03-04,3.502,8.862,0.985,1.206,31.027,1.201,0.96,0.56,34.529,0.894,0.391,0.016,36.17,26.333,0.11165048543689321
2021-03-05,3.503,8.858,0.986,1.208,31.02,1.21,0.958,0.563,34.523,0.896,0.394,0.016,36.52,26.324,0.11247502141021981
2021-03-08,3.504,8.854,0.988,1.21,31.013,1.218,0.957,0.565,34.517,0.898,0.397,0.016,36.7,26.315,0.11329908675799087
2021-03-09,3.504,8.85,0.99,1.211,31.006,1.226,0.956,0.567,34.51,0.9,0.4,0.016,36.47,26.305,0.11415525114155252
2021-03-10,3.505,8.847,0.991,1.213,30.999,1.235,0.955,0.57,34.504,0.903,0.403,0.017,37.55,26.296,0.11497860199714695
2021-03-11,3.506,8.843,0.993,1.215,30.992,1.243,0.953,0.572,34.498,0.905,0.406,0.017,38.06,26.287,0.11580148317170566
2021-03-12,3.507,8.839,0.995,1.217,30.985,1.251,0.952,0.575,34.492,0.907,0.409,0.017,38.72,26.278,0.11662389506700883
2021-03-15,3.507,8.835,0.996,1.219,30.978,1.26,0.951,0.577,34.486,0.909,0.412,0.017,39.75,26.268,0.11747932706016537
2021-03-16,3.508,8.831,0.998,1.22,30.972,1.268,0.95,0.579,34.48,0.911,0.414,0.017,38.5,26.259,0.11801596351197263
2021-03-17,3.509,8.828,1.0,1.222,30.965,1.276,0.948,0.582,34.473,0.914,0.417,0.017,38.84,26.25,0.11883727557708748
2021-03-18,3.51,8.824,1.001,1.224,30.958,1.285,0.947,0.584,34.467,0.916,0.42,0.017,38.38,26.241,0.11965811965811966
2021-03-19,3.51,8.82,1.003,1.226,30.951,1.293,0.946,0.586,34.461,0.918,0.423,0.017,38.33,26.231,0.12051282051282051
2021-03-22,3.511,8.816,1.005,1.227,30.944,1.301,0.945,0.589,34.455,0.92,0.426,0.017,37.86,26.222,0.12133295357448019
2021-03-23,3.512,8.813,1.006,1.229,30.937,1.31,0.943,0.591,34.449,0.923,0.429,0.017,36.27,26.213,0.12215261958997722
2021-03-24,3.512,8.809,1.008,1.231,30.93,1.318,0.942,0.593,34.443,0.925,0.432,0.017,35.94,26.203,0.12300683371298406
2021-03-25,3.513,8.805,1.009,1.233,30.923,1.327,0.941,0.596,34.437,0.927,0.435,0.017,37.33,26.194,0.12382578992314261
2021-03-26,3.514,8.801,1.011,1.235,30.917,1.335,0.94,0.598,34.43,0.929,0.437,0.017,37.67,26.185,0.12435970404097894
2021-03-29,3.515,8.798,1.013,1.236,30.91,1.343,0.938,0.6,34.424,0.932,0.44,0.017,37.39,26.176,0.1251778093883357
2021-03-30,3.515,8.794,1.014,1.238,30.903,1.352,0.937,0.603,34.418,0.934,0.443,0.018,37.91,26.166,0.1260312944523471
2021-03-31,3.516,8.79,1.016,1.24,30.896,1.36,0.936,0.605,34.412,0.936,0.446,0.018,37.38,26.157,0.12684869169510807
2021-04-01,3.519,8.784,1.016,1.24,30.9,1.368,0.942,0.605,34.419,0.936,0.449,0.018,37.85,26.158,0.12759306621199204
2021-04-05,3.522,8.777,1.016,1.24,30.903,1.377,0.947,0.605,34.425,0.936,0.451,0.018,37.8,26.159,0.12805224304372517
2021-04-06,3.525,8.771,1.016,1.241,30.907,1.385,0.953,0.605,34.432,0.936,0.454,0.018,38.28,26.161,0.12879432624113477
2021-04-07,3.528,8.765,1.017,1.241,30.91,1.393,0.959,0.605,34.438,0.936,0.457,0.018,38.02,26.162,0.12953514739229025
2021-04-08,3.531,8.758,1.017,1.241,30.914,1.401,0.964,0.605,34.445,0.936,0.46,0.018,37.57,26.163,0.13027470971396204
2021-04-09,3.534,8.752,1.017,1.241,30.917,1.41,0.97,0.605,34.452,0.936,0.462,0.018,38.09,26.164,0.1307300509337861
2021-04-12,3.537,8.746,1.017,1.242,30.921,1.418,0.975,0.605,34.458,0.936,0.465,0.018,37.7,26.165,0.13146734520780323
2021-04-13,3.54,8.739,1.017,1.242,30.924,1.426,0.981,0.605,34.465,0.936,0.468,0.018,37.26,26.167,0.13220338983050847
2021-04-14,3.543,8.733,1.017,1.242,30.928,1.434,0.987,0.605,34.471,0.936,0.47,0.018,37.38,26.168,0.1326559412926898
2021-04-15,3.546,8.727,1.017,1.242,30.932,1.443,0.992,0.605,34.478,0.936,0.473,0.018,37.65,26.169,0.13338973491257755
2021-04-16,3.549,8.72,1.017,1.242,30.935,1.451,0.998,0.605,34.485,0.936,0.476,0.018,38.48,26.17,0.1341222879684418
2021-04-19,3.552,8.714,1.018,1.243,30.939,1.459,1.004,0.605,34.491,0.936,0.479,0.018,38.3,26.171,0.1348536036036036
2021-04-20,3.555,8.707,1.018,1.243,30.942,1.467,1.009,0.605,34.498,0.936,0.481,0.018,37.55,26.172,0.1353023909985935
2021-04-21,3.558,8.701,1.018,1.243,30.946,1.476,1.015,0.605,34.504,0.936,0.484,0.018,38.65,26.174,0.13603147835862844
2021-04-22,3.561,8.695,1.018,1.243,30.949,1.484,1.021,0.605,34.511,0.936,0.487,0.018,38.0,26.175,0.13675933726481326
2021-04-23,3.565,8.688,1.018,1.244,30.953,1.492,1.026,0.605,34.518,0.937,0.489,0.018,38.42,26.176,0.13716690042075735
2021-04-26,3.568,8.682,1.018,1.244,30.956,1.5,1.032,0.605,34.524,0.937,0.492,0.018,39.49,26.177,0.13789237668161436
2021-04-27,3.571,8.676,1.018,1.244,30.96,1.509,1.037,0.605,34.531,0.937,0.495,0.018,40.21,26.178,0.1386166339960795
2021-04-28,3.574,8.669,1.018,1.244,30.964,1.517,1.043,0.605,34.537,0.937,0.498,0.018,40.45,26.18,0.13933967543368775
2021-04-29,3.577,8.663,1.019,1.244,30.967,1.525,1.049,0.605,34.544,0.937,0.5,0.018,40.53,26.181,0.1397819401733296
2021-04-30,3.58,8.657,1.019,1.245,30.971,1.533,1.054,0.605,34.551,0.937,0.503,0.018,40.0,26.182,0.1405027932960894
2021-05-03,3.583,8.65,1.019,1.245,30.974,1.542,1.06,0.605,34.557,0.937,0.506,0.018,40.48,26.183,0.14122243929667874
2021-05-04,3.586,8.644,1.019,1.245,30.978,1.55,1.066,0.605,34.564,0.937,0.508,0.018,39.88,26.184,0.14166201896263247
2021-05-05,3.589,8.638,1.019,1.245,30.981,1.558,1.071,0.605,34.57,0.937,0.511,0.018,39.73,26.186,0.14237949289495683
2021-05-06,3.592,8.631,1.019,1.246,30.985,1.566,1.077,0.605,34.577,0.937,0.514,0.017,40.39,26.187,0.14309576837416482
2021-05-07,3.595,8.625,1.019,1.246,30.988,1.575,1.083,0.605,34.584,0.937,0.517,0.017,41.05,26.188,0.14381084840055633
2021-05-10,3.598,8.619,1.019,1.246,30.992,1.583,1.088,0.605,34.59,0.937,0.519,0.017,41.65,26.189,0.14424680377987772
2021-05-11,3.601,8.612,1.02,1.246,30.996,1.591,1.094,0.605,34.597,0.937,0.522,0.017,40.3,26.19,0.14495973340738685
2021-05-12,3.604,8.606,1.02,1.246,30.999,1.599,1.099,0.605,34.603,0.937,0.525,0.017,38.65,26.192,0.14567147613762485
2021-05-13,3.607,8.6,1.02,1.247,31.003,1.608,1.105,0.605,34.61,0.937,0.527,0.017,38.77,26.193,0.14610479622955364
2021-05-14,3.61,8.593,1.02,1.247,31.006,1.616,1.111,0.605,34.617,0.937,0.53,0.017,40.15,26.194,0.14681440443213298
2021-05-17,3.613,8.587,1.02,1.247,31.01,1.624,1.116,0.605,34.623,0.937,0.533,0.017,40.17,26.195,0.14752283420979795
2021-05-18,3.616,8.58,1.02,1.247,31.013,1.632,1.122,0.605,34.63,0.937,0.536,0.017,40.28,26.196,0.14823008849557523
2021-05-19,3.619,8.574,1.02,1.248,31.017,1.641,1.128,0.605,34.637,0.937,0.538,0.017,40.18,26.197,0.14865985078751037
2021-05-20,3.622,8.568,1.02,1.248,31.02,1.649,1.133,0.605,34.643,0.937,0.541,0.017,40.28,26.199,0.1493649917172833
2021-05-21,3.625,8.561,1.021,1.248,31.024,1.657,1.139,0.605,34.65,0.937,0.544,0.017,40.21,26.2,0.1500689655172414
2021-05-24,3.628,8.555,1.021,1.248,31.028,1.665,1.144,0.605,34.656,0.937,0.546,0.017,40.96,26.201,0.15049614112458656
2021-05-25,3.631,8.549,1.021,1.248,31.031,1.674,1.15,0.605,34.663,0.937,0.549,0.017,40.88,26.202,0.15119801707518593
2021-05-26,3.634,8.542,1.021,1.249,31.035,1.682,1.156,0.605,34.67,0.937,0.552,0.017,41.63,26.203,0.1518987341772152
2021-05-27,3.637,8.536,1.021,1.249,31.038,1.69,1.161,0.605,34.676,0.937,0.555,0.017,42.16,26.205,0.1525982952983228
2021-05-28,3.64,8.53,1.021,1.249,31.042,1.698,1.167,0.605,34.683,0.937,0.557,0.017,42.22,26.206,0.15302197802197803
2021-06-01,3.643,8.523,1.021,1.249,31.045,1.707,1.173,0.605,34.689,0.937,0.56,0.017,44.09,26.207,0.15371946198188308
2021-06-02,3.646,8.517,1.021,1.25,31.049,1.715,1.178,0.605,34.696,0.937,0.563,0.017,44.42,26.208,0.15441579813494238
2021-06-03,3.649,8.511,1.022,1.25,31.052,1.723,1.184,0.605,34.703,0.937,0.565,0.017,44.05,26.209,0.15483694162784323
2021-06-04,3.652,8.504,1.022,1.25,31.056,1.731,1.19,0.605,34.709,0.937,0.568,0.017,43.46,26.211,0.1555312157721796
2021-06-07,3.655,8.498,1.022,1.25,31.06,1.74,1.195,0.605,34.716,0.937,0.571,0.017,44.03,26.212,0.15622435020519834
2021-06-08,3.658,8.492,1.022,1.25,31.063,1.748,1.201,0.605,34.722,0.937,0.574,0.017,44.59,26.213,0.15691634773100055
2021-06-09,3.662,8.485,1.022,1.251,31.067,1.756,1.206,0.605,34.729,0.938,0.576,0.017,44.55,26.214,0.15729109776078645
2021-06-10,3.665,8.479,1.022,1.251,31.07,1.764,1.212,0.605,34.736,0.938,0.579,0.017,44.21,26.215,0.15798090040927693
2021-06-11,3.668,8.473,1.022,1.251,31.074,1.773,1.218,0.605,34.742,0.938,0.582,0.017,44.11,26.217,0.15866957470010903
2021-06-14,3.671,8.466,1.022,1.251,31.077,1.781,1.223,0.605,34.749,0.938,0.584,0.017,43.8,26.218,0.15908471806047397
2021-06-15,3.674,8.46,1.023,1.252,31.081,1.789,1.229,0.605,34.755,0.938,0.587,0.017,43.14,26.219,0.1597713663581927
2021-06-16,3.677,8.453,1.023,1.252,31.084,1.797,1.235,0.605,34.762,0.938,0.59,0.017,42.96,26.22,0.16045689420723414
2021-06-17,3.68,8.447,1.023,1.252,31.088,1.806,1.24,0.605,34.769,0.938,0.593,0.017,42.28,26.221,0.16114130434782606
2021-06-18,3.683,8.441,1.023,1.252,31.092,1.814,1.246,0.605,34.775,0.938,0.595,0.017,41.18,26.222,0.16155308172685312
2021-06-21,3.686,8.434,1.023,1.252,31.095,1.822,1.252,0.605,34.782,0.938,0.598,0.017,43.21,26.224,0.16223548562126966
2021-06-22,3.689,8.428,1.023,1.253,31.099,1.83,1.257,0.605,34.788,0.938,0.601,0.017,42.8,26.225,0.16291677961507184
2021-06-23,3.692,8.422,1.023,1.253,31.102,1.839,1.263,0.605,34.795,0.938,0.603,0.017,43.44,26.226,0.1633261105092091
2021-06-24,3.695,8.415,1.023,1.253,31.106,1.847,1.268,0.605,34.802,0.938,0.606,0.017,42.92,26.227,0.16400541271989175
2021-06-25,3.698,8.409,1.024,1.253,31.109,1.855,1.274,0.605,34.808,0.938,0.609,0.017,43.07,26.228,0.16468361276365603
2021-06-28,3.701,8.403,1.024,1.254,31.113,1.863,1.28,0.605,34.815,0.938,0.612,0.017,42.78,26.23,0.16536071332072413
2021-06-29,3.704,8.396,1.024,1.254,31.116,1.872,1.285,0.605,34.821,0.938,0.614,0.017,43.04,26.231,0.1657667386609071
2021-06-30,3.707,8.39,1.024,1.254,31.12,1.88,1.291,0.605,34.828,0.938,0.617,0.017,42.87,26.232,0.16644186673860265
2021-07-01,3.71,8.38,1.024,1.255,31.104,1.883,1.278,0.605,34.814,0.938,0.618,0.017,43.23,26.222,0.16657681940700808
2021-07-02,3.712,8.37,1.025,1.255,31.087,1.886,1.264,0.605,34.8,0.938,0.619,0.017,42.6,26.212,0.16675646551724138
2021-07-06,3.715,8.36,1.025,1.256,31.071,1.889,1.251,0.605,34.787,0.938,0.62,0.017,41.94,26.202,0.16689098250336473
2021-07-07,3.718,8.351,1.026,1.257,31.054,1.892,1.238,0.605,34.773,0.938,0.621,0.017,41.34,26.191,0.1670252824098978
2021-07-08,3.72,8.341,1.026,1.257,31.038,1.895,1.224,0.606,34.759,0.938,0.622,0.017,41.11,26.181,0.16720430107526882
2021-07-09,3.723,8.331,1.026,1.258,31.022,1.898,1.211,0.606,34.745,0.938,0.623,0.017,42.62,26.171,0.16733816814396993
2021-07-12,3.725,8.321,1.027,1.259,31.005,1.901,1.198,0.606,34.732,0.937,0.624,0.017,42.81,26.161,0.16751677852348992
2021-07-13,3.728,8.311,1.027,1.259,30.989,1.904,1.184,0.606,34.718,0.937,0.625,0.017,41.61,26.151,0.16765021459227467
2021-07-14,3.731,8.301,1.028,1.26,30.972,1.907,1.171,0.606,34.704,0.937,0.626,0.017,41.88,26.141,0.167783436076119
2021-07-15,3.733,8.292,1.028,1.261,30.956,1.91,1.158,0.606,34.69,0.937,0.627,0.017,41.58,26.131,0.1679614251272435
2021-07-16,3.736,8.282,1.028,1.261,30.94,1.913,1.144,0.606,34.676,0.937,0.628,0.017,40.91,26.121,0.16809421841541755
2021-07-19,3.738,8.272,1.029,1.262,30.923,1.916,1.131,0.606,34.663,0.937,0.629,0.017,38.51,26.11,0.16827180310326378
2021-07-20,3.741,8.262,1.029,1.263,30.907,1.919,1.118,0.606,34.649,0.937,0.63,0.018,41.28,26.1,0.16840417000801924
2021-07-21,3.744,8.252,1.029,1.263,30.891,1.922,1.104,0.607,34.635,0.937,0.631,0.018,42.04,26.09,0.16853632478632477
2021-07-22,3.746,8.242,1.03,1.264,30.874,1.925,1.091,0.607,34.621,0.937,0.632,0.018,41.11,26.08,0.16871329418045916
2021-07-23,3.749,8.232,1.03,1.265,30.858,1.927,1.078,0.607,34.608,0.937,0.633,0.018,40.8,26.07,0.1688450253400907
2021-07-26,3.752,8.223,1.031,1.265,30.841,1.93,1.064,0.607,34.594,0.937,0.634,0.018,41.74,26.06,0.1689765458422175
2021-07-27,3.754,8.213,1.031,1.266,30.825,1.933,1.051,0.607,34.58,0.937,0.635,0.018,41.36,26.05,0.16915290356952584
2021-07-28,3.757,8.203,1.031,1.267,30.809,1.936,1.038,0.607,34.566,0.937,0.636,0.018,41.15,26.04,0.1692840031940378
2021-07-29,3.76,8.193,1.032,1.267,30.792,1.939,1.024,0.607,34.552,0.936,0.637,0.018,41.38,26.03,0.16941489361702128
2021-07-30,3.762,8.183,1.032,1.268,30.776,1.942,1.011,0.607,34.539,0.936,0.638,0.018,41.58,26.019,0.1695906432748538
2021-08-02,3.765,8.173,1.033,1.269,30.759,1.945,0.998,0.607,34.525,0.936,0.639,0.018,41.51,26.009,0.1697211155378486
2021-08-03,3.767,8.164,1.033,1.269,30.743,1.948,0.984,0.608,34.511,0.936,0.64,0.018,42.57,25.999,0.16989646933899655
2021-08-04,3.77,8.154,1.033,1.27,30.727,1.951,0.971,0.608,34.497,0.936,0.641,0.018,42.29,25.989,0.170026525198939
2021-08-05,3.773,8.144,1.034,1.271,30.71,1.954,0.958,0.608,34.483,0.936,0.642,0.018,44.04,25.979,0.1701563742380069
2021-08-06,3.775,8.134,1.034,1.271,30.694,1.957,0.944,0.608,34.47,0.936,0.643,0.018,44.43,25.969,0.17033112582781457
2021-08-09,3.778,8.124,1.035,1.272,30.677,1.96,0.931,0.608,34.456,0.936,0.644,0.018,43.66,25.959,0.17046056114346214
2021-08-10,3.78,8.114,1.035,1.273,30.661,1.963,0.918,0.608,34.442,0.936,0.645,0.018,43.41,25.948,0.17063492063492064
2021-08-11,3.783,8.105,1.035,1.273,30.645,1.966,0.904,0.608,34.428,0.936,0.646,0.018,43.87,25.938,0.17076394395982025
2021-08-12,3.786,8.095,1.036,1.274,30.628,1.969,0.891,0.608,34.415,0.936,0.647,0.018,43.99,25.928,0.17089276281035393
2021-08-13,3.788,8.085,1.036,1.275,30.612,1.972,0.878,0.608,34.401,0.936,0.648,0.018,43.93,25.918,0.17106652587117213
2021-08-16,3.791,8.075,1.036,1.276,30.596,1.975,0.864,0.608,34.387,0.936,0.649,0.018,43.04,25.908,0.17119493537325245
2021-08-17,3.794,8.065,1.037,1.276,30.579,1.978,0.851,0.609,34.373,0.935,0.649,0.018,42.1,25.898,0.17105956773853453
2021-08-18,3.796,8.055,1.037,1.277,30.563,1.981,0.838,0.609,34.359,0.935,0.65,0.018,42.06,25.888,0.17123287671232879
2021-08-19,3.799,8.045,1.038,1.278,30.546,1.984,0.825,0.609,34.346,0.935,0.651,0.018,42.21,25.878,0.17136088444327455
2021-08-20,3.802,8.036,1.038,1.278,30.53,1.987,0.811,0.609,34.332,0.935,0.652,0.018,42.32,25.868,0.17148869016307208
2021-08-23,3.804,8.026,1.038,1.279,30.514,1.99,0.798,0.609,34.318,0.935,0.653,0.018,42.54,25.857,0.17166140904311253
2021-08-24,3.807,8.016,1.039,1.28,30.497,1.993,0.785,0.609,34.304,0.935,0.654,0.018,43.56,25.847,0.17178881008668243
2021-08-25,3.809,8.006,1.039,1.28,30.481,1.996,0.771,0.609,34.291,0.935,0.655,0.018,43.56,25.837,0.1719611446573904
2021-08-26,3.812,7.996,1.04,1.281,30.464,1.999,0.758,0.609,34.277,0.935,0.656,0.018,43.06,25.827,0.17208814270724032
2021-08-27,3.815,7.986,1.04,1.282,30.448,2.002,0.745,0.609,34.263,0.935,0.657,0.018,43.93,25.817,0.1722149410222805
2021-08-30,3.817,7.977,1.04,1.282,30.432,2.005,0.731,0.61,34.249,0.935,0.658,0.018,43.84,25.807,0.1723866911186796
2021-08-31,3.82,7.967,1.041,1.283,30.415,2.008,0.718,0.61,34.235,0.935,0.659,0.018,44.18,25.797,0.17251308900523563
2021-09-01,3.822,7.957,1.041,1.284,30.399,2.011,0.705,0.61,34.222,0.935,0.66,0.018,44.63,25.786,0.1726844583987441
2021-09-02,3.825,7.947,1.042,1.284,30.382,2.014,0.691,0.61,34.208,0.934,0.661,0.018,44.83,25.776,0.17281045751633986
2021-09-03,3.828,7.937,1.042,1.285,30.366,2.017,0.678,0.61,34.194,0.934,0.662,0.018,44.61,25.766,0.17293625914315572
2021-09-07,3.83,7.927,1.042,1.286,30.35,2.02,0.665,0.61,34.18,0.934,0.663,0.018,44.23,25.756,0.1731070496083551
2021-09-08,3.833,7.918,1.043,1.286,30.333,2.022,0.651,0.61,34.166,0.934,0.664,0.018,43.42,25.746,0.1732324549960866
2021-09-09,3.836,7.908,1.043,1.287,30.317,2.025,0.638,0.61,34.153,0.934,0.665,0.018,42.93,25.736,0.17335766423357665
2021-09-10,3.838,7.898,1.044,1.288,30.3,2.028,0.625,0.61,34.139,0.934,0.666,0.018,42.03,25.726,0.17352787910369985
2021-09-13,3.841,7.888,1.044,1.288,30.284,2.031,0.611,0.611,34.125,0.934,0.667,0.018,43.09,25.716,0.17365269461077845
2021-09-14,3.844,7.878,1.044,1.289,30.268,2.034,0.598,0.611,34.111,0.934,0.668,0.018,42.58,25.706,0.1737773152965661
2021-09-15,3.846,7.868,1.045,1.29,30.251,2.037,0.585,0.611,34.098,0.934,0.669,0.018,43.1,25.695,0.17394695787831513
2021-09-16,3.849,7.858,1.045,1.29,30.235,2.04,0.571,0.611,34.084,0.934,0.67,0.018,43.6,25.685,0.1740711873213822
2021-09-17,3.851,7.849,1.045,1.291,30.219,2.043,0.558,0.611,34.07,0.934,0.671,0.018,43.14,25.675,0.1742404570241496
2021-09-20,3.854,7.839,1.046,1.292,30.202,2.046,0.545,0.611,34.056,0.934,0.672,0.018,42.56,25.665,0.1743642968344577
2021-09-21,3.857,7.829,1.046,1.292,30.186,2.049,0.531,0.611,34.042,0.934,0.673,0.018,42.85,25.655,0.17448794399792586
2021-09-22,3.859,7.819,1.047,1.293,30.169,2.052,0.518,0.611,34.029,0.933,0.674,0.018,43.92,25.645,0.17465664679968906
2021-09-23,3.862,7.809,1.047,1.294,30.153,2.055,0.505,0.611,34.015,0.933,0.675,0.018,44.4,25.635,0.17477990678404973
2021-09-24,3.864,7.799,1.047,1.294,30.137,2.058,0.491,0.612,34.001,0.933,0.676,0.018,43.99,25.624,0.17494824016563149
2021-09-27,3.867,7.79,1.048,1.295,30.12,2.061,0.478,0.612,33.987,0.933,0.677,0.018,44.08,25.614,0.17507111455908975
2021-09-28,3.87,7.78,1.048,1.296,30.104,2.064,0.465,0.612,33.974,0.933,0.678,0.018,43.94,25.604,0.17519379844961241
2021-09-29,3.872,7.77,1.049,1.296,30.087,2.067,0.451,0.612,33.96,0.933,0.679,0.018,43.99,25.594,0.1753615702479339
2021-09-30,3.875,7.76,1.049,1.297,30.071,2.07,0.438,0.612,33.946,0.933,0.68,0.018,42.71,25.584,0.17548387096774196
2021-10-01,3.875,7.76,1.049,1.297,30.069,2.062,0.44,0.612,33.943,0.933,0.677,0.018,43.75,25.58,0.17470967741935486
2021-10-04,3.874,7.76,1.049,1.298,30.066,2.053,0.441,0.611,33.941,0.933,0.674,0.018,43.46,25.576,0.17398038203407332
2021-10-05,3.874,7.76,1.049,1.298,30.064,2.045,0.442,0.611,33.938,0.933,0.672,0.018,43.17,25.572,0.17346411977284462
2021-10-06,3.874,7.761,1.049,1.299,30.062,2.036,0.444,0.611,33.935,0.933,0.669,0.018,43.57,25.568,0.17268972638100155
2021-10-07,3.873,7.761,1.05,1.299,30.06,2.028,0.446,0.61,33.933,0.933,0.666,0.018,44.03,25.563,0.17195972114639815
2021-10-08,3.873,7.761,1.05,1.3,30.057,2.019,0.447,0.61,33.93,0.933,0.663,0.018,43.4,25.559,0.17118512780790085
2021-10-11,3.873,7.761,1.05,1.3,30.055,2.011,0.448,0.61,33.928,0.933,0.661,0.018,43.58,25.555,0.17066873224890267
2021-10-12,3.872,7.761,1.05,1.301,30.053,2.002,0.45,0.609,33.925,0.933,0.658,0.018,44.28,25.551,0.16993801652892562
2021-10-13,3.872,7.761,1.05,1.301,30.05,1.994,0.452,0.609,33.922,0.933,0.655,0.018,45.07,25.547,0.16916322314049587
2021-10-14,3.872,7.762,1.05,1.302,30.048,1.986,0.453,0.609,33.92,0.933,0.652,0.018,45.78,25.543,0.16838842975206614
2021-10-15,3.871,7.762,1.05,1.302,30.046,1.977,0.454,0.609,33.917,0.933,0.65,0.018,46.07,25.539,0.1679152673727719
2021-10-18,3.871,7.762,1.05,1.302,30.043,1.969,0.456,0.608,33.914,0.933,0.647,0.018,47.49,25.535,0.1671402738310514
2021-10-19,3.871,7.762,1.05,1.303,30.041,1.96,0.458,0.608,33.912,0.933,0.644,0.018,46.94,25.531,0.16636528028933092
2021-10-20,3.87,7.762,1.051,1.303,30.039,1.952,0.459,0.608,33.909,0.933,0.641,0.018,47.63,25.526,0.16563307493540053
2021-10-21,3.87,7.762,1.051,1.304,30.037,1.943,0.46,0.607,33.906,0.933,0.639,0.018,47.3,25.522,0.16511627906976745
2021-10-22,3.87,7.762,1.051,1.304,30.034,1.935,0.462,0.607,33.904,0.933,0.636,0.018,47.69,25.518,0.16434108527131783
2021-10-25,3.869,7.763,1.051,1.305,30.032,1.927,0.464,0.607,33.901,0.933,0.633,0.018,48.25,25.514,0.16360816748513826
2021-10-26,3.869,7.763,1.051,1.305,30.03,1.918,0.465,0.606,33.898,0.933,0.63,0.018,48.1,25.51,0.16283277332644094
2021-10-27,3.868,7.763,1.051,1.306,30.027,1.91,0.466,0.606,33.896,0.933,0.627,0.018,47.29,25.506,0.16209927611168562
2021-10-28,3.868,7.763,1.051,1.306,30.025,1.901,0.468,0.606,33.893,0.933,0.625,0.018,48.34,25.502,0.16158221302998965
2021-10-29,3.868,7.763,1.051,1.307,30.023,1.893,0.47,0.605,33.891,0.933,0.622,0.018,48.16,25.498,0.1608066184074457
2021-11-01,3.867,7.763,1.051,1.307,30.02,1.884,0.471,0.605,33.888,0.933,0.619,0.018,49.08,25.494,0.1600724075510732
2021-11-02,3.867,7.764,1.052,1.307,30.018,1.876,0.473,0.605,33.885,0.933,0.616,0.018,52.24,25.489,0.15929661236100337
2021-11-03,3.867,7.764,1.052,1.308,30.016,1.868,0.474,0.604,33.883,0.933,0.614,0.018,54.62,25.485,0.15877941556762348
2021-11-04,3.866,7.764,1.052,1.308,30.014,1.859,0.476,0.604,33.88,0.933,0.611,0.018,54.45,25.481,0.15804449042938437
2021-11-05,3.866,7.764,1.052,1.309,30.011,1.851,0.477,0.604,33.877,0.933,0.608,0.018,56.02,25.477,0.15726849456802897
2021-11-08,3.866,7.764,1.052,1.309,30.009,1.842,0.479,0.604,33.875,0.933,0.605,0.018,55.0,25.473,0.15649249870667356
2021-11-09,3.865,7.764,1.052,1.31,30.007,1.834,0.48,0.603,33.872,0.933,0.603,0.018,55.04,25.469,0.1560155239327296
2021-11-10,3.865,7.765,1.052,1.31,30.004,1.825,0.482,0.603,33.869,0.933,0.6,0.018,53.88,25.465,0.15523932729624837
2021-11-11,3.865,7.765,1.052,1.311,30.002,1.817,0.483,0.603,33.867,0.933,0.597,0.018,54.36,25.461,0.15446313065976713
2021-11-12,3.864,7.765,1.052,1.311,30.0,1.808,0.485,0.602,33.864,0.933,0.594,0.018,54.15,25.457,0.15372670807453415
2021-11-15,3.864,7.765,1.052,1.312,29.998,1.8,0.486,0.602,33.862,0.933,0.592,0.018,54.64,25.452,0.15320910973084886
2021-11-16,3.864,7.765,1.053,1.312,29.995,1.792,0.488,0.602,33.859,0.932,0.589,0.018,54.17,25.448,0.1524327122153209
2021-11-17,3.863,7.765,1.053,1.312,29.993,1.783,0.489,0.601,33.856,0.932,0.586,0.018,55.04,25.444,0.1516955733885581
2021-11-18,3.863,7.765,1.053,1.313,29.991,1.775,0.49,0.601,33.854,0.932,0.583,0.018,55.66,25.44,0.15091897488998188
2021-11-19,3.863,7.766,1.053,1.313,29.988,1.766,0.492,0.601,33.851,0.932,0.58,0.018,54.79,25.436,0.15014237639140562
2021-11-22,3.862,7.766,1.053,1.314,29.986,1.758,0.494,0.6,33.848,0.932,0.578,0.018,55.2,25.432,0.14966338684619368
2021-11-23,3.862,7.766,1.053,1.314,29.984,1.749,0.495,0.6,33.846,0.932,0.575,0.018,55.54,25.428,0.14888658726048679
2021-11-24,3.862,7.766,1.053,1.315,29.981,1.741,0.496,0.6,33.843,0.932,0.572,0.018,55.54,25.424,0.1481097876747799
2021-11-26,3.861,7.766,1.053,1.315,29.979,1.732,0.498,0.599,33.84,0.932,0.569,0.018,52.73,25.42,0.14737114737114734
2021-11-29,3.861,7.766,1.053,1.316,29.977,1.724,0.5,0.599,33.838,0.932,0.567,0.018,52.55,25.416,0.14685314685314682
2021-11-30,3.861,7.767,1.054,1.316,29.975,1.716,0.501,0.599,33.835,0.932,0.564,0.018,50.22,25.411,0.14607614607614605
2021-12-01,3.86,7.767,1.054,1.316,29.972,1.707,0.503,0.599,33.832,0.932,0.561,0.018,48.54,25.407,0.14533678756476687
2021-12-02,3.86,7.767,1.054,1.317,29.97,1.699,0.504,0.598,33.83,0.932,0.558,0.018,49.9,25.403,0.144559585492228
2021-12-03,3.86,7.767,1.054,1.317,29.968,1.69,0.506,0.598,33.827,0.932,0.556,0.018,49.02,25.399,0.1440414507772021
2021-12-06,3.859,7.767,1.054,1.318,29.965,1.682,0.507,0.598,33.825,0.932,0.553,0.018,50.14,25.395,0.14330137341280125
2021-12-07,3.859,7.767,1.054,1.318,29.963,1.673,0.509,0.597,33.822,0.932,0.55,0.018,51.34,25.391,0.1425239699403991
2021-12-08,3.859,7.768,1.054,1.319,29.961,1.665,0.51,0.597,33.819,0.932,0.547,0.018,51.74,25.387,0.1417465664679969
2021-12-09,3.858,7.768,1.054,1.319,29.958,1.657,0.512,0.597,33.817,0.932,0.544,0.018,50.02,25.383,0.1410057024364956
2021-12-10,3.858,7.768,1.054,1.32,29.956,1.648,0.513,0.596,33.814,0.932,0.542,0.018,50.08,25.379,0.14048729911871435
2021-12-13,3.857,7.768,1.055,1.32,29.954,1.64,0.515,0.596,33.811,0.932,0.539,0.018,49.65,25.374,0.1397459165154265
2021-12-14,3.857,7.768,1.055,1.321,29.952,1.631,0.516,0.596,33.809,0.932,0.536,0.018,49.59,25.37,0.13896810992999742
2021-12-15,3.857,7.768,1.055,1.321,29.949,1.623,0.518,0.595,33.806,0.932,0.533,0.018,49.96,25.366,0.1381903033445683
2021-12-16,3.856,7.768,1.055,1.321,29.947,1.614,0.519,0.595,33.803,0.932,0.531,0.018,49.83,25.362,0.13770746887966806
2021-12-17,3.856,7.769,1.055,1.322,29.945,1.606,0.521,0.595,33.801,0.932,0.528,0.018,49.53,25.358,0.13692946058091288
2021-12-20,3.856,7.769,1.055,1.322,29.942,1.598,0.522,0.594,33.798,0.932,0.525,0.018,48.06,25.354,0.1361514522821577
2021-12-21,3.855,7.769,1.055,1.323,29.94,1.589,0.524,0.594,33.795,0.932,0.522,0.018,50.76,25.35,0.13540856031128407
2021-12-22,3.855,7.769,1.055,1.323,29.938,1.581,0.525,0.594,33.793,0.932,0.52,0.018,51.11,25.346,0.13488975356679636
2021-12-23,3.855,7.769,1.055,1.324,29.935,1.572,0.527,0.594,33.79,0.932,0.517,0.018,51.08,25.342,0.13411154345006485
2021-12-27,3.854,7.769,1.056,1.324,29.933,1.564,0.528,0.593,33.788,0.932,0.514,0.018,52.06,25.337,0.1333679294239751
2021-12-28,3.854,7.77,1.056,1.325,29.931,1.555,0.53,0.593,33.785,0.932,0.511,0.018,51.84,25.333,0.13258951738453556
2021-12-29,3.854,7.77,1.056,1.325,29.929,1.547,0.531,0.593,33.782,0.932,0.509,0.018,52.17,25.329,0.13207057602490918
2021-12-30,3.853,7.77,1.056,1.326,29.926,1.538,0.533,0.592,33.78,0.932,0.506,0.018,52.59,25.325,0.13132623929405657
2021-12-31,3.853,7.77,1.056,1.326,29.924,1.53,0.534,0.592,33.777,0.932,0.503,0.018,52.5,25.321,0.13054762522709576
2022-01-03,3.851,7.773,1.056,1.326,29.921,1.526,0.534,0.592,33.772,0.932,0.502,0.018,52.68,25.319,0.1303557517527915
2022-01-04,3.849,7.776,1.056,1.325,29.917,1.523,0.533,0.593,33.766,0.932,0.501,0.018,53.56,25.316,0.13016367887763056
2022-01-05,3.847,7.779,1.056,1.325,29.914,1.519,0.533,0.593,33.761,0.933,0.499,0.018,52.92,25.314,0.12971146347803483
2022-01-06,3.845,7.782,1.056,1.324,29.911,1.515,0.533,0.594,33.756,0.933,0.498,0.018,53.62,25.311,0.129518855656697
2022-01-07,3.843,7.785,1.056,1.324,29.907,1.511,0.532,0.594,33.751,0.933,0.497,0.018,52.99,25.309,0.12932604735883424
2022-01-10,3.841,7.788,1.056,1.323,29.904,1.508,0.532,0.595,33.745,0.933,0.496,0.018,52.87,25.306,0.1291330382712835
2022-01-11,3.839,7.791,1.056,1.323,29.901,1.504,0.532,0.595,33.74,0.933,0.494,0.018,53.18,25.304,0.12867934357905705
2022-01-12,3.838,7.795,1.056,1.322,29.898,1.5,0.532,0.596,33.735,0.934,0.493,0.018,53.21,25.302,0.12845231891610212
2022-01-13,3.836,7.798,1.056,1.322,29.894,1.497,0.531,0.596,33.73,0.934,0.492,0.018,53.56,25.299,0.12825860271115747
2022-01-14,3.834,7.801,1.056,1.321,29.891,1.493,0.531,0.597,33.724,0.934,0.491,0.018,51.16,25.297,0.12806468440271257
2022-01-18,3.832,7.804,1.056,1.321,29.888,1.489,0.531,0.597,33.719,0.934,0.49,0.018,50.57,25.294,0.1278705636743215
2022-01-19,3.83,7.807,1.056,1.32,29.884,1.485,0.53,0.597,33.714,0.935,0.488,0.018,48.83,25.292,0.12741514360313316
2022-01-20,3.828,7.81,1.056,1.32,29.881,1.482,0.53,0.598,33.709,0.935,0.487,0.018,48.45,25.289,0.12722048066875652
2022-01-21,3.826,7.813,1.056,1.319,29.878,1.478,0.53,0.598,33.703,0.935,0.486,0.018,48.29,25.287,0.12702561421850497
2022-01-24,3.824,7.816,1.056,1.319,29.874,1.474,0.529,0.599,33.698,0.935,0.485,0.018,48.01,25.284,0.1268305439330544
2022-01-25,3.822,7.819,1.057,1.318,29.871,1.471,0.529,0.599,33.693,0.935,0.483,0.018,48.23,25.282,0.12637362637362637
2022-01-26,3.82,7.822,1.057,1.318,29.868,1.467,0.529,0.6,33.688,0.936,0.482,0.018,47.84,25.28,0.1261780104712042
2022-01-27,3.818,7.825,1.057,1.317,29.864,1.463,0.528,0.6,33.682,0.936,0.481,0.018,47.28,25.277,0.12598218962807753
2022-01-28,3.816,7.828,1.057,1.317,29.861,1.46,0.528,0.601,33.677,0.936,0.48,0.018,48.11,25.275,0.12578616352201258
2022-01-31,3.814,7.831,1.057,1.316,29.858,1.456,0.528,0.601,33.672,0.936,0.478,0.018,48.37,25.272,0.1253277399056109
2022-02-01,3.812,7.834,1.057,1.316,29.855,1.452,0.528,0.601,33.667,0.936,0.477,0.018,48.42,25.27,0.1251311647429171
2022-02-02,3.81,7.837,1.057,1.315,29.851,1.448,0.527,0.602,33.661,0.937,0.476,0.018,49.14,25.267,0.12493438320209974
2022-02-03,3.808,7.84,1.057,1.315,29.848,1.445,0.527,0.602,33.656,0.937,0.475,0.018,47.83,25.265,0.1247373949579832
2022-02-04,3.807,7.844,1.057,1.314,29.845,1.441,0.527,0.603,33.651,0.937,0.474,0.018,47.71,25.263,0.12450748620961387
2022-02-07,3.805,7.847,1.057,1.314,29.841,1.437,0.526,0.603,33.646,0.937,0.472,0.018,48.94,25.26,0.12404730617608409
2022-02-08,3.803,7.85,1.057,1.313,29.838,1.434,0.526,0.604,33.64,0.937,0.471,0.018,46.68,25.258,0.12384959242703128
2022-02-09,3.801,7.853,1.057,1.313,29.835,1.43,0.526,0.604,33.635,0.938,0.47,0.018,47.02,25.255,0.12365167061299656
2022-02-10,3.799,7.856,1.057,1.312,29.831,1.426,0.525,0.605,33.63,0.938,0.469,0.018,47.31,25.253,0.12345354040536984
2022-02-11,3.797,7.859,1.057,1.312,29.828,1.422,0.525,0.605,33.625,0.938,0.467,0.018,46.61,25.25,0.12299183565973137
2022-02-14,3.795,7.862,1.057,1.311,29.825,1.419,0.525,0.606,33.619,0.938,0.466,0.018,45.97,25.248,0.12279314888010541
2022-02-15,3.793,7.865,1.057,1.311,29.822,1.415,0.525,0.606,33.614,0.938,0.465,0.018,46.44,25.246,0.12259425257052466
2022-02-16,3.791,7.868,1.057,1.311,29.818,1.411,0.524,0.606,33.609,0.939,0.464,0.018,47.27,25.243,0.12239514639936692
2022-02-17,3.789,7.871,1.057,1.31,29.815,1.408,0.524,0.607,33.603,0.939,0.463,0.018,47.21,25.241,0.12219583003430985
2022-02-18,3.787,7.874,1.057,1.31,29.812,1.404,0.524,0.607,33.598,0.939,0.461,0.018,46.32,25.238,0.1217322418801162
2022-02-22,3.785,7.877,1.057,1.309,29.808,1.4,0.523,0.608,33.593,0.939,0.46,0.018,45.36,25.236,0.1215323645970938
2022-02-23,3.783,7.88,1.057,1.309,29.805,1.396,0.523,0.608,33.588,0.94,0.459,0.018,44.06,25.233,0.12133227597145124
2022-02-24,3.781,7.883,1.057,1.308,29.802,1.393,0.523,0.609,33.582,0.94,0.458,0.018,45.29,25.231,0.12113197566781275
2022-02-25,3.779,7.886,1.057,1.308,29.798,1.389,0.522,0.609,33.577,0.94,0.456,0.018,45.91,25.228,0.12066684308017996
2022-02-28,3.778,7.89,1.057,1.307,29.795,1.385,0.522,0.61,33.572,0.94,0.455,0.018,45.2,25.226,0.12043409211222869
2022-03-01,3.776,7.893,1.057,1.307,29.792,1.382,0.522,0.61,33.567,0.94,0.454,0.018,44.23,25.224,0.12023305084745764
2022-03-02,3.774,7.896,1.057,1.306,29.788,1.378,0.521,0.611,33.561,0.941,0.453,0.018,45.6,25.221,0.12003179650238474
2022-03-03,3.772,7.899,1.057,1.306,29.785,1.374,0.521,0.611,33.556,0.941,0.452,0.018,45.81,25.219,0.11983032873807
2022-03-04,3.77,7.902,1.057,1.305,29.782,1.37,0.521,0.611,33.551,0.941,0.45,0.018,44.98,25.216,0.1193633952254642
2022-03-07,3.768,7.905,1.057,1.305,29.779,1.367,0.521,0.612,33.546,0.941,0.449,0.018,42.15,25.214,0.11916135881104035
2022-03-08,3.766,7.908,1.057,1.304,29.775,1.363,0.52,0.612,33.54,0.941,0.448,0.018,43.18,25.211,0.11895910780669146
2022-03-09,3.764,7.911,1.057,1.304,29.772,1.359,0.52,0.613,33.535,0.942,0.447,0.018,43.56,25.209,0.1187566418703507
2022-03-10,3.762,7.914,1.058,1.303,29.769,1.356,0.52,0.613,33.53,0.942,0.445,0.018,43.58,25.207,0.11828814460393408
2022-03-11,3.76,7.917,1.058,1.303,29.765,1.352,0.519,0.614,33.525,0.942,0.444,0.018,42.74,25.204,0.11808510638297873
2022-03-14,3.758,7.92,1.058,1.302,29.762,1.348,0.519,0.614,33.519,0.942,0.443,0.018,42.12,25.202,0.11788185204896222
2022-03-15,3.756,7.923,1.058,1.302,29.759,1.345,0.519,0.615,33.514,0.942,0.442,0.018,42.35,25.199,0.11767838125665603
2022-03-16,3.754,7.926,1.058,1.301,29.755,1.341,0.518,0.615,33.509,0.943,0.44,0.018,43.16,25.197,0.11720831113478956
2022-03-17,3.752,7.929,1.058,1.301,29.752,1.337,0.518,0.615,33.504,0.943,0.439,0.018,43.26,25.194,0.1170042643923241
2022-03-18,3.75,7.932,1.058,1.3,29.749,1.333,0.518,0.616,33.498,0.943,0.438,0.018,42.99,25.192,0.1168
2022-03-21,3.748,7.935,1.058,1.3,29.745,1.33,0.517,0.616,33.493,0.943,0.437,0.018,42.41,25.189,0.11659551760939167
2022-03-22,3.747,7.939,1.058,1.299,29.742,1.326,0.517,0.617,33.488,0.944,0.436,0.018,43.65,25.187,0.11635975447024287
2022-03-23,3.745,7.942,1.058,1.299,29.739,1.322,0.517,0.617,33.483,0.944,0.434,0.018,42.72,25.185,0.11588785046728972
2022-03-24,3.743,7.945,1.058,1.298,29.736,1.319,0.517,0.618,33.477,0.944,0.433,0.018,42.76,25.182,0.11568260753406359
2022-03-25,3.741,7.948,1.058,1.298,29.732,1.315,0.516,0.618,33.472,0.944,0.432,0.018,42.77,25.18,0.11547714514835605
2022-03-28,3.739,7.951,1.058,1.297,29.729,1.311,0.516,0.619,33.467,0.944,0.431,0.018,43.29,25.177,0.11527146295801016
2022-03-29,3.737,7.954,1.058,1.297,29.726,1.307,0.516,0.619,33.462,0.945,0.429,0.019,45.37,25.175,0.1147979662831148
2022-03-30,3.735,7.957,1.058,1.296,29.722,1.304,0.515,0.62,33.456,0.945,0.428,0.019,44.29,25.172,0.11459170013386881
2022-03-31,3.733,7.96,1.058,1.296,29.719,1.3,0.515,0.62,33.451,0.945,0.427,0.019,43.23,25.17,0.11438521296544334
2022-04-01,3.73,7.967,1.058,1.296,29.716,1.303,0.515,0.62,33.445,0.945,0.428,0.019,43.68,25.165,0.11474530831099196
2022-04-04,3.726,7.973,1.057,1.295,29.713,1.307,0.516,0.62,33.439,0.945,0.429,0.019,44.19,25.161,0.11513687600644122
2022-04-05,3.723,7.98,1.057,1.295,29.711,1.31,0.516,0.62,33.433,0.945,0.43,0.019,42.89,25.156,0.11549825409615902
2022-04-06,3.72,7.986,1.057,1.295,29.708,1.314,0.517,0.62,33.427,0.945,0.432,0.019,41.99,25.152,0.11612903225806451
2022-04-07,3.717,7.993,1.056,1.295,29.705,1.317,0.517,0.621,33.421,0.945,0.433,0.019,41.22,25.147,0.11649179445789615
2022-04-08,3.713,8.0,1.056,1.294,29.702,1.32,0.518,0.621,33.415,0.945,0.434,0.019,41.87,25.143,0.11688661459736062
2022-04-11,3.71,8.006,1.055,1.294,29.7,1.324,0.518,0.621,33.409,0.945,0.435,0.019,41.64,25.138,0.11725067385444744
2022-04-12,3.707,8.013,1.055,1.294,29.697,1.327,0.518,0.621,33.403,0.945,0.436,0.019,41.44,25.133,0.11761532236309685
2022-04-13,3.704,8.02,1.055,1.294,29.694,1.33,0.519,0.621,33.397,0.945,0.437,0.019,41.9,25.129,0.1179805615550756
2022-04-14,3.7,8.026,1.054,1.293,29.691,1.334,0.519,0.621,33.391,0.945,0.438,0.019,42.0,25.124,0.11837837837837838
2022-04-18,3.697,8.033,1.054,1.293,29.689,1.337,0.52,0.621,33.385,0.944,0.439,0.019,42.0,25.12,0.11874492832025967
2022-04-19,3.694,8.039,1.054,1.293,29.686,1.341,0.52,0.621,33.379,0.944,0.441,0.019,43.13,25.115,0.11938278289117488
2022-04-20,3.691,8.046,1.053,1.293,29.683,1.344,0.52,0.621,33.373,0.944,0.442,0.019,43.55,25.11,0.11975074505554051
2022-04-21,3.687,8.053,1.053,1.292,29.68,1.347,0.521,0.622,33.367,0.944,0.443,0.019,42.98,25.106,0.12015188500135612
2022-04-22,3.684,8.059,1.052,1.292,29.678,1.351,0.521,0.622,33.361,0.944,0.444,0.019,41.34,25.101,0.12052117263843648
2022-04-25,3.681,8.066,1.052,1.292,29.675,1.354,0.522,0.622,33.355,0.944,0.445,0.019,41.48,25.097,0.12089106221135561
2022-04-26,3.678,8.072,1.052,1.292,29.672,1.358,0.522,0.622,33.349,0.944,0.446,0.019,40.77,25.092,0.1212615551930397
2022-04-27,3.674,8.079,1.051,1.291,29.669,1.361,0.523,0.622,33.343,0.944,0.447,0.019,40.11,25.088,0.1216657593903103
2022-04-28,3.671,8.086,1.051,1.291,29.667,1.364,0.523,0.622,33.337,0.944,0.448,0.019,40.86,25.083,0.12203759193680197
2022-04-29,3.668,8.092,1.051,1.291,29.664,1.368,0.523,0.622,33.331,0.944,0.45,0.019,38.76,25.078,0.12268266085059978
2022-05-02,3.665,8.099,1.05,1.291,29.661,1.371,0.524,0.622,33.325,0.944,0.451,0.019,38.38,25.074,0.12305593451568896
2022-05-03,3.661,8.105,1.05,1.29,29.658,1.375,0.524,0.622,33.319,0.944,0.452,0.019,39.7,25.069,0.12346353455340071
2022-05-04,3.658,8.112,1.049,1.29,29.656,1.378,0.525,0.623,33.313,0.944,0.453,0.019,40.92,25.065,0.12383816293056316
2022-05-05,3.655,8.119,1.049,1.29,29.653,1.381,0.525,0.623,33.307,0.944,0.454,0.019,40.18,25.06,0.12421340629274967
2022-05-06,3.652,8.125,1.049,1.29,29.65,1.385,0.525,0.623,33.301,0.944,0.455,0.019,39.88,25.055,0.12458926615553122
2022-05-09,3.648,8.132,1.048,1.289,29.647,1.388,0.526,0.623,33.295,0.944,0.456,0.019,38.82,25.051,0.125
2022-05-10,3.645,8.139,1.048,1.289,29.645,1.391,0.526,0.623,33.289,0.944,0.457,0.019,39.11,25.046,0.1253772290809328
2022-05-11,3.642,8.145,1.048,1.289,29.642,1.395,0.527,0.623,33.283,0.944,0.459,0.019,37.12,25.042,0.12602965403624383
2022-05-12,3.639,8.152,1.047,1.289,29.639,1.398,0.527,0.623,33.277,0.944,0.46,0.019,37.97,25.037,0.12640835394339106
2022-05-13,3.635,8.158,1.047,1.288,29.636,1.402,0.528,0.623,33.271,0.944,0.461,0.019,38.36,25.033,0.1268225584594223
2022-05-16,3.632,8.165,1.046,1.288,29.634,1.405,0.528,0.624,33.265,0.943,0.462,0.019,38.39,25.028,0.12720264317180616
2022-05-17,3.629,8.172,1.046,1.288,29.631,1.408,0.528,0.624,33.259,0.943,0.463,0.019,39.66,25.023,0.12758335629650042
2022-05-18,3.625,8.178,1.046,1.287,29.628,1.412,0.529,0.624,33.253,0.943,0.464,0.019,37.33,25.019,0.128
2022-05-19,3.622,8.185,1.045,1.287,29.625,1.415,0.529,0.624,33.247,0.943,0.465,0.019,36.14,25.014,0.12838210933186087
2022-05-20,3.619,8.191,1.045,1.287,29.622,1.419,0.53,0.624,33.241,0.943,0.467,0.019,35.75,25.01,0.1290411715943631
2022-05-23,3.616,8.198,1.045,1.287,29.62,1.422,0.53,0.624,33.235,0.943,0.468,0.019,35.4,25.005,0.12942477876106195
2022-05-24,3.612,8.205,1.044,1.286,29.617,1.425,0.531,0.624,33.229,0.943,0.469,0.019,35.42,25.001,0.12984496124031006
2022-05-25,3.609,8.211,1.044,1.286,29.614,1.429,0.531,0.624,33.223,0.943,0.47,0.019,35.86,24.996,0.13022998060404545
2022-05-26,3.606,8.218,1.044,1.286,29.611,1.432,0.531,0.624,33.217,0.943,0.471,0.019,36.8,24.991,0.13061564059900166
2022-05-27,3.603,8.225,1.043,1.286,29.609,1.435,0.532,0.625,33.211,0.943,0.472,0.019,37.35,24.987,0.13100194282542324
2022-05-31,3.599,8.231,1.043,1.285,29.606,1.439,0.532,0.625,33.205,0.943,0.473,0.019,37.66,24.982,0.13142539594331756
2022-06-01,3.596,8.238,1.042,1.285,29.603,1.442,0.533,0.625,33.199,0.943,0.474,0.019,36.51,24.978,0.1318131256952169
2022-06-02,3.593,8.244,1.042,1.285,29.6,1.446,0.533,0.625,33.193,0.943,0.476,0.019,36.89,24.973,0.13247982187586974
2022-06-03,3.59,8.251,1.042,1.285,29.598,1.449,0.533,0.625,33.187,0.943,0.477,0.019,36.11,24.968,0.13286908077994428
2022-06-06,3.586,8.258,1.041,1.284,29.595,1.452,0.534,0.625,33.181,0.943,0.478,0.019,36.0,24.964,0.13329615170105968
2022-06-07,3.583,8.264,1.041,1.284,29.592,1.456,0.534,0.625,33.175,0.943,0.479,0.019,36.88,24.959,0.13368685459112475
2022-06-08,3.58,8.271,1.041,1.284,29.589,1.459,0.535,0.625,33.169,0.943,0.48,0.019,35.43,24.955,0.1340782122905028
2022-06-09,3.577,8.277,1.04,1.284,29.587,1.463,0.535,0.625,33.163,0.943,0.481,0.019,34.12,24.95,0.13447022644674309
2022-06-10,3.573,8.284,1.04,1.283,29.584,1.466,0.536,0.626,33.157,0.943,0.482,0.019,33.26,24.946,0.13490064371676463
2022-06-13,3.57,8.291,1.039,1.283,29.581,1.469,0.536,0.626,33.151,0.943,0.483,0.019,31.91,24.941,0.13529411764705881
2022-06-14,3.567,8.297,1.039,1.283,29.578,1.473,0.536,0.626,33.145,0.943,0.485,0.019,31.7,24.936,0.135968601065321
2022-06-15,3.564,8.304,1.039,1.283,29.576,1.476,0.537,0.626,33.139,0.942,0.486,0.019,32.02,24.932,0.13636363636363635
2022-06-16,3.56,8.31,1.038,1.282,29.573,1.48,0.537,0.626,33.133,0.942,0.487,0.019,31.08,24.927,0.13679775280898876
2022-06-17,3.557,8.317,1.038,1.282,29.57,1.483,0.538,0.626,33.127,0.942,0.488,0.019,31.43,24.923,0.13719426482991284
2022-06-21,3.554,8.324,1.038,1.282,29.567,1.486,0.538,0.626,33.121,0.942,0.489,0.019,31.72,24.918,0.13759144625773775
2022-06-22,3.551,8.33,1.037,1.282,29.565,1.49,0.538,0.626,33.115,0.942,0.49,0.019,31.51,24.913,0.13798929878907348
2022-06-23,3.547,8.337,1.037,1.281,29.562,1.493,0.539,0.626,33.109,0.942,0.491,0.019,31.76,24.909,0.138426839582746
2022-06-24,3.544,8.344,1.036,1.281,29.559,1.496,0.539,0.627,33.103,0.942,0.492,0.019,32.72,24.904,0.13882618510158012
2022-06-27,3.541,8.35,1.036,1.281,29.556,1.5,0.54,0.627,33.097,0.942,0.494,0.019,32.88,24.9,0.13950861338604914
2022-06-28,3.538,8.357,1.036,1.281,29.554,1.503,0.54,0.627,33.091,0.942,0.495,0.019,32.6,24.895,0.13990955342001132
2022-06-29,3.534,8.363,1.035,1.28,29.551,1.507,0.541,0.627,33.085,0.942,0.496,0.019,31.94,24.891,0.14035087719298248
2022-06-30,3.531,8.37,1.035,1.28,29.548,1.51,0.541,0.627,33.079,0.942,0.497,0.019,31.18,24.886,0.1407533276692155
2022-07-01,3.53,8.371,1.035,1.281,29.544,1.512,0.542,0.627,33.075,0.942,0.498,0.019,31.31,24.882,0.14107648725212465
2022-07-05,3.529,8.372,1.036,1.281,29.541,1.514,0.543,0.628,33.07,0.943,0.498,0.019,31.93,24.878,0.14111646358741853
2022-07-06,3.528,8.373,1.036,1.282,29.537,1.517,0.544,0.628,33.066,0.943,0.499,0.019,31.56,24.874,0.14143990929705216
2022-07-07,3.528,8.374,1.037,1.282,29.534,1.519,0.545,0.629,33.061,0.944,0.5,0.019,32.03,24.871,0.1417233560090703
2022-07-08,3.527,8.375,1.037,1.283,29.53,1.521,0.546,0.629,33.057,0.944,0.5,0.019,31.97,24.867,0.14176353841791892
2022-07-11,3.526,8.376,1.038,1.283,29.526,1.523,0.547,0.629,33.052,0.945,0.501,0.019,31.82,24.863,0.1420873511060692
2022-07-12,3.525,8.377,1.038,1.284,29.523,1.525,0.548,0.63,33.048,0.945,0.502,0.019,31.94,24.859,0.1424113475177305
2022-07-13,3.524,8.378,1.038,1.284,29.519,1.528,0.549,0.63,33.044,0.945,0.502,0.019,31.28,24.855,0.1424517593643587
2022-07-14,3.523,8.378,1.039,1.285,29.516,1.53,0.55,0.631,33.039,0.946,0.503,0.019,30.76,24.851,0.14277604314504683
2022-07-15,3.523,8.379,1.039,1.286,29.512,1.532,0.551,0.631,33.035,0.946,0.504,0.019,31.54,24.848,0.1430598921373829
2022-07-18,3.522,8.38,1.04,1.286,29.508,1.534,0.551,0.631,33.03,0.947,0.504,0.019,32.28,24.844,0.14310051107325383
2022-07-19,3.521,8.381,1.04,1.287,29.505,1.536,0.552,0.632,33.026,0.947,0.505,0.019,33.47,24.84,0.143425163305879
2022-07-20,3.52,8.382,1.041,1.287,29.501,1.538,0.553,0.632,33.021,0.947,0.506,0.019,33.86,24.836,0.14375
2022-07-21,3.519,8.383,1.041,1.288,29.498,1.541,0.554,0.632,33.017,0.948,0.506,0.019,34.12,24.832,0.1437908496732026
2022-07-22,3.518,8.384,1.042,1.288,29.494,1.543,0.555,0.633,33.012,0.948,0.507,0.019,33.93,24.828,0.14411597498578738
2022-07-25,3.518,8.385,1.042,1.289,29.49,1.545,0.556,0.633,33.008,0.949,0.508,0.019,34.05,24.824,0.14440022740193292
2022-07-26,3.517,8.386,1.042,1.29,29.487,1.547,0.557,0.634,33.004,0.949,0.508,0.019,33.57,24.821,0.14444128518623828
2022-07-27,3.516,8.387,1.043,1.29,29.483,1.549,0.558,0.634,32.999,0.95,0.509,0.019,34.08,24.817,0.14476678043230945
2022-07-28,3.515,8.388,1.043,1.291,29.48,1.552,0.559,0.634,32.995,0.95,0.509,0.019,35.17,24.813,0.14480796586059744
2022-07-29,3.514,8.389,1.044,1.291,29.476,1.554,0.56,0.635,32.99,0.95,0.51,0.019,35.56,24.809,0.14513375071143997
2022-08-01,3.513,8.39,1.044,1.292,29.473,1.556,0.561,0.635,32.986,0.951,0.511,0.019,35.55,24.805,0.14545972103615146
2022-08-02,3.512,8.391,1.045,1.292,29.469,1.558,0.562,0.636,32.981,0.951,0.511,0.019,34.52,24.801,0.14550113895216402
2022-08-03,3.512,8.392,1.045,1.293,29.465,1.56,0.563,0.636,32.977,0.952,0.512,0.019,35.0,24.798,0.14578587699316628
2022-08-04,3.511,8.392,1.045,1.294,29.462,1.562,0.564,0.636,32.973,0.952,0.513,0.019,34.63,24.794,0.1461122187410994
2022-08-05,3.51,8.393,1.046,1.294,29.458,1.565,0.565,0.637,32.968,0.953,0.513,0.019,34.86,24.79,0.14615384615384616
2022-08-08,3.509,8.394,1.046,1.295,29.455,1.567,0.566,0.637,32.964,0.953,0.514,0.019,35.62,24.786,0.14648047876888004
2022-08-09,3.508,8.395,1.047,1.295,29.451,1.569,0.567,0.638,32.959,0.953,0.515,0.019,35.35,24.782,0.1468072976054732
2022-08-10,3.507,8.396,1.047,1.296,29.447,1.571,0.568,0.638,32.955,0.954,0.515,0.019,36.45,24.778,0.14684915882520672
2022-08-11,3.507,8.397,1.048,1.296,29.444,1.573,0.569,0.638,32.95,0.954,0.516,0.019,37.33,24.775,0.14713430282292558
2022-08-12,3.506,8.398,1.048,1.297,29.44,1.576,0.57,0.639,32.946,0.955,0.517,0.019,37.92,24.771,0.14746149458071878
2022-08-15,3.505,8.399,1.049,1.297,29.437,1.578,0.571,0.639,32.941,0.955,0.517,0.019,37.07,24.767,0.14750356633380884
2022-08-16,3.504,8.4,1.049,1.298,29.433,1.58,0.572,0.64,32.937,0.956,0.518,0.019,37.48,24.763,0.1478310502283105
2022-08-17,3.503,8.401,1.049,1.299,29.429,1.582,0.572,0.64,32.933,0.956,0.519,0.019,36.93,24.759,0.14815872109620326
2022-08-18,3.502,8.402,1.05,1.299,29.426,1.584,0.573,0.64,32.928,0.956,0.519,0.019,37.09,24.755,0.14820102798400916
2022-08-19,3.501,8.403,1.05,1.3,29.422,1.587,0.574,0.641,32.924,0.957,0.52,0.019,36.33,24.751,0.1485289917166524
2022-08-22,3.501,8.404,1.051,1.3,29.419,1.589,0.575,0.641,32.919,0.957,0.521,0.019,34.93,24.748,0.14881462439303056
2022-08-23,3.5,8.405,1.051,1.301,29.415,1.591,0.576,0.641,32.915,0.958,0.521,0.019,34.97,24.744,0.14885714285714285
2022-08-24,3.499,8.406,1.052,1.301,29.411,1.593,0.577,0.642,32.91,0.958,0.522,0.02,34.91,24.74,0.14918548156616177
2022-08-25,3.498,8.407,1.052,1.302,29.408,1.595,0.578,0.642,32.906,0.958,0.523,0.02,35.43,24.736,0.14951400800457404
2022-08-26,3.497,8.407,1.052,1.302,29.404,1.598,0.579,0.643,32.902,0.959,0.523,0.02,34.32,24.732,0.14955676293966258
2022-08-29,3.496,8.408,1.053,1.303,29.401,1.6,0.58,0.643,32.897,0.959,0.524,0.02,33.92,24.728,0.14988558352402748
2022-08-30,3.496,8.409,1.053,1.304,29.397,1.602,0.581,0.643,32.893,0.96,0.525,0.02,33.97,24.725,0.1501716247139588
2022-08-31,3.495,8.41,1.054,1.304,29.393,1.604,0.582,0.644,32.888,0.96,0.525,0.02,33.38,24.721,0.15021459227467812
2022-09-01,3.494,8.411,1.054,1.305,29.39,1.606,0.583,0.644,32.884,0.961,0.526,0.02,33.16,24.717,0.15054378935317686
2022-09-02,3.493,8.412,1.055,1.305,29.386,1.608,0.584,0.645,32.879,0.961,0.527,0.02,32.9,24.713,0.1508731749212711
2022-09-06,3.492,8.413,1.055,1.306,29.383,1.611,0.585,0.645,32.875,0.961,0.527,0.02,33.07,24.709,0.15091638029782362
2022-09-07,3.491,8.414,1.056,1.306,29.379,1.613,0.586,0.645,32.87,0.962,0.528,0.02,33.86,24.705,0.15124606130048696
2022-09-08,3.49,8.415,1.056,1.307,29.376,1.615,0.587,0.646,32.866,0.962,0.528,0.02,33.56,24.702,0.1512893982808023
2022-09-09,3.49,8.416,1.056,1.308,29.372,1.617,0.588,0.646,32.862,0.963,0.529,0.02,33.96,24.698,0.15157593123209168
2022-09-12,3.489,8.417,1.057,1.308,29.368,1.619,0.589,0.647,32.857,0.963,0.53,0.02,34.45,24.694,0.15190599025508744
2022-09-13,3.488,8.418,1.057,1.309,29.365,1.622,0.59,0.647,32.853,0.964,0.53,0.02,32.86,24.69,0.1519495412844037
2022-09-14,3.487,8.419,1.058,1.309,29.361,1.624,0.591,0.647,32.848,0.964,0.531,0.02,32.74,24.686,0.15227989675939202
2022-09-15,3.486,8.42,1.058,1.31,29.358,1.626,0.592,0.648,32.844,0.964,0.532,0.02,32.58,24.682,0.15261044176706828
2022-09-16,3.485,8.421,1.059,1.31,29.354,1.628,0.592,0.648,32.839,0.965,0.532,0.02,32.63,24.678,0.1526542324246772
2022-09-19,3.485,8.422,1.059,1.311,29.35,1.63,0.593,0.648,32.835,0.965,0.533,0.02,32.82,24.675,0.15294117647058825
2022-09-20,3.484,8.422,1.06,1.312,29.347,1.632,0.594,0.649,32.83,0.966,0.534,0.02,32.18,24.671,0.15327210103329508
2022-09-21,3.483,8.423,1.06,1.312,29.343,1.635,0.595,0.649,32.826,0.966,0.534,0.02,31.3,24.667,0.1533161068044789
2022-09-22,3.482,8.424,1.06,1.313,29.34,1.637,0.596,0.65,32.822,0.966,0.535,0.02,30.17,24.663,0.15364732912119472
2022-09-23,3.481,8.425,1.061,1.313,29.336,1.639,0.597,0.65,32.817,0.967,0.536,0.02,29.51,24.659,0.15397874174087908
2022-09-26,3.48,8.426,1.061,1.314,29.332,1.641,0.598,0.65,32.813,0.967,0.536,0.02,28.59,24.655,0.15402298850574714
2022-09-27,3.48,8.427,1.062,1.314,29.329,1.643,0.599,0.651,32.808,0.968,0.537,0.02,29.14,24.652,0.1543103448275862
2022-09-28,3.479,8.428,1.062,1.315,29.325,1.646,0.6,0.651,32.804,0.968,0.538,0.02,30.28,24.648,0.15464213854555908
2022-09-29,3.478,8.429,1.063,1.315,29.322,1.648,0.601,0.652,32.799,0.969,0.538,0.02,29.17,24.644,0.15468660149511212
2022-09-30,3.477,8.43,1.063,1.316,29.318,1.65,0.602,0.652,32.795,0.969,0.539,0.02,29.37,24.64,0.1550186942766753
2022-10-03,3.479,8.425,1.064,1.317,29.319,1.656,0.602,0.653,32.798,0.97,0.541,0.02,29.82,24.645,0.15550445530324808
2022-10-04,3.481,8.421,1.065,1.319,29.321,1.663,0.603,0.653,32.802,0.971,0.543,0.02,31.43,24.65,0.15598965814421145
2022-10-05,3.483,8.416,1.066,1.32,29.322,1.669,0.603,0.654,32.805,0.971,0.545,0.02,31.4,24.655,0.15647430376112548
2022-10-06,3.485,8.412,1.067,1.321,29.323,1.676,0.603,0.654,32.808,0.972,0.547,0.02,31.04,24.66,0.15695839311334292
2022-10-07,3.488,8.407,1.068,1.323,29.324,1.682,0.604,0.655,32.812,0.973,0.55,0.02,30.34,24.665,0.15768348623853212
2022-10-10,3.49,8.403,1.07,1.324,29.326,1.688,0.604,0.655,32.815,0.974,0.552,0.02,30.33,24.67,0.15816618911174785
2022-10-11,3.492,8.398,1.071,1.325,29.327,1.695,0.604,0.656,32.819,0.975,0.554,0.02,31.08,24.675,0.15864833906071021
2022-10-12,3.494,8.394,1.072,1.326,29.328,1.701,0.604,0.656,32.822,0.975,0.556,0.02,30.71,24.68,0.159129937034917
2022-10-13,3.496,8.389,1.073,1.328,29.33,1.708,0.605,0.657,32.825,0.976,0.558,0.02,31.41,24.685,0.15961098398169338
2022-10-14,3.498,8.385,1.074,1.329,29.331,1.714,0.605,0.657,32.829,0.977,0.56,0.02,31.42,24.69,0.16009148084619784
2022-10-17,3.5,8.38,1.075,1.33,29.332,1.72,0.605,0.658,32.832,0.978,0.562,0.02,32.5,24.695,0.1605714285714286
2022-10-18,3.502,8.376,1.076,1.332,29.333,1.727,0.606,0.658,32.836,0.979,0.564,0.02,32.34,24.7,0.16105082809822957
2022-10-19,3.504,8.371,1.077,1.333,29.335,1.733,0.606,0.659,32.839,0.98,0.566,0.02,32.14,24.705,0.1615296803652968
2022-10-20,3.507,8.367,1.078,1.334,29.336,1.74,0.606,0.659,32.842,0.98,0.569,0.02,32.23,24.71,0.1622469347020245
2022-10-21,3.509,8.362,1.079,1.336,29.337,1.746,0.607,0.66,32.846,0.981,0.571,0.02,33.12,24.715,0.16272442291251069
2022-10-24,3.511,8.358,1.08,1.337,29.338,1.752,0.607,0.66,32.849,0.982,0.573,0.02,33.57,24.72,0.16320136713187125
2022-10-25,3.513,8.353,1.082,1.338,29.34,1.759,0.607,0.661,32.852,0.983,0.575,0.02,34.7,24.725,0.1636777682892115
2022-10-26,3.515,8.348,1.083,1.34,29.341,1.765,0.608,0.661,32.856,0.984,0.577,0.02,34.59,24.73,0.16415362731152203
2022-10-27,3.517,8.344,1.084,1.341,29.342,1.772,0.608,0.662,32.859,0.984,0.579,0.02,34.88,24.735,0.16462894512368495
2022-10-28,3.519,8.339,1.085,1.342,29.344,1.778,0.608,0.662,32.863,0.985,0.581,0.02,35.72,24.74,0.16510372264847967
2022-10-31,3.521,8.335,1.086,1.344,29.345,1.785,0.609,0.663,32.866,0.986,0.583,0.02,35.73,24.745,0.16557796080658904
2022-11-01,3.523,8.33,1.087,1.345,29.346,1.791,0.609,0.663,32.869,0.987,0.585,0.02,37.32,24.75,0.16605166051660514
2022-11-02,3.526,8.326,1.088,1.346,29.347,1.797,0.609,0.664,32.873,0.988,0.588,0.02,36.59,24.755,0.16676120249574589
2022-11-03,3.528,8.321,1.089,1.348,29.349,1.804,0.609,0.664,32.876,0.988,0.59,0.02,36.91,24.76,0.16723356009070295
2022-11-04,3.53,8.317,1.09,1.349,29.35,1.81,0.61,0.665,32.879,0.989,0.592,0.02,37.89,24.765,0.16770538243626062
2022-11-07,3.532,8.312,1.091,1.35,29.351,1.817,0.61,0.665,32.883,0.99,0.594,0.02,38.31,24.77,0.16817667044167608
2022-11-08,3.534,8.308,1.093,1.351,29.353,1.823,0.61,0.666,32.886,0.991,0.596,0.02,37.84,24.775,0.16864742501414828
2022-11-09,3.536,8.303,1.094,1.353,29.354,1.829,0.611,0.666,32.89,0.992,0.598,0.02,37.02,24.78,0.1691176470588235
2022-11-10,3.538,8.299,1.095,1.354,29.355,1.836,0.611,0.667,32.893,0.993,0.6,0.02,39.35,24.785,0.1695873374788016
2022-11-11,3.54,8.294,1.096,1.355,29.356,1.842,0.611,0.667,32.896,0.993,0.602,0.02,39.4,24.79,0.17005649717514124
2022-11-14,3.542,8.29,1.097,1.357,29.358,1.849,0.612,0.668,32.9,0.994,0.604,0.02,38.53,24.795,0.17052512704686618
2022-11-15,3.544,8.285,1.098,1.358,29.359,1.855,0.612,0.668,32.903,0.995,0.606,0.02,39.39,24.8,0.17099322799097064
2022-11-16,3.547,8.28,1.099,1.359,29.36,1.861,0.612,0.669,32.906,0.996,0.609,0.02,37.89,24.805,0.17169438962503522
2022-11-17,3.549,8.276,1.1,1.361,29.362,1.868,0.613,0.669,32.91,0.997,0.611,0.02,37.96,24.81,0.17216117216117216
2022-11-18,3.551,8.271,1.101,1.362,29.363,1.874,0.613,0.67,32.913,0.997,0.613,0.02,38.65,24.815,0.17262742889326949
2022-11-21,3.553,8.267,1.102,1.363,29.364,1.881,0.613,0.67,32.916,0.998,0.615,0.02,38.41,24.82,0.17309316070925979
2022-11-22,3.555,8.262,1.103,1.365,29.365,1.887,0.614,0.671,32.92,0.999,0.617,0.02,39.13,24.825,0.17355836849507736
2022-11-23,3.557,8.258,1.105,1.366,29.367,1.893,0.614,0.671,32.923,1.0,0.619,0.02,39.21,24.83,0.17402305313466404
2022-11-25,3.559,8.253,1.106,1.367,29.368,1.9,0.614,0.672,32.927,1.001,0.621,0.02,39.57,24.835,0.1744872155099747
2022-11-28,3.561,8.249,1.107,1.368,29.369,1.906,0.614,0.672,32.93,1.001,0.623,0.02,37.95,24.84,0.17495085650098288
2022-11-29,3.563,8.244,1.108,1.37,29.371,1.913,0.615,0.673,32.933,1.002,0.625,0.02,38.51,24.845,0.1754139769856862
2022-11-30,3.566,8.24,1.109,1.371,29.372,1.919,0.615,0.673,32.937,1.003,0.628,0.02,39.15,24.85,0.17610768367919238
2022-12-01,3.568,8.235,1.11,1.372,29.373,1.925,0.615,0.674,32.94,1.004,0.63,0.02,39.01,24.855,0.1765695067264574
2022-12-02,3.57,8.231,1.111,1.374,29.374,1.932,0.616,0.674,32.944,1.005,0.632,0.02,39.12,24.86,0.17703081232492998
2022-12-05,3.572,8.226,1.112,1.375,29.376,1.938,0.616,0.675,32.947,1.006,0.634,0.02,38.58,24.865,0.177491601343785
2022-12-06,3.574,8.222,1.113,1.376,29.377,1.945,0.616,0.675,32.95,1.006,0.636,0.02,38.77,24.87,0.17795187465025183
2022-12-07,3.576,8.217,1.114,1.378,29.378,1.951,0.617,0.676,32.954,1.007,0.638,0.02,39.03,24.875,0.1784116331096197
2022-12-08,3.578,8.212,1.116,1.379,29.38,1.958,0.617,0.676,32.957,1.008,0.64,0.021,38.39,24.88,0.17887087758524317
2022-12-09,3.58,8.208,1.117,1.38,29.381,1.964,0.617,0.677,32.96,1.009,0.642,0.021,38.27,24.885,0.1793296089385475
2022-12-12,3.582,8.203,1.118,1.382,29.382,1.97,0.618,0.677,32.964,1.01,0.644,0.021,38.89,24.89,0.17978782802903406
2022-12-13,3.585,8.199,1.119,1.383,29.383,1.977,0.618,0.678,32.967,1.01,0.647,0.021,39.42,24.895,0.18047419804741982
2022-12-14,3.587,8.194,1.12,1.384,29.385,1.983,0.618,0.678,32.97,1.011,0.649,0.021,39.24,24.9,0.1809311402286033
2022-12-15,3.589,8.19,1.121,1.386,29.386,1.99,0.619,0.679,32.974,1.012,0.651,0.021,38.75,24.905,0.18138757314015047
2022-12-16,3.591,8.185,1.122,1.387,29.387,1.996,0.619,0.679,32.977,1.013,0.653,0.021,38.13,24.91,0.1818434976329713
2022-12-19,3.593,8.181,1.123,1.388,29.388,2.002,0.619,0.68,32.981,1.014,0.655,0.021,37.9,24.915,0.18229891455608127
2022-12-20,3.595,8.176,1.124,1.39,29.39,2.009,0.619,0.68,32.984,1.014,0.657,0.021,37.92,24.92,0.1827538247566064
2022-12-21,3.597,8.172,1.125,1.391,29.391,2.015,0.62,0.681,32.987,1.015,0.659,0.021,38.21,24.925,0.18320822907978873
2022-12-22,3.599,8.167,1.126,1.392,29.392,2.022,0.62,0.681,32.991,1.016,0.661,0.021,38.14,24.93,0.18366212836899137
2022-12-23,3.601,8.163,1.128,1.393,29.394,2.028,0.62,0.682,32.994,1.017,0.663,0.021,38.65,24.935,0.18411552346570398
2022-12-27,3.604,8.158,1.129,1.395,29.395,2.034,0.621,0.682,32.998,1.018,0.666,0.021,38.72,24.94,0.18479467258601553
2022-12-28,3.606,8.154,1.13,1.396,29.396,2.041,0.621,0.683,33.001,1.019,0.668,0.021,37.72,24.945,0.18524681087077097
2022-12-29,3.608,8.149,1.131,1.397,29.397,2.047,0.621,0.683,33.004,1.019,0.67,0.021,38.46,24.95,0.18569844789356985
2022-12-30,3.61,8.145,1.132,1.399,29.399,2.054,0.622,0.684,33.008,1.02,0.672,0.021,38.51,24.955,0.18614958448753463
2022-12-31,3.612,8.14,1.133,1.4,29.4,2.06,0.622,0.684,33.011,1.021,0.674,0.021,38.47,24.96,0.18660022148394242
2023-01-03,3.609,8.148,1.133,1.399,29.407,2.049,0.631,0.684,33.016,1.02,0.67,0.021,38.43,24.97,0.1856469936270435
2023-01-04,3.607,8.156,1.132,1.398,29.414,2.038,0.639,0.683,33.02,1.02,0.667,0.021,39.61,24.98,0.18491821458275576
2023-01-05,3.604,8.164,1.132,1.398,29.422,2.027,0.648,0.683,33.025,1.019,0.663,0.021,38.39,24.99,0.1839622641509434
2023-01-06,3.602,8.172,1.131,1.397,29.429,2.016,0.656,0.683,33.03,1.019,0.66,0.021,38.87,24.999,0.18323153803442532
2023-01-09,3.599,8.18,1.131,1.396,29.436,2.005,0.665,0.682,33.034,1.018,0.656,0.021,38.69,25.009,0.18227285357043624
2023-01-10,3.597,8.188,1.13,1.395,29.443,1.994,0.674,0.682,33.039,1.018,0.653,0.021,38.2,25.019,0.18154017236586045
2023-01-11,3.594,8.196,1.13,1.394,29.45,1.983,0.682,0.682,33.043,1.017,0.649,0.021,39.68,25.029,0.18057874234835838
2023-01-12,3.591,8.205,1.13,1.394,29.457,1.972,0.691,0.681,33.048,1.016,0.645,0.021,41.19,25.039,0.1796157059314954
2023-01-13,3.589,8.213,1.129,1.393,29.465,1.961,0.699,0.681,33.053,1.016,0.642,0.021,41.06,25.049,0.17887991083867374
2023-01-17,3.586,8.221,1.129,1.392,29.472,1.95,0.708,0.681,33.057,1.015,0.638,0.021,40.88,25.058,0.17791411042944785
2023-01-18,3.584,8.229,1.128,1.391,29.479,1.939,0.717,0.68,33.062,1.015,0.635,0.021,39.97,25.068,0.17717633928571427
2023-01-19,3.581,8.237,1.128,1.391,29.486,1.928,0.725,0.68,33.067,1.014,0.631,0.021,39.54,25.078,0.17620776319463838
2023-01-20,3.579,8.245,1.127,1.39,29.493,1.917,0.734,0.68,33.071,1.013,0.627,0.021,40.43,25.088,0.1751886001676446
2023-01-23,3.576,8.253,1.127,1.389,29.5,1.906,0.742,0.679,33.076,1.013,0.624,0.021,40.86,25.098,0.174496644295302
2023-01-24,3.574,8.261,1.126,1.388,29.508,1.895,0.751,0.679,33.08,1.012,0.62,0.021,41.02,25.108,0.17347509792949078
2023-01-25,3.571,8.269,1.126,1.387,29.515,1.885,0.76,0.679,33.085,1.012,0.617,0.021,40.93,25.117,0.17278073368804256
2023-01-26,3.568,8.277,1.126,1.387,29.522,1.874,0.768,0.678,33.09,1.011,0.613,0.02,41.3,25.127,0.171804932735426
2023-01-27,3.566,8.285,1.125,1.386,29.529,1.863,0.777,0.678,33.094,1.011,0.61,0.02,42.05,25.137,0.17106001121704992
2023-01-30,3.563,8.293,1.125,1.385,29.536,1.852,0.785,0.678,33.099,1.01,0.606,0.02,41.18,25.147,0.17008139208532136
2023-01-31,3.561,8.301,1.124,1.384,29.544,1.841,0.794,0.677,33.104,1.009,0.602,0.02,42.0,25.157,0.16905363661892728
2023-02-01,3.558,8.309,1.124,1.383,29.551,1.83,0.803,0.677,33.108,1.009,0.599,0.02,42.15,25.167,0.1683530073074761
2023-02-02,3.556,8.317,1.123,1.383,29.558,1.819,0.811,0.677,33.113,1.008,0.595,0.02,43.09,25.176,0.16732283464566927
2023-02-03,3.553,8.325,1.123,1.382,29.565,1.808,0.82,0.676,33.117,1.008,0.592,0.02,42.44,25.186,0.1666197579510273
2023-02-06,3.55,8.334,1.123,1.381,29.572,1.797,0.828,0.676,33.122,1.007,0.588,0.02,42.06,25.196,0.1656338028169014
2023-02-07,3.548,8.342,1.122,1.38,29.579,1.786,0.837,0.676,33.127,1.006,0.584,0.02,41.16,25.206,0.1645997745208568
2023-02-08,3.545,8.35,1.122,1.379,29.587,1.775,0.846,0.675,33.131,1.006,0.581,0.02,40.62,25.216,0.1638928067700987
2023-02-09,3.543,8.358,1.121,1.379,29.594,1.764,0.854,0.675,33.136,1.005,0.577,0.02,40.68,25.226,0.16285633643804684
2023-02-10,3.54,8.366,1.121,1.378,29.601,1.753,0.863,0.675,33.141,1.005,0.574,0.02,40.66,25.235,0.16214689265536722
2023-02-13,3.538,8.374,1.12,1.377,29.608,1.742,0.871,0.674,33.145,1.004,0.57,0.02,41.12,25.245,0.1611079706048615
2023-02-14,3.535,8.382,1.12,1.376,29.615,1.731,0.88,0.674,33.15,1.004,0.567,0.02,41.0,25.255,0.16039603960396037
2023-02-15,3.532,8.39,1.12,1.376,29.622,1.72,0.888,0.674,33.154,1.003,0.563,0.02,41.04,25.265,0.15939977349943374
2023-02-16,3.53,8.398,1.119,1.375,29.63,1.709,0.897,0.673,33.159,1.002,0.559,0.02,40.66,25.275,0.15835694050991503
2023-02-17,3.527,8.406,1.119,1.374,29.637,1.698,0.906,0.673,33.164,1.002,0.556,0.02,40.43,25.285,0.15764105472072584
2023-02-21,3.525,8.414,1.118,1.373,29.644,1.687,0.914,0.672,33.168,1.001,0.552,0.02,39.44,25.295,0.15659574468085108
2023-02-22,3.522,8.422,1.118,1.372,29.651,1.676,0.923,0.672,33.173,1.001,0.549,0.02,39.59,25.304,0.15587734241908008
2023-02-23,3.52,8.43,1.117,1.372,29.658,1.665,0.931,0.672,33.178,1.0,0.545,0.02,39.99,25.314,0.15482954545454547
2023-02-24,3.517,8.438,1.117,1.371,29.666,1.654,0.94,0.671,33.182,1.0,0.542,0.02,39.83,25.324,0.15410861529712824
2023-02-27,3.515,8.446,1.116,1.37,29.673,1.643,0.949,0.671,33.187,0.999,0.538,0.02,40.06,25.334,0.15305832147937412
2023-02-28,3.512,8.455,1.116,1.369,29.68,1.632,0.957,0.671,33.192,0.998,0.534,0.02,39.92,25.344,0.15205011389521642
2023-03-01,3.509,8.463,1.116,1.368,29.687,1.621,0.966,0.67,33.196,0.998,0.531,0.02,39.64,25.354,0.15132516386434883
2023-03-02,3.507,8.471,1.115,1.368,29.694,1.61,0.974,0.67,33.201,0.997,0.527,0.02,40.17,25.363,0.1502708867978329
2023-03-03,3.504,8.479,1.115,1.367,29.701,1.599,0.983,0.67,33.205,0.997,0.524,0.02,40.57,25.373,0.1495433789954338
2023-03-06,3.502,8.487,1.114,1.366,29.709,1.588,0.992,0.669,33.21,0.996,0.52,0.02,40.49,25.383,0.1484865790976585
2023-03-07,3.499,8.495,1.114,1.365,29.716,1.577,1.0,0.669,33.215,0.995,0.516,0.02,39.43,25.393,0.147470705915976
2023-03-08,3.497,8.503,1.113,1.364,29.723,1.566,1.009,0.669,33.219,0.995,0.513,0.02,39.95,25.403,0.14669716900200172
2023-03-09,3.494,8.511,1.113,1.364,29.73,1.555,1.017,0.668,33.224,0.994,0.509,0.02,38.35,25.413,0.14567830566685747
2023-03-10,3.491,8.519,1.113,1.363,29.737,1.545,1.026,0.668,33.229,0.994,0.506,0.02,36.46,25.422,0.14494414207963335
2023-03-13,3.489,8.527,1.112,1.362,29.745,1.534,1.035,0.668,33.233,0.993,0.502,0.02,36.43,25.432,0.14388076812840356
2023-03-14,3.486,8.535,1.112,1.361,29.752,1.523,1.043,0.667,33.238,0.993,0.499,0.02,36.68,25.442,0.1431440045897877
2023-03-15,3.484,8.543,1.111,1.36,29.759,1.512,1.052,0.667,33.242,0.992,0.495,0.02,35.86,25.452,0.14207807118254878
2023-03-16,3.481,8.551,1.111,1.36,29.766,1.501,1.06,0.667,33.247,0.991,0.491,0.02,35.7,25.462,0.14105142200517093
2023-03-17,3.479,8.559,1.11,1.359,29.773,1.49,1.069,0.666,33.252,0.991,0.488,0.02,34.1,25.472,0.1402701925840759
2023-03-20,3.476,8.567,1.11,1.358,29.78,1.479,1.078,0.666,33.256,0.99,0.484,0.02,35.02,25.481,0.13924050632911392
2023-03-21,3.474,8.575,1.109,1.357,29.788,1.468,1.086,0.666,33.261,0.99,0.481,0.02,35.68,25.491,0.13845710995970062
2023-03-22,3.471,8.584,1.109,1.357,29.795,1.457,1.095,0.665,33.266,0.989,0.477,0.02,34.1,25.501,0.13742437337942956
2023-03-23,3.468,8.592,1.109,1.356,29.802,1.446,1.103,0.665,33.27,0.988,0.473,0.02,33.47,25.511,0.13638985005767013
2023-03-24,3.466,8.6,1.108,1.355,29.809,1.435,1.112,0.665,33.275,0.988,0.47,0.02,33.83,25.521,0.13560300057703403
2023-03-27,3.463,8.608,1.108,1.354,29.816,1.424,1.121,0.664,33.279,0.987,0.466,0.02,33.77,25.531,0.1345654057175859
2023-03-28,3.461,8.616,1.107,1.353,29.823,1.413,1.129,0.664,33.284,0.987,0.463,0.02,34.05,25.54,0.13377636521236638
2023-03-29,3.458,8.624,1.107,1.353,29.831,1.402,1.138,0.664,33.289,0.986,0.459,0.02,34.85,25.55,0.13273568536726432
2023-03-30,3.456,8.632,1.106,1.352,29.838,1.391,1.146,0.663,33.293,0.986,0.456,0.02,35.17,25.56,0.13194444444444445
2023-03-31,3.453,8.64,1.106,1.351,29.845,1.38,1.155,0.663,33.298,0.985,0.452,0.02,36.61,25.57,0.13090066608746018
2023-04-03,3.451,8.645,1.106,1.351,29.84,1.382,1.15,0.663,33.29,0.985,0.453,0.02,36.78,25.561,0.13126629962329758
2023-04-04,3.448,8.65,1.106,1.352,29.834,1.384,1.145,0.663,33.283,0.985,0.453,0.02,36.42,25.551,0.13138051044083526
2023-04-05,3.446,8.655,1.106,1.352,29.829,1.385,1.14,0.663,33.275,0.986,0.454,0.02,35.97,25.542,0.1317469529889727
2023-04-06,3.443,8.659,1.107,1.352,29.824,1.387,1.134,0.663,33.267,0.986,0.454,0.02,35.92,25.533,0.13186174847516702
2023-04-10,3.441,8.664,1.107,1.353,29.819,1.389,1.129,0.663,33.259,0.986,0.455,0.02,35.85,25.523,0.13222900319674513
2023-04-11,3.438,8.669,1.107,1.353,29.813,1.391,1.124,0.663,33.252,0.986,0.455,0.02,36.04,25.514,0.13234438627108783
2023-04-12,3.436,8.674,1.107,1.353,29.808,1.392,1.119,0.662,33.244,0.986,0.456,0.02,35.83,25.505,0.13271245634458673
2023-04-13,3.433,8.679,1.107,1.353,29.803,1.394,1.114,0.662,33.236,0.987,0.456,0.02,35.64,25.495,0.13282842994465482
2023-04-14,3.431,8.684,1.107,1.354,29.798,1.396,1.109,0.662,33.228,0.987,0.457,0.02,35.19,25.486,0.13319731856601574
2023-04-17,3.428,8.688,1.108,1.354,29.792,1.398,1.104,0.662,33.221,0.987,0.457,0.02,36.43,25.476,0.13331388564760793
2023-04-18,3.426,8.693,1.108,1.354,29.787,1.4,1.099,0.662,33.213,0.987,0.458,0.02,36.42,25.467,0.1336835960303561
2023-04-19,3.424,8.698,1.108,1.355,29.782,1.401,1.093,0.662,33.205,0.987,0.459,0.02,36.66,25.458,0.13405373831775702
2023-04-20,3.421,8.703,1.108,1.355,29.776,1.403,1.088,0.662,33.198,0.988,0.459,0.02,36.24,25.448,0.13417129494299915
2023-04-21,3.419,8.708,1.108,1.355,29.771,1.405,1.083,0.662,33.19,0.988,0.46,0.02,36.21,25.439,0.13454226381983037
2023-04-24,3.416,8.713,1.108,1.356,29.766,1.407,1.078,0.662,33.182,0.988,0.46,0.02,36.07,25.43,0.13466042154566746
2023-04-25,3.414,8.717,1.109,1.356,29.761,1.408,1.073,0.662,33.174,0.988,0.461,0.02,35.74,25.42,0.13503222026947861
2023-04-26,3.411,8.722,1.109,1.356,29.755,1.41,1.068,0.662,33.167,0.988,0.461,0.02,35.45,25.411,0.13515098211668133
2023-04-27,3.409,8.727,1.109,1.357,29.75,1.412,1.063,0.662,33.159,0.988,0.462,0.02,36.19,25.402,0.13552361396303902
2023-04-28,3.406,8.732,1.109,1.357,29.745,1.414,1.058,0.661,33.151,0.989,0.462,0.02,37.08,25.392,0.13564298297122726
2023-05-01,3.404,8.737,1.109,1.357,29.74,1.415,1.052,0.661,33.143,0.989,0.463,0.02,37.13,25.383,0.13601645123384254
2023-05-02,3.402,8.742,1.109,1.357,29.734,1.417,1.047,0.661,33.136,0.989,0.464,0.02,36.66,25.374,0.13639035861258084
2023-05-03,3.399,8.746,1.11,1.358,29.729,1.419,1.042,0.661,33.128,0.989,0.464,0.02,35.2,25.364,0.13651073845248604
2023-05-04,3.397,8.751,1.11,1.358,29.724,1.421,1.037,0.661,33.12,0.989,0.465,0.02,35.29,25.355,0.13688548719458346
2023-05-05,3.394,8.756,1.11,1.358,29.718,1.423,1.032,0.661,33.113,0.99,0.465,0.02,35.84,25.345,0.13700648202710666
2023-05-08,3.392,8.761,1.11,1.359,29.713,1.424,1.027,0.661,33.105,0.99,0.466,0.02,35.34,25.336,0.13738207547169812
2023-05-09,3.389,8.766,1.11,1.359,29.708,1.426,1.022,0.661,33.097,0.99,0.466,0.02,34.84,25.327,0.13750368840365892
2023-05-10,3.387,8.771,1.11,1.359,29.703,1.428,1.017,0.661,33.089,0.99,0.467,0.02,34.86,25.317,0.1378801299084736
2023-05-11,3.384,8.775,1.111,1.36,29.697,1.43,1.011,0.661,33.082,0.99,0.467,0.02,34.76,25.308,0.13800236406619387
2023-05-12,3.382,8.78,1.111,1.36,29.692,1.431,1.006,0.661,33.074,0.991,0.468,0.02,34.8,25.299,0.13837965700768776
2023-05-15,3.379,8.785,1.111,1.36,29.687,1.433,1.001,0.661,33.066,0.991,0.468,0.02,34.99,25.289,0.13850251553714119
2023-05-16,3.377,8.79,1.111,1.36,29.682,1.435,0.996,0.661,33.058,0.991,0.469,0.02,33.94,25.28,0.13888066331063073
2023-05-17,3.375,8.795,1.111,1.361,29.676,1.437,0.991,0.66,33.051,0.991,0.47,0.02,34.78,25.271,0.13925925925925925
2023-05-18,3.372,8.8,1.111,1.361,29.671,1.439,0.986,0.66,33.043,0.991,0.47,0.02,34.53,25.261,0.13938315539739027
2023-05-19,3.37,8.805,1.111,1.361,29.666,1.44,0.981,0.66,33.035,0.992,0.471,0.02,34.47,25.252,0.13976261127596437
2023-05-22,3.367,8.809,1.112,1.362,29.66,1.442,0.975,0.66,33.028,0.992,0.471,0.02,34.68,25.243,0.13988713988713988
2023-05-23,3.365,8.814,1.112,1.362,29.655,1.444,0.97,0.66,33.02,0.992,0.472,0.02,34.07,25.233,0.1402674591381872
2023-05-24,3.362,8.819,1.112,1.362,29.65,1.446,0.965,0.66,33.012,0.992,0.472,0.02,33.43,25.224,0.14039262343842948
2023-05-25,3.36,8.824,1.112,1.363,29.645,1.447,0.96,0.66,33.004,0.992,0.473,0.02,33.13,25.215,0.14077380952380952
2023-05-26,3.357,8.829,1.112,1.363,29.639,1.449,0.955,0.66,32.997,0.993,0.473,0.02,33.49,25.205,0.14089961274947868
2023-05-30,3.355,8.834,1.112,1.363,29.634,1.451,0.95,0.66,32.989,0.993,0.474,0.02,33.87,25.196,0.1412816691505216
2023-05-31,3.352,8.838,1.113,1.364,29.629,1.453,0.945,0.66,32.981,0.993,0.474,0.02,34.4,25.186,0.14140811455847255
2023-06-01,3.35,8.843,1.113,1.364,29.623,1.455,0.94,0.66,32.974,0.993,0.475,0.02,33.83,25.177,0.1417910447761194
2023-06-02,3.348,8.848,1.113,1.364,29.618,1.456,0.934,0.66,32.966,0.993,0.476,0.02,34.85,25.168,0.14217443249701314
2023-06-05,3.345,8.853,1.113,1.364,29.613,1.458,0.929,0.659,32.958,0.994,0.476,0.02,34.86,25.158,0.14230194319880418
2023-06-06,3.343,8.858,1.113,1.365,29.608,1.46,0.924,0.659,32.95,0.994,0.477,0.02,35.72,25.149,0.14268620999102602
2023-06-07,3.34,8.863,1.113,1.365,29.602,1.462,0.919,0.659,32.943,0.994,0.477,0.02,36.87,25.14,0.14281437125748503
2023-06-08,3.338,8.867,1.114,1.365,29.597,1.463,0.914,0.659,32.935,0.994,0.478,0.02,35.9,25.13,0.1431995206710605
2023-06-09,3.335,8.872,1.114,1.366,29.592,1.465,0.909,0.659,32.927,0.994,0.478,0.02,36.22,25.121,0.14332833583208396
2023-06-12,3.333,8.877,1.114,1.366,29.587,1.467,0.904,0.659,32.919,0.994,0.479,0.02,35.98,25.112,0.1437143714371437
2023-06-13,3.33,8.882,1.114,1.366,29.581,1.469,0.899,0.659,32.912,0.995,0.479,0.02,36.31,25.102,0.14384384384384383
2023-06-14,3.328,8.887,1.114,1.367,29.576,1.47,0.893,0.659,32.904,0.995,0.48,0.02,36.29,25.093,0.14423076923076925
2023-06-15,3.326,8.892,1.114,1.367,29.571,1.472,0.888,0.659,32.896,0.995,0.481,0.02,36.29,25.084,0.14461815995189417
2023-06-16,3.323,8.896,1.115,1.367,29.565,1.474,0.883,0.659,32.889,0.995,0.481,0.02,36.9,25.074,0.14474872103520914
2023-06-20,3.321,8.901,1.115,1.368,29.56,1.476,0.878,0.659,32.881,0.995,0.482,0.02,36.23,25.065,0.1451370069256248
2023-06-21,3.318,8.906,1.115,1.368,29.555,1.478,0.873,0.659,32.873,0.996,0.482,0.02,36.23,25.055,0.1452682338758288
2023-06-22,3.316,8.911,1.115,1.368,29.55,1.479,0.868,0.658,32.865,0.996,0.483,0.02,35.69,25.046,0.1456574185765983
2023-06-23,3.313,8.916,1.115,1.368,29.544,1.481,0.863,0.658,32.858,0.996,0.483,0.02,35.25,25.037,0.14578931482040444
2023-06-26,3.311,8.921,1.115,1.369,29.539,1.483,0.858,0.658,32.85,0.996,0.484,0.02,36.34,25.027,0.14617940199335547
2023-06-27,3.308,8.925,1.116,1.369,29.534,1.485,0.852,0.658,32.842,0.996,0.484,0.02,37.0,25.018,0.1463119709794438
2023-06-28,3.306,8.93,1.116,1.369,29.529,1.486,0.847,0.658,32.834,0.997,0.485,0.02,36.9,25.009,0.14670296430732002
2023-06-29,3.303,8.935,1.116,1.37,29.523,1.488,0.842,0.658,32.827,0.997,0.485,0.02,37.55,24.999,0.14683620950650925
2023-06-30,3.301,8.94,1.116,1.37,29.518,1.49,0.837,0.658,32.819,0.997,0.486,0.02,37.78,24.99,0.14722811269312328
2023-07-03,3.303,8.936,1.116,1.371,29.519,1.495,0.836,0.659,32.821,0.997,0.488,0.02,38.29,24.989,0.14774447471995156
2023-07-05,3.304,8.932,1.117,1.371,29.519,1.5,0.835,0.659,32.824,0.998,0.489,0.02,38.67,24.988,0.14800242130750607
2023-07-06,3.306,8.927,1.117,1.372,29.52,1.505,0.834,0.66,32.826,0.998,0.491,0.02,38.96,24.987,0.1485178463399879
2023-07-07,3.308,8.923,1.117,1.373,29.52,1.511,0.833,0.66,32.828,0.999,0.493,0.02,38.78,24.985,0.14903264812575576
2023-07-10,3.31,8.919,1.118,1.373,29.521,1.516,0.832,0.661,32.83,0.999,0.494,0.02,39.57,24.984,0.14924471299093656
2023-07-11,3.311,8.915,1.118,1.374,29.521,1.521,0.831,0.661,32.833,1.0,0.496,0.02,40.24,24.983,0.14980368468740562
2023-07-12,3.313,8.91,1.118,1.374,29.522,1.526,0.83,0.662,32.835,1.0,0.498,0.02,40.06,24.982,0.15031693329308782
2023-07-13,3.315,8.906,1.118,1.375,29.522,1.531,0.828,0.662,32.837,1.001,0.5,0.02,39.86,24.981,0.15082956259426847
2023-07-14,3.316,8.902,1.119,1.376,29.523,1.536,0.827,0.663,32.84,1.001,0.501,0.02,39.68,24.98,0.15108564535585042
2023-07-17,3.318,8.898,1.119,1.376,29.524,1.542,0.826,0.664,32.842,1.002,0.503,0.02,39.8,24.979,0.15159734779987943
2023-07-18,3.32,8.894,1.119,1.377,29.524,1.547,0.825,0.664,32.844,1.002,0.505,0.02,39.76,24.977,0.15210843373493976
2023-07-19,3.321,8.889,1.12,1.378,29.525,1.552,0.824,0.665,32.846,1.003,0.506,0.02,40.37,24.976,0.15236374585968082
2023-07-20,3.323,8.885,1.12,1.378,29.525,1.557,0.823,0.665,32.849,1.003,0.508,0.02,40.49,24.975,0.15287390911826662
2023-07-21,3.325,8.881,1.12,1.379,29.526,1.562,0.822,0.666,32.851,1.004,0.51,0.02,40.45,24.974,0.15338345864661654
2023-07-24,3.327,8.877,1.121,1.38,29.526,1.567,0.821,0.666,32.853,1.004,0.511,0.02,40.7,24.973,0.15359182446648634
2023-07-25,3.328,8.872,1.121,1.38,29.527,1.572,0.82,0.667,32.856,1.005,0.513,0.02,40.47,24.972,0.15414663461538464
2023-07-26,3.33,8.868,1.121,1.381,29.528,1.578,0.819,0.668,32.858,1.005,0.515,0.02,40.62,24.971,0.15465465465465467
2023-07-27,3.332,8.864,1.122,1.382,29.528,1.583,0.818,0.668,32.86,1.006,0.516,0.02,40.24,24.969,0.15486194477791118
2023-07-28,3.333,8.86,1.122,1.382,29.529,1.588,0.817,0.669,32.862,1.006,0.518,0.02,40.72,24.968,0.1554155415541554
2023-07-31,3.335,8.856,1.122,1.383,29.529,1.593,0.816,0.669,32.865,1.007,0.52,0.02,40.76,24.967,0.15592203898050974
2023-08-01,3.337,8.851,1.123,1.383,29.53,1.598,0.815,0.67,32.867,1.007,0.521,0.02,41.04,24.966,0.15612825891519327
2023-08-02,3.338,8.847,1.123,1.384,29.53,1.603,0.814,0.67,32.869,1.008,0.523,0.02,40.59,24.965,0.15668064709406831
2023-08-03,3.34,8.843,1.123,1.385,29.531,1.609,0.813,0.671,32.871,1.008,0.525,0.02,38.73,24.964,0.157185628742515
2023-08-04,3.342,8.839,1.124,1.385,29.532,1.614,0.812,0.672,32.874,1.009,0.526,0.02,38.7,24.963,0.1573907839616996
2023-08-07,3.344,8.835,1.124,1.386,29.532,1.619,0.81,0.672,32.876,1.009,0.528,0.02,39.15,24.961,0.15789473684210528
2023-08-08,3.345,8.83,1.124,1.387,29.533,1.624,0.809,0.673,32.878,1.01,0.53,0.02,38.93,24.96,0.15844544095665172
2023-08-09,3.347,8.826,1.124,1.387,29.533,1.629,0.808,0.673,32.881,1.01,0.532,0.02,38.87,24.959,0.1589483119211234
2023-08-10,3.349,8.822,1.125,1.388,29.534,1.634,0.807,0.674,32.883,1.011,0.533,0.02,38.88,24.958,0.15915198566736338
2023-08-11,3.35,8.818,1.125,1.389,29.534,1.64,0.806,0.674,32.885,1.011,0.535,0.021,38.89,24.957,0.15970149253731344
2023-08-14,3.352,8.813,1.125,1.389,29.535,1.645,0.805,0.675,32.887,1.012,0.537,0.021,38.94,24.956,0.16020286396181385
2023-08-15,3.354,8.809,1.126,1.39,29.535,1.65,0.804,0.675,32.89,1.012,0.538,0.021,38.56,24.955,0.16040548598688134
2023-08-16,3.356,8.805,1.126,1.39,29.536,1.655,0.803,0.676,32.892,1.012,0.54,0.021,37.82,24.954,0.16090584028605484
2023-08-17,3.357,8.801,1.126,1.391,29.537,1.66,0.802,0.677,32.894,1.013,0.542,0.021,37.35,24.952,0.16145367887995235
2023-08-18,3.359,8.797,1.127,1.392,29.537,1.665,0.801,0.677,32.897,1.013,0.543,0.021,37.82,24.951,0.1616552545400417
2023-08-21,3.361,8.792,1.127,1.392,29.538,1.67,0.8,0.678,32.899,1.014,0.545,0.021,36.88,24.95,0.16215412079738173
2023-08-22,3.362,8.788,1.127,1.393,29.538,1.676,0.799,0.678,32.901,1.014,0.547,0.021,36.29,24.949,0.16270077334919691
2023-08-23,3.364,8.784,1.128,1.394,29.539,1.681,0.798,0.679,32.903,1.015,0.548,0.021,36.52,24.948,0.16290130796670632
2023-08-24,3.366,8.78,1.128,1.394,29.539,1.686,0.797,0.679,32.906,1.015,0.55,0.021,36.2,24.947,0.16339869281045752
2023-08-25,3.367,8.775,1.128,1.395,29.54,1.691,0.796,0.68,32.908,1.016,0.552,0.021,36.23,24.946,0.16394416394416395
2023-08-28,3.369,8.771,1.128,1.396,29.54,1.696,0.794,0.68,32.91,1.016,0.554,0.021,36.53,24.944,0.16444048679133275
2023-08-29,3.371,8.767,1.129,1.396,29.541,1.701,0.793,0.681,32.913,1.017,0.555,0.021,37.14,24.943,0.1646395728270543
2023-08-30,3.373,8.763,1.129,1.397,29.542,1.707,0.792,0.682,32.915,1.017,0.557,0.021,37.14,24.942,0.1651348947524459
2023-08-31,3.374,8.759,1.129,1.398,29.542,1.712,0.791,0.682,32.917,1.018,0.559,0.021,37.13,24.941,0.16567871962062836
2023-09-01,3.376,8.754,1.13,1.398,29.543,1.717,0.79,0.683,32.919,1.018,0.56,0.021,37.59,24.94,0.16587677725118485
2023-09-05,3.378,8.75,1.13,1.399,29.543,1.722,0.789,0.683,32.922,1.019,0.562,0.021,37.6,24.939,0.16637063351095324
2023-09-06,3.379,8.746,1.13,1.399,29.544,1.727,0.788,0.684,32.924,1.019,0.564,0.021,37.87,24.938,0.16691328795501625
2023-09-07,3.381,8.742,1.131,1.4,29.544,1.732,0.787,0.684,32.926,1.02,0.565,0.021,37.44,24.936,0.16711032238982548
2023-09-08,3.383,8.738,1.131,1.401,29.545,1.738,0.786,0.685,32.928,1.02,0.567,0.021,37.5,24.935,0.1676027194797517
2023-09-11,3.384,8.733,1.131,1.401,29.546,1.743,0.785,0.686,32.931,1.021,0.569,0.021,37.54,24.934,0.16814420803782504
2023-09-12,3.386,8.729,1.132,1.402,29.546,1.748,0.784,0.686,32.933,1.021,0.57,0.021,37.78,24.933,0.1683402244536326
2023-09-13,3.388,8.725,1.132,1.403,29.547,1.753,0.783,0.687,32.935,1.022,0.572,0.021,37.55,24.932,0.16883116883116883
2023-09-14,3.39,8.721,1.132,1.403,29.547,1.758,0.782,0.687,32.938,1.022,0.574,0.021,38.4,24.931,0.16932153392330382
2023-09-15,3.391,8.716,1.133,1.404,29.548,1.763,0.781,0.688,32.94,1.023,0.575,0.021,38.08,24.93,0.1695664995576526
2023-09-18,3.393,8.712,1.133,1.405,29.548,1.768,0.78,0.688,32.942,1.023,0.577,0.021,37.38,24.928,0.17005599764220453
2023-09-19,3.395,8.708,1.133,1.405,29.549,1.774,0.779,0.689,32.944,1.024,0.579,0.021,37.38,24.927,0.17054491899852722
2023-09-20,3.396,8.704,1.134,1.406,29.55,1.779,0.778,0.69,32.947,1.024,0.58,0.021,37.22,24.926,0.1707891637220259
2023-09-21,3.398,8.7,1.134,1.407,29.55,1.784,0.776,0.69,32.949,1.025,0.582,0.021,36.52,24.925,0.17127722189523248
2023-09-22,3.4,8.695,1.134,1.407,29.551,1.789,0.775,0.691,32.951,1.025,0.584,0.021,36.54,24.924,0.17176470588235293
2023-09-25,3.401,8.691,1.134,1.408,29.551,1.794,0.774,0.691,32.954,1.026,0.586,0.021,36.68,24.923,0.17230226403998825
2023-09-26,3.403,8.687,1.135,1.408,29.552,1.799,0.773,0.692,32.956,1.026,0.587,0.021,35.71,24.922,0.17249485747869525
2023-09-27,3.405,8.683,1.135,1.409,29.552,1.805,0.772,0.692,32.958,1.027,0.589,0.021,35.4,24.92,0.17298091042584435
2023-09-28,3.407,8.678,1.135,1.41,29.553,1.81,0.771,0.693,32.96,1.027,0.591,0.021,35.6,24.919,0.17346639272086878
2023-09-29,3.408,8.674,1.136,1.41,29.553,1.815,0.77,0.693,32.963,1.028,0.592,0.021,35.34,24.918,0.17370892018779344
2023-09-30,3.41,8.67,1.136,1.411,29.554,1.82,0.769,0.694,32.965,1.028,0.594,0.021,34.765,24.917,0.17419354838709675
2023-10-02,3.411,8.672,1.138,1.413,29.573,1.827,0.791,0.696,32.986,1.03,0.596,0.021,34.19,24.934,0.1747288185282908
2023-10-03,3.413,8.675,1.14,1.415,29.593,1.835,0.813,0.697,33.006,1.031,0.599,0.021,33.78,24.952,0.17550542045121595
2023-10-04,3.414,8.677,1.142,1.416,29.612,1.842,0.835,0.699,33.027,1.033,0.601,0.021,34.13,24.969,0.17603983596953718
2023-10-05,3.415,8.679,1.144,1.418,29.631,1.849,0.856,0.7,33.047,1.034,0.604,0.021,34.16,24.987,0.17686676427525622
2023-10-06,3.416,8.682,1.147,1.42,29.651,1.857,0.878,0.702,33.068,1.036,0.606,0.021,34.12,25.004,0.17740046838407494
2023-10-09,3.418,8.684,1.149,1.422,29.67,1.864,0.9,0.703,33.089,1.038,0.608,0.021,34.46,25.022,0.1778818022235225
2023-10-10,3.419,8.686,1.151,1.424,29.689,1.871,0.922,0.705,33.109,1.039,0.611,0.021,34.69,25.039,0.17870722433460076
2023-10-11,3.42,8.689,1.153,1.426,29.709,1.879,0.944,0.706,33.13,1.041,0.613,0.021,35.4,25.056,0.17923976608187134
2023-10-12,3.422,8.691,1.155,1.427,29.728,1.886,0.966,0.708,33.15,1.042,0.616,0.021,35.08,25.074,0.18001168907071888
2023-10-13,3.423,8.693,1.157,1.429,29.747,1.893,0.988,0.709,33.171,1.044,0.618,0.021,34.98,25.091,0.18054338299737072
2023-10-16,3.424,8.696,1.159,1.431,29.767,1.901,1.01,0.711,33.192,1.046,0.62,0.021,35.4,25.109,0.1810747663551402
2023-10-17,3.425,8.698,1.162,1.433,29.786,1.908,1.032,0.712,33.212,1.047,0.623,0.021,36.0,25.126,0.1818978102189781
2023-10-18,3.427,8.7,1.164,1.435,29.805,1.915,1.053,0.714,33.233,1.049,0.625,0.021,35.48,25.144,0.18237525532535745
2023-10-19,3.428,8.703,1.166,1.436,29.825,1.923,1.075,0.715,33.254,1.051,0.627,0.022,34.81,25.161,0.18290548424737457
2023-10-20,3.429,8.705,1.168,1.438,29.844,1.93,1.097,0.717,33.274,1.052,0.63,0.022,34.69,25.179,0.1837270341207349
2023-10-23,3.431,8.708,1.17,1.44,29.864,1.938,1.119,0.718,33.295,1.054,0.632,0.022,34.38,25.196,0.18420285631011366
2023-10-24,3.432,8.71,1.172,1.442,29.883,1.945,1.141,0.72,33.315,1.055,0.635,0.022,34.63,25.213,0.18502331002331002
2023-10-25,3.433,8.712,1.174,1.444,29.902,1.952,1.163,0.722,33.336,1.057,0.637,0.022,34.31,25.231,0.18555199533935335
2023-10-26,3.434,8.715,1.176,1.445,29.922,1.96,1.185,0.723,33.357,1.059,0.639,0.022,34.75,25.248,0.18608037274315667
2023-10-27,3.436,8.717,1.178,1.447,29.941,1.967,1.206,0.725,33.377,1.06,0.642,0.022,34.16,25.266,0.18684516880093133
2023-10-30,3.437,8.719,1.181,1.449,29.96,1.974,1.228,0.726,33.398,1.062,0.644,0.022,34.42,25.283,0.18737270875763748
2023-10-31,3.438,8.722,1.183,1.451,29.98,1.982,1.25,0.728,33.418,1.063,0.647,0.022,35.91,25.301,0.18819080860965678
2023-11-01,3.439,8.724,1.185,1.453,29.999,1.989,1.272,0.729,33.439,1.065,0.649,0.022,36.76,25.318,0.18871765047979064
2023-11-02,3.441,8.726,1.187,1.454,30.018,1.996,1.294,0.731,33.46,1.067,0.651,0.022,37.86,25.336,0.1891891891891892
2023-11-03,3.442,8.729,1.189,1.456,30.038,2.004,1.316,0.732,33.48,1.068,0.654,0.022,38.53,25.353,0.19000581057524696
2023-11-06,3.443,8.731,1.191,1.458,30.057,2.011,1.338,0.734,33.501,1.07,0.656,0.022,38.26,25.37,0.1905315132152193
2023-11-07,3.445,8.733,1.193,1.46,30.076,2.018,1.36,0.735,33.521,1.071,0.659,0.022,37.66,25.388,0.19129172714078377
2023-11-08,3.446,8.736,1.196,1.462,30.096,2.026,1.382,0.737,33.542,1.073,0.661,0.022,37.73,25.405,0.1918165989553105
2023-11-09,3.447,8.738,1.198,1.464,30.115,2.033,1.403,0.738,33.563,1.075,0.663,0.022,37.19,25.423,0.19234116623150566
2023-11-10,3.448,8.74,1.2,1.465,30.134,2.04,1.425,0.74,33.583,1.076,0.666,0.022,37.69,25.44,0.19315545243619492
2023-11-13,3.45,8.743,1.202,1.467,30.154,2.048,1.447,0.741,33.604,1.078,0.668,0.022,37.76,25.458,0.1936231884057971
2023-11-14,3.451,8.745,1.204,1.469,30.173,2.055,1.469,0.743,33.624,1.08,0.67,0.022,39.48,25.475,0.19414662416690814
2023-11-15,3.452,8.747,1.206,1.471,30.192,2.062,1.491,0.745,33.645,1.081,0.673,0.022,39.39,25.492,0.19495944380069527
2023-11-16,3.454,8.75,1.208,1.473,30.212,2.07,1.513,0.746,33.666,1.083,0.675,0.022,39.35,25.51,0.1954255935147655
2023-11-17,3.455,8.752,1.21,1.474,30.231,2.077,1.535,0.748,33.686,1.084,0.678,0.022,39.77,25.527,0.1962373371924747
2023-11-20,3.456,8.754,1.212,1.476,30.25,2.084,1.556,0.749,33.707,1.086,0.68,0.022,40.12,25.545,0.19675925925925927
2023-11-21,3.457,8.757,1.215,1.478,30.27,2.092,1.578,0.751,33.728,1.088,0.682,0.022,39.79,25.562,0.19728087937518082
2023-11-22,3.459,8.759,1.217,1.48,30.289,2.099,1.6,0.752,33.748,1.089,0.685,0.022,39.58,25.58,0.19803411390575312
2023-11-24,3.46,8.761,1.219,1.482,30.308,2.106,1.622,0.754,33.769,1.091,0.687,0.022,39.49,25.597,0.1985549132947977
2023-11-27,3.461,8.764,1.221,1.484,30.328,2.114,1.644,0.755,33.789,1.092,0.69,0.022,39.78,25.614,0.19936434556486565
2023-11-28,3.463,8.766,1.223,1.485,30.347,2.121,1.666,0.757,33.81,1.094,0.692,0.022,39.9,25.632,0.19982673982096447
2023-11-29,3.464,8.768,1.225,1.487,30.366,2.128,1.688,0.758,33.831,1.096,0.694,0.022,40.12,25.649,0.2003464203233256
2023-11-30,3.465,8.771,1.227,1.489,30.386,2.136,1.71,0.76,33.851,1.097,0.697,0.022,40.82,25.667,0.20115440115440114
2023-12-01,3.466,8.773,1.23,1.491,30.405,2.143,1.732,0.761,33.872,1.099,0.699,0.022,42.1,25.684,0.2016733987305251
2023-12-04,3.468,8.775,1.232,1.493,30.424,2.15,1.753,0.763,33.892,1.1,0.702,0.022,42.76,25.702,0.20242214532871972
2023-12-05,3.469,8.778,1.234,1.494,30.444,2.158,1.775,0.764,33.913,1.102,0.704,0.023,42.74,25.719,0.20294032862496397
2023-12-06,3.47,8.78,1.236,1.496,30.463,2.165,1.797,0.766,33.934,1.104,0.706,0.023,43.05,25.737,0.20345821325648414
2023-12-07,3.472,8.782,1.238,1.498,30.482,2.172,1.819,0.768,33.954,1.105,0.709,0.023,42.93,25.754,0.20420506912442396
2023-12-08,3.473,8.785,1.24,1.5,30.502,2.18,1.841,0.769,33.975,1.107,0.711,0.023,43.43,25.771,0.2047221422401382
2023-12-11,3.474,8.787,1.242,1.502,30.521,2.187,1.863,0.771,33.995,1.108,0.714,0.023,44.05,25.789,0.20552677029360966
2023-12-12,3.475,8.79,1.244,1.503,30.541,2.195,1.885,0.772,34.016,1.11,0.716,0.023,43.95,25.806,0.20604316546762588
2023-12-13,3.477,8.792,1.246,1.505,30.56,2.202,1.906,0.774,34.037,1.112,0.718,0.023,45.51,25.824,0.20649985619787173
2023-12-14,3.478,8.794,1.249,1.507,30.579,2.209,1.928,0.775,34.057,1.113,0.721,0.023,47.9,25.841,0.20730304772857963
2023-12-15,3.479,8.797,1.251,1.509,30.599,2.217,1.95,0.777,34.078,1.115,0.723,0.023,47.17,25.859,0.20781833860304685
2023-12-18,3.48,8.799,1.253,1.511,30.618,2.224,1.972,0.778,34.099,1.117,0.725,0.023,46.94,25.876,0.20833333333333331
2023-12-19,3.482,8.801,1.255,1.512,30.637,2.231,1.994,0.78,34.119,1.118,0.728,0.023,47.44,25.894,0.20907524411257897
2023-12-20,3.483,8.804,1.257,1.514,30.657,2.239,2.016,0.781,34.14,1.12,0.73,0.023,47.1,25.911,0.20958943439563593
2023-12-21,3.484,8.806,1.259,1.516,30.676,2.246,2.038,0.783,34.16,1.121,0.733,0.023,46.48,25.928,0.21039035591274396
2023-12-22,3.486,8.808,1.261,1.518,30.695,2.253,2.06,0.784,34.181,1.123,0.735,0.023,46.5,25.946,0.2108433734939759
2023-12-26,3.487,8.811,1.264,1.52,30.715,2.261,2.082,0.786,34.202,1.125,0.737,0.023,46.95,25.963,0.2113564668769716
2023-12-27,3.488,8.813,1.266,1.522,30.734,2.268,2.103,0.787,34.222,1.126,0.74,0.023,46.95,25.981,0.2121559633027523
2023-12-28,3.489,8.815,1.268,1.523,30.753,2.275,2.125,0.789,34.243,1.128,0.742,0.023,47.15,25.998,0.2126683863571224
2023-12-29,3.491,8.818,1.27,1.525,30.773,2.283,2.147,0.79,34.263,1.129,0.745,0.023,46.62,26.016,0.2134059008879977
2023-12-31,3.492,8.82,1.272,1.527,30.792,2.29,2.169,0.792,34.284,1.131,0.747,0.023,46.62,26.033,0.21391752577319587
2024-01-02,3.494,8.813,1.271,1.526,30.781,2.289,2.175,0.791,34.275,1.13,0.747,0.023,46.62,26.025,0.21379507727532912
2024-01-03,3.495,8.806,1.269,1.524,30.77,2.289,2.181,0.79,34.265,1.129,0.747,0.023,45.66,26.016,0.21373390557939914
2024-01-04,3.496,8.8,1.268,1.523,30.759,2.288,2.187,0.789,34.256,1.128,0.746,0.023,45.71,26.008,0.2133867276887872
2024-01-05,3.498,8.793,1.266,1.522,30.748,2.287,2.194,0.788,34.246,1.126,0.746,0.023,45.84,26.0,0.21326472269868496
2024-01-08,3.5,8.786,1.265,1.52,30.737,2.287,2.2,0.787,34.237,1.125,0.746,0.023,46.38,25.992,0.21314285714285713
2024-01-09,3.501,8.779,1.263,1.519,30.726,2.286,2.206,0.786,34.227,1.124,0.746,0.023,46.33,25.983,0.21308197657812053
2024-01-10,3.502,8.773,1.262,1.518,30.715,2.285,2.212,0.786,34.218,1.123,0.745,0.023,47.15,25.975,0.21273557966876072
2024-01-11,3.504,8.766,1.26,1.516,30.704,2.285,2.218,0.785,34.208,1.122,0.745,0.023,47.06,25.967,0.21261415525114155
2024-01-12,3.506,8.759,1.259,1.515,30.693,2.284,2.224,0.784,34.199,1.121,0.745,0.023,47.79,25.958,0.21249286936679979
2024-01-16,3.507,8.752,1.257,1.513,30.682,2.284,2.231,0.783,34.189,1.12,0.745,0.023,47.43,25.95,0.21243227830054176
2024-01-17,3.508,8.745,1.256,1.512,30.671,2.283,2.237,0.782,34.18,1.118,0.744,0.023,46.32,25.942,0.2120866590649943
2024-01-18,3.51,8.739,1.255,1.511,30.66,2.282,2.243,0.781,34.17,1.117,0.744,0.023,46.22,25.934,0.211965811965812
2024-01-19,3.512,8.732,1.253,1.509,30.649,2.282,2.249,0.78,34.161,1.116,0.744,0.023,46.16,25.925,0.21184510250569477
2024-01-22,3.513,8.725,1.252,1.508,30.638,2.281,2.255,0.779,34.151,1.115,0.744,0.023,46.29,25.917,0.21178479931682323
2024-01-23,3.514,8.718,1.25,1.507,30.627,2.28,2.261,0.778,34.142,1.114,0.743,0.023,46.48,25.909,0.21143995446784292
2024-01-24,3.516,8.712,1.249,1.505,30.617,2.28,2.268,0.777,34.133,1.113,0.743,0.023,46.11,25.9,0.21131968145620023
2024-01-25,3.518,8.705,1.247,1.504,30.606,2.279,2.274,0.776,34.123,1.112,0.743,0.023,46.55,25.892,0.21119954519613418
2024-01-26,3.519,8.698,1.246,1.503,30.595,2.278,2.28,0.775,34.114,1.11,0.743,0.023,46.27,25.884,0.21113952827507815
2024-01-29,3.52,8.691,1.244,1.501,30.584,2.278,2.286,0.775,34.104,1.109,0.742,0.023,46.19,25.875,0.21079545454545454
2024-01-30,3.522,8.685,1.243,1.5,30.573,2.277,2.292,0.774,34.095,1.108,0.742,0.023,45.38,25.867,0.21067575241340147
2024-01-31,3.524,8.678,1.242,1.499,30.562,2.276,2.298,0.773,34.085,1.107,0.742,0.023,45.17,25.859,0.2105561861520999
2024-02-01,3.525,8.671,1.24,1.497,30.551,2.276,2.305,0.772,34.076,1.106,0.742,0.023,45.43,25.851,0.21049645390070923
2024-02-02,3.526,8.664,1.239,1.496,30.54,2.275,2.311,0.771,34.066,1.105,0.741,0.023,44.96,25.842,0.21015314804310833
2024-02-05,3.528,8.657,1.237,1.494,30.529,2.275,2.317,0.77,34.057,1.104,0.741,0.023,44.58,25.834,0.21003401360544216
2024-02-06,3.53,8.651,1.236,1.493,30.518,2.274,2.323,0.769,34.047,1.102,0.741,0.023,46.73,25.826,0.20991501416430597
2024-02-07,3.531,8.644,1.234,1.492,30.507,2.273,2.329,0.768,34.038,1.101,0.741,0.023,46.75,25.817,0.2098555649957519
2024-02-08,3.532,8.637,1.233,1.49,30.496,2.273,2.335,0.767,34.028,1.1,0.74,0.023,46.96,25.809,0.20951302378255945
2024-02-09,3.534,8.63,1.231,1.489,30.485,2.272,2.342,0.766,34.019,1.099,0.74,0.023,47.89,25.801,0.20939445387662706
2024-02-12,3.536,8.624,1.23,1.488,30.474,2.271,2.348,0.765,34.009,1.098,0.74,0.022,47.49,25.793,0.20927601809954752
2024-02-13,3.537,8.617,1.228,1.486,30.463,2.271,2.354,0.764,34.0,1.097,0.74,0.022,46.77,25.784,0.2092168504382245
2024-02-14,3.538,8.61,1.227,1.485,30.452,2.27,2.36,0.764,33.99,1.096,0.739,0.022,46.56,25.776,0.20887507066139063
2024-02-15,3.54,8.603,1.226,1.484,30.441,2.269,2.366,0.763,33.981,1.094,0.739,0.022,48.23,25.768,0.20875706214689266
2024-02-16,3.542,8.596,1.224,1.482,30.43,2.269,2.372,0.762,33.972,1.093,0.739,0.022,48.87,25.759,0.20863918690005648
2024-02-20,3.543,8.59,1.223,1.481,30.419,2.268,2.378,0.761,33.962,1.092,0.739,0.022,48.53,25.751,0.2085802991814846
2024-02-21,3.544,8.583,1.221,1.48,30.408,2.267,2.385,0.76,33.953,1.091,0.739,0.022,48.98,25.743,0.2085214446952596
2024-02-22,3.546,8.576,1.22,1.478,30.397,2.267,2.391,0.759,33.943,1.09,0.738,0.022,49.38,25.735,0.20812182741116753
2024-02-23,3.548,8.569,1.218,1.477,30.386,2.266,2.397,0.758,33.934,1.089,0.738,0.022,49.0,25.726,0.20800450958286357
2024-02-26,3.549,8.563,1.217,1.476,30.375,2.265,2.403,0.757,33.924,1.087,0.738,0.022,48.73,25.718,0.20794590025359255
2024-02-27,3.55,8.556,1.215,1.474,30.364,2.265,2.409,0.756,33.915,1.086,0.738,0.022,48.79,25.71,0.20788732394366197
2024-02-28,3.552,8.549,1.214,1.473,30.353,2.264,2.415,0.755,33.905,1.085,0.737,0.022,48.84,25.701,0.20748873873873874
2024-02-29,3.554,8.542,1.212,1.471,30.342,2.264,2.422,0.754,33.896,1.084,0.737,0.022,48.28,25.693,0.20737197523916714
2024-03-01,3.555,8.535,1.211,1.47,30.331,2.263,2.428,0.753,33.886,1.083,0.737,0.022,49.03,25.685,0.2073136427566807
2024-03-04,3.556,8.529,1.21,1.469,30.32,2.262,2.434,0.752,33.877,1.082,0.737,0.022,49.67,25.677,0.20725534308211474
2024-03-05,3.558,8.522,1.208,1.467,30.309,2.262,2.44,0.752,33.867,1.081,0.736,0.022,48.84,25.668,0.20685778527262508
2024-03-06,3.56,8.515,1.207,1.466,30.298,2.261,2.446,0.751,33.858,1.079,0.736,0.022,49.64,25.66,0.20674157303370785
2024-03-07,3.561,8.508,1.205,1.465,30.287,2.26,2.452,0.75,33.848,1.078,0.736,0.022,48.79,25.652,0.2066835158663297
2024-03-08,3.562,8.502,1.204,1.463,30.277,2.26,2.459,0.749,33.839,1.077,0.736,0.022,49.2,25.643,0.20662549129702415
2024-03-11,3.564,8.495,1.202,1.462,30.266,2.259,2.465,0.748,33.83,1.076,0.735,0.022,48.82,25.635,0.20622895622895623
2024-03-12,3.566,8.488,1.201,1.461,30.255,2.258,2.471,0.747,33.82,1.075,0.735,0.022,49.08,25.627,0.2061132922041503
2024-03-13,3.567,8.481,1.199,1.459,30.244,2.258,2.477,0.746,33.811,1.074,0.735,0.022,49.37,25.618,0.20605550883095036
2024-03-14,3.568,8.475,1.198,1.458,30.233,2.257,2.483,0.745,33.801,1.073,0.735,0.022,48.68,25.61,0.20599775784753363
2024-03-15,3.57,8.468,1.197,1.457,30.222,2.256,2.489,0.744,33.792,1.071,0.734,0.022,49.14,25.602,0.20560224089635856
2024-03-18,3.572,8.461,1.195,1.455,30.211,2.256,2.496,0.743,33.782,1.07,0.734,0.022,49.52,25.594,0.20548712206047032
2024-03-19,3.573,8.454,1.194,1.454,30.2,2.255,2.502,0.742,33.773,1.069,0.734,0.022,50.22,25.585,0.20542961097117268
2024-03-20,3.574,8.447,1.192,1.452,30.189,2.255,2.508,0.741,33.763,1.068,0.734,0.022,50.65,25.577,0.20537213206491325
2024-03-21,3.576,8.441,1.191,1.451,30.178,2.254,2.514,0.741,33.754,1.067,0.733,0.022,50.78,25.569,0.20497762863534674
2024-03-22,3.578,8.434,1.189,1.45,30.167,2.253,2.52,0.74,33.744,1.066,0.733,0.022,49.49,25.56,0.20486305198434882
2024-03-25,3.579,8.427,1.188,1.448,30.156,2.253,2.526,0.739,33.735,1.065,0.733,0.022,49.23,25.552,0.20480581167924
2024-03-26,3.58,8.42,1.186,1.447,30.145,2.252,2.533,0.738,33.725,1.063,0.733,0.022,49.11,25.544,0.2047486033519553
2024-03-27,3.582,8.414,1.185,1.446,30.134,2.251,2.539,0.737,33.716,1.062,0.732,0.022,50.3,25.536,0.20435510887772196
2024-03-28,3.584,8.407,1.183,1.444,30.123,2.251,2.545,0.736,33.706,1.061,0.732,0.022,51.0,25.527,0.20424107142857142
2024-03-31,3.585,8.4,1.182,1.443,30.112,2.25,2.551,0.735,33.697,1.06,0.732,0.022,50.52,25.519,0.20418410041841004
2024-04-01,3.582,8.407,1.182,1.443,30.11,2.238,2.551,0.735,33.692,1.06,0.728,0.022,50.04,25.515,0.2032384142936907
2024-04-02,3.579,8.413,1.183,1.443,30.108,2.227,2.55,0.736,33.687,1.061,0.725,0.022,48.92,25.512,0.20257055043308184
2024-04-03,3.576,8.42,1.183,1.444,30.106,2.215,2.55,0.736,33.682,1.061,0.721,0.022,48.82,25.508,0.20162192393736017
2024-04-04,3.573,8.426,1.184,1.444,30.104,2.204,2.55,0.736,33.677,1.062,0.717,0.022,48.24,25.505,0.20067170445004198
2024-04-05,3.57,8.433,1.184,1.444,30.102,2.192,2.55,0.736,33.672,1.062,0.713,0.022,48.95,25.501,0.19971988795518208
2024-04-08,3.567,8.439,1.184,1.444,30.1,2.181,2.549,0.737,33.667,1.063,0.71,0.022,49.02,25.497,0.19904681805438743
2024-04-09,3.565,8.446,1.185,1.445,30.097,2.169,2.549,0.737,33.662,1.063,0.706,0.022,48.97,25.494,0.19803646563814867
2024-04-10,3.562,8.452,1.185,1.445,30.095,2.158,2.549,0.737,33.657,1.063,0.702,0.022,47.45,25.49,0.19708029197080293
2024-04-11,3.559,8.459,1.185,1.445,30.093,2.146,2.549,0.738,33.652,1.064,0.698,0.022,47.88,25.487,0.19612250632200054
2024-04-12,3.556,8.466,1.186,1.445,30.091,2.134,2.548,0.738,33.647,1.064,0.695,0.022,47.21,25.483,0.19544431946006746
2024-04-15,3.553,8.472,1.186,1.446,30.089,2.123,2.548,0.738,33.642,1.065,0.691,0.022,46.42,25.479,0.19448353504081056
2024-04-16,3.55,8.479,1.186,1.446,30.087,2.111,2.548,0.739,33.637,1.065,0.687,0.022,45.76,25.476,0.1935211267605634
2024-04-17,3.547,8.485,1.187,1.446,30.085,2.1,2.548,0.739,33.632,1.065,0.683,0.022,45.95,25.472,0.19255709049901326
2024-04-18,3.544,8.492,1.187,1.446,30.083,2.088,2.547,0.739,33.627,1.066,0.68,0.022,45.77,25.468,0.19187358916478556
2024-04-19,3.541,8.498,1.188,1.447,30.081,2.077,2.547,0.739,33.622,1.066,0.676,0.022,45.79,25.465,0.19090652358090937
2024-04-22,3.538,8.505,1.188,1.447,30.079,2.065,2.547,0.74,33.617,1.067,0.672,0.022,46.43,25.461,0.1899378179762578
2024-04-23,3.535,8.512,1.188,1.447,30.077,2.053,2.546,0.74,33.612,1.067,0.669,0.022,46.88,25.458,0.18925035360678924
2024-04-24,3.532,8.518,1.189,1.447,30.075,2.042,2.546,0.74,33.607,1.068,0.665,0.022,46.56,25.454,0.18827859569648925
2024-04-25,3.529,8.525,1.189,1.447,30.073,2.03,2.546,0.741,33.602,1.068,0.661,0.022,46.54,25.45,0.18730518560498727
2024-04-26,3.527,8.531,1.19,1.448,30.07,2.019,2.546,0.741,33.597,1.068,0.657,0.022,46.41,25.447,0.18627728948114544
2024-04-29,3.524,8.538,1.19,1.448,30.068,2.007,2.545,0.741,33.592,1.069,0.654,0.022,47.22,25.443,0.1855845629965948
2024-04-30,3.521,8.544,1.19,1.448,30.066,1.996,2.545,0.742,33.587,1.069,0.65,0.022,45.82,25.44,0.1846066458392502
2024-05-01,3.518,8.551,1.191,1.448,30.064,1.984,2.545,0.742,33.582,1.07,0.646,0.022,45.7,25.436,0.18362706083001706
2024-05-02,3.515,8.558,1.191,1.449,30.062,1.972,2.545,0.742,33.577,1.07,0.642,0.022,46.09,25.432,0.18264580369843528
2024-05-03,3.512,8.564,1.191,1.449,30.06,1.961,2.544,0.742,33.572,1.071,0.639,0.022,46.6,25.429,0.18194760820045558
2024-05-06,3.509,8.571,1.192,1.449,30.058,1.949,2.544,0.743,33.567,1.071,0.635,0.022,47.09,25.425,0.18096323738956968
2024-05-07,3.506,8.577,1.192,1.449,30.056,1.938,2.544,0.743,33.562,1.071,0.631,0.022,48.24,25.422,0.17997718197375928
2024-05-08,3.503,8.584,1.192,1.45,30.054,1.926,2.544,0.743,33.557,1.072,0.627,0.022,48.21,25.418,0.17898943762489294
2024-05-09,3.5,8.59,1.193,1.45,30.052,1.915,2.543,0.744,33.552,1.072,0.624,0.022,48.62,25.414,0.1782857142857143
2024-05-10,3.497,8.597,1.193,1.45,30.05,1.903,2.543,0.744,33.547,1.073,0.62,0.022,48.16,25.411,0.17729482413497283
2024-05-13,3.494,8.603,1.194,1.45,30.048,1.892,2.543,0.744,33.542,1.073,0.616,0.022,47.92,25.407,0.17630223239839724
2024-05-14,3.492,8.61,1.194,1.45,30.045,1.88,2.542,0.744,33.537,1.074,0.612,0.022,48.76,25.404,0.17525773195876287
2024-05-15,3.489,8.617,1.194,1.451,30.043,1.868,2.542,0.745,33.532,1.074,0.609,0.022,48.99,25.4,0.17454858125537404
2024-05-16,3.486,8.623,1.195,1.451,30.041,1.857,2.542,0.745,33.527,1.074,0.605,0.022,48.47,25.396,0.17355134825014343
2024-05-17,3.483,8.63,1.195,1.451,30.039,1.845,2.542,0.745,33.522,1.075,0.601,0.022,48.51,25.393,0.1725523973585989
2024-05-20,3.48,8.636,1.196,1.451,30.037,1.834,2.541,0.746,33.517,1.075,0.598,0.022,47.72,25.389,0.17183908045977012
2024-05-21,3.477,8.643,1.196,1.452,30.035,1.822,2.541,0.746,33.512,1.076,0.594,0.022,48.24,25.385,0.17083692838654013
2024-05-22,3.474,8.649,1.196,1.452,30.033,1.811,2.541,0.746,33.507,1.076,0.59,0.022,47.66,25.382,0.16983304548071385
2024-05-23,3.471,8.656,1.197,1.452,30.031,1.799,2.541,0.747,33.502,1.076,0.586,0.022,47.16,25.378,0.16882742725439354
2024-05-24,3.468,8.662,1.197,1.452,30.029,1.788,2.54,0.747,33.497,1.077,0.583,0.022,48.21,25.375,0.16810841983852365
2024-05-28,3.465,8.669,1.197,1.453,30.027,1.776,2.54,0.747,33.492,1.077,0.579,0.022,47.99,25.371,0.16709956709956708
2024-05-29,3.462,8.676,1.198,1.453,30.025,1.764,2.54,0.747,33.487,1.078,0.575,0.022,47.96,25.367,0.16608896591565567
2024-05-30,3.459,8.682,1.198,1.453,30.023,1.753,2.54,0.748,33.482,1.078,0.571,0.022,48.4,25.364,0.16507661173749638
2024-05-31,3.456,8.689,1.198,1.453,30.021,1.741,2.539,0.748,33.477,1.079,0.568,0.022,49.33,25.36,0.16435185185185183
2024-06-03,3.454,8.695,1.199,1.454,30.018,1.73,2.539,0.748,33.472,1.079,0.564,0.022,49.43,25.357,0.16328894035900404
2024-06-04,3.451,8.702,1.199,1.454,30.016,1.718,2.539,0.749,33.467,1.079,0.56,0.022,49.71,25.353,0.1622718052738337
2024-06-05,3.448,8.708,1.2,1.454,30.014,1.707,2.539,0.749,33.462,1.08,0.556,0.022,50.03,25.349,0.16125290023201858
2024-06-06,3.445,8.715,1.2,1.454,30.012,1.695,2.538,0.749,33.457,1.08,0.553,0.022,50.14,25.346,0.160522496371553
2024-06-07,3.442,8.722,1.2,1.454,30.01,1.683,2.538,0.75,33.452,1.081,0.549,0.022,49.49,25.342,0.15950029052876236
2024-06-10,3.439,8.728,1.201,1.455,30.008,1.672,2.538,0.75,33.447,1.081,0.545,0.022,49.57,25.339,0.1584763012503635
2024-06-11,3.436,8.735,1.201,1.455,30.006,1.66,2.537,0.75,33.442,1.082,0.542,0.022,49.16,25.335,0.15774155995343425
2024-06-12,3.433,8.741,1.202,1.455,30.004,1.649,2.537,0.75,33.437,1.082,0.538,0.022,49.94,25.331,0.15671424410136908
2024-06-13,3.43,8.748,1.202,1.455,30.002,1.637,2.537,0.751,33.432,1.082,0.534,0.022,49.52,25.328,0.15568513119533528
2024-06-14,3.427,8.754,1.202,1.456,30.0,1.626,2.537,0.751,33.427,1.083,0.53,0.022,48.52,25.324,0.15465421651590314
2024-06-17,3.424,8.761,1.203,1.456,29.998,1.614,2.536,0.751,33.422,1.083,0.527,0.022,48.15,25.32,0.15391355140186916
2024-06-18,3.421,8.768,1.203,1.456,29.996,1.602,2.536,0.752,33.417,1.084,0.523,0.022,47.9,25.317,0.15287927506577026
2024-06-20,3.418,8.774,1.203,1.456,29.994,1.591,2.536,0.752,33.412,1.084,0.519,0.023,47.68,25.313,0.1518431831480398
2024-06-21,3.416,8.781,1.204,1.457,29.991,1.579,2.536,0.752,33.407,1.084,0.515,0.023,47.65,25.31,0.15076112412177986
2024-06-24,3.413,8.787,1.204,1.457,29.989,1.568,2.535,0.753,33.402,1.085,0.512,0.023,49.05,25.306,0.1500146498681512
2024-06-25,3.41,8.794,1.204,1.457,29.987,1.556,2.535,0.753,33.397,1.085,0.508,0.023,48.21,25.302,0.14897360703812315
2024-06-26,3.407,8.8,1.205,1.457,29.985,1.545,2.535,0.753,33.392,1.086,0.504,0.023,48.12,25.299,0.1479307308482536
2024-06-27,3.404,8.807,1.205,1.458,29.983,1.533,2.535,0.753,33.387,1.086,0.5,0.023,48.84,25.295,0.14688601645123384
2024-06-28,3.401,8.813,1.206,1.458,29.981,1.522,2.534,0.754,33.382,1.087,0.497,0.023,49.49,25.292,0.1461334901499559
2024-06-30,3.398,8.82,1.206,1.458,29.979,1.51,2.534,0.754,33.377,1.087,0.493,0.023,48.64,25.288,0.14508534432018833
2024-07-01,3.394,8.832,1.206,1.458,29.981,1.509,2.533,0.754,33.375,1.087,0.493,0.023,47.79,25.29,0.14525633470830876
2024-07-02,3.39,8.844,1.207,1.459,29.984,1.508,2.532,0.754,33.374,1.088,0.492,0.023,48.2,25.292,0.14513274336283186
2024-07-03,3.386,8.857,1.207,1.459,29.986,1.508,2.531,0.755,33.372,1.088,0.492,0.023,48.36,25.294,0.14530419373892497
2024-07-05,3.382,8.869,1.207,1.459,29.989,1.507,2.53,0.755,33.371,1.088,0.492,0.023,47.65,25.296,0.14547604967474867
2024-07-08,3.378,8.881,1.207,1.46,29.991,1.506,2.529,0.755,33.369,1.089,0.492,0.023,47.9,25.298,0.14564831261101244
2024-07-09,3.374,8.893,1.208,1.46,29.994,1.505,2.528,0.755,33.368,1.089,0.491,0.023,48.13,25.3,0.14552459988144634
2024-07-10,3.37,8.905,1.208,1.461,29.996,1.505,2.527,0.756,33.366,1.09,0.491,0.023,48.41,25.302,0.1456973293768546
2024-07-11,3.366,8.918,1.208,1.461,29.999,1.504,2.526,0.756,33.364,1.09,0.491,0.023,48.53,25.304,0.14587046939988116
2024-07-12,3.362,8.93,1.208,1.461,30.001,1.503,2.525,0.756,33.363,1.09,0.49,0.023,48.75,25.306,0.1457465794170137
2024-07-15,3.358,8.942,1.209,1.462,30.004,1.502,2.524,0.756,33.361,1.091,0.49,0.023,48.94,25.308,0.14592019058963668
2024-07-16,3.353,8.954,1.209,1.462,30.006,1.501,2.523,0.756,33.36,1.091,0.49,0.023,49.42,25.31,0.14613778705636743
2024-07-17,3.349,8.966,1.209,1.462,30.009,1.501,2.522,0.757,33.358,1.091,0.49,0.023,50.52,25.312,0.14631233203941474
2024-07-18,3.345,8.978,1.209,1.463,30.011,1.5,2.521,0.757,33.356,1.092,0.489,0.023,49.94,25.314,0.14618834080717488
2024-07-19,3.341,8.991,1.21,1.463,30.014,1.499,2.52,0.757,33.355,1.092,0.489,0.023,50.05,25.316,0.14636336426219693
2024-07-22,3.337,9.003,1.21,1.463,30.016,1.498,2.519,0.757,33.353,1.092,0.489,0.023,51.45,25.318,0.14653880731195684
2024-07-23,3.333,9.015,1.21,1.464,30.018,1.498,2.518,0.758,33.352,1.093,0.488,0.023,51.15,25.32,0.1464146414641464
2024-07-24,3.329,9.027,1.211,1.464,30.021,1.497,2.517,0.758,33.35,1.093,0.488,0.023,48.89,25.323,0.14659056773805948
2024-07-25,3.325,9.039,1.211,1.464,30.023,1.496,2.516,0.758,33.349,1.093,0.488,0.023,48.7,25.325,0.14676691729323307
2024-07-26,3.321,9.052,1.211,1.465,30.026,1.495,2.515,0.758,33.347,1.094,0.488,0.023,49.72,25.327,0.14694369165913881
2024-07-29,3.317,9.064,1.211,1.465,30.028,1.494,2.514,0.758,33.345,1.094,0.487,0.023,49.85,25.329,0.14681941513415736
2024-07-30,3.313,9.076,1.212,1.466,30.031,1.494,2.513,0.759,33.344,1.095,0.487,0.023,50.49,25.331,0.14699667974645336
2024-07-31,3.309,9.088,1.212,1.466,30.033,1.493,2.512,0.759,33.342,1.095,0.487,0.023,50.05,25.333,0.147174372922333
2024-08-01,3.305,9.1,1.212,1.466,30.036,1.492,2.511,0.759,33.341,1.095,0.487,0.023,50.05,25.335,0.14735249621785174
2024-08-02,3.301,9.112,1.212,1.467,30.038,1.491,2.51,0.759,33.339,1.096,0.486,0.023,49.27,25.337,0.14722811269312328
2024-08-05,3.297,9.125,1.213,1.467,30.041,1.49,2.509,0.759,33.338,1.096,0.486,0.023,48.29,25.339,0.14740673339399454
2024-08-06,3.293,9.137,1.213,1.467,30.043,1.49,2.508,0.76,33.336,1.096,0.486,0.023,50.73,25.341,0.14758578803522623
2024-08-07,3.289,9.149,1.213,1.468,30.046,1.489,2.507,0.76,33.334,1.097,0.485,0.023,49.88,25.343,0.14746123441775616
2024-08-08,3.285,9.161,1.213,1.468,30.048,1.488,2.506,0.76,33.333,1.097,0.485,0.023,50.61,25.345,0.1476407914764079
2024-08-09,3.281,9.173,1.214,1.468,30.051,1.487,2.505,0.76,33.331,1.097,0.485,0.023,51.75,25.347,0.14782078634562631
2024-08-12,3.277,9.186,1.214,1.469,30.053,1.487,2.504,0.761,33.33,1.098,0.485,0.023,49.93,25.349,0.14800122062862373
2024-08-13,3.273,9.198,1.214,1.469,30.056,1.486,2.503,0.761,33.328,1.098,0.484,0.023,50.85,25.351,0.1478765658417354
2024-08-14,3.268,9.21,1.215,1.47,30.058,1.485,2.502,0.761,33.326,1.098,0.484,0.023,51.15,25.353,0.1481028151774786
2024-08-15,3.264,9.222,1.215,1.47,30.06,1.484,2.501,0.761,33.325,1.099,0.484,0.023,51.49,25.355,0.1482843137254902
2024-08-16,3.26,9.234,1.215,1.47,30.063,1.483,2.5,0.761,33.323,1.099,0.483,0.023,51.11,25.357,0.148159509202454
2024-08-19,3.256,9.247,1.215,1.471,30.065,1.483,2.499,0.762,33.322,1.1,0.483,0.023,52.15,25.359,0.14834152334152334
2024-08-20,3.252,9.259,1.216,1.471,30.068,1.482,2.498,0.762,33.32,1.1,0.483,0.023,51.99,25.361,0.1485239852398524
2024-08-21,3.248,9.271,1.216,1.471,30.07,1.481,2.497,0.762,33.319,1.1,0.483,0.023,52.56,25.363,0.14870689655172412
2024-08-22,3.244,9.283,1.216,1.472,30.073,1.48,2.496,0.762,33.317,1.101,0.482,0.023,52.91,25.365,0.14858199753390874
2024-08-23,3.24,9.295,1.216,1.472,30.075,1.48,2.495,0.763,33.315,1.101,0.482,0.023,54.31,25.367,0.14876543209876542
2024-08-26,3.236,9.308,1.217,1.472,30.078,1.479,2.494,0.763,33.314,1.101,0.482,0.023,54.59,25.369,0.14894932014833126
2024-08-27,3.232,9.32,1.217,1.473,30.08,1.478,2.493,0.763,33.312,1.102,0.481,0.023,54.81,25.371,0.14882425742574257
2024-08-28,3.228,9.332,1.217,1.473,30.083,1.477,2.492,0.763,33.311,1.102,0.481,0.023,54.7,25.373,0.1490086741016109
2024-08-29,3.224,9.344,1.217,1.473,30.085,1.476,2.491,0.763,33.309,1.102,0.481,0.023,53.98,25.375,0.14919354838709675
2024-08-30,3.22,9.356,1.218,1.474,30.088,1.476,2.49,0.764,33.308,1.103,0.481,0.023,54.58,25.377,0.14937888198757762
2024-09-03,3.216,9.368,1.218,1.474,30.09,1.475,2.489,0.764,33.306,1.103,0.48,0.023,53.46,25.379,0.14925373134328357
2024-09-04,3.212,9.381,1.218,1.475,30.093,1.474,2.488,0.764,33.304,1.104,0.48,0.023,53.84,25.381,0.149439601494396
2024-09-05,3.208,9.393,1.218,1.475,30.095,1.473,2.487,0.764,33.303,1.104,0.48,0.023,53.55,25.383,0.14962593516209474
2024-09-06,3.204,9.405,1.219,1.475,30.098,1.472,2.486,0.764,33.301,1.104,0.48,0.023,53.65,25.386,0.14981273408239698
2024-09-09,3.2,9.417,1.219,1.476,30.1,1.472,2.485,0.765,33.3,1.105,0.479,0.023,52.81,25.388,0.14968749999999997
2024-09-10,3.196,9.429,1.219,1.476,30.102,1.471,2.484,0.765,33.298,1.105,0.479,0.023,53.48,25.39,0.14987484355444303
2024-09-11,3.192,9.442,1.22,1.476,30.105,1.47,2.483,0.765,33.297,1.105,0.479,0.023,53.29,25.392,0.150062656641604
2024-09-12,3.188,9.454,1.22,1.477,30.107,1.469,2.482,0.765,33.295,1.106,0.478,0.023,53.41,25.394,0.14993726474278543
2024-09-13,3.184,9.466,1.22,1.477,30.11,1.469,2.481,0.766,33.293,1.106,0.478,0.023,53.5,25.396,0.15012562814070352
2024-09-16,3.179,9.478,1.22,1.477,30.112,1.468,2.48,0.766,33.292,1.106,0.478,0.023,53.78,25.398,0.15036174897766594
2024-09-17,3.175,9.49,1.221,1.478,30.115,1.467,2.479,0.766,33.29,1.107,0.478,0.023,53.6,25.4,0.1505511811023622
2024-09-18,3.171,9.502,1.221,1.478,30.117,1.466,2.478,0.766,33.289,1.107,0.477,0.023,53.6,25.402,0.15042573320719016
2024-09-19,3.167,9.515,1.221,1.478,30.12,1.465,2.477,0.766,33.287,1.107,0.477,0.023,54.49,25.404,0.15061572466056206
2024-09-20,3.163,9.527,1.221,1.479,30.122,1.465,2.476,0.767,33.285,1.108,0.477,0.023,54.32,25.406,0.1508061966487512
2024-09-23,3.159,9.539,1.222,1.479,30.125,1.464,2.475,0.767,33.284,1.108,0.476,0.023,54.84,25.408,0.15068059512503956
2024-09-24,3.155,9.551,1.222,1.48,30.127,1.463,2.474,0.767,33.282,1.109,0.476,0.023,55.48,25.41,0.1508716323296355
2024-09-25,3.151,9.563,1.222,1.48,30.13,1.462,2.473,0.767,33.281,1.109,0.476,0.023,55.15,25.412,0.15106315455410982
2024-09-26,3.147,9.576,1.222,1.48,30.132,1.462,2.472,0.768,33.279,1.109,0.476,0.023,54.28,25.414,0.15125516364791866
2024-09-27,3.143,9.588,1.223,1.481,30.135,1.461,2.471,0.768,33.278,1.11,0.475,0.023,54.7,25.416,0.15112949411390392
2024-09-30,3.139,9.6,1.223,1.481,30.137,1.46,2.47,0.768,33.276,1.11,0.475,0.023,55.13,25.418,0.15132207709461612
2024-10-01,3.143,9.583,1.224,1.483,30.119,1.469,2.453,0.769,33.262,1.111,0.478,0.023,55.29,25.4,0.15208399618199173
2024-10-02,3.148,9.565,1.226,1.484,30.101,1.478,2.437,0.77,33.249,1.113,0.481,0.023,54.96,25.382,0.1527954256670902
2024-10-03,3.152,9.548,1.227,1.486,30.083,1.487,2.42,0.771,33.235,1.114,0.484,0.023,54.9,25.364,0.15355329949238578
2024-10-04,3.156,9.531,1.228,1.487,30.065,1.496,2.403,0.772,33.222,1.115,0.487,0.023,55.3,25.346,0.15430925221799746
2024-10-07,3.161,9.513,1.23,1.489,30.047,1.505,2.386,0.773,33.208,1.117,0.49,0.023,54.62,25.328,0.1550142360012654
2024-10-08,3.165,9.496,1.231,1.49,30.03,1.514,2.37,0.774,33.194,1.118,0.493,0.023,54.53,25.31,0.15576619273301737
2024-10-09,3.169,9.479,1.233,1.492,30.012,1.523,2.353,0.775,33.181,1.119,0.496,0.023,55.19,25.292,0.1565162511833386
2024-10-10,3.173,9.461,1.234,1.494,29.994,1.532,2.336,0.776,33.167,1.121,0.499,0.023,54.73,25.274,0.15726441853135834
2024-10-11,3.178,9.444,1.235,1.495,29.976,1.542,2.32,0.778,33.154,1.122,0.502,0.023,55.69,25.256,0.157960981749528
2024-10-14,3.182,9.427,1.237,1.497,29.958,1.551,2.303,0.779,33.14,1.123,0.505,0.024,55.98,25.238,0.15870521684475172
2024-10-15,3.186,9.409,1.238,1.498,29.94,1.56,2.286,0.78,33.126,1.125,0.508,0.024,56.95,25.22,0.15944758317639673
2024-10-16,3.191,9.392,1.239,1.5,29.922,1.569,2.269,0.781,33.113,1.126,0.511,0.024,57.08,25.202,0.16013788780946414
2024-10-17,3.195,9.375,1.241,1.502,29.904,1.578,2.253,0.782,33.099,1.127,0.514,0.024,56.86,25.184,0.16087636932707355
2024-10-18,3.199,9.357,1.242,1.503,29.886,1.587,2.236,0.783,33.086,1.129,0.517,0.024,57.69,25.166,0.16161300406376994
2024-10-21,3.204,9.34,1.243,1.505,29.868,1.596,2.219,0.784,33.072,1.13,0.52,0.024,56.81,25.148,0.16229712858926343
2024-10-22,3.208,9.322,1.245,1.506,29.85,1.605,2.202,0.785,33.058,1.132,0.523,0.024,57.02,25.13,0.1630299251870324
2024-10-23,3.212,9.305,1.246,1.508,29.833,1.614,2.186,0.786,33.045,1.133,0.526,0.024,56.68,25.111,0.16376089663760895
2024-10-24,3.217,9.288,1.247,1.509,29.815,1.623,2.169,0.787,33.031,1.134,0.529,0.024,56.55,25.093,0.1644389182468138
2024-10-25,3.221,9.27,1.249,1.511,29.797,1.632,2.152,0.788,33.018,1.136,0.532,0.024,55.61,25.075,0.16516609748525304
2024-10-28,3.225,9.253,1.25,1.513,29.779,1.641,2.136,0.789,33.004,1.137,0.535,0.024,56.26,25.057,0.16589147286821707
2024-10-29,3.23,9.236,1.252,1.514,29.761,1.65,2.119,0.79,32.991,1.138,0.538,0.024,56.08,25.039,0.1665634674922601
2024-10-30,3.234,9.218,1.253,1.516,29.743,1.659,2.102,0.791,32.977,1.14,0.541,0.024,56.11,25.021,0.16728509585652443
2024-10-31,3.238,9.201,1.254,1.517,29.725,1.668,2.085,0.792,32.963,1.141,0.544,0.024,55.15,25.003,0.1680049413218036
2024-11-01,3.242,9.184,1.256,1.519,29.707,1.678,2.069,0.794,32.95,1.142,0.547,0.024,54.69,24.985,0.1687230104873535
2024-11-04,3.247,9.166,1.257,1.52,29.689,1.687,2.052,0.795,32.936,1.144,0.55,0.024,56.14,24.967,0.16938712657838007
2024-11-05,3.251,9.149,1.258,1.522,29.671,1.696,2.035,0.796,32.923,1.145,0.553,0.024,56.87,24.949,0.17010150722854508
2024-11-06,3.255,9.132,1.26,1.524,29.654,1.705,2.019,0.797,32.909,1.146,0.556,0.024,56.61,24.931,0.1708141321044547
2024-11-07,3.26,9.114,1.261,1.525,29.636,1.714,2.002,0.798,32.895,1.148,0.559,0.024,57.31,24.913,0.17147239263803685
2024-11-08,3.264,9.097,1.262,1.527,29.618,1.723,1.985,0.799,32.882,1.149,0.562,0.024,58.38,24.895,0.17218137254901963
2024-11-11,3.268,9.08,1.264,1.528,29.6,1.732,1.968,0.8,32.868,1.15,0.565,0.024,59.13,24.877,0.17288861689106486
2024-11-12,3.273,9.062,1.265,1.53,29.582,1.741,1.952,0.801,32.855,1.152,0.568,0.024,58.12,24.859,0.17354109379773905
2024-11-13,3.277,9.045,1.267,1.532,29.564,1.75,1.935,0.802,32.841,1.153,0.571,0.024,58.43,24.841,0.1742447360390601
2024-11-14,3.281,9.028,1.268,1.533,29.546,1.759,1.918,0.803,32.827,1.154,0.574,0.024,58.15,24.823,0.17494666260286496
2024-11-15,3.286,9.01,1.269,1.535,29.528,1.768,1.902,0.804,32.814,1.156,0.577,0.025,58.79,24.805,0.1755934266585514
2024-11-18,3.29,8.993,1.271,1.536,29.51,1.777,1.885,0.805,32.8,1.157,0.58,0.025,58.97,24.787,0.1762917933130699
2024-11-19,3.294,8.976,1.272,1.538,29.492,1.786,1.868,0.806,32.787,1.158,0.583,0.025,59.09,24.769,0.17698846387370976
2024-11-20,3.299,8.958,1.273,1.539,29.474,1.795,1.851,0.807,32.773,1.16,0.586,0.025,58.99,24.751,0.17762958472264323
2024-11-21,3.303,8.941,1.275,1.541,29.457,1.804,1.835,0.808,32.759,1.161,0.589,0.025,59.28,24.733,0.17832273690584316
2024-11-22,3.307,8.924,1.276,1.543,29.439,1.813,1.818,0.809,32.746,1.162,0.592,0.025,59.07,24.715,0.1790142122769882
2024-11-25,3.312,8.906,1.277,1.544,29.421,1.822,1.801,0.81,32.732,1.164,0.595,0.025,58.73,24.697,0.17964975845410627
2024-11-26,3.316,8.889,1.279,1.546,29.403,1.832,1.785,0.812,32.719,1.165,0.598,0.025,59.83,24.679,0.18033775633293125
2024-11-27,3.32,8.872,1.28,1.547,29.385,1.841,1.768,0.813,32.705,1.166,0.601,0.025,59.92,24.661,0.18102409638554218
2024-11-29,3.324,8.854,1.281,1.549,29.367,1.85,1.751,0.814,32.691,1.168,0.604,0.025,59.87,24.643,0.18170878459687123
2024-12-02,3.329,8.837,1.283,1.55,29.349,1.859,1.734,0.815,32.678,1.169,0.607,0.025,59.14,24.625,0.18233703814959445
2024-12-03,3.333,8.82,1.284,1.552,29.331,1.868,1.718,0.816,32.664,1.17,0.61,0.025,58.9,24.607,0.183018301830183
2024-12-04,3.337,8.802,1.286,1.554,29.313,1.877,1.701,0.817,32.651,1.172,0.613,0.025,59.19,24.589,0.18369793227449804
2024-12-05,3.342,8.785,1.287,1.555,29.295,1.886,1.684,0.818,32.637,1.173,0.616,0.025,59.31,24.571,0.1843207660083782
2024-12-06,3.346,8.768,1.288,1.557,29.278,1.895,1.668,0.819,32.624,1.174,0.619,0.025,59.95,24.552,0.184997011356844
2024-12-09,3.35,8.75,1.29,1.558,29.26,1.904,1.651,0.82,32.61,1.176,0.622,0.025,59.39,24.534,0.18567164179104478
2024-12-10,3.355,8.733,1.291,1.56,29.242,1.913,1.634,0.821,32.596,1.177,0.625,0.025,58.45,24.516,0.18628912071535023
2024-12-11,3.359,8.715,1.292,1.561,29.224,1.922,1.617,0.822,32.583,1.179,0.628,0.025,57.6,24.498,0.18696040488240548
2024-12-12,3.363,8.698,1.294,1.563,29.206,1.931,1.601,0.823,32.569,1.18,0.631,0.025,57.78,24.48,0.18763009217960155
2024-12-13,3.368,8.681,1.295,1.565,29.188,1.94,1.584,0.824,32.556,1.181,0.634,0.025,58.57,24.462,0.18824228028503565
2024-12-16,3.372,8.663,1.296,1.566,29.17,1.949,1.567,0.825,32.542,1.183,0.637,0.025,59.33,24.444,0.18890865954922895
2024-12-17,3.376,8.646,1.298,1.568,29.152,1.958,1.55,0.826,32.528,1.184,0.64,0.025,58.68,24.426,0.18957345971563982
2024-12-18,3.38,8.629,1.299,1.569,29.134,1.968,1.534,0.828,32.515,1.185,0.643,0.025,55.93,24.408,0.19023668639053257
2024-12-19,3.385,8.611,1.3,1.571,29.116,1.977,1.517,0.829,32.501,1.187,0.646,0.026,55.2,24.39,0.1908419497784343
2024-12-20,3.389,8.594,1.302,1.573,29.098,1.986,1.5,0.83,32.488,1.188,0.649,0.026,55.96,24.372,0.19150191796990265
2024-12-23,3.393,8.577,1.303,1.574,29.081,1.995,1.484,0.831,32.474,1.189,0.652,0.026,55.89,24.354,0.1921603300913646
2024-12-24,3.398,8.559,1.305,1.576,29.063,2.004,1.467,0.832,32.46,1.191,0.655,0.026,56.53,24.336,0.1927604473219541
2024-12-26,3.402,8.542,1.306,1.577,29.045,2.013,1.45,0.833,32.447,1.192,0.658,0.026,56.68,24.318,0.1934156378600823
2024-12-27,3.406,8.525,1.307,1.579,29.027,2.022,1.433,0.834,32.433,1.193,0.661,0.026,56.09,24.3,0.19406928948913682
2024-12-30,3.411,8.507,1.309,1.58,29.009,2.031,1.417,0.835,32.42,1.195,0.664,0.026,55.72,24.282,0.19466432131339784
2024-12-31,3.415,8.49,1.31,1.582,28.991,2.04,1.4,0.836,32.406,1.196,0.667,0.026,56.16,24.264,0.19531478770131772
2025-01-02,3.415,8.49,1.31,1.582,28.991,2.04,1.4,0.836,32.406,1.196,0.667,0.026,56.59,24.264,0.19531478770131772
2025-01-03,3.415,8.49,1.31,1.582,28.991,2.04,1.4,0.836,32.406,1.196,0.667,0.026,57.42,24.264,0.19531478770131772
2025-01-06,3.415,8.49,1.31,1.582,28.991,2.04,1.4,0.836,32.406,1.196,0.667,0.026,56.87,24.264,0.19531478770131772
2025-01-07,3.415,8.49,1.31,1.582,28.991,2.04,1.4,0.836,32.406,1.196,0.667,0.026,56.8,24.264,0.19531478770131772
2025-01-08,3.415,8.49,1.31,1.582,28.991,2.04,1.4,0.836,32.406,1.196,0.667,0.026,56.97,24.264,0.19531478770131772
2025-01-10,3.415,8.49,1.31,1.582,28.991,2.04,1.4,0.836,32.406,1.196,0.667,0.026,55.75,24.264,0.19531478770131772
2025-01-13,3.415,8.49,1.31,1.582,28.991,2.04,1.4,0.836,32.406,1.196,0.667,0.026,56.35,24.264,0.19531478770131772
2025-01-14,3.415,8.49,1.31,1.582,28.991,2.04,1.4,0.836,32.406,1.196,0.667,0.026,56.6,24.264,0.19531478770131772
2025-01-15,3.415,8.49,1.31,1.582,28.991,2.04,1.4,0.836,32.406,1.196,0.667,0.026,56.01,24.264,0.19531478770131772
2025-01-16,3.415,8.49,1.31,1.582,28.991,2.04,1.4,0.836,32.406,1.196,0.667,0.026,56.32,24.264,0.19531478770131772
2025-01-17,3.415,8.49,1.31,1.582,28.991,2.04,1.4,0.836,32.406,1.196,0.667,0.026,56.79,24.264,0.19531478770131772
2025-01-21,3.415,8.49,1.31,1.582,28.991,2.04,1.4,0.836,32.406,1.196,0.667,0.026,57.38,24.264,0.19531478770131772
2025-01-22,3.415,8.49,1.31,1.582,28.991,2.04,1.4,0.836,32.406,1.196,0.667,0.026,56.38,24.264,0.19531478770131772
2025-01-23,3.415,8.49,1.31,1.582,28.991,2.04,1.4,0.836,32.406,1.196,0.667,0.026,57.02,24.264,0.19531478770131772
2025-01-24,3.415,8.49,1.31,1.582,28.991,2.04,1.4,0.836,32.406,1.196,0.667,0.026,56.82,24.264,0.19531478770131772
2025-01-27,3.415,8.49,1.31,1.582,28.991,2.04,1.4,0.836,32.406,1.196,0.667,0.026,57.62,24.264,0.19531478770131772
2025-01-28,3.415,8.49,1.31,1.582,28.991,2.04,1.4,0.836,32.406,1.196,0.667,0.026,57.27,24.264,0.19531478770131772
2025-01-29,3.415,8.49,1.31,1.582,28.991,2.04,1.4,0.836,32.406,1.196,0.667,0.026,56.62,24.264,0.19531478770131772
2025-01-30,3.415,8.49,1.31,1.582,28.991,2.04,1.4,0.836,32.406,1.196,0.667,0.026,57.32,24.264,0.19531478770131772
2025-01-31,3.415,8.49,1.31,1.582,28.991,2.04,1.4,0.836,32.406,1.196,0.667,0.026,56.7,24.264,0.19531478770131772
2025-02-03,3.415,8.49,1.31,1.582,28.991,2.04,1.4,0.836,32.406,1.196,0.667,0.026,56.55,24.264,0.19531478770131772
2025-02-04,3.415,8.49,1.31,1.582,28.991,2.04,1.4,0.836,32.406,1.196,0.667,0.026,56.53,24.264,0.19531478770131772
2025-02-05,3.415,8.49,1.31,1.582,28.991,2.04,1.4,0.836,32.406,1.196,0.667,0.026,58.41,24.264,0.19531478770131772
2025-02-06,3.415,8.49,1.31,1.582,28.991,2.04,1.4,0.836,32.406,1.196,0.667,0.026,58.75,24.264,0.19531478770131772
2025-02-07,3.415,8.49,1.31,1.582,28.991,2.04,1.4,0.836,32.406,1.196,0.667,0.026,58.68,24.264,0.19531478770131772
2025-02-10,3.415,8.49,1.31,1.582,28.991,2.04,1.4,0.836,32.406,1.196,0.667,0.026,58.88,24.264,0.19531478770131772
2025-02-11,3.415,8.49,1.31,1.582,28.991,2.04,1.4,0.836,32.406,1.196,0.667,0.026,60.13,24.264,0.19531478770131772
2025-02-12,3.415,8.49,1.31,1.582,28.991,2.04,1.4,0.836,32.406,1.196,0.667,0.026,59.96,24.264,0.19531478770131772
2025-02-13,3.415,8.49,1.31,1.582,28.991,2.04,1.4,0.836,32.406,1.196,0.667,0.026,60.73,24.264,0.19531478770131772
2025-02-14,3.415,8.49,1.31,1.582,28.991,2.04,1.4,0.836,32.406,1.196,0.667,0.026,60.34,24.264,0.19531478770131772
2025-02-18,3.415,8.49,1.31,1.582,28.991,2.04,1.4,0.836,32.406,1.196,0.667,0.026,60.67,24.264,0.19531478770131772
2025-02-19,3.415,8.49,1.31,1.582,28.991,2.04,1.4,0.836,32.406,1.196,0.667,0.026,60.63,24.264,0.19531478770131772
2025-02-20,3.415,8.49,1.31,1.582,28.991,2.04,1.4,0.836,32.406,1.196,0.667,0.026,60.89,24.264,0.19531478770131772
2025-02-21,3.415,8.49,1.31,1.582,28.991,2.04,1.4,0.836,32.406,1.196,0.667,0.026,59.94,24.264,0.19531478770131772
2025-02-24,3.415,8.49,1.31,1.582,28.991,2.04,1.4,0.836,32.406,1.196,0.667,0.026,60.21,24.264,0.19531478770131772
2025-02-25,3.415,8.49,1.31,1.582,28.991,2.04,1.4,0.836,32.406,1.196,0.667,0.026,59.94,24.264,0.19531478770131772
2025-02-26,3.415,8.49,1.31,1.582,28.991,2.04,1.4,0.836,32.406,1.196,0.667,0.026,60.08,24.264,0.19531478770131772
2025-02-27,3.415,8.49,1.31,1.582,28.991,2.04,1.4,0.836,32.406,1.196,0.667,0.026,59.54,24.264,0.19531478770131772
2025-02-28,3.415,8.49,1.31,1.582,28.991,2.04,1.4,0.836,32.406,1.196,0.667,0.026,60.68,24.264,0.19531478770131772
2025-03-03,3.415,8.49,1.31,1.582,28.991,2.04,1.4,0.836,32.406,1.196,0.667,0.026,61.23,24.264,0.19531478770131772
2025-03-04,3.415,8.49,1.31,1.582,28.991,2.04,1.4,0.836,32.406,1.196,0.667,0.026,59.86,24.264,0.19531478770131772
2025-03-05,3.415,8.49,1.31,1.582,28.991,2.04,1.4,0.836,32.406,1.196,0.667,0.026,59.8,24.264,0.19531478770131772
2025-03-06,3.415,8.49,1.31,1.582,28.991,2.04,1.4,0.836,32.406,1.196,0.667,0.026,56.92,24.264,0.19531478770131772
2025-03-07,3.415,8.49,1.31,1.582,28.991,2.04,1.4,0.836,32.406,1.196,0.667,0.026,55.8,24.264,0.19531478770131772
2025-03-10,3.415,8.49,1.31,1.582,28.991,2.04,1.4,0.836,32.406,1.196,0.667,0.026,53.9,24.264,0.19531478770131772
2025-03-11,3.415,8.49,1.31,1.582,28.991,2.04,1.4,0.836,32.406,1.196,0.667,0.026,53.31,24.264,0.19531478770131772
2025-03-12,3.415,8.49,1.31,1.582,28.991,2.04,1.4,0.836,32.406,1.196,0.667,0.026,54.08,24.264,0.19531478770131772
2025-03-13,3.415,8.49,1.31,1.582,28.991,2.04,1.4,0.836,32.406,1.196,0.667,0.026,52.01,24.264,0.19531478770131772
2025-03-14,3.415,8.49,1.31,1.582,28.991,2.04,1.4,0.836,32.406,1.196,0.667,0.026,52.57,24.264,0.19531478770131772
2025-03-17,3.415,8.49,1.31,1.582,28.991,2.04,1.4,0.836,32.406,1.196,0.667,0.026,54.41,24.264,0.19531478770131772
2025-03-18,3.415,8.49,1.31,1.582,28.991,2.04,1.4,0.836,32.406,1.196,0.667,0.026,53.74,24.264,0.19531478770131772
2025-03-19,3.415,8.49,1.31,1.582,28.991,2.04,1.4,0.836,32.406,1.196,0.667,0.026,53.74,24.264,0.19531478770131772
2025-03-20,3.415,8.49,1.31,1.582,28.991,2.04,1.4,0.836,32.406,1.196,0.667,0.026,53.63,24.264,0.19531478770131772
