date,totalshareholderequity,debttoequityratio,grossprofit,revenue,totalliabilities,eps,cashonhand,NOI,assets,ebitda,netincome,cap_rate,v1,longtermdebt,cpi
2009-04-01,3.695,5.320,0.702,0.918,19.620,0.442,0.925,0.364,23.314,0.622,0.105,0.016,8.710,17.394,
2009-04-02,3.715,5.300,0.702,0.918,19.628,0.433,0.953,0.364,23.342,0.622,0.103,0.016,9.690,17.402,
2009-04-03,3.735,5.280,0.702,0.917,19.635,0.425,0.980,0.364,23.369,0.622,0.101,0.016,10.820,17.411,
2009-04-06,3.754,5.260,0.701,0.917,19.643,0.416,1.008,0.364,23.396,0.622,0.099,0.016,10.570,17.420,
2009-04-07,3.774,5.240,0.701,0.917,19.650,0.408,1.035,0.364,23.424,0.622,0.097,0.016,9.410,17.429,
2009-04-08,3.794,5.220,0.701,0.917,19.658,0.400,1.063,0.364,23.451,0.622,0.095,0.016,9.680,17.437,
2009-04-09,3.814,5.200,0.701,0.916,19.665,0.391,1.090,0.364,23.478,0.622,0.093,0.016,11.270,17.446,
2009-04-13,3.834,5.180,0.701,0.916,19.673,0.383,1.118,0.364,23.506,0.622,0.091,0.015,11.180,17.455,
2009-04-14,3.854,5.160,0.701,0.916,19.680,0.374,1.145,0.364,23.533,0.622,0.089,0.015,10.110,17.464,
2009-04-15,3.874,5.140,0.701,0.916,19.688,0.366,1.173,0.364,23.560,0.622,0.087,0.015,11.530,17.472,
2009-04-16,3.893,5.120,0.701,0.916,19.695,0.357,1.200,0.364,23.588,0.621,0.085,0.015,12.380,17.481,
2009-04-17,3.913,5.100,0.700,0.915,19.703,0.349,1.228,0.364,23.615,0.621,0.083,0.015,12.930,17.490,
2009-04-20,3.933,5.080,0.700,0.915,19.710,0.341,1.255,0.364,23.643,0.621,0.081,0.015,11.380,17.499,
2009-04-21,3.953,5.060,0.700,0.915,19.718,0.332,1.282,0.364,23.670,0.621,0.079,0.015,12.840,17.507,
2009-04-22,3.973,5.040,0.700,0.915,19.725,0.324,1.310,0.364,23.697,0.621,0.077,0.015,12.020,17.516,
2009-04-23,3.993,5.020,0.700,0.914,19.733,0.315,1.337,0.364,23.725,0.621,0.074,0.015,12.690,17.525,
2009-04-24,4.013,5.000,0.700,0.914,19.740,0.307,1.365,0.364,23.752,0.621,0.072,0.015,13.270,17.534,
2009-04-27,4.032,4.980,0.700,0.914,19.748,0.299,1.392,0.364,23.779,0.621,0.070,0.015,11.990,17.542,
2009-04-28,4.052,4.960,0.700,0.914,19.755,0.290,1.420,0.364,23.807,0.621,0.068,0.015,12.360,17.551,
2009-04-29,4.072,4.940,0.699,0.914,19.763,0.282,1.447,0.364,23.834,0.621,0.066,0.015,13.020,17.560,
2009-04-30,4.092,4.920,0.699,0.913,19.770,0.273,1.475,0.364,23.861,0.621,0.064,0.015,13.520,17.569,
2009-05-01,4.112,4.900,0.699,0.913,19.777,0.265,1.502,0.364,23.889,0.621,0.062,0.015,12.440,17.577,
2009-05-04,4.132,4.880,0.699,0.913,19.785,0.257,1.530,0.364,23.916,0.621,0.060,0.015,13.600,17.586,
2009-05-05,4.152,4.860,0.699,0.913,19.792,0.248,1.557,0.364,23.943,0.621,0.058,0.015,13.140,17.595,
2009-05-06,4.171,4.840,0.699,0.912,19.800,0.240,1.585,0.364,23.971,0.621,0.056,0.015,14.370,17.604,
2009-05-07,4.191,4.820,0.699,0.912,19.807,0.231,1.612,0.364,23.998,0.621,0.054,0.015,13.640,17.612,
2009-05-08,4.211,4.800,0.699,0.912,19.815,0.223,1.639,0.364,24.025,0.621,0.052,0.015,14.130,17.621,
2009-05-11,4.231,4.780,0.698,0.912,19.822,0.214,1.667,0.364,24.053,0.621,0.050,0.015,13.620,17.630,
2009-05-12,4.251,4.760,0.698,0.912,19.830,0.206,1.694,0.364,24.080,0.621,0.048,0.015,13.600,17.639,
2009-05-13,4.271,4.740,0.698,0.911,19.837,0.198,1.722,0.364,24.107,0.621,0.046,0.015,12.720,17.647,
2009-05-14,4.291,4.720,0.698,0.911,19.845,0.189,1.749,0.364,24.135,0.621,0.044,0.015,13.240,17.656,
2009-05-15,4.310,4.700,0.698,0.911,19.852,0.181,1.777,0.365,24.162,0.620,0.042,0.015,12.410,17.665,
2009-05-18,4.330,4.680,0.698,0.911,19.860,0.172,1.804,0.365,24.190,0.620,0.040,0.015,13.620,17.674,
2009-05-19,4.350,4.660,0.698,0.910,19.867,0.164,1.832,0.365,24.217,0.620,0.038,0.015,13.360,17.682,
2009-05-20,4.370,4.640,0.698,0.910,19.875,0.156,1.859,0.365,24.244,0.620,0.036,0.015,13.220,17.691,
2009-05-21,4.390,4.620,0.697,0.910,19.882,0.147,1.887,0.365,24.272,0.620,0.034,0.015,13.120,17.700,
2009-05-22,4.410,4.600,0.697,0.910,19.890,0.139,1.914,0.365,24.299,0.620,0.032,0.015,12.820,17.709,
2009-05-26,4.430,4.580,0.697,0.910,19.897,0.130,1.941,0.365,24.326,0.620,0.030,0.015,13.580,17.717,
2009-05-27,4.449,4.560,0.697,0.909,19.905,0.122,1.969,0.365,24.354,0.620,0.028,0.015,13.220,17.726,
2009-05-28,4.469,4.540,0.697,0.909,19.912,0.113,1.996,0.365,24.381,0.620,0.026,0.015,13.700,17.735,
2009-05-29,4.489,4.520,0.697,0.909,19.920,0.105,2.024,0.365,24.408,0.620,0.024,0.015,14.140,17.744,
2009-06-01,4.509,4.500,0.697,0.909,19.927,0.097,2.051,0.365,24.436,0.620,0.022,0.015,14.920,17.752,
2009-06-02,4.529,4.480,0.697,0.908,19.934,0.088,2.079,0.365,24.463,0.620,0.020,0.015,14.350,17.761,
2009-06-03,4.549,4.460,0.696,0.908,19.942,0.080,2.106,0.365,24.490,0.620,0.018,0.015,14.280,17.770,
2009-06-04,4.569,4.440,0.696,0.908,19.949,0.071,2.134,0.365,24.518,0.620,0.016,0.015,14.440,17.779,
2009-06-05,4.588,4.420,0.696,0.908,19.957,0.063,2.161,0.365,24.545,0.620,0.014,0.015,14.150,17.787,
2009-06-08,4.608,4.400,0.696,0.908,19.964,0.055,2.189,0.365,24.572,0.620,0.012,0.015,14.250,17.796,
2009-06-09,4.628,4.380,0.696,0.907,19.972,0.046,2.216,0.365,24.600,0.620,0.009,0.015,14.120,17.805,
2009-06-10,4.648,4.360,0.696,0.907,19.979,0.038,2.244,0.365,24.627,0.620,0.007,0.015,13.910,17.814,
2009-06-11,4.668,4.340,0.696,0.907,19.987,0.029,2.271,0.365,24.654,0.620,0.005,0.015,13.790,17.822,
2009-06-12,4.688,4.320,0.696,0.907,19.994,0.021,2.298,0.365,24.682,0.620,0.003,0.015,14.320,17.831,
2009-06-15,4.708,4.300,0.695,0.906,20.002,0.013,2.326,0.365,24.709,0.620,0.001,0.015,13.730,17.840,
2009-06-16,4.727,4.280,0.695,0.906,20.009,0.004,2.353,0.365,24.737,0.619,-0.001,0.015,13.580,17.849,
2009-06-17,4.747,4.260,0.695,0.906,20.017,-0.004,2.381,0.365,24.764,0.619,-0.003,0.015,13.320,17.857,
2009-06-18,4.767,4.240,0.695,0.906,20.024,-0.013,2.408,0.365,24.791,0.619,-0.005,0.015,13.550,17.866,
2009-06-19,4.787,4.220,0.695,0.906,20.032,-0.021,2.436,0.365,24.819,0.619,-0.007,0.015,14.000,17.875,
2009-06-22,4.807,4.200,0.695,0.905,20.039,-0.030,2.463,0.365,24.846,0.619,-0.009,0.015,12.990,17.884,
2009-06-23,4.827,4.180,0.695,0.905,20.047,-0.038,2.491,0.365,24.873,0.619,-0.011,0.015,13.210,17.892,
2009-06-24,4.847,4.160,0.695,0.905,20.054,-0.046,2.518,0.365,24.901,0.619,-0.013,0.015,13.380,17.901,
2009-06-25,4.866,4.140,0.694,0.905,20.062,-0.055,2.546,0.365,24.928,0.619,-0.015,0.015,13.630,17.910,
2009-06-26,4.886,4.120,0.694,0.904,20.069,-0.063,2.573,0.365,24.955,0.619,-0.017,0.015,13.730,17.919,
2009-06-29,4.906,4.100,0.694,0.904,20.077,-0.072,2.601,0.365,24.983,0.619,-0.019,0.015,13.600,17.927,
2009-06-30,4.926,4.080,0.694,0.904,20.084,-0.080,2.628,0.365,25.010,0.619,-0.021,0.015,13.600,17.936,
2009-07-01,4.929,4.080,0.694,0.904,20.096,-0.073,2.645,0.365,25.025,0.619,-0.019,0.015,14.250,17.947,
2009-07-02,4.931,4.080,0.695,0.905,20.109,-0.066,2.663,0.366,25.040,0.620,-0.017,0.015,13.370,17.959,
2009-07-06,4.934,4.080,0.695,0.905,20.121,-0.058,2.680,0.366,25.055,0.620,-0.015,0.015,13.890,17.970,
2009-07-07,4.937,4.081,0.695,0.905,20.133,-0.051,2.698,0.367,25.070,0.621,-0.013,0.015,13.200,17.982,
2009-07-08,4.940,4.081,0.695,0.906,20.146,-0.044,2.715,0.367,25.086,0.621,-0.011,0.015,13.200,17.993,
2009-07-09,4.942,4.081,0.696,0.906,20.158,-0.037,2.733,0.368,25.101,0.622,-0.009,0.015,12.880,18.005,
2009-07-10,4.945,4.081,0.696,0.906,20.171,-0.030,2.750,0.368,25.116,0.622,-0.007,0.015,12.830,18.016,
2009-07-13,4.948,4.081,0.696,0.907,20.183,-0.022,2.768,0.368,25.131,0.622,-0.005,0.015,13.510,18.028,
2009-07-14,4.951,4.081,0.697,0.907,20.195,-0.015,2.785,0.369,25.146,0.623,-0.003,0.015,13.800,18.039,
2009-07-15,4.953,4.082,0.697,0.907,20.208,-0.008,2.803,0.369,25.161,0.623,-0.001,0.015,14.070,18.051,
2009-07-16,4.956,4.082,0.697,0.908,20.220,-0.001,2.820,0.370,25.176,0.624,0.001,0.015,14.310,18.062,
2009-07-17,4.959,4.082,0.697,0.908,20.232,0.006,2.838,0.370,25.191,0.624,0.003,0.015,13.860,18.073,
2009-07-20,4.962,4.082,0.698,0.908,20.245,0.013,2.855,0.370,25.206,0.624,0.005,0.015,14.410,18.085,
2009-07-21,4.964,4.082,0.698,0.909,20.257,0.021,2.873,0.371,25.222,0.625,0.007,0.015,14.380,18.096,
2009-07-22,4.967,4.082,0.698,0.909,20.270,0.028,2.890,0.371,25.237,0.625,0.009,0.015,14.490,18.108,
2009-07-23,4.970,4.082,0.698,0.909,20.282,0.035,2.908,0.372,25.252,0.626,0.011,0.015,14.980,18.119,
2009-07-24,4.972,4.083,0.699,0.910,20.294,0.042,2.925,0.372,25.267,0.626,0.013,0.015,14.890,18.131,
2009-07-27,4.975,4.083,0.699,0.910,20.307,0.049,2.942,0.373,25.282,0.627,0.015,0.015,15.280,18.142,
2009-07-28,4.978,4.083,0.699,0.910,20.319,0.057,2.960,0.373,25.297,0.627,0.017,0.015,15.140,18.154,
2009-07-29,4.981,4.083,0.700,0.911,20.332,0.064,2.977,0.373,25.312,0.627,0.019,0.015,15.010,18.165,
2009-07-30,4.983,4.083,0.700,0.911,20.344,0.071,2.995,0.374,25.327,0.628,0.021,0.015,15.570,18.177,
2009-07-31,4.986,4.083,0.700,0.911,20.356,0.078,3.012,0.374,25.342,0.628,0.023,0.015,15.460,18.188,
2009-08-03,4.989,4.084,0.700,0.912,20.369,0.085,3.030,0.375,25.358,0.629,0.025,0.015,15.820,18.199,
2009-08-04,4.992,4.084,0.701,0.912,20.381,0.092,3.047,0.375,25.373,0.629,0.027,0.015,16.900,18.211,
2009-08-05,4.994,4.084,0.701,0.912,20.393,0.100,3.065,0.376,25.388,0.630,0.029,0.015,17.480,18.222,
2009-08-06,4.997,4.084,0.701,0.913,20.406,0.107,3.082,0.376,25.403,0.630,0.031,0.015,17.450,18.234,
2009-08-07,5.000,4.084,0.702,0.913,20.418,0.114,3.100,0.376,25.418,0.630,0.033,0.015,18.500,18.245,
2009-08-10,5.003,4.084,0.702,0.913,20.431,0.121,3.117,0.377,25.433,0.631,0.035,0.015,17.900,18.257,
2009-08-11,5.005,4.085,0.702,0.914,20.443,0.128,3.135,0.377,25.448,0.631,0.037,0.015,17.330,18.268,
2009-08-12,5.008,4.085,0.702,0.914,20.455,0.136,3.152,0.378,25.463,0.632,0.039,0.015,17.510,18.280,
2009-08-13,5.011,4.085,0.703,0.914,20.468,0.143,3.170,0.378,25.478,0.632,0.041,0.015,17.680,18.291,
2009-08-14,5.014,4.085,0.703,0.915,20.480,0.150,3.187,0.378,25.494,0.633,0.042,0.015,17.530,18.303,
2009-08-17,5.016,4.085,0.703,0.915,20.492,0.157,3.204,0.379,25.509,0.633,0.044,0.015,16.250,18.314,
2009-08-18,5.019,4.085,0.704,0.915,20.505,0.164,3.222,0.379,25.524,0.633,0.046,0.015,16.580,18.325,
2009-08-19,5.022,4.085,0.704,0.915,20.517,0.172,3.239,0.380,25.539,0.634,0.048,0.015,16.320,18.337,
2009-08-20,5.024,4.086,0.704,0.916,20.530,0.179,3.257,0.380,25.554,0.634,0.050,0.015,17.070,18.348,
2009-08-21,5.027,4.086,0.704,0.916,20.542,0.186,3.274,0.381,25.569,0.635,0.052,0.015,17.390,18.360,
2009-08-24,5.030,4.086,0.705,0.916,20.554,0.193,3.292,0.381,25.584,0.635,0.054,0.015,17.140,18.371,
2009-08-25,5.033,4.086,0.705,0.917,20.567,0.200,3.309,0.381,25.599,0.635,0.056,0.015,17.380,18.383,
2009-08-26,5.035,4.086,0.705,0.917,20.579,0.208,3.327,0.382,25.614,0.636,0.058,0.015,17.710,18.394,
2009-08-27,5.038,4.086,0.706,0.917,20.591,0.215,3.344,0.382,25.629,0.636,0.060,0.015,17.860,18.406,
2009-08-28,5.041,4.087,0.706,0.918,20.604,0.222,3.362,0.383,25.645,0.637,0.062,0.015,18.110,18.417,
2009-08-31,5.044,4.087,0.706,0.918,20.616,0.229,3.379,0.383,25.660,0.637,0.064,0.015,17.790,18.428,
2009-09-01,5.046,4.087,0.706,0.918,20.629,0.236,3.397,0.384,25.675,0.638,0.066,0.015,16.820,18.440,
2009-09-02,5.049,4.087,0.707,0.919,20.641,0.243,3.414,0.384,25.690,0.638,0.068,0.015,16.460,18.451,
2009-09-03,5.052,4.087,0.707,0.919,20.653,0.251,3.432,0.384,25.705,0.638,0.070,0.015,16.720,18.463,
2009-09-04,5.055,4.087,0.707,0.919,20.666,0.258,3.449,0.385,25.720,0.639,0.072,0.015,17.100,18.474,
2009-09-08,5.057,4.088,0.708,0.920,20.678,0.265,3.466,0.385,25.735,0.639,0.074,0.015,18.040,18.486,
2009-09-09,5.060,4.088,0.708,0.920,20.690,0.272,3.484,0.386,25.750,0.640,0.076,0.015,18.460,18.497,
2009-09-10,5.063,4.088,0.708,0.920,20.703,0.279,3.501,0.386,25.765,0.640,0.078,0.015,18.850,18.509,
2009-09-11,5.065,4.088,0.708,0.921,20.715,0.287,3.519,0.387,25.781,0.641,0.080,0.015,18.820,18.520,
2009-09-14,5.068,4.088,0.709,0.921,20.728,0.294,3.536,0.387,25.796,0.641,0.082,0.015,19.320,18.532,
2009-09-15,5.071,4.088,0.709,0.921,20.740,0.301,3.554,0.387,25.811,0.641,0.084,0.015,19.640,18.543,
2009-09-16,5.074,4.088,0.709,0.922,20.752,0.308,3.571,0.388,25.826,0.642,0.086,0.015,20.510,18.554,
2009-09-17,5.076,4.089,0.709,0.922,20.765,0.315,3.589,0.388,25.841,0.642,0.088,0.015,20.370,18.566,
2009-09-18,5.079,4.089,0.710,0.922,20.777,0.322,3.606,0.389,25.856,0.643,0.090,0.015,20.680,18.577,
2009-09-21,5.082,4.089,0.710,0.923,20.789,0.330,3.624,0.389,25.871,0.643,0.092,0.015,20.070,18.589,
2009-09-22,5.085,4.089,0.710,0.923,20.802,0.337,3.641,0.389,25.886,0.643,0.094,0.015,20.520,18.600,
2009-09-23,5.087,4.089,0.711,0.923,20.814,0.344,3.659,0.390,25.901,0.644,0.096,0.015,19.570,18.612,
2009-09-24,5.090,4.089,0.711,0.924,20.827,0.351,3.676,0.390,25.917,0.644,0.098,0.015,18.810,18.623,
2009-09-25,5.093,4.090,0.711,0.924,20.839,0.358,3.694,0.391,25.932,0.645,0.100,0.015,19.020,18.635,
2009-09-28,5.096,4.090,0.711,0.924,20.851,0.366,3.711,0.391,25.947,0.645,0.102,0.015,20.030,18.646,
2009-09-29,5.098,4.090,0.712,0.925,20.864,0.373,3.729,0.392,25.962,0.646,0.104,0.015,19.380,18.658,
2009-09-30,5.101,4.090,0.712,0.925,20.876,0.380,3.746,0.392,25.977,0.646,0.106,0.015,19.410,18.669,
2009-10-01,5.102,4.089,0.714,0.927,20.874,0.379,3.749,0.390,25.977,0.644,0.106,0.015,17.530,18.668,
2009-10-02,5.104,4.087,0.715,0.928,20.873,0.378,3.753,0.389,25.976,0.642,0.106,0.015,17.520,18.668,
2009-10-05,5.105,4.086,0.717,0.930,20.871,0.376,3.756,0.387,25.976,0.641,0.105,0.015,17.940,18.667,
2009-10-06,5.106,4.085,0.719,0.931,20.869,0.375,3.759,0.385,25.975,0.639,0.105,0.015,18.110,18.667,
2009-10-07,5.107,4.084,0.720,0.933,20.867,0.374,3.763,0.384,25.975,0.637,0.105,0.015,18.060,18.666,
2009-10-08,5.109,4.082,0.722,0.935,20.866,0.372,3.766,0.382,25.974,0.635,0.105,0.015,18.270,18.665,
2009-10-09,5.110,4.081,0.723,0.936,20.864,0.371,3.769,0.380,25.974,0.633,0.104,0.015,18.410,18.665,
2009-10-12,5.111,4.080,0.725,0.938,20.862,0.370,3.772,0.379,25.973,0.631,0.104,0.015,18.320,18.664,
2009-10-13,5.113,4.079,0.727,0.939,20.860,0.369,3.776,0.377,25.973,0.630,0.104,0.015,17.870,18.664,
2009-10-14,5.114,4.077,0.728,0.941,20.859,0.368,3.779,0.375,25.972,0.628,0.104,0.014,18.670,18.663,
2009-10-15,5.115,4.076,0.730,0.943,20.857,0.366,3.782,0.374,25.972,0.626,0.104,0.014,18.590,18.662,
2009-10-16,5.116,4.075,0.732,0.944,20.855,0.365,3.786,0.372,25.972,0.624,0.103,0.014,17.900,18.662,
2009-10-19,5.118,4.074,0.733,0.946,20.853,0.364,3.789,0.370,25.971,0.622,0.103,0.014,18.350,18.661,
2009-10-20,5.119,4.072,0.735,0.948,20.852,0.362,3.792,0.369,25.971,0.620,0.103,0.014,18.180,18.660,
2009-10-21,5.120,4.071,0.737,0.949,20.850,0.361,3.796,0.367,25.970,0.619,0.103,0.014,18.090,18.660,
2009-10-22,5.122,4.070,0.738,0.951,20.848,0.360,3.799,0.365,25.970,0.617,0.102,0.014,18.570,18.659,
2009-10-23,5.123,4.069,0.740,0.952,20.847,0.359,3.802,0.364,25.969,0.615,0.102,0.014,18.260,18.659,
2009-10-26,5.124,4.068,0.742,0.954,20.845,0.358,3.806,0.362,25.969,0.613,0.102,0.014,18.250,18.658,
2009-10-27,5.125,4.066,0.743,0.956,20.843,0.356,3.809,0.360,25.968,0.611,0.102,0.014,17.870,18.657,
2009-10-28,5.127,4.065,0.745,0.957,20.841,0.355,3.812,0.359,25.968,0.609,0.102,0.014,17.090,18.657,
2009-10-29,5.128,4.064,0.746,0.959,20.840,0.354,3.816,0.357,25.967,0.608,0.101,0.014,18.090,18.656,
2009-10-30,5.129,4.062,0.748,0.960,20.838,0.352,3.819,0.355,25.967,0.606,0.101,0.014,18.010,18.656,
2009-11-02,5.130,4.061,0.750,0.962,20.836,0.351,3.822,0.354,25.967,0.604,0.101,0.014,18.140,18.655,
2009-11-03,5.132,4.060,0.751,0.964,20.834,0.350,3.826,0.352,25.966,0.602,0.101,0.014,18.340,18.654,
2009-11-04,5.133,4.059,0.753,0.965,20.833,0.349,3.829,0.350,25.966,0.600,0.101,0.013,17.920,18.654,
2009-11-05,5.134,4.058,0.755,0.967,20.831,0.348,3.832,0.349,25.965,0.598,0.100,0.013,18.400,18.653,
2009-11-06,5.136,4.056,0.756,0.968,20.829,0.346,3.835,0.347,25.965,0.597,0.100,0.013,18.100,18.653,
2009-11-09,5.137,4.055,0.758,0.970,20.827,0.345,3.839,0.345,25.964,0.595,0.100,0.013,19.030,18.652,
2009-11-10,5.138,4.054,0.760,0.972,20.826,0.344,3.842,0.344,25.964,0.593,0.100,0.013,18.740,18.651,
2009-11-11,5.139,4.052,0.761,0.973,20.824,0.342,3.845,0.342,25.963,0.591,0.099,0.013,19.280,18.651,
2009-11-12,5.141,4.051,0.763,0.975,20.822,0.341,3.849,0.340,25.963,0.589,0.099,0.013,19.150,18.650,
2009-11-13,5.142,4.050,0.764,0.976,20.821,0.340,3.852,0.338,25.962,0.588,0.099,0.013,19.310,18.650,
2009-11-16,5.143,4.049,0.766,0.978,20.819,0.339,3.855,0.337,25.962,0.586,0.099,0.013,19.670,18.649,
2009-11-17,5.145,4.047,0.768,0.980,20.817,0.338,3.859,0.335,25.962,0.584,0.099,0.013,19.280,18.648,
2009-11-18,5.146,4.046,0.769,0.981,20.815,0.336,3.862,0.333,25.961,0.582,0.098,0.013,20.180,18.648,
2009-11-19,5.147,4.045,0.771,0.983,20.814,0.335,3.865,0.332,25.961,0.580,0.098,0.013,19.740,18.647,
2009-11-20,5.148,4.044,0.773,0.985,20.812,0.334,3.869,0.330,25.960,0.578,0.098,0.013,19.380,18.646,
2009-11-23,5.150,4.042,0.774,0.986,20.810,0.332,3.872,0.328,25.960,0.577,0.098,0.013,19.830,18.646,
2009-11-24,5.151,4.041,0.776,0.988,20.808,0.331,3.875,0.327,25.959,0.575,0.097,0.013,19.270,18.645,
2009-11-25,5.152,4.040,0.778,0.989,20.807,0.330,3.879,0.325,25.959,0.573,0.097,0.013,19.290,18.645,
2009-11-27,5.154,4.039,0.779,0.991,20.805,0.329,3.882,0.323,25.958,0.571,0.097,0.012,18.620,18.644,
2009-11-30,5.155,4.037,0.781,0.993,20.803,0.328,3.885,0.322,25.958,0.569,0.097,0.012,19.400,18.643,
2009-12-01,5.156,4.036,0.783,0.994,20.801,0.326,3.888,0.320,25.958,0.567,0.097,0.012,19.720,18.643,
2009-12-02,5.157,4.035,0.784,0.996,20.800,0.325,3.892,0.318,25.957,0.566,0.096,0.012,20.060,18.642,
2009-12-03,5.159,4.034,0.786,0.997,20.798,0.324,3.895,0.317,25.957,0.564,0.096,0.012,19.810,18.642,
2009-12-04,5.160,4.032,0.787,0.999,20.796,0.322,3.898,0.315,25.956,0.562,0.096,0.012,20.240,18.641,
2009-12-07,5.161,4.031,0.789,1.001,20.794,0.321,3.902,0.313,25.956,0.560,0.096,0.012,19.740,18.640,
2009-12-08,5.162,4.030,0.791,1.002,20.793,0.320,3.905,0.312,25.955,0.558,0.096,0.012,19.940,18.640,
2009-12-09,5.164,4.029,0.792,1.004,20.791,0.319,3.908,0.310,25.955,0.556,0.095,0.012,20.050,18.639,
2009-12-10,5.165,4.028,0.794,1.005,20.789,0.318,3.912,0.308,25.954,0.555,0.095,0.012,20.170,18.639,
2009-12-11,5.166,4.026,0.796,1.007,20.788,0.316,3.915,0.307,25.954,0.553,0.095,0.012,20.500,18.638,
2009-12-14,5.168,4.025,0.797,1.009,20.786,0.315,3.918,0.305,25.953,0.551,0.095,0.012,20.790,18.637,
2009-12-15,5.169,4.024,0.799,1.010,20.784,0.314,3.922,0.303,25.953,0.549,0.094,0.012,20.520,18.637,
2009-12-16,5.170,4.022,0.801,1.012,20.782,0.312,3.925,0.302,25.953,0.547,0.094,0.012,20.520,18.636,
2009-12-17,5.171,4.021,0.802,1.014,20.781,0.311,3.928,0.300,25.952,0.545,0.094,0.012,20.490,18.635,
2009-12-18,5.173,4.020,0.804,1.015,20.779,0.310,3.932,0.298,25.952,0.544,0.094,0.011,20.770,18.635,
2009-12-21,5.174,4.019,0.806,1.017,20.777,0.309,3.935,0.297,25.951,0.542,0.094,0.011,21.200,18.634,
2009-12-22,5.175,4.018,0.807,1.018,20.775,0.308,3.938,0.295,25.951,0.540,0.093,0.011,21.320,18.634,
2009-12-23,5.177,4.016,0.809,1.020,20.774,0.306,3.941,0.293,25.950,0.538,0.093,0.011,21.670,18.633,
2009-12-24,5.178,4.015,0.810,1.022,20.772,0.305,3.945,0.292,25.950,0.536,0.093,0.011,22.100,18.632,
2009-12-28,5.179,4.014,0.812,1.023,20.770,0.304,3.948,0.290,25.949,0.534,0.093,0.011,22.180,18.632,
2009-12-29,5.180,4.012,0.814,1.025,20.768,0.302,3.951,0.288,25.949,0.533,0.092,0.011,21.910,18.631,
2009-12-30,5.182,4.011,0.815,1.026,20.767,0.301,3.955,0.287,25.948,0.531,0.092,0.011,21.760,18.631,
2009-12-31,5.183,4.010,0.817,1.028,20.765,0.300,3.958,0.285,25.948,0.529,0.092,0.011,21.310,18.630,
2010-01-04,5.182,4.008,0.815,1.026,20.750,0.296,3.948,0.287,25.932,0.531,0.091,0.011,22.580,18.618,
2010-01-05,5.182,4.005,0.814,1.025,20.735,0.291,3.937,0.290,25.916,0.533,0.089,0.011,22.430,18.606,
2010-01-06,5.181,4.003,0.812,1.023,20.719,0.287,3.927,0.292,25.900,0.535,0.088,0.011,22.170,18.593,
2010-01-07,5.180,4.000,0.810,1.021,20.704,0.282,3.917,0.294,25.884,0.538,0.087,0.011,22.460,18.581,
2010-01-08,5.180,3.998,0.808,1.020,20.689,0.278,3.906,0.297,25.868,0.540,0.085,0.011,21.930,18.569,
2010-01-11,5.179,3.995,0.807,1.018,20.674,0.273,3.896,0.299,25.852,0.542,0.084,0.012,21.950,18.557,
2010-01-12,5.178,3.993,0.805,1.016,20.658,0.269,3.886,0.301,25.837,0.544,0.082,0.012,21.510,18.544,
2010-01-13,5.178,3.990,0.803,1.014,20.643,0.265,3.875,0.304,25.821,0.546,0.081,0.012,21.730,18.532,
2010-01-14,5.177,3.988,0.802,1.013,20.628,0.260,3.865,0.306,25.805,0.548,0.080,0.012,21.830,18.520,
2010-01-15,5.176,3.985,0.800,1.011,20.613,0.256,3.855,0.308,25.789,0.551,0.078,0.012,21.430,18.508,
2010-01-19,5.176,3.983,0.798,1.009,20.597,0.251,3.844,0.311,25.773,0.553,0.077,0.012,21.930,18.495,
2010-01-20,5.175,3.980,0.797,1.008,20.582,0.247,3.834,0.313,25.757,0.555,0.076,0.012,21.430,18.483,
2010-01-21,5.174,3.978,0.795,1.006,20.567,0.242,3.824,0.315,25.741,0.557,0.074,0.012,20.750,18.471,
2010-01-22,5.174,3.976,0.793,1.004,20.552,0.238,3.813,0.318,25.725,0.559,0.073,0.012,20.200,18.459,
2010-01-25,5.173,3.973,0.791,1.003,20.537,0.234,3.803,0.320,25.709,0.561,0.072,0.012,20.630,18.446,
2010-01-26,5.172,3.971,0.790,1.001,20.521,0.229,3.792,0.322,25.693,0.564,0.070,0.013,20.550,18.434,
2010-01-27,5.172,3.968,0.788,0.999,20.506,0.225,3.782,0.325,25.677,0.566,0.069,0.013,20.720,18.422,
2010-01-28,5.171,3.966,0.786,0.998,20.491,0.220,3.772,0.327,25.661,0.568,0.068,0.013,20.620,18.410,
2010-01-29,5.170,3.963,0.785,0.996,20.476,0.216,3.761,0.329,25.646,0.570,0.066,0.013,20.600,18.397,
2010-02-01,5.170,3.961,0.783,0.994,20.460,0.211,3.751,0.332,25.630,0.572,0.065,0.013,21.050,18.385,
2010-02-02,5.169,3.958,0.781,0.993,20.445,0.207,3.741,0.334,25.614,0.574,0.063,0.013,21.310,18.373,
2010-02-03,5.168,3.956,0.779,0.991,20.430,0.203,3.730,0.336,25.598,0.577,0.062,0.013,20.830,18.361,
2010-02-04,5.168,3.953,0.778,0.989,20.415,0.198,3.720,0.339,25.582,0.579,0.061,0.013,19.870,18.348,
2010-02-05,5.167,3.951,0.776,0.987,20.399,0.194,3.710,0.341,25.566,0.581,0.059,0.013,20.990,18.336,
2010-02-08,5.166,3.949,0.774,0.986,20.384,0.189,3.699,0.343,25.550,0.583,0.058,0.013,20.230,18.324,
2010-02-09,5.166,3.946,0.773,0.984,20.369,0.185,3.689,0.346,25.534,0.585,0.057,0.014,20.200,18.312,
2010-02-10,5.165,3.944,0.771,0.982,20.354,0.180,3.679,0.348,25.518,0.587,0.055,0.014,20.110,18.299,
2010-02-11,5.164,3.941,0.769,0.981,20.339,0.176,3.668,0.350,25.502,0.590,0.054,0.014,20.390,18.287,
2010-02-12,5.164,3.939,0.768,0.979,20.323,0.172,3.658,0.353,25.486,0.592,0.053,0.014,20.600,18.275,
2010-02-16,5.163,3.936,0.766,0.977,20.308,0.167,3.648,0.355,25.470,0.594,0.051,0.014,21.410,18.263,
2010-02-17,5.162,3.934,0.764,0.976,20.293,0.163,3.637,0.357,25.455,0.596,0.050,0.014,21.700,18.250,
2010-02-18,5.161,3.931,0.762,0.974,20.278,0.158,3.627,0.359,25.439,0.598,0.048,0.014,22.090,18.238,
2010-02-19,5.161,3.929,0.761,0.972,20.262,0.154,3.617,0.362,25.423,0.600,0.047,0.014,22.240,18.226,
2010-02-22,5.160,3.926,0.759,0.971,20.247,0.150,3.606,0.364,25.407,0.603,0.046,0.014,22.500,18.214,
2010-02-23,5.159,3.924,0.757,0.969,20.232,0.145,3.596,0.366,25.391,0.605,0.044,0.014,22.290,18.201,
2010-02-24,5.159,3.921,0.756,0.967,20.217,0.141,3.586,0.369,25.375,0.607,0.043,0.015,22.180,18.189,
2010-02-25,5.158,3.919,0.754,0.966,20.202,0.136,3.575,0.371,25.359,0.609,0.042,0.015,22.460,18.177,
2010-02-26,5.157,3.917,0.752,0.964,20.186,0.132,3.565,0.373,25.343,0.611,0.040,0.015,22.400,18.165,
2010-03-01,5.157,3.914,0.751,0.962,20.171,0.127,3.555,0.376,25.327,0.613,0.039,0.015,22.430,18.152,
2010-03-02,5.156,3.912,0.749,0.960,20.156,0.123,3.544,0.378,25.311,0.616,0.038,0.015,22.320,18.140,
2010-03-03,5.155,3.909,0.747,0.959,20.141,0.119,3.534,0.380,25.295,0.618,0.036,0.015,22.160,18.128,
2010-03-04,5.155,3.907,0.745,0.957,20.125,0.114,3.524,0.383,25.279,0.620,0.035,0.015,22.210,18.116,
2010-03-05,5.154,3.904,0.744,0.955,20.110,0.110,3.513,0.385,25.264,0.622,0.033,0.015,22.730,18.103,
2010-03-08,5.153,3.902,0.742,0.954,20.095,0.105,3.503,0.387,25.248,0.624,0.032,0.015,22.830,18.091,
2010-03-09,5.153,3.899,0.740,0.952,20.080,0.101,3.493,0.390,25.232,0.626,0.031,0.015,23.120,18.079,
2010-03-10,5.152,3.897,0.739,0.950,20.064,0.096,3.482,0.392,25.216,0.629,0.029,0.016,23.110,18.067,
2010-03-11,5.151,3.894,0.737,0.949,20.049,0.092,3.472,0.394,25.200,0.631,0.028,0.016,23.160,18.054,
2010-03-12,5.151,3.892,0.735,0.947,20.034,0.088,3.461,0.397,25.184,0.633,0.027,0.016,23.490,18.042,
2010-03-15,5.150,3.890,0.733,0.945,20.019,0.083,3.451,0.399,25.168,0.635,0.025,0.016,23.430,18.030,
2010-03-16,5.149,3.887,0.732,0.944,20.004,0.079,3.441,0.401,25.152,0.637,0.024,0.016,24.090,18.018,
2010-03-17,5.149,3.885,0.730,0.942,19.988,0.074,3.430,0.404,25.136,0.639,0.023,0.016,24.510,18.005,
2010-03-18,5.148,3.882,0.728,0.940,19.973,0.070,3.420,0.406,25.120,0.642,0.021,0.016,24.190,17.993,
2010-03-19,5.147,3.880,0.727,0.939,19.958,0.065,3.410,0.408,25.104,0.644,0.020,0.016,23.900,17.981,
2010-03-22,5.147,3.877,0.725,0.937,19.943,0.061,3.399,0.411,25.088,0.646,0.019,0.016,24.310,17.969,
2010-03-23,5.146,3.875,0.723,0.935,19.927,0.057,3.389,0.413,25.073,0.648,0.017,0.016,24.160,17.956,
2010-03-24,5.145,3.872,0.722,0.933,19.912,0.052,3.379,0.415,25.057,0.650,0.016,0.017,24.180,17.944,
2010-03-25,5.145,3.870,0.720,0.932,19.897,0.048,3.368,0.418,25.041,0.652,0.014,0.017,24.470,17.932,
2010-03-26,5.144,3.867,0.718,0.930,19.882,0.043,3.358,0.420,25.025,0.655,0.013,0.017,24.320,17.920,
2010-03-29,5.143,3.865,0.716,0.928,19.866,0.039,3.348,0.422,25.009,0.657,0.012,0.017,24.360,17.907,
2010-03-30,5.143,3.862,0.715,0.927,19.851,0.034,3.337,0.425,24.993,0.659,0.010,0.017,24.370,17.895,
2010-03-31,5.142,3.860,0.713,0.925,19.836,0.030,3.327,0.427,24.977,0.661,0.009,0.017,24.010,17.883,
2010-04-01,5.145,3.854,0.713,0.925,19.816,0.038,3.311,0.427,24.960,0.661,0.011,0.017,24.690,17.870,
2010-04-05,5.148,3.848,0.714,0.925,19.797,0.046,3.294,0.427,24.944,0.661,0.014,0.017,25.180,17.857,
2010-04-06,5.151,3.842,0.714,0.925,19.777,0.053,3.278,0.426,24.927,0.661,0.016,0.017,25.640,17.844,
2010-04-07,5.154,3.837,0.714,0.926,19.757,0.061,3.261,0.426,24.910,0.661,0.018,0.017,24.710,17.831,
2010-04-08,5.157,3.831,0.715,0.926,19.738,0.069,3.245,0.426,24.894,0.661,0.020,0.017,24.770,17.819,
2010-04-09,5.160,3.825,0.715,0.926,19.718,0.077,3.229,0.426,24.877,0.661,0.023,0.017,25.170,17.806,
2010-04-12,5.162,3.819,0.715,0.926,19.699,0.084,3.212,0.426,24.860,0.660,0.025,0.017,24.860,17.793,
2010-04-13,5.165,3.813,0.716,0.926,19.679,0.092,3.196,0.425,24.843,0.660,0.027,0.017,25.780,17.780,
2010-04-14,5.168,3.807,0.716,0.926,19.659,0.100,3.179,0.425,24.827,0.660,0.030,0.017,25.710,17.767,
2010-04-15,5.171,3.801,0.716,0.926,19.640,0.108,3.163,0.425,24.810,0.660,0.032,0.017,24.860,17.754,
2010-04-16,5.174,3.795,0.716,0.927,19.620,0.116,3.146,0.425,24.793,0.660,0.034,0.017,24.050,17.741,
2010-04-19,5.177,3.790,0.717,0.927,19.600,0.123,3.130,0.425,24.777,0.660,0.036,0.017,24.230,17.728,
2010-04-20,5.180,3.784,0.717,0.927,19.581,0.131,3.114,0.425,24.760,0.660,0.039,0.017,24.750,17.715,
2010-04-21,5.183,3.778,0.717,0.927,19.561,0.139,3.097,0.424,24.743,0.660,0.041,0.017,25.430,17.703,
2010-04-22,5.186,3.772,0.718,0.927,19.541,0.147,3.081,0.424,24.727,0.660,0.043,0.017,25.840,17.690,
2010-04-23,5.189,3.766,0.718,0.927,19.522,0.154,3.064,0.424,24.710,0.660,0.046,0.017,26.180,17.677,
2010-04-26,5.192,3.760,0.718,0.927,19.502,0.162,3.048,0.424,24.693,0.660,0.048,0.017,26.480,17.664,
2010-04-27,5.195,3.754,0.719,0.928,19.483,0.170,3.032,0.424,24.676,0.660,0.050,0.017,25.570,17.651,
2010-04-28,5.197,3.748,0.719,0.928,19.463,0.178,3.015,0.423,24.660,0.659,0.052,0.017,25.620,17.638,
2010-04-29,5.200,3.743,0.719,0.928,19.443,0.186,2.999,0.423,24.643,0.659,0.055,0.017,27.020,17.625,
2010-04-30,5.203,3.737,0.720,0.928,19.424,0.193,2.982,0.423,24.626,0.659,0.057,0.017,26.020,17.612,
2010-05-03,5.206,3.731,0.720,0.928,19.404,0.201,2.966,0.423,24.610,0.659,0.059,0.017,27.120,17.599,
2010-05-04,5.209,3.725,0.720,0.928,19.384,0.209,2.950,0.423,24.593,0.659,0.062,0.017,26.340,17.587,
2010-05-05,5.212,3.719,0.721,0.928,19.365,0.217,2.933,0.422,24.576,0.659,0.064,0.017,25.860,17.574,
2010-05-06,5.215,3.713,0.721,0.929,19.345,0.224,2.917,0.422,24.560,0.659,0.066,0.017,24.810,17.561,
2010-05-07,5.218,3.707,0.721,0.929,19.325,0.232,2.900,0.422,24.543,0.659,0.068,0.017,25.050,17.548,
2010-05-10,5.221,3.701,0.722,0.929,19.306,0.240,2.884,0.422,24.526,0.659,0.071,0.017,26.410,17.535,
2010-05-11,5.224,3.696,0.722,0.929,19.286,0.248,2.867,0.422,24.509,0.659,0.073,0.017,26.320,17.522,
2010-05-12,5.227,3.690,0.722,0.929,19.267,0.256,2.851,0.421,24.493,0.659,0.075,0.017,26.690,17.509,
2010-05-13,5.230,3.684,0.723,0.929,19.247,0.263,2.835,0.421,24.476,0.659,0.078,0.017,26.220,17.496,
2010-05-14,5.233,3.678,0.723,0.929,19.227,0.271,2.818,0.421,24.459,0.659,0.080,0.017,25.340,17.483,
2010-05-17,5.235,3.672,0.723,0.930,19.208,0.279,2.802,0.421,24.443,0.658,0.082,0.017,25.340,17.471,
2010-05-18,5.238,3.666,0.723,0.930,19.188,0.287,2.785,0.421,24.426,0.658,0.084,0.017,24.600,17.458,
2010-05-19,5.241,3.660,0.724,0.930,19.168,0.294,2.769,0.421,24.409,0.658,0.087,0.017,24.350,17.445,
2010-05-20,5.244,3.654,0.724,0.930,19.149,0.302,2.753,0.420,24.393,0.658,0.089,0.017,23.700,17.432,
2010-05-21,5.247,3.649,0.724,0.930,19.129,0.310,2.736,0.420,24.376,0.658,0.091,0.017,24.570,17.419,
2010-05-24,5.250,3.643,0.725,0.930,19.110,0.318,2.720,0.420,24.359,0.658,0.094,0.017,23.900,17.406,
2010-05-25,5.253,3.637,0.725,0.930,19.090,0.326,2.703,0.420,24.342,0.658,0.096,0.017,24.160,17.393,
2010-05-26,5.256,3.631,0.725,0.931,19.070,0.333,2.687,0.420,24.326,0.658,0.098,0.017,23.960,17.380,
2010-05-27,5.259,3.625,0.726,0.931,19.051,0.341,2.670,0.419,24.309,0.658,0.100,0.017,25.270,17.367,
2010-05-28,5.262,3.619,0.726,0.931,19.031,0.349,2.654,0.419,24.292,0.658,0.103,0.017,24.860,17.355,
2010-06-01,5.265,3.613,0.726,0.931,19.011,0.357,2.638,0.419,24.276,0.658,0.105,0.017,24.790,17.342,
2010-06-02,5.268,3.607,0.727,0.931,18.992,0.364,2.621,0.419,24.259,0.658,0.107,0.017,25.310,17.329,
2010-06-03,5.271,3.602,0.727,0.931,18.972,0.372,2.605,0.419,24.242,0.658,0.110,0.017,25.180,17.316,
2010-06-04,5.273,3.596,0.727,0.931,18.952,0.380,2.588,0.418,24.226,0.657,0.112,0.017,23.820,17.303,
2010-06-07,5.276,3.590,0.728,0.932,18.933,0.388,2.572,0.418,24.209,0.657,0.114,0.017,23.670,17.290,
2010-06-08,5.279,3.584,0.728,0.932,18.913,0.396,2.556,0.418,24.192,0.657,0.116,0.017,24.020,17.277,
2010-06-09,5.282,3.578,0.728,0.932,18.894,0.403,2.539,0.418,24.175,0.657,0.119,0.017,24.030,17.264,
2010-06-10,5.285,3.572,0.729,0.932,18.874,0.411,2.523,0.418,24.159,0.657,0.121,0.017,25.090,17.251,
2010-06-11,5.288,3.566,0.729,0.932,18.854,0.419,2.506,0.417,24.142,0.657,0.123,0.017,25.460,17.239,
2010-06-14,5.291,3.560,0.729,0.932,18.835,0.427,2.490,0.417,24.125,0.657,0.126,0.017,25.840,17.226,
2010-06-15,5.294,3.555,0.730,0.932,18.815,0.434,2.474,0.417,24.109,0.657,0.128,0.017,26.440,17.213,
2010-06-16,5.297,3.549,0.730,0.933,18.795,0.442,2.457,0.417,24.092,0.657,0.130,0.017,26.150,17.200,
2010-06-17,5.300,3.543,0.730,0.933,18.776,0.450,2.441,0.417,24.075,0.657,0.132,0.017,26.010,17.187,
2010-06-18,5.303,3.537,0.730,0.933,18.756,0.458,2.424,0.417,24.059,0.657,0.135,0.017,26.140,17.174,
2010-06-21,5.306,3.531,0.731,0.933,18.736,0.466,2.408,0.416,24.042,0.657,0.137,0.017,25.980,17.161,
2010-06-22,5.308,3.525,0.731,0.933,18.717,0.473,2.391,0.416,24.025,0.656,0.139,0.017,25.020,17.148,
2010-06-23,5.311,3.519,0.731,0.933,18.697,0.481,2.375,0.416,24.008,0.656,0.142,0.017,25.180,17.135,
2010-06-24,5.314,3.513,0.732,0.933,18.678,0.489,2.359,0.416,23.992,0.656,0.144,0.017,24.550,17.123,
2010-06-25,5.317,3.508,0.732,0.934,18.658,0.497,2.342,0.416,23.975,0.656,0.146,0.017,25.290,17.110,
2010-06-28,5.320,3.502,0.732,0.934,18.638,0.504,2.326,0.415,23.958,0.656,0.148,0.017,24.840,17.097,
2010-06-29,5.323,3.496,0.733,0.934,18.619,0.512,2.309,0.415,23.942,0.656,0.151,0.017,23.920,17.084,
2010-06-30,5.326,3.490,0.733,0.934,18.599,0.520,2.293,0.415,23.925,0.656,0.153,0.017,23.610,17.071,
2010-07-01,5.330,3.489,0.733,0.935,18.608,0.524,2.273,0.415,23.938,0.656,0.154,0.017,23.730,17.077,
2010-07-02,5.335,3.488,0.734,0.935,18.617,0.528,2.253,0.414,23.952,0.656,0.155,0.017,23.160,17.084,
2010-07-06,5.339,3.487,0.734,0.936,18.626,0.533,2.233,0.414,23.965,0.656,0.157,0.017,22.630,17.090,
2010-07-07,5.344,3.486,0.734,0.937,18.635,0.537,2.213,0.414,23.979,0.656,0.158,0.017,23.790,17.097,
2010-07-08,5.348,3.485,0.735,0.938,18.644,0.541,2.193,0.414,23.992,0.656,0.159,0.017,23.930,17.103,
2010-07-09,5.352,3.483,0.735,0.938,18.653,0.545,2.173,0.413,24.006,0.656,0.160,0.017,24.210,17.110,
2010-07-12,5.357,3.482,0.736,0.939,18.663,0.550,2.153,0.413,24.019,0.656,0.162,0.017,24.290,17.116,
2010-07-13,5.361,3.481,0.736,0.940,18.672,0.554,2.133,0.413,24.033,0.656,0.163,0.017,24.910,17.123,
2010-07-14,5.366,3.480,0.736,0.940,18.681,0.558,2.113,0.413,24.046,0.656,0.164,0.017,24.760,17.129,
2010-07-15,5.370,3.479,0.737,0.941,18.690,0.562,2.093,0.412,24.060,0.656,0.165,0.017,24.860,17.136,
2010-07-16,5.374,3.478,0.737,0.942,18.699,0.566,2.073,0.412,24.073,0.656,0.166,0.017,24.080,17.142,
2010-07-19,5.379,3.477,0.738,0.942,18.708,0.571,2.053,0.412,24.087,0.656,0.168,0.017,24.410,17.149,
2010-07-20,5.383,3.476,0.738,0.943,18.717,0.575,2.033,0.412,24.100,0.656,0.169,0.017,24.710,17.155,
2010-07-21,5.388,3.475,0.738,0.944,18.726,0.579,2.013,0.411,24.114,0.656,0.170,0.017,24.120,17.162,
2010-07-22,5.392,3.474,0.739,0.945,18.735,0.583,1.993,0.411,24.127,0.656,0.171,0.017,25.280,17.168,
2010-07-23,5.396,3.472,0.739,0.945,18.744,0.588,1.973,0.411,24.141,0.656,0.172,0.017,25.570,17.175,
2010-07-26,5.401,3.471,0.739,0.946,18.753,0.592,1.953,0.410,24.154,0.656,0.174,0.017,26.080,17.181,
2010-07-27,5.405,3.470,0.740,0.947,18.762,0.596,1.933,0.410,24.168,0.656,0.175,0.017,26.140,17.187,
2010-07-28,5.410,3.469,0.740,0.947,18.771,0.600,1.913,0.410,24.181,0.656,0.176,0.017,26.100,17.194,
2010-07-29,5.414,3.468,0.740,0.948,18.781,0.604,1.893,0.410,24.195,0.656,0.177,0.017,25.750,17.200,
2010-07-30,5.419,3.467,0.741,0.949,18.790,0.609,1.873,0.409,24.208,0.656,0.179,0.017,26.130,17.207,
2010-08-02,5.423,3.466,0.741,0.949,18.799,0.613,1.853,0.409,24.222,0.656,0.180,0.017,27.390,17.213,
2010-08-03,5.427,3.465,0.742,0.950,18.808,0.617,1.833,0.409,24.235,0.656,0.181,0.017,27.280,17.220,
2010-08-04,5.432,3.464,0.742,0.951,18.817,0.621,1.813,0.409,24.249,0.656,0.182,0.017,27.660,17.226,
2010-08-05,5.436,3.463,0.742,0.952,18.826,0.625,1.793,0.408,24.262,0.656,0.183,0.017,27.270,17.233,
2010-08-06,5.441,3.462,0.743,0.952,18.835,0.630,1.773,0.408,24.276,0.656,0.185,0.017,27.190,17.239,
2010-08-09,5.445,3.460,0.743,0.953,18.844,0.634,1.753,0.408,24.289,0.656,0.186,0.017,27.430,17.246,
2010-08-10,5.449,3.459,0.744,0.954,18.853,0.638,1.733,0.408,24.303,0.656,0.187,0.017,27.110,17.252,
2010-08-11,5.454,3.458,0.744,0.954,18.862,0.642,1.713,0.407,24.316,0.656,0.188,0.017,26.540,17.259,
2010-08-12,5.458,3.457,0.744,0.955,18.871,0.647,1.693,0.407,24.330,0.656,0.190,0.017,26.250,17.265,
2010-08-13,5.463,3.456,0.745,0.956,18.880,0.651,1.673,0.407,24.343,0.656,0.191,0.017,26.140,17.272,
2010-08-16,5.467,3.455,0.745,0.956,18.890,0.655,1.652,0.406,24.356,0.656,0.192,0.017,26.180,17.278,
2010-08-17,5.471,3.454,0.745,0.957,18.899,0.659,1.632,0.406,24.370,0.655,0.193,0.017,26.860,17.284,
2010-08-18,5.476,3.453,0.746,0.958,18.908,0.663,1.612,0.406,24.383,0.655,0.194,0.017,26.900,17.291,
2010-08-19,5.480,3.452,0.746,0.959,18.917,0.668,1.592,0.406,24.397,0.655,0.196,0.017,26.180,17.297,
2010-08-20,5.485,3.451,0.746,0.959,18.926,0.672,1.572,0.405,24.410,0.655,0.197,0.017,26.050,17.304,
2010-08-23,5.489,3.450,0.747,0.960,18.935,0.676,1.552,0.405,24.424,0.655,0.198,0.017,25.780,17.310,
2010-08-24,5.493,3.448,0.747,0.961,18.944,0.680,1.532,0.405,24.437,0.655,0.199,0.017,25.840,17.317,
2010-08-25,5.498,3.447,0.748,0.961,18.953,0.685,1.512,0.405,24.451,0.655,0.201,0.017,26.190,17.323,
2010-08-26,5.502,3.446,0.748,0.962,18.962,0.689,1.492,0.404,24.464,0.655,0.202,0.017,26.030,17.330,
2010-08-27,5.507,3.445,0.748,0.963,18.971,0.693,1.472,0.404,24.478,0.655,0.203,0.017,26.510,17.336,
2010-08-30,5.511,3.444,0.749,0.964,18.980,0.697,1.452,0.404,24.491,0.655,0.204,0.016,26.290,17.343,
2010-08-31,5.515,3.443,0.749,0.964,18.989,0.701,1.432,0.404,24.505,0.655,0.205,0.016,26.490,17.349,
2010-09-01,5.520,3.442,0.750,0.965,18.998,0.706,1.412,0.403,24.518,0.655,0.207,0.016,27.400,17.356,
2010-09-02,5.524,3.441,0.750,0.966,19.008,0.710,1.392,0.403,24.532,0.655,0.208,0.016,27.920,17.362,
2010-09-03,5.529,3.440,0.750,0.966,19.017,0.714,1.372,0.403,24.545,0.655,0.209,0.016,28.250,17.369,
2010-09-07,5.533,3.439,0.751,0.967,19.026,0.718,1.352,0.403,24.559,0.655,0.210,0.016,27.680,17.375,
2010-09-08,5.538,3.438,0.751,0.968,19.035,0.722,1.332,0.402,24.572,0.655,0.212,0.016,27.790,17.382,
2010-09-09,5.542,3.436,0.751,0.968,19.044,0.727,1.312,0.402,24.586,0.655,0.213,0.016,27.590,17.388,
2010-09-10,5.546,3.435,0.752,0.969,19.053,0.731,1.292,0.402,24.599,0.655,0.214,0.016,27.770,17.394,
2010-09-13,5.551,3.434,0.752,0.970,19.062,0.735,1.272,0.401,24.613,0.655,0.215,0.016,27.810,17.401,
2010-09-14,5.555,3.433,0.752,0.971,19.071,0.739,1.252,0.401,24.626,0.655,0.216,0.016,27.630,17.407,
2010-09-15,5.560,3.432,0.753,0.971,19.080,0.744,1.232,0.401,24.640,0.655,0.218,0.016,27.940,17.414,
2010-09-16,5.564,3.431,0.753,0.972,19.089,0.748,1.212,0.401,24.653,0.655,0.219,0.016,27.700,17.420,
2010-09-17,5.568,3.430,0.754,0.973,19.098,0.752,1.192,0.400,24.667,0.655,0.220,0.016,27.910,17.427,
2010-09-20,5.573,3.429,0.754,0.973,19.107,0.756,1.172,0.400,24.680,0.655,0.221,0.016,28.470,17.433,
2010-09-21,5.577,3.428,0.754,0.974,19.116,0.760,1.152,0.400,24.694,0.655,0.222,0.016,28.190,17.440,
2010-09-22,5.582,3.427,0.755,0.975,19.126,0.765,1.132,0.400,24.707,0.655,0.224,0.016,27.910,17.446,
2010-09-23,5.586,3.425,0.755,0.975,19.135,0.769,1.112,0.399,24.721,0.655,0.225,0.016,27.170,17.453,
2010-09-24,5.590,3.424,0.756,0.976,19.144,0.773,1.092,0.399,24.734,0.655,0.226,0.016,27.890,17.459,
2010-09-27,5.595,3.423,0.756,0.977,19.153,0.777,1.072,0.399,24.748,0.655,0.227,0.016,27.480,17.466,
2010-09-28,5.599,3.422,0.756,0.978,19.162,0.782,1.052,0.399,24.761,0.655,0.229,0.016,27.490,17.472,
2010-09-29,5.604,3.421,0.757,0.978,19.171,0.786,1.032,0.398,24.775,0.655,0.230,0.016,27.240,17.479,
2010-09-30,5.608,3.420,0.757,0.979,19.180,0.790,1.012,0.398,24.788,0.655,0.231,0.016,27.160,17.485,
2010-10-01,5.608,3.420,0.759,0.981,19.181,0.790,1.009,0.400,24.789,0.657,0.231,0.016,27.240,17.485,
2010-10-04,5.609,3.420,0.761,0.983,19.181,0.789,1.005,0.401,24.790,0.659,0.231,0.016,27.450,17.485,
2010-10-05,5.609,3.420,0.763,0.986,19.182,0.789,1.002,0.403,24.791,0.661,0.230,0.016,27.830,17.484,
2010-10-06,5.610,3.419,0.765,0.988,19.183,0.788,0.999,0.405,24.792,0.664,0.230,0.016,27.790,17.484,
2010-10-07,5.610,3.419,0.768,0.990,19.183,0.788,0.995,0.407,24.793,0.666,0.230,0.016,27.850,17.484,
2010-10-08,5.610,3.419,0.770,0.992,19.184,0.787,0.992,0.408,24.794,0.668,0.230,0.016,27.820,17.484,
2010-10-11,5.611,3.419,0.772,0.994,19.185,0.787,0.988,0.410,24.796,0.670,0.230,0.017,27.860,17.484,
2010-10-12,5.611,3.419,0.774,0.997,19.186,0.786,0.985,0.412,24.797,0.672,0.229,0.017,28.070,17.484,
2010-10-13,5.612,3.419,0.776,0.999,19.186,0.786,0.982,0.413,24.798,0.674,0.229,0.017,28.280,17.483,
2010-10-14,5.612,3.418,0.778,1.001,19.187,0.785,0.978,0.415,24.799,0.676,0.229,0.017,28.160,17.483,
2010-10-15,5.612,3.418,0.780,1.003,19.188,0.785,0.975,0.417,24.800,0.678,0.229,0.017,28.370,17.483,
2010-10-18,5.613,3.418,0.782,1.005,19.188,0.784,0.972,0.418,24.801,0.680,0.229,0.017,28.590,17.483,
2010-10-19,5.613,3.418,0.784,1.008,19.189,0.784,0.968,0.420,24.802,0.683,0.228,0.017,27.980,17.483,
2010-10-20,5.614,3.418,0.787,1.010,19.190,0.783,0.965,0.422,24.803,0.685,0.228,0.017,28.580,17.483,
2010-10-21,5.614,3.418,0.789,1.012,19.190,0.783,0.962,0.424,24.804,0.687,0.228,0.017,28.520,17.482,
2010-10-22,5.614,3.418,0.791,1.014,19.191,0.782,0.958,0.425,24.805,0.689,0.228,0.017,28.440,17.482,
2010-10-25,5.615,3.417,0.793,1.016,19.192,0.782,0.955,0.427,24.806,0.691,0.228,0.017,28.500,17.482,
2010-10-26,5.615,3.417,0.795,1.019,19.192,0.782,0.952,0.429,24.807,0.693,0.227,0.017,28.280,17.482,
2010-10-27,5.616,3.417,0.797,1.021,19.193,0.781,0.948,0.430,24.808,0.695,0.227,0.017,28.170,17.482,
2010-10-28,5.616,3.417,0.799,1.023,19.194,0.781,0.945,0.432,24.810,0.698,0.227,0.017,28.060,17.482,
2010-10-29,5.617,3.417,0.801,1.025,19.194,0.780,0.941,0.434,24.811,0.700,0.227,0.017,27.950,17.481,
2010-11-01,5.617,3.417,0.803,1.027,19.195,0.780,0.938,0.435,24.812,0.702,0.227,0.018,28.710,17.481,
2010-11-02,5.617,3.416,0.806,1.030,19.196,0.779,0.935,0.437,24.813,0.704,0.226,0.018,29.270,17.481,
2010-11-03,5.618,3.416,0.808,1.032,19.196,0.779,0.931,0.439,24.814,0.706,0.226,0.018,29.360,17.481,
2010-11-04,5.618,3.416,0.810,1.034,19.197,0.778,0.928,0.441,24.815,0.708,0.226,0.018,30.230,17.481,
2010-11-05,5.619,3.416,0.812,1.036,19.198,0.778,0.925,0.442,24.816,0.710,0.226,0.018,30.790,17.481,
2010-11-08,5.619,3.416,0.814,1.038,19.199,0.777,0.921,0.444,24.817,0.712,0.226,0.018,30.930,17.480,
2010-11-09,5.619,3.416,0.816,1.041,19.199,0.777,0.918,0.446,24.818,0.714,0.225,0.018,29.450,17.480,
2010-11-10,5.620,3.415,0.818,1.043,19.200,0.776,0.915,0.447,24.819,0.717,0.225,0.018,30.020,17.480,
2010-11-11,5.620,3.415,0.820,1.045,19.201,0.776,0.911,0.449,24.820,0.719,0.225,0.018,29.530,17.480,
2010-11-12,5.621,3.415,0.822,1.047,19.201,0.775,0.908,0.451,24.821,0.721,0.225,0.018,29.220,17.480,
2010-11-15,5.621,3.415,0.824,1.050,19.202,0.775,0.905,0.452,24.822,0.723,0.224,0.018,29.030,17.480,
2010-11-16,5.621,3.415,0.827,1.052,19.203,0.775,0.901,0.454,24.824,0.725,0.224,0.018,27.980,17.479,
2010-11-17,5.622,3.415,0.829,1.054,19.203,0.774,0.898,0.456,24.825,0.727,0.224,0.018,28.220,17.479,
2010-11-18,5.622,3.415,0.831,1.056,19.204,0.774,0.894,0.458,24.826,0.729,0.224,0.018,28.510,17.479,
2010-11-19,5.623,3.414,0.833,1.058,19.205,0.773,0.891,0.459,24.827,0.732,0.224,0.018,28.570,17.479,
2010-11-22,5.623,3.414,0.835,1.061,19.205,0.773,0.888,0.461,24.828,0.734,0.223,0.019,28.690,17.479,
2010-11-23,5.623,3.414,0.837,1.063,19.206,0.772,0.884,0.463,24.829,0.736,0.223,0.019,28.400,17.478,
2010-11-24,5.624,3.414,0.839,1.065,19.207,0.772,0.881,0.464,24.830,0.738,0.223,0.019,29.190,17.478,
2010-11-26,5.624,3.414,0.841,1.067,19.208,0.771,0.878,0.466,24.831,0.740,0.223,0.019,28.770,17.478,
2010-11-29,5.625,3.414,0.843,1.069,19.208,0.771,0.874,0.468,24.832,0.742,0.223,0.019,28.740,17.478,
2010-11-30,5.625,3.413,0.846,1.072,19.209,0.770,0.871,0.470,24.833,0.744,0.222,0.019,28.670,17.478,
2010-12-01,5.625,3.413,0.848,1.074,19.210,0.770,0.868,0.471,24.834,0.746,0.222,0.019,29.060,17.478,
2010-12-02,5.626,3.413,0.850,1.076,19.210,0.769,0.864,0.473,24.835,0.748,0.222,0.019,29.670,17.477,
2010-12-03,5.626,3.413,0.852,1.078,19.211,0.769,0.861,0.475,24.837,0.751,0.222,0.019,29.710,17.477,
2010-12-06,5.627,3.413,0.854,1.080,19.212,0.768,0.857,0.476,24.838,0.753,0.222,0.019,29.660,17.477,
2010-12-07,5.627,3.413,0.856,1.083,19.212,0.768,0.854,0.478,24.839,0.755,0.221,0.019,29.540,17.477,
2010-12-08,5.628,3.412,0.858,1.085,19.213,0.768,0.851,0.480,24.840,0.757,0.221,0.019,29.060,17.477,
2010-12-09,5.628,3.412,0.860,1.087,19.214,0.767,0.847,0.481,24.841,0.759,0.221,0.019,28.650,17.477,
2010-12-10,5.628,3.412,0.862,1.089,19.214,0.767,0.844,0.483,24.842,0.761,0.221,0.019,28.800,17.476,
2010-12-13,5.629,3.412,0.865,1.091,19.215,0.766,0.841,0.485,24.843,0.763,0.221,0.020,28.800,17.476,
2010-12-14,5.629,3.412,0.867,1.094,19.216,0.766,0.837,0.487,24.844,0.766,0.220,0.020,28.430,17.476,
2010-12-15,5.630,3.412,0.869,1.096,19.216,0.765,0.834,0.488,24.845,0.768,0.220,0.020,27.730,17.476,
2010-12-16,5.630,3.412,0.871,1.098,19.217,0.765,0.831,0.490,24.846,0.770,0.220,0.020,27.570,17.476,
2010-12-17,5.630,3.411,0.873,1.100,19.218,0.764,0.827,0.492,24.847,0.772,0.220,0.020,27.780,17.476,
2010-12-20,5.631,3.411,0.875,1.102,19.218,0.764,0.824,0.493,24.848,0.774,0.220,0.020,28.200,17.475,
2010-12-21,5.631,3.411,0.877,1.105,19.219,0.763,0.821,0.495,24.849,0.776,0.219,0.020,28.710,17.475,
2010-12-22,5.632,3.411,0.879,1.107,19.220,0.763,0.817,0.497,24.851,0.778,0.219,0.020,28.710,17.475,
2010-12-23,5.632,3.411,0.881,1.109,19.221,0.762,0.814,0.498,24.852,0.780,0.219,0.020,28.460,17.475,
2010-12-27,5.632,3.411,0.884,1.111,19.221,0.762,0.810,0.500,24.853,0.783,0.219,0.020,28.960,17.475,
2010-12-28,5.633,3.410,0.886,1.113,19.222,0.761,0.807,0.502,24.854,0.785,0.219,0.020,28.800,17.475,
2010-12-29,5.633,3.410,0.888,1.116,19.223,0.761,0.804,0.504,24.855,0.787,0.218,0.020,29.180,17.474,
2010-12-30,5.634,3.410,0.890,1.118,19.223,0.760,0.800,0.505,24.856,0.789,0.218,0.020,29.010,17.474,
2010-12-31,5.634,3.410,0.892,1.120,19.224,0.760,0.797,0.507,24.857,0.791,0.218,0.020,28.960,17.474,
2011-01-03,5.633,3.410,0.890,1.118,19.221,0.758,0.794,0.506,24.852,0.790,0.217,0.020,29.580,17.469,
2011-01-04,5.632,3.410,0.889,1.117,19.217,0.755,0.792,0.505,24.848,0.789,0.217,0.020,28.700,17.464,
2011-01-05,5.630,3.410,0.887,1.115,19.214,0.753,0.789,0.504,24.843,0.788,0.216,0.020,28.800,17.459,
2011-01-06,5.629,3.411,0.886,1.114,19.210,0.750,0.787,0.503,24.838,0.787,0.215,0.020,27.950,17.455,
2011-01-07,5.628,3.411,0.884,1.112,19.207,0.748,0.784,0.502,24.834,0.786,0.215,0.020,28.410,17.450,
2011-01-10,5.627,3.411,0.883,1.110,19.203,0.745,0.781,0.502,24.829,0.785,0.214,0.020,28.590,17.445,
2011-01-11,5.626,3.411,0.881,1.109,19.200,0.743,0.779,0.501,24.824,0.784,0.214,0.020,28.600,17.440,
2011-01-12,5.624,3.411,0.880,1.107,19.196,0.741,0.776,0.500,24.820,0.782,0.213,0.020,28.640,17.435,
2011-01-13,5.623,3.411,0.878,1.105,19.193,0.738,0.774,0.499,24.815,0.781,0.212,0.020,28.770,17.430,
2011-01-14,5.622,3.412,0.877,1.104,19.189,0.736,0.771,0.498,24.811,0.780,0.212,0.020,29.000,17.425,
2011-01-18,5.621,3.412,0.875,1.102,19.186,0.733,0.768,0.497,24.806,0.779,0.211,0.020,29.250,17.420,
2011-01-19,5.620,3.412,0.873,1.101,19.182,0.731,0.766,0.496,24.801,0.778,0.210,0.020,28.940,17.416,
2011-01-20,5.618,3.412,0.872,1.099,19.179,0.729,0.763,0.495,24.797,0.777,0.210,0.020,28.950,17.411,
2011-01-21,5.617,3.412,0.870,1.097,19.175,0.726,0.761,0.494,24.792,0.776,0.209,0.020,29.170,17.406,
2011-01-24,5.616,3.412,0.869,1.096,19.172,0.724,0.758,0.493,24.787,0.775,0.209,0.020,29.230,17.401,
2011-01-25,5.615,3.413,0.867,1.094,19.169,0.721,0.755,0.493,24.783,0.774,0.208,0.020,29.470,17.396,
2011-01-26,5.614,3.413,0.866,1.093,19.165,0.719,0.753,0.492,24.778,0.773,0.207,0.020,29.520,17.391,
2011-01-27,5.613,3.413,0.864,1.091,19.162,0.716,0.750,0.491,24.773,0.772,0.207,0.020,29.700,17.386,
2011-01-28,5.611,3.413,0.863,1.089,19.158,0.714,0.748,0.490,24.769,0.771,0.206,0.020,29.300,17.381,
2011-01-31,5.610,3.413,0.861,1.088,19.155,0.712,0.745,0.489,24.764,0.770,0.205,0.020,29.730,17.377,
2011-02-01,5.609,3.413,0.859,1.086,19.151,0.709,0.742,0.488,24.759,0.769,0.205,0.020,30.030,17.372,
2011-02-02,5.608,3.414,0.858,1.085,19.148,0.707,0.740,0.487,24.755,0.768,0.204,0.020,30.150,17.367,
2011-02-03,5.607,3.414,0.856,1.083,19.144,0.704,0.737,0.486,24.750,0.767,0.204,0.020,30.690,17.362,
2011-02-04,5.605,3.414,0.855,1.081,19.141,0.702,0.735,0.485,24.746,0.765,0.203,0.020,30.320,17.357,
2011-02-07,5.604,3.414,0.853,1.080,19.137,0.700,0.732,0.484,24.741,0.764,0.202,0.020,30.780,17.352,
2011-02-08,5.603,3.414,0.852,1.078,19.134,0.697,0.729,0.484,24.736,0.763,0.202,0.020,31.150,17.347,
2011-02-09,5.602,3.414,0.850,1.076,19.130,0.695,0.727,0.483,24.732,0.762,0.201,0.020,31.140,17.342,
2011-02-10,5.601,3.415,0.849,1.075,19.127,0.692,0.724,0.482,24.727,0.761,0.200,0.019,31.190,17.338,
2011-02-11,5.599,3.415,0.847,1.073,19.123,0.690,0.722,0.481,24.722,0.760,0.200,0.019,31.410,17.333,
2011-02-14,5.598,3.415,0.846,1.072,19.120,0.687,0.719,0.480,24.718,0.759,0.199,0.019,31.370,17.328,
2011-02-15,5.597,3.415,0.844,1.070,19.117,0.685,0.716,0.479,24.713,0.758,0.198,0.019,31.320,17.323,
2011-02-16,5.596,3.415,0.842,1.068,19.113,0.683,0.714,0.478,24.708,0.757,0.198,0.019,31.600,17.318,
2011-02-17,5.595,3.415,0.841,1.067,19.110,0.680,0.711,0.477,24.704,0.756,0.197,0.019,31.690,17.313,
2011-02-18,5.593,3.415,0.839,1.065,19.106,0.678,0.709,0.476,24.699,0.755,0.197,0.019,31.640,17.308,
2011-02-22,5.592,3.416,0.838,1.064,19.103,0.675,0.706,0.475,24.694,0.754,0.196,0.019,31.620,17.304,
2011-02-23,5.591,3.416,0.836,1.062,19.099,0.673,0.704,0.474,24.690,0.753,0.195,0.019,31.350,17.299,
2011-02-24,5.590,3.416,0.835,1.060,19.096,0.670,0.701,0.474,24.685,0.752,0.195,0.019,30.960,17.294,
2011-02-25,5.589,3.416,0.833,1.059,19.092,0.668,0.698,0.473,24.680,0.751,0.194,0.019,31.350,17.289,
2011-02-28,5.587,3.416,0.832,1.057,19.089,0.666,0.696,0.472,24.676,0.749,0.193,0.019,32.250,17.284,
2011-03-01,5.586,3.416,0.830,1.055,19.085,0.663,0.693,0.471,24.671,0.748,0.193,0.019,31.370,17.279,
2011-03-02,5.585,3.417,0.829,1.054,19.082,0.661,0.691,0.470,24.667,0.747,0.192,0.019,30.900,17.274,
2011-03-03,5.584,3.417,0.827,1.052,19.078,0.658,0.688,0.469,24.662,0.746,0.192,0.019,31.470,17.269,
2011-03-04,5.583,3.417,0.825,1.051,19.075,0.656,0.685,0.468,24.657,0.745,0.191,0.019,31.260,17.265,
2011-03-07,5.581,3.417,0.824,1.049,19.071,0.654,0.683,0.467,24.653,0.744,0.190,0.019,31.050,17.260,
2011-03-08,5.580,3.417,0.822,1.047,19.068,0.651,0.680,0.466,24.648,0.743,0.190,0.019,31.430,17.255,
2011-03-09,5.579,3.417,0.821,1.046,19.064,0.649,0.678,0.465,24.643,0.742,0.189,0.019,31.220,17.250,
2011-03-10,5.578,3.418,0.819,1.044,19.061,0.646,0.675,0.465,24.639,0.741,0.188,0.019,30.890,17.245,
2011-03-11,5.577,3.418,0.818,1.043,19.058,0.644,0.672,0.464,24.634,0.740,0.188,0.019,31.320,17.240,
2011-03-14,5.576,3.418,0.816,1.041,19.054,0.641,0.670,0.463,24.629,0.739,0.187,0.019,30.960,17.235,
2011-03-15,5.574,3.418,0.815,1.039,19.051,0.639,0.667,0.462,24.625,0.738,0.187,0.019,30.740,17.230,
2011-03-16,5.573,3.418,0.813,1.038,19.047,0.637,0.665,0.461,24.620,0.737,0.186,0.019,30.160,17.226,
2011-03-17,5.572,3.418,0.811,1.036,19.044,0.634,0.662,0.460,24.615,0.736,0.185,0.019,30.260,17.221,
2011-03-18,5.571,3.419,0.810,1.035,19.040,0.632,0.659,0.459,24.611,0.735,0.185,0.019,30.450,17.216,
2011-03-21,5.570,3.419,0.808,1.033,19.037,0.629,0.657,0.458,24.606,0.734,0.184,0.019,30.860,17.211,
2011-03-22,5.568,3.419,0.807,1.031,19.033,0.627,0.654,0.457,24.602,0.732,0.183,0.019,30.750,17.206,
2011-03-23,5.567,3.419,0.805,1.030,19.030,0.625,0.652,0.456,24.597,0.731,0.183,0.019,30.150,17.201,
2011-03-24,5.566,3.419,0.804,1.028,19.026,0.622,0.649,0.456,24.592,0.730,0.182,0.019,30.390,17.196,
2011-03-25,5.565,3.419,0.802,1.026,19.023,0.620,0.646,0.455,24.588,0.729,0.182,0.018,30.670,17.191,
2011-03-28,5.564,3.420,0.801,1.025,19.019,0.617,0.644,0.454,24.583,0.728,0.181,0.018,30.810,17.187,
2011-03-29,5.562,3.420,0.799,1.023,19.016,0.615,0.641,0.453,24.578,0.727,0.180,0.018,31.050,17.182,
2011-03-30,5.561,3.420,0.798,1.022,19.012,0.612,0.639,0.452,24.574,0.726,0.180,0.018,31.270,17.177,
2011-03-31,5.560,3.420,0.796,1.020,19.009,0.610,0.636,0.451,24.569,0.725,0.179,0.018,31.410,17.172,
2011-04-01,5.560,3.420,0.796,1.020,19.008,0.611,0.638,0.451,24.568,0.725,0.179,0.018,31.420,17.169,
2011-04-04,5.560,3.420,0.797,1.021,19.008,0.613,0.641,0.452,24.568,0.725,0.180,0.018,31.380,17.167,
2011-04-05,5.560,3.420,0.797,1.021,19.007,0.614,0.643,0.452,24.567,0.726,0.180,0.018,31.430,17.164,
2011-04-06,5.561,3.419,0.797,1.021,19.006,0.616,0.646,0.452,24.567,0.726,0.181,0.018,31.480,17.162,
2011-04-07,5.561,3.419,0.797,1.022,19.006,0.617,0.648,0.452,24.566,0.726,0.181,0.018,31.210,17.159,
2011-04-08,5.561,3.419,0.798,1.022,19.005,0.619,0.651,0.453,24.566,0.726,0.181,0.018,30.990,17.157,
2011-04-11,5.561,3.419,0.798,1.022,19.004,0.620,0.653,0.453,24.565,0.726,0.182,0.018,31.020,17.154,
2011-04-12,5.561,3.419,0.798,1.023,19.003,0.621,0.656,0.453,24.565,0.727,0.182,0.018,30.730,17.152,
2011-04-13,5.561,3.419,0.799,1.023,19.003,0.623,0.658,0.453,24.564,0.727,0.183,0.018,30.820,17.149,
2011-04-14,5.561,3.418,0.799,1.023,19.002,0.624,0.660,0.454,24.563,0.727,0.183,0.018,31.520,17.147,
2011-04-15,5.562,3.418,0.799,1.024,19.001,0.626,0.663,0.454,24.563,0.727,0.184,0.018,31.900,17.144,
2011-04-18,5.562,3.418,0.799,1.024,19.001,0.627,0.665,0.454,24.562,0.727,0.184,0.018,31.700,17.142,
2011-04-19,5.562,3.418,0.800,1.024,19.000,0.629,0.668,0.455,24.562,0.728,0.184,0.019,31.790,17.139,
2011-04-20,5.562,3.418,0.800,1.025,18.999,0.630,0.670,0.455,24.561,0.728,0.185,0.019,32.160,17.137,
2011-04-21,5.562,3.418,0.800,1.025,18.999,0.631,0.673,0.455,24.561,0.728,0.185,0.019,32.410,17.134,
2011-04-25,5.562,3.417,0.801,1.025,18.998,0.633,0.675,0.455,24.560,0.728,0.186,0.019,32.780,17.132,
2011-04-26,5.562,3.417,0.801,1.026,18.997,0.634,0.678,0.456,24.560,0.729,0.186,0.019,32.860,17.129,
2011-04-27,5.563,3.417,0.801,1.026,18.996,0.636,0.680,0.456,24.559,0.729,0.186,0.019,33.290,17.127,
2011-04-28,5.563,3.417,0.801,1.026,18.996,0.637,0.682,0.456,24.558,0.729,0.187,0.019,33.720,17.124,
2011-04-29,5.563,3.417,0.802,1.027,18.995,0.639,0.685,0.456,24.558,0.729,0.187,0.019,33.600,17.122,
2011-05-02,5.563,3.417,0.802,1.027,18.994,0.640,0.687,0.457,24.557,0.729,0.188,0.019,33.930,17.119,
2011-05-03,5.563,3.417,0.802,1.027,18.994,0.641,0.690,0.457,24.557,0.730,0.188,0.019,34.050,17.117,
2011-05-04,5.563,3.416,0.803,1.028,18.993,0.643,0.692,0.457,24.556,0.730,0.188,0.019,33.910,17.114,
2011-05-05,5.563,3.416,0.803,1.028,18.992,0.644,0.695,0.457,24.556,0.730,0.189,0.019,33.810,17.112,
2011-05-06,5.564,3.416,0.803,1.028,18.992,0.646,0.697,0.458,24.555,0.730,0.189,0.019,33.710,17.109,
2011-05-09,5.564,3.416,0.803,1.029,18.991,0.647,0.700,0.458,24.555,0.730,0.190,0.019,33.960,17.107,
2011-05-10,5.564,3.416,0.804,1.029,18.990,0.649,0.702,0.458,24.554,0.731,0.190,0.019,34.440,17.104,
2011-05-11,5.564,3.416,0.804,1.029,18.989,0.650,0.704,0.459,24.553,0.731,0.191,0.019,34.240,17.102,
2011-05-12,5.564,3.415,0.804,1.030,18.989,0.651,0.707,0.459,24.553,0.731,0.191,0.019,34.310,17.099,
2011-05-13,5.564,3.415,0.805,1.030,18.988,0.653,0.709,0.459,24.552,0.731,0.191,0.019,33.820,17.097,
2011-05-16,5.564,3.415,0.805,1.030,18.987,0.654,0.712,0.459,24.552,0.731,0.192,0.019,33.980,17.094,
2011-05-17,5.565,3.415,0.805,1.031,18.987,0.656,0.714,0.460,24.551,0.732,0.192,0.019,33.900,17.092,
2011-05-18,5.565,3.415,0.805,1.031,18.986,0.657,0.717,0.460,24.551,0.732,0.193,0.019,34.220,17.089,
2011-05-19,5.565,3.415,0.806,1.031,18.985,0.659,0.719,0.460,24.550,0.732,0.193,0.019,34.100,17.087,
2011-05-20,5.565,3.414,0.806,1.032,18.985,0.660,0.722,0.460,24.550,0.732,0.193,0.019,33.560,17.084,
2011-05-23,5.565,3.414,0.806,1.032,18.984,0.661,0.724,0.461,24.549,0.732,0.194,0.019,33.150,17.082,
2011-05-24,5.565,3.414,0.807,1.032,18.983,0.663,0.726,0.461,24.548,0.733,0.194,0.019,33.440,17.079,
2011-05-25,5.565,3.414,0.807,1.033,18.982,0.664,0.729,0.461,24.548,0.733,0.195,0.019,33.580,17.077,
2011-05-26,5.566,3.414,0.807,1.033,18.982,0.666,0.731,0.462,24.547,0.733,0.195,0.019,33.940,17.074,
2011-05-27,5.566,3.414,0.807,1.033,18.981,0.667,0.734,0.462,24.547,0.733,0.196,0.019,34.100,17.072,
2011-05-31,5.566,3.413,0.808,1.034,18.980,0.669,0.736,0.462,24.546,0.733,0.196,0.019,34.640,17.069,
2011-06-01,5.566,3.413,0.808,1.034,18.980,0.670,0.739,0.462,24.546,0.734,0.196,0.019,33.800,17.067,
2011-06-02,5.566,3.413,0.808,1.034,18.979,0.671,0.741,0.463,24.545,0.734,0.197,0.019,33.570,17.064,
2011-06-03,5.566,3.413,0.809,1.035,18.978,0.673,0.744,0.463,24.545,0.734,0.197,0.019,33.830,17.062,
2011-06-06,5.566,3.413,0.809,1.035,18.978,0.674,0.746,0.463,24.544,0.734,0.198,0.019,33.410,17.059,
2011-06-07,5.567,3.413,0.809,1.035,18.977,0.676,0.748,0.463,24.543,0.734,0.198,0.019,33.730,17.057,
2011-06-08,5.567,3.413,0.809,1.036,18.976,0.677,0.751,0.464,24.543,0.735,0.198,0.019,33.700,17.054,
2011-06-09,5.567,3.412,0.810,1.036,18.975,0.679,0.753,0.464,24.542,0.735,0.199,0.019,33.320,17.052,
2011-06-10,5.567,3.412,0.810,1.036,18.975,0.680,0.756,0.464,24.542,0.735,0.199,0.019,32.530,17.049,
2011-06-13,5.567,3.412,0.810,1.037,18.974,0.681,0.758,0.464,24.541,0.735,0.200,0.019,32.750,17.047,
2011-06-14,5.567,3.412,0.811,1.037,18.973,0.683,0.761,0.465,24.541,0.736,0.200,0.019,33.260,17.044,
2011-06-15,5.567,3.412,0.811,1.037,18.973,0.684,0.763,0.465,24.540,0.736,0.200,0.019,32.680,17.042,
2011-06-16,5.568,3.412,0.811,1.038,18.972,0.686,0.766,0.465,24.540,0.736,0.201,0.019,33.020,17.039,
2011-06-17,5.568,3.411,0.811,1.038,18.971,0.687,0.768,0.466,24.539,0.736,0.201,0.019,33.440,17.037,
2011-06-20,5.568,3.411,0.812,1.038,18.971,0.689,0.770,0.466,24.538,0.736,0.202,0.019,33.750,17.034,
2011-06-21,5.568,3.411,0.812,1.039,18.970,0.690,0.773,0.466,24.538,0.737,0.202,0.019,33.730,17.032,
2011-06-22,5.568,3.411,0.812,1.039,18.969,0.691,0.775,0.466,24.537,0.737,0.203,0.019,33.510,17.029,
2011-06-23,5.568,3.411,0.813,1.039,18.968,0.693,0.778,0.467,24.537,0.737,0.203,0.019,32.850,17.027,
2011-06-24,5.568,3.411,0.813,1.040,18.968,0.694,0.780,0.467,24.536,0.737,0.203,0.019,32.990,17.024,
2011-06-27,5.569,3.410,0.813,1.040,18.967,0.696,0.783,0.467,24.536,0.737,0.204,0.019,33.370,17.022,
2011-06-28,5.569,3.410,0.813,1.040,18.966,0.697,0.785,0.467,24.535,0.738,0.204,0.019,33.460,17.019,
2011-06-29,5.569,3.410,0.814,1.041,18.966,0.699,0.788,0.468,24.535,0.738,0.205,0.019,33.950,17.017,
2011-06-30,5.569,3.410,0.814,1.041,18.965,0.700,0.790,0.468,24.534,0.738,0.205,0.019,34.100,17.014,
2011-07-01,5.568,3.414,0.814,1.042,18.982,0.704,0.787,0.468,24.550,0.738,0.206,0.019,34.830,17.028,
2011-07-05,5.567,3.417,0.815,1.042,18.999,0.707,0.783,0.468,24.567,0.739,0.207,0.019,35.030,17.042,
2011-07-06,5.566,3.421,0.815,1.043,19.016,0.711,0.780,0.469,24.583,0.739,0.208,0.019,35.320,17.056,
2011-07-07,5.565,3.424,0.816,1.043,19.034,0.714,0.777,0.469,24.599,0.739,0.209,0.019,35.710,17.070,
2011-07-08,5.565,3.428,0.816,1.044,19.051,0.718,0.773,0.469,24.615,0.740,0.210,0.019,35.590,17.083,
2011-07-11,5.564,3.432,0.816,1.044,19.068,0.722,0.770,0.470,24.632,0.740,0.211,0.019,35.000,17.097,
2011-07-12,5.563,3.435,0.817,1.045,19.085,0.725,0.767,0.470,24.648,0.740,0.213,0.019,35.030,17.111,
2011-07-13,5.562,3.439,0.817,1.045,19.102,0.729,0.763,0.470,24.664,0.740,0.214,0.019,34.710,17.125,
2011-07-14,5.561,3.442,0.818,1.046,19.119,0.732,0.760,0.470,24.680,0.741,0.215,0.019,34.520,17.139,
2011-07-15,5.560,3.446,0.818,1.046,19.137,0.736,0.757,0.471,24.697,0.741,0.216,0.019,34.890,17.153,
2011-07-18,5.559,3.450,0.818,1.047,19.154,0.740,0.753,0.471,24.713,0.741,0.217,0.019,34.620,17.167,
2011-07-19,5.558,3.453,0.819,1.047,19.171,0.743,0.750,0.471,24.729,0.742,0.218,0.019,35.320,17.181,
2011-07-20,5.557,3.457,0.819,1.048,19.188,0.747,0.747,0.471,24.745,0.742,0.219,0.019,35.400,17.195,
2011-07-21,5.557,3.460,0.820,1.048,19.205,0.750,0.743,0.472,24.762,0.742,0.220,0.019,35.620,17.208,
2011-07-22,5.556,3.464,0.820,1.049,19.222,0.754,0.740,0.472,24.778,0.743,0.221,0.019,35.790,17.222,
2011-07-25,5.555,3.468,0.820,1.049,19.240,0.758,0.736,0.472,24.794,0.743,0.222,0.019,35.390,17.236,
2011-07-26,5.554,3.471,0.821,1.050,19.257,0.761,0.733,0.472,24.811,0.743,0.223,0.019,35.950,17.250,
2011-07-27,5.553,3.475,0.821,1.050,19.274,0.765,0.730,0.473,24.827,0.744,0.224,0.019,35.020,17.264,
2011-07-28,5.552,3.478,0.822,1.051,19.291,0.768,0.726,0.473,24.843,0.744,0.225,0.019,35.440,17.278,
2011-07-29,5.551,3.482,0.822,1.051,19.308,0.772,0.723,0.473,24.859,0.744,0.227,0.019,35.400,17.292,
2011-08-01,5.550,3.485,0.823,1.052,19.325,0.775,0.720,0.473,24.876,0.745,0.228,0.019,35.170,17.306,
2011-08-02,5.549,3.489,0.823,1.052,19.342,0.779,0.716,0.474,24.892,0.745,0.229,0.019,34.010,17.320,
2011-08-03,5.549,3.493,0.823,1.053,19.360,0.783,0.713,0.474,24.908,0.745,0.230,0.019,33.900,17.333,
2011-08-04,5.548,3.496,0.824,1.053,19.377,0.786,0.710,0.474,24.924,0.746,0.231,0.019,32.580,17.347,
2011-08-05,5.547,3.500,0.824,1.054,19.394,0.790,0.706,0.474,24.941,0.746,0.232,0.019,31.970,17.361,
2011-08-08,5.546,3.503,0.825,1.054,19.411,0.793,0.703,0.475,24.957,0.746,0.233,0.019,29.300,17.375,
2011-08-09,5.545,3.507,0.825,1.055,19.428,0.797,0.700,0.475,24.973,0.746,0.234,0.019,32.630,17.389,
2011-08-10,5.544,3.511,0.825,1.055,19.445,0.801,0.696,0.475,24.989,0.747,0.235,0.019,31.690,17.403,
2011-08-11,5.543,3.514,0.826,1.056,19.463,0.804,0.693,0.475,25.006,0.747,0.236,0.019,33.640,17.417,
2011-08-12,5.542,3.518,0.826,1.056,19.480,0.808,0.690,0.476,25.022,0.747,0.237,0.019,33.560,17.431,
2011-08-15,5.541,3.521,0.827,1.057,19.497,0.811,0.686,0.476,25.038,0.748,0.238,0.019,34.080,17.445,
2011-08-16,5.540,3.525,0.827,1.058,19.514,0.815,0.683,0.476,25.054,0.748,0.240,0.019,34.440,17.458,
2011-08-17,5.540,3.529,0.827,1.058,19.531,0.819,0.680,0.476,25.071,0.748,0.241,0.019,34.540,17.472,
2011-08-18,5.539,3.532,0.828,1.059,19.548,0.822,0.676,0.476,25.087,0.749,0.242,0.019,33.110,17.486,
2011-08-19,5.538,3.536,0.828,1.059,19.565,0.826,0.673,0.477,25.103,0.749,0.243,0.019,32.390,17.500,
2011-08-22,5.537,3.539,0.829,1.060,19.583,0.829,0.670,0.477,25.120,0.749,0.244,0.019,32.450,17.514,
2011-08-23,5.536,3.543,0.829,1.060,19.600,0.833,0.666,0.477,25.136,0.750,0.245,0.019,33.390,17.528,
2011-08-24,5.535,3.547,0.829,1.061,19.617,0.837,0.663,0.478,25.152,0.750,0.246,0.019,33.910,17.542,
2011-08-25,5.534,3.550,0.830,1.061,19.634,0.840,0.660,0.478,25.168,0.750,0.247,0.019,33.290,17.556,
2011-08-26,5.533,3.554,0.830,1.062,19.651,0.844,0.656,0.478,25.185,0.750,0.248,0.019,33.830,17.570,
2011-08-29,5.532,3.557,0.831,1.062,19.668,0.847,0.653,0.478,25.201,0.751,0.249,0.019,34.430,17.584,
2011-08-30,5.532,3.561,0.831,1.063,19.686,0.851,0.650,0.478,25.217,0.751,0.250,0.019,34.170,17.597,
2011-08-31,5.531,3.565,0.831,1.063,19.703,0.855,0.646,0.479,25.233,0.751,0.251,0.019,34.510,17.611,
2011-09-01,5.530,3.568,0.832,1.064,19.720,0.858,0.643,0.479,25.250,0.752,0.252,0.019,34.500,17.625,
2011-09-02,5.529,3.572,0.832,1.064,19.737,0.862,0.640,0.479,25.266,0.752,0.254,0.019,33.660,17.639,
2011-09-06,5.528,3.575,0.833,1.065,19.754,0.865,0.636,0.480,25.282,0.752,0.255,0.019,34.110,17.653,
2011-09-07,5.527,3.579,0.833,1.065,19.771,0.869,0.633,0.480,25.298,0.753,0.256,0.019,35.070,17.667,
2011-09-08,5.526,3.582,0.833,1.066,19.788,0.872,0.630,0.480,25.315,0.753,0.257,0.019,34.870,17.681,
2011-09-09,5.525,3.586,0.834,1.066,19.806,0.876,0.626,0.480,25.331,0.753,0.258,0.019,34.030,17.695,
2011-09-12,5.524,3.590,0.834,1.067,19.823,0.880,0.623,0.480,25.347,0.754,0.259,0.019,34.090,17.709,
2011-09-13,5.524,3.593,0.835,1.067,19.840,0.883,0.619,0.481,25.364,0.754,0.260,0.019,34.180,17.722,
2011-09-14,5.523,3.597,0.835,1.068,19.857,0.887,0.616,0.481,25.380,0.754,0.261,0.019,34.220,17.736,
2011-09-15,5.522,3.600,0.836,1.068,19.874,0.890,0.613,0.481,25.396,0.755,0.262,0.019,34.980,17.750,
2011-09-16,5.521,3.604,0.836,1.069,19.891,0.894,0.609,0.482,25.412,0.755,0.263,0.019,35.450,17.764,
2011-09-19,5.520,3.608,0.836,1.069,19.909,0.898,0.606,0.482,25.429,0.755,0.264,0.019,34.900,17.778,
2011-09-20,5.519,3.611,0.837,1.070,19.926,0.901,0.603,0.482,25.445,0.756,0.265,0.019,35.120,17.792,
2011-09-21,5.518,3.615,0.837,1.070,19.943,0.905,0.599,0.482,25.461,0.756,0.266,0.019,33.050,17.806,
2011-09-22,5.517,3.618,0.838,1.071,19.960,0.908,0.596,0.482,25.477,0.756,0.268,0.019,32.550,17.820,
2011-09-23,5.516,3.622,0.838,1.071,19.977,0.912,0.593,0.483,25.494,0.756,0.269,0.019,33.110,17.834,
2011-09-26,5.516,3.626,0.838,1.072,19.994,0.916,0.589,0.483,25.510,0.757,0.270,0.019,33.340,17.847,
2011-09-27,5.515,3.629,0.839,1.072,20.012,0.919,0.586,0.483,25.526,0.757,0.271,0.019,33.370,17.861,
2011-09-28,5.514,3.633,0.839,1.073,20.029,0.923,0.583,0.484,25.542,0.757,0.272,0.019,32.680,17.875,
2011-09-29,5.513,3.636,0.840,1.073,20.046,0.926,0.579,0.484,25.559,0.758,0.273,0.019,33.070,17.889,
2011-09-30,5.512,3.640,0.840,1.074,20.063,0.930,0.576,0.484,25.575,0.758,0.274,0.019,32.310,17.903,
2011-10-03,5.512,3.641,0.841,1.076,20.073,0.935,0.579,0.485,25.585,0.759,0.275,0.019,31.260,17.911,
2011-10-04,5.513,3.643,0.843,1.077,20.082,0.940,0.583,0.486,25.595,0.760,0.277,0.019,32.520,17.920,
2011-10-05,5.514,3.644,0.844,1.079,20.092,0.945,0.586,0.487,25.605,0.762,0.278,0.019,32.110,17.928,
2011-10-06,5.514,3.646,0.846,1.080,20.101,0.949,0.590,0.488,25.615,0.763,0.280,0.019,33.040,17.937,
2011-10-07,5.514,3.647,0.847,1.082,20.111,0.954,0.593,0.488,25.625,0.764,0.281,0.019,32.140,17.945,
2011-10-10,5.515,3.648,0.849,1.083,20.120,0.959,0.597,0.489,25.635,0.765,0.282,0.019,33.640,17.954,
2011-10-11,5.515,3.650,0.850,1.085,20.130,0.964,0.600,0.490,25.645,0.766,0.284,0.019,33.120,17.962,
2011-10-12,5.516,3.651,0.852,1.086,20.139,0.969,0.604,0.491,25.655,0.768,0.285,0.019,33.820,17.971,
2011-10-13,5.516,3.653,0.853,1.088,20.149,0.974,0.607,0.492,25.665,0.769,0.287,0.019,33.220,17.979,
2011-10-14,5.517,3.654,0.855,1.089,20.158,0.978,0.611,0.493,25.675,0.770,0.288,0.019,34.010,17.988,
2011-10-17,5.517,3.655,0.856,1.091,20.168,0.983,0.614,0.494,25.685,0.771,0.289,0.019,33.150,17.996,
2011-10-18,5.518,3.657,0.858,1.092,20.177,0.988,0.618,0.495,25.695,0.772,0.291,0.019,34.400,18.005,
2011-10-19,5.518,3.658,0.859,1.094,20.187,0.993,0.621,0.496,25.705,0.773,0.292,0.019,33.920,18.013,
2011-10-20,5.519,3.660,0.861,1.095,20.196,0.998,0.625,0.496,25.715,0.775,0.293,0.019,34.260,18.022,
2011-10-21,5.520,3.661,0.862,1.097,20.206,1.003,0.628,0.497,25.725,0.776,0.295,0.019,35.430,18.030,
2011-10-24,5.520,3.662,0.864,1.098,20.216,1.008,0.632,0.498,25.736,0.777,0.296,0.019,36.060,18.039,
2011-10-25,5.520,3.664,0.865,1.100,20.225,1.012,0.635,0.499,25.746,0.778,0.298,0.019,35.550,18.047,
2011-10-26,5.521,3.665,0.867,1.101,20.235,1.017,0.639,0.500,25.756,0.779,0.299,0.019,36.270,18.056,
2011-10-27,5.522,3.667,0.868,1.103,20.244,1.022,0.642,0.501,25.766,0.781,0.300,0.019,37.300,18.064,
2011-10-28,5.522,3.668,0.870,1.104,20.254,1.027,0.646,0.502,25.776,0.782,0.302,0.019,37.990,18.073,
2011-10-31,5.522,3.670,0.871,1.106,20.263,1.032,0.649,0.503,25.786,0.783,0.303,0.019,37.700,18.081,
2011-11-01,5.523,3.671,0.873,1.107,20.273,1.037,0.653,0.504,25.796,0.784,0.305,0.020,36.790,18.090,
2011-11-02,5.523,3.672,0.874,1.109,20.282,1.041,0.656,0.504,25.806,0.785,0.306,0.020,37.470,18.098,
2011-11-03,5.524,3.674,0.876,1.110,20.292,1.046,0.660,0.505,25.816,0.786,0.307,0.020,37.980,18.107,
2011-11-04,5.524,3.675,0.878,1.112,20.301,1.051,0.663,0.506,25.826,0.788,0.309,0.020,37.820,18.115,
2011-11-07,5.525,3.677,0.879,1.113,20.311,1.056,0.667,0.507,25.836,0.789,0.310,0.020,38.090,18.124,
2011-11-08,5.525,3.678,0.881,1.115,20.320,1.061,0.670,0.508,25.846,0.790,0.312,0.020,38.390,18.132,
2011-11-09,5.526,3.679,0.882,1.116,20.330,1.066,0.674,0.509,25.856,0.791,0.313,0.020,36.740,18.141,
2011-11-10,5.526,3.681,0.884,1.118,20.339,1.070,0.677,0.510,25.866,0.792,0.314,0.020,36.930,18.149,
2011-11-11,5.527,3.682,0.885,1.119,20.349,1.075,0.681,0.511,25.876,0.794,0.316,0.020,37.560,18.158,
2011-11-14,5.528,3.684,0.887,1.121,20.358,1.080,0.684,0.512,25.886,0.795,0.317,0.020,36.690,18.166,
2011-11-15,5.528,3.685,0.888,1.122,20.368,1.085,0.688,0.512,25.896,0.796,0.318,0.020,37.060,18.175,
2011-11-16,5.528,3.686,0.890,1.124,20.378,1.090,0.691,0.513,25.906,0.797,0.320,0.020,36.350,18.183,
2011-11-17,5.529,3.688,0.891,1.126,20.387,1.095,0.694,0.514,25.916,0.798,0.321,0.020,35.840,18.191,
2011-11-18,5.530,3.689,0.893,1.127,20.397,1.100,0.698,0.515,25.926,0.800,0.323,0.020,36.160,18.200,
2011-11-21,5.530,3.691,0.894,1.129,20.406,1.104,0.701,0.516,25.936,0.801,0.324,0.020,35.070,18.208,
2011-11-22,5.530,3.692,0.896,1.130,20.416,1.109,0.705,0.517,25.946,0.802,0.325,0.020,34.960,18.217,
2011-11-23,5.531,3.693,0.897,1.132,20.425,1.114,0.708,0.518,25.956,0.803,0.327,0.020,33.980,18.225,
2011-11-25,5.531,3.695,0.899,1.133,20.435,1.119,0.712,0.519,25.966,0.804,0.328,0.020,34.140,18.234,
2011-11-28,5.532,3.696,0.900,1.135,20.444,1.124,0.715,0.520,25.976,0.806,0.330,0.020,34.790,18.242,
2011-11-29,5.532,3.698,0.902,1.136,20.454,1.129,0.719,0.521,25.986,0.807,0.331,0.020,34.980,18.251,
2011-11-30,5.533,3.699,0.903,1.138,20.463,1.133,0.722,0.521,25.996,0.808,0.332,0.020,36.490,18.259,
2011-12-01,5.533,3.700,0.905,1.139,20.473,1.138,0.726,0.522,26.006,0.809,0.334,0.020,36.100,18.268,
2011-12-02,5.534,3.702,0.906,1.141,20.482,1.143,0.729,0.523,26.016,0.810,0.335,0.020,36.040,18.276,
2011-12-05,5.534,3.703,0.908,1.142,20.492,1.148,0.733,0.524,26.026,0.811,0.337,0.020,36.090,18.285,
2011-12-06,5.535,3.705,0.909,1.144,20.501,1.153,0.736,0.525,26.036,0.813,0.338,0.020,36.050,18.293,
2011-12-07,5.536,3.706,0.911,1.145,20.511,1.158,0.740,0.526,26.046,0.814,0.339,0.020,36.480,18.302,
2011-12-08,5.536,3.708,0.912,1.147,20.520,1.162,0.743,0.527,26.056,0.815,0.341,0.020,35.660,18.310,
2011-12-09,5.536,3.709,0.914,1.148,20.530,1.167,0.747,0.528,26.067,0.816,0.342,0.020,36.480,18.319,
2011-12-12,5.537,3.710,0.915,1.150,20.540,1.172,0.750,0.529,26.077,0.817,0.344,0.020,35.730,18.327,
2011-12-13,5.538,3.712,0.917,1.151,20.549,1.177,0.754,0.529,26.087,0.819,0.345,0.020,35.380,18.336,
2011-12-14,5.538,3.713,0.918,1.153,20.559,1.182,0.757,0.530,26.097,0.820,0.346,0.020,35.370,18.344,
2011-12-15,5.538,3.715,0.920,1.154,20.568,1.187,0.761,0.531,26.107,0.821,0.348,0.020,35.880,18.353,
2011-12-16,5.539,3.716,0.921,1.156,20.578,1.192,0.764,0.532,26.117,0.822,0.349,0.020,36.200,18.361,
2011-12-19,5.539,3.717,0.923,1.157,20.587,1.196,0.768,0.533,26.127,0.823,0.350,0.020,36.180,18.370,
2011-12-20,5.540,3.719,0.924,1.159,20.597,1.201,0.771,0.534,26.137,0.824,0.352,0.020,37.360,18.378,
2011-12-21,5.540,3.720,0.926,1.160,20.606,1.206,0.775,0.535,26.147,0.826,0.353,0.020,37.460,18.387,
2011-12-22,5.541,3.722,0.927,1.162,20.616,1.211,0.778,0.536,26.157,0.827,0.355,0.020,37.880,18.395,
2011-12-23,5.541,3.723,0.929,1.163,20.625,1.216,0.782,0.537,26.167,0.828,0.356,0.021,38.230,18.404,
2011-12-27,5.542,3.724,0.930,1.165,20.635,1.221,0.785,0.537,26.177,0.829,0.357,0.021,38.450,18.412,
2011-12-28,5.542,3.726,0.932,1.166,20.644,1.225,0.789,0.538,26.187,0.830,0.359,0.021,37.870,18.421,
2011-12-29,5.543,3.727,0.933,1.168,20.654,1.230,0.792,0.539,26.197,0.832,0.360,0.021,38.110,18.429,
2011-12-30,5.544,3.729,0.935,1.169,20.663,1.235,0.796,0.540,26.207,0.833,0.362,0.021,37.840,18.438,
2011-12-31,5.544,3.730,0.936,1.171,20.673,1.240,0.799,0.541,26.217,0.834,0.363,0.021,38.050,18.446,
2012-01-03,5.572,3.726,0.935,1.170,20.744,1.255,0.800,0.541,26.315,0.834,0.367,0.021,38.260,18.515,
2012-01-04,5.600,3.721,0.935,1.169,20.814,1.270,0.802,0.540,26.414,0.833,0.372,0.020,37.590,18.584,
2012-01-05,5.627,3.717,0.934,1.169,20.885,1.285,0.803,0.540,26.512,0.833,0.376,0.020,37.790,18.653,
2012-01-06,5.655,3.712,0.933,1.168,20.956,1.300,0.804,0.539,26.611,0.833,0.381,0.020,37.500,18.723,
2012-01-09,5.683,3.708,0.932,1.167,21.026,1.315,0.806,0.539,26.709,0.832,0.385,0.020,37.470,18.792,
2012-01-10,5.711,3.703,0.932,1.166,21.097,1.330,0.807,0.539,26.807,0.832,0.390,0.020,37.700,18.861,
2012-01-11,5.738,3.699,0.931,1.165,21.168,1.344,0.808,0.538,26.906,0.832,0.394,0.020,37.860,18.930,
2012-01-12,5.766,3.694,0.930,1.164,21.238,1.359,0.809,0.538,27.004,0.832,0.399,0.020,37.560,18.999,
2012-01-13,5.794,3.690,0.929,1.164,21.309,1.374,0.811,0.538,27.103,0.831,0.403,0.020,37.530,19.068,
2012-01-17,5.822,3.686,0.929,1.163,21.380,1.389,0.812,0.537,27.201,0.831,0.408,0.020,37.910,19.137,
2012-01-18,5.850,3.681,0.928,1.162,21.450,1.404,0.813,0.537,27.300,0.831,0.412,0.020,37.990,19.206,
2012-01-19,5.877,3.677,0.927,1.161,21.521,1.419,0.815,0.536,27.398,0.830,0.417,0.020,38.800,19.276,
2012-01-20,5.905,3.672,0.927,1.160,21.591,1.434,0.816,0.536,27.496,0.830,0.421,0.020,38.930,19.345,
2012-01-23,5.933,3.668,0.926,1.159,21.662,1.449,0.817,0.536,27.595,0.830,0.426,0.020,38.920,19.414,
2012-01-24,5.961,3.663,0.925,1.159,21.733,1.464,0.819,0.535,27.693,0.829,0.430,0.020,39.550,19.483,
2012-01-25,5.988,3.659,0.924,1.158,21.803,1.479,0.820,0.535,27.792,0.829,0.435,0.019,40.160,19.552,
2012-01-26,6.016,3.654,0.924,1.157,21.874,1.494,0.821,0.535,27.890,0.829,0.439,0.019,40.370,19.621,
2012-01-27,6.044,3.650,0.923,1.156,21.945,1.509,0.822,0.534,27.988,0.829,0.444,0.019,40.420,19.690,
2012-01-30,6.072,3.646,0.922,1.155,22.015,1.523,0.824,0.534,28.087,0.828,0.448,0.019,40.070,19.759,
2012-01-31,6.100,3.641,0.921,1.154,22.086,1.538,0.825,0.533,28.185,0.828,0.453,0.019,40.170,19.829,
2012-02-01,6.127,3.637,0.921,1.154,22.157,1.553,0.826,0.533,28.284,0.828,0.457,0.019,40.360,19.898,
2012-02-02,6.155,3.632,0.920,1.153,22.227,1.568,0.828,0.533,28.382,0.827,0.461,0.019,40.640,19.967,
2012-02-03,6.183,3.628,0.919,1.152,22.298,1.583,0.829,0.532,28.480,0.827,0.466,0.019,41.020,20.036,
2012-02-06,6.211,3.623,0.918,1.151,22.369,1.598,0.830,0.532,28.579,0.827,0.470,0.019,40.660,20.105,
2012-02-07,6.238,3.619,0.918,1.150,22.439,1.613,0.832,0.531,28.677,0.826,0.475,0.019,40.650,20.174,
2012-02-08,6.266,3.614,0.917,1.150,22.510,1.628,0.833,0.531,28.776,0.826,0.479,0.019,40.700,20.243,
2012-02-09,6.294,3.610,0.916,1.149,22.581,1.643,0.834,0.531,28.874,0.826,0.484,0.019,40.780,20.312,
2012-02-10,6.322,3.606,0.916,1.148,22.651,1.658,0.835,0.530,28.973,0.826,0.488,0.019,40.440,20.382,
2012-02-13,6.350,3.601,0.915,1.147,22.722,1.673,0.837,0.530,29.071,0.825,0.493,0.018,40.470,20.451,
2012-02-14,6.377,3.597,0.914,1.146,22.793,1.688,0.838,0.530,29.169,0.825,0.497,0.018,40.150,20.520,
2012-02-15,6.405,3.592,0.913,1.145,22.863,1.703,0.839,0.529,29.268,0.825,0.502,0.018,40.240,20.589,
2012-02-16,6.433,3.588,0.913,1.145,22.934,1.717,0.841,0.529,29.366,0.824,0.506,0.018,40.790,20.658,
2012-02-17,6.461,3.583,0.912,1.144,23.004,1.732,0.842,0.528,29.465,0.824,0.511,0.018,40.730,20.727,
2012-02-21,6.488,3.579,0.911,1.143,23.075,1.747,0.843,0.528,29.563,0.824,0.515,0.018,40.160,20.796,
2012-02-22,6.516,3.574,0.910,1.142,23.146,1.762,0.845,0.528,29.661,0.823,0.520,0.018,39.890,20.865,
2012-02-23,6.544,3.570,0.910,1.141,23.216,1.777,0.846,0.527,29.760,0.823,0.524,0.018,40.150,20.935,
2012-02-24,6.572,3.566,0.909,1.140,23.287,1.792,0.847,0.527,29.858,0.823,0.529,0.018,40.410,21.004,
2012-02-27,6.600,3.561,0.908,1.140,23.358,1.807,0.848,0.527,29.957,0.823,0.533,0.018,40.460,21.073,
2012-02-28,6.627,3.557,0.908,1.139,23.428,1.822,0.850,0.526,30.055,0.822,0.538,0.018,40.300,21.142,
2012-02-29,6.655,3.552,0.907,1.138,23.499,1.837,0.851,0.526,30.154,0.822,0.542,0.018,40.060,21.211,
2012-03-01,6.683,3.548,0.906,1.137,23.570,1.852,0.852,0.525,30.252,0.822,0.547,0.018,40.330,21.280,
2012-03-02,6.711,3.543,0.905,1.136,23.640,1.867,0.854,0.525,30.350,0.821,0.551,0.018,40.580,21.349,
2012-03-05,6.738,3.539,0.905,1.136,23.711,1.882,0.855,0.525,30.449,0.821,0.555,0.017,40.930,21.418,
2012-03-06,6.766,3.534,0.904,1.135,23.782,1.897,0.856,0.524,30.547,0.821,0.560,0.017,40.430,21.488,
2012-03-07,6.794,3.530,0.903,1.134,23.852,1.911,0.858,0.524,30.646,0.820,0.564,0.017,40.870,21.557,
2012-03-08,6.822,3.526,0.902,1.133,23.923,1.926,0.859,0.523,30.744,0.820,0.569,0.017,40.880,21.626,
2012-03-09,6.850,3.521,0.902,1.132,23.994,1.941,0.860,0.523,30.842,0.820,0.573,0.017,40.350,21.695,
2012-03-12,6.877,3.517,0.901,1.131,24.064,1.956,0.861,0.523,30.941,0.820,0.578,0.017,41.150,21.764,
2012-03-13,6.905,3.512,0.900,1.131,24.135,1.971,0.863,0.522,31.039,0.819,0.582,0.017,41.680,21.833,
2012-03-14,6.933,3.508,0.899,1.130,24.206,1.986,0.864,0.522,31.138,0.819,0.587,0.017,41.730,21.902,
2012-03-15,6.961,3.503,0.899,1.129,24.276,2.001,0.865,0.522,31.236,0.819,0.591,0.017,41.750,21.971,
2012-03-16,6.988,3.499,0.898,1.128,24.347,2.016,0.867,0.521,31.334,0.818,0.596,0.017,41.960,22.041,
2012-03-19,7.016,3.494,0.897,1.127,24.417,2.031,0.868,0.521,31.433,0.818,0.600,0.017,42.460,22.110,
2012-03-20,7.044,3.490,0.897,1.126,24.488,2.046,0.869,0.520,31.531,0.818,0.605,0.017,42.430,22.179,
2012-03-21,7.072,3.486,0.896,1.126,24.559,2.061,0.871,0.520,31.630,0.817,0.609,0.017,42.640,22.248,
2012-03-22,7.100,3.481,0.895,1.125,24.629,2.076,0.872,0.520,31.728,0.817,0.614,0.016,42.220,22.317,
2012-03-23,7.127,3.477,0.894,1.124,24.700,2.090,0.873,0.519,31.827,0.817,0.618,0.016,42.470,22.386,
2012-03-26,7.155,3.472,0.894,1.123,24.771,2.105,0.874,0.519,31.925,0.817,0.623,0.016,42.740,22.455,
2012-03-27,7.183,3.468,0.893,1.122,24.841,2.120,0.876,0.519,32.023,0.816,0.627,0.016,42.760,22.524,
2012-03-28,7.211,3.463,0.892,1.121,24.912,2.135,0.877,0.518,32.122,0.816,0.632,0.016,42.660,22.594,
2012-03-29,7.238,3.459,0.891,1.121,24.983,2.150,0.878,0.518,32.220,0.816,0.636,0.016,42.800,22.663,
2012-03-30,7.266,3.454,0.891,1.120,25.053,2.165,0.880,0.517,32.319,0.815,0.641,0.016,43.080,22.732,
2012-03-31,7.294,3.450,0.890,1.119,25.124,2.180,0.881,0.517,32.417,0.815,0.645,0.016,43.820,22.801,
2012-04-02,7.291,3.451,0.891,1.120,25.120,2.157,0.877,0.517,32.410,0.815,0.638,0.016,44.560,22.796,
2012-04-03,7.289,3.451,0.892,1.121,25.116,2.134,0.873,0.517,32.404,0.816,0.632,0.016,44.460,22.791,
2012-04-04,7.286,3.452,0.892,1.122,25.111,2.111,0.870,0.517,32.397,0.816,0.625,0.016,44.170,22.785,
2012-04-05,7.284,3.452,0.893,1.123,25.107,2.088,0.866,0.517,32.390,0.817,0.618,0.016,44.210,22.780,
2012-04-09,7.281,3.453,0.894,1.124,25.103,2.065,0.862,0.518,32.383,0.817,0.611,0.016,43.870,22.775,
2012-04-10,7.279,3.454,0.895,1.125,25.099,2.042,0.858,0.518,32.377,0.818,0.605,0.016,42.980,22.770,
2012-04-11,7.276,3.454,0.895,1.127,25.095,2.019,0.854,0.518,32.370,0.818,0.598,0.016,43.470,22.764,
2012-04-12,7.274,3.455,0.896,1.128,25.090,1.996,0.851,0.518,32.363,0.819,0.591,0.016,44.190,22.759,
2012-04-13,7.271,3.456,0.897,1.129,25.086,1.973,0.847,0.518,32.357,0.819,0.585,0.016,43.890,22.754,
2012-04-16,7.269,3.456,0.898,1.130,25.082,1.950,0.843,0.518,32.350,0.820,0.578,0.016,45.080,22.749,
2012-04-17,7.266,3.457,0.898,1.131,25.078,1.927,0.839,0.518,32.343,0.820,0.571,0.016,45.340,22.744,
2012-04-18,7.263,3.458,0.899,1.132,25.074,1.904,0.835,0.518,32.336,0.821,0.564,0.016,45.190,22.738,
2012-04-19,7.261,3.458,0.900,1.133,25.070,1.881,0.832,0.518,32.330,0.821,0.558,0.016,44.900,22.733,
2012-04-20,7.258,3.459,0.901,1.134,25.065,1.858,0.828,0.519,32.323,0.822,0.551,0.016,45.520,22.728,
2012-04-23,7.256,3.459,0.901,1.135,25.061,1.835,0.824,0.519,32.316,0.822,0.544,0.016,45.070,22.723,
2012-04-24,7.253,3.460,0.902,1.136,25.057,1.812,0.820,0.519,32.310,0.823,0.538,0.016,45.750,22.717,
2012-04-25,7.251,3.461,0.903,1.137,25.053,1.790,0.816,0.519,32.303,0.823,0.531,0.016,46.300,22.712,
2012-04-26,7.248,3.461,0.904,1.138,25.049,1.767,0.813,0.519,32.296,0.824,0.524,0.016,46.150,22.707,
2012-04-27,7.246,3.462,0.905,1.139,25.044,1.744,0.809,0.519,32.289,0.824,0.517,0.016,47.100,22.702,
2012-04-30,7.243,3.463,0.905,1.141,25.040,1.721,0.805,0.519,32.283,0.825,0.511,0.016,47.190,22.697,
2012-05-01,7.241,3.463,0.906,1.142,25.036,1.698,0.801,0.519,32.276,0.825,0.504,0.016,47.790,22.691,
2012-05-02,7.238,3.464,0.907,1.143,25.032,1.675,0.797,0.519,32.269,0.826,0.497,0.016,47.610,22.686,
2012-05-03,7.235,3.464,0.908,1.144,25.028,1.652,0.794,0.520,32.262,0.826,0.490,0.016,47.160,22.681,
2012-05-04,7.233,3.465,0.908,1.145,25.024,1.629,0.790,0.520,32.256,0.827,0.484,0.016,46.760,22.676,
2012-05-07,7.230,3.466,0.909,1.146,25.019,1.606,0.786,0.520,32.249,0.827,0.477,0.016,47.030,22.671,
2012-05-08,7.228,3.466,0.910,1.147,25.015,1.583,0.782,0.520,32.242,0.828,0.470,0.016,47.130,22.665,
2012-05-09,7.225,3.467,0.911,1.148,25.011,1.560,0.778,0.520,32.236,0.828,0.464,0.016,46.920,22.660,
2012-05-10,7.223,3.468,0.911,1.149,25.007,1.537,0.775,0.520,32.229,0.829,0.457,0.016,46.980,22.655,
2012-05-11,7.220,3.468,0.912,1.150,25.003,1.514,0.771,0.520,32.222,0.829,0.450,0.016,47.330,22.650,
2012-05-14,7.218,3.469,0.913,1.151,24.998,1.491,0.767,0.520,32.215,0.830,0.443,0.016,46.840,22.644,
2012-05-15,7.215,3.469,0.914,1.152,24.994,1.468,0.763,0.520,32.209,0.830,0.437,0.016,46.480,22.639,
2012-05-16,7.212,3.470,0.914,1.154,24.990,1.445,0.760,0.520,32.202,0.830,0.430,0.016,45.590,22.634,
2012-05-17,7.210,3.471,0.915,1.155,24.986,1.422,0.756,0.521,32.195,0.831,0.423,0.016,44.370,22.629,
2012-05-18,7.207,3.471,0.916,1.156,24.982,1.399,0.752,0.521,32.189,0.831,0.417,0.016,43.770,22.624,
2012-05-21,7.205,3.472,0.917,1.157,24.977,1.376,0.748,0.521,32.182,0.832,0.410,0.016,44.720,22.618,
2012-05-22,7.202,3.472,0.918,1.158,24.973,1.353,0.744,0.521,32.175,0.832,0.403,0.016,44.810,22.613,
2012-05-23,7.200,3.473,0.918,1.159,24.969,1.330,0.741,0.521,32.168,0.833,0.396,0.016,44.850,22.608,
2012-05-24,7.197,3.474,0.919,1.160,24.965,1.307,0.737,0.521,32.162,0.833,0.390,0.016,45.190,22.603,
2012-05-25,7.195,3.474,0.920,1.161,24.961,1.284,0.733,0.521,32.155,0.834,0.383,0.016,44.920,22.597,
2012-05-29,7.192,3.475,0.921,1.162,24.957,1.261,0.729,0.521,32.148,0.834,0.376,0.016,45.540,22.592,
2012-05-30,7.190,3.476,0.921,1.163,24.952,1.238,0.725,0.521,32.142,0.835,0.370,0.016,44.330,22.587,
2012-05-31,7.187,3.476,0.922,1.164,24.948,1.215,0.722,0.522,32.135,0.835,0.363,0.016,44.740,22.582,
2012-06-01,7.184,3.477,0.923,1.165,24.944,1.192,0.718,0.522,32.128,0.836,0.356,0.016,43.520,22.577,
2012-06-04,7.182,3.478,0.924,1.166,24.940,1.169,0.714,0.522,32.121,0.836,0.349,0.016,43.470,22.571,
2012-06-05,7.179,3.478,0.924,1.168,24.936,1.146,0.710,0.522,32.115,0.837,0.343,0.016,44.320,22.566,
2012-06-06,7.177,3.479,0.925,1.169,24.931,1.123,0.706,0.522,32.108,0.837,0.336,0.016,45.220,22.561,
2012-06-07,7.174,3.479,0.926,1.170,24.927,1.100,0.703,0.522,32.101,0.838,0.329,0.016,45.120,22.556,
2012-06-08,7.172,3.480,0.927,1.171,24.923,1.078,0.699,0.522,32.094,0.838,0.322,0.016,45.670,22.550,
2012-06-11,7.169,3.481,0.928,1.172,24.919,1.055,0.695,0.522,32.088,0.839,0.316,0.016,44.800,22.545,
2012-06-12,7.167,3.481,0.928,1.173,24.915,1.032,0.691,0.522,32.081,0.839,0.309,0.016,45.190,22.540,
2012-06-13,7.164,3.482,0.929,1.174,24.910,1.009,0.687,0.523,32.074,0.840,0.302,0.016,44.680,22.535,
2012-06-14,7.162,3.483,0.930,1.175,24.906,0.986,0.684,0.523,32.068,0.840,0.296,0.016,44.960,22.530,
2012-06-15,7.159,3.483,0.931,1.176,24.902,0.963,0.680,0.523,32.061,0.841,0.289,0.016,45.230,22.524,
2012-06-18,7.156,3.484,0.931,1.177,24.898,0.940,0.676,0.523,32.054,0.841,0.282,0.016,45.280,22.519,
2012-06-19,7.154,3.484,0.932,1.178,24.894,0.917,0.672,0.523,32.047,0.842,0.275,0.016,45.870,22.514,
2012-06-20,7.151,3.485,0.933,1.179,24.890,0.894,0.668,0.523,32.041,0.842,0.269,0.016,46.180,22.509,
2012-06-21,7.149,3.486,0.934,1.180,24.885,0.871,0.665,0.523,32.034,0.843,0.262,0.016,45.340,22.504,
2012-06-22,7.146,3.486,0.934,1.182,24.881,0.848,0.661,0.523,32.027,0.843,0.255,0.016,45.540,22.498,
2012-06-25,7.144,3.487,0.935,1.183,24.877,0.825,0.657,0.523,32.021,0.844,0.249,0.016,45.460,22.493,
2012-06-26,7.141,3.488,0.936,1.184,24.873,0.802,0.653,0.524,32.014,0.844,0.242,0.016,45.630,22.488,
2012-06-27,7.139,3.488,0.937,1.185,24.869,0.779,0.649,0.524,32.007,0.845,0.235,0.016,45.790,22.483,
2012-06-28,7.136,3.489,0.937,1.186,24.864,0.756,0.646,0.524,32.000,0.845,0.228,0.016,46.000,22.477,
2012-06-29,7.134,3.489,0.938,1.187,24.860,0.733,0.642,0.524,31.994,0.846,0.222,0.016,47.200,22.472,
2012-06-30,7.131,3.490,0.939,1.188,24.856,0.710,0.638,0.524,31.987,0.846,0.215,0.016,47.635,22.467,
2012-07-02,7.126,3.493,0.939,1.189,24.861,0.712,0.635,0.525,31.987,0.847,0.216,0.016,48.070,22.469,
2012-07-03,7.121,3.496,0.940,1.189,24.865,0.714,0.632,0.525,31.987,0.847,0.216,0.016,48.200,22.470,
2012-07-05,7.116,3.499,0.940,1.190,24.870,0.716,0.629,0.526,31.987,0.848,0.217,0.016,47.700,22.472,
2012-07-06,7.112,3.503,0.941,1.191,24.875,0.718,0.626,0.527,31.986,0.848,0.218,0.016,47.870,22.473,
2012-07-09,7.107,3.506,0.941,1.191,24.880,0.720,0.624,0.527,31.986,0.849,0.218,0.016,48.220,22.475,
2012-07-10,7.102,3.509,0.941,1.192,24.884,0.722,0.621,0.528,31.986,0.850,0.219,0.017,47.670,22.477,
2012-07-11,7.097,3.512,0.942,1.192,24.889,0.724,0.618,0.528,31.986,0.850,0.219,0.017,47.780,22.478,
2012-07-12,7.092,3.515,0.942,1.193,24.894,0.726,0.615,0.529,31.986,0.851,0.220,0.017,47.720,22.480,
2012-07-13,7.087,3.518,0.943,1.194,24.898,0.728,0.612,0.530,31.986,0.851,0.221,0.017,48.220,22.481,
2012-07-16,7.083,3.521,0.943,1.194,24.903,0.730,0.609,0.530,31.986,0.852,0.221,0.017,48.210,22.483,
2012-07-17,7.078,3.524,0.943,1.195,24.908,0.732,0.606,0.531,31.985,0.853,0.222,0.017,48.610,22.485,
2012-07-18,7.073,3.528,0.944,1.196,24.912,0.734,0.603,0.532,31.985,0.853,0.222,0.017,48.430,22.486,
2012-07-19,7.068,3.531,0.944,1.196,24.917,0.736,0.600,0.532,31.985,0.854,0.223,0.017,48.090,22.488,
2012-07-20,7.063,3.534,0.944,1.197,24.922,0.738,0.598,0.533,31.985,0.855,0.224,0.017,47.740,22.490,
2012-07-23,7.058,3.537,0.945,1.198,24.927,0.740,0.595,0.534,31.985,0.855,0.224,0.017,47.420,22.491,
2012-07-24,7.054,3.540,0.945,1.198,24.931,0.742,0.592,0.534,31.985,0.856,0.225,0.017,47.930,22.493,
2012-07-25,7.049,3.543,0.946,1.199,24.936,0.745,0.589,0.535,31.985,0.856,0.226,0.017,47.540,22.494,
2012-07-26,7.044,3.546,0.946,1.200,24.941,0.747,0.586,0.536,31.984,0.857,0.226,0.017,48.350,22.496,
2012-07-27,7.039,3.549,0.946,1.200,24.945,0.749,0.583,0.536,31.984,0.858,0.227,0.017,48.800,22.498,
2012-07-30,7.034,3.552,0.947,1.201,24.950,0.751,0.580,0.537,31.984,0.858,0.228,0.017,48.990,22.499,
2012-07-31,7.029,3.556,0.947,1.201,24.955,0.753,0.577,0.537,31.984,0.859,0.228,0.017,48.810,22.501,
2012-08-01,7.024,3.559,0.948,1.202,24.959,0.755,0.574,0.538,31.984,0.859,0.229,0.017,49.020,22.502,
2012-08-02,7.020,3.562,0.948,1.203,24.964,0.757,0.572,0.539,31.984,0.860,0.229,0.017,49.090,22.504,
2012-08-03,7.015,3.565,0.948,1.203,24.969,0.759,0.569,0.539,31.984,0.861,0.230,0.017,49.580,22.506,
2012-08-06,7.010,3.568,0.949,1.204,24.974,0.761,0.566,0.540,31.983,0.861,0.231,0.017,49.200,22.507,
2012-08-07,7.005,3.571,0.949,1.205,24.978,0.763,0.563,0.541,31.983,0.862,0.231,0.017,48.470,22.509,
2012-08-08,7.000,3.574,0.950,1.205,24.983,0.765,0.560,0.541,31.983,0.862,0.232,0.017,48.190,22.510,
2012-08-09,6.995,3.578,0.950,1.206,24.988,0.767,0.557,0.542,31.983,0.863,0.232,0.017,47.760,22.512,
2012-08-10,6.991,3.581,0.950,1.207,24.992,0.769,0.554,0.543,31.983,0.864,0.233,0.017,47.960,22.514,
2012-08-13,6.986,3.584,0.951,1.207,24.997,0.771,0.551,0.543,31.983,0.864,0.234,0.017,47.800,22.515,
2012-08-14,6.981,3.587,0.951,1.208,25.002,0.773,0.548,0.544,31.983,0.865,0.234,0.017,47.910,22.517,
2012-08-15,6.976,3.590,0.952,1.208,25.007,0.775,0.546,0.544,31.982,0.865,0.235,0.017,47.960,22.518,
2012-08-16,6.971,3.593,0.952,1.209,25.011,0.777,0.543,0.545,31.982,0.866,0.236,0.017,48.570,22.520,
2012-08-17,6.966,3.596,0.952,1.210,25.016,0.779,0.540,0.546,31.982,0.867,0.236,0.017,48.610,22.522,
2012-08-20,6.961,3.599,0.953,1.210,25.021,0.781,0.537,0.546,31.982,0.867,0.237,0.017,48.370,22.523,
2012-08-21,6.957,3.602,0.953,1.211,25.025,0.783,0.534,0.547,31.982,0.868,0.238,0.017,48.200,22.525,
2012-08-22,6.952,3.606,0.953,1.212,25.030,0.785,0.531,0.548,31.982,0.869,0.238,0.017,48.260,22.527,
2012-08-23,6.947,3.609,0.954,1.212,25.035,0.787,0.528,0.548,31.982,0.869,0.239,0.017,47.580,22.528,
2012-08-24,6.942,3.612,0.954,1.213,25.039,0.789,0.525,0.549,31.982,0.870,0.239,0.017,47.780,22.530,
2012-08-27,6.937,3.615,0.955,1.214,25.044,0.791,0.522,0.550,31.981,0.870,0.240,0.017,48.270,22.531,
2012-08-28,6.932,3.618,0.955,1.214,25.049,0.793,0.519,0.550,31.981,0.871,0.241,0.017,48.230,22.533,
2012-08-29,6.928,3.621,0.955,1.215,25.054,0.795,0.517,0.551,31.981,0.872,0.241,0.017,47.990,22.535,
2012-08-30,6.923,3.624,0.956,1.216,25.058,0.797,0.514,0.552,31.981,0.872,0.242,0.017,47.870,22.536,
2012-08-31,6.918,3.628,0.956,1.216,25.063,0.799,0.511,0.552,31.981,0.873,0.242,0.017,48.260,22.538,
2012-09-04,6.913,3.631,0.957,1.217,25.068,0.801,0.508,0.553,31.981,0.873,0.243,0.017,48.280,22.539,
2012-09-05,6.908,3.634,0.957,1.217,25.072,0.803,0.505,0.553,31.981,0.874,0.244,0.017,48.030,22.541,
2012-09-06,6.903,3.637,0.957,1.218,25.077,0.805,0.502,0.554,31.980,0.875,0.244,0.017,48.310,22.543,
2012-09-07,6.898,3.640,0.958,1.219,25.082,0.808,0.499,0.555,31.980,0.875,0.245,0.017,48.370,22.544,
2012-09-10,6.894,3.643,0.958,1.219,25.086,0.810,0.496,0.555,31.980,0.876,0.246,0.017,47.500,22.546,
2012-09-11,6.889,3.646,0.959,1.220,25.091,0.812,0.493,0.556,31.980,0.876,0.246,0.017,47.970,22.547,
2012-09-12,6.884,3.649,0.959,1.221,25.096,0.814,0.491,0.557,31.980,0.877,0.247,0.017,48.230,22.549,
2012-09-13,6.879,3.652,0.959,1.221,25.101,0.816,0.488,0.557,31.980,0.878,0.248,0.017,49.160,22.551,
2012-09-14,6.874,3.656,0.960,1.222,25.105,0.818,0.485,0.558,31.980,0.878,0.248,0.017,49.480,22.552,
2012-09-17,6.869,3.659,0.960,1.223,25.110,0.820,0.482,0.559,31.979,0.879,0.249,0.017,49.730,22.554,
2012-09-18,6.865,3.662,0.960,1.223,25.115,0.822,0.479,0.559,31.979,0.880,0.249,0.017,49.170,22.556,
2012-09-19,6.860,3.665,0.961,1.224,25.119,0.824,0.476,0.560,31.979,0.880,0.250,0.018,48.860,22.557,
2012-09-20,6.855,3.668,0.961,1.225,25.124,0.826,0.473,0.561,31.979,0.881,0.251,0.018,47.410,22.559,
2012-09-21,6.850,3.671,0.962,1.225,25.129,0.828,0.470,0.561,31.979,0.881,0.251,0.018,47.500,22.560,
2012-09-24,6.845,3.674,0.962,1.226,25.133,0.830,0.467,0.562,31.979,0.882,0.252,0.018,47.230,22.562,
2012-09-25,6.840,3.677,0.962,1.226,25.138,0.832,0.465,0.562,31.979,0.883,0.252,0.018,46.340,22.564,
2012-09-26,6.836,3.681,0.963,1.227,25.143,0.834,0.462,0.563,31.978,0.883,0.253,0.018,45.960,22.565,
2012-09-27,6.831,3.684,0.963,1.228,25.148,0.836,0.459,0.564,31.978,0.884,0.254,0.018,46.210,22.567,
2012-09-28,6.826,3.687,0.964,1.228,25.152,0.838,0.456,0.564,31.978,0.884,0.254,0.018,46.170,22.568,
2012-09-30,6.821,3.690,0.964,1.229,25.157,0.840,0.453,0.565,31.978,0.885,0.255,0.018,46.000,22.570,
2012-10-01,6.822,3.691,0.959,1.221,25.166,0.842,0.465,0.562,31.988,0.883,0.256,0.018,45.830,22.579,
2012-10-02,6.823,3.691,0.954,1.213,25.174,0.845,0.477,0.560,31.998,0.881,0.257,0.017,46.150,22.588,
2012-10-03,6.824,3.692,0.949,1.204,25.183,0.847,0.488,0.557,32.007,0.879,0.258,0.017,46.360,22.596,
2012-10-04,6.826,3.693,0.945,1.196,25.192,0.850,0.500,0.554,32.017,0.877,0.259,0.017,46.260,22.605,
2012-10-05,6.827,3.693,0.940,1.188,25.200,0.852,0.512,0.552,32.027,0.875,0.260,0.017,46.290,22.614,
2012-10-08,6.828,3.694,0.935,1.180,25.209,0.855,0.524,0.549,32.037,0.873,0.261,0.017,46.340,22.623,
2012-10-09,6.829,3.695,0.930,1.172,25.218,0.857,0.536,0.546,32.047,0.871,0.262,0.017,46.150,22.631,
2012-10-10,6.830,3.695,0.925,1.163,25.226,0.859,0.547,0.544,32.057,0.869,0.263,0.017,46.390,22.640,
2012-10-11,6.831,3.696,0.920,1.155,25.235,0.862,0.559,0.541,32.066,0.867,0.264,0.017,46.400,22.649,
2012-10-12,6.833,3.696,0.915,1.147,25.244,0.864,0.571,0.538,32.076,0.865,0.265,0.017,46.200,22.658,
2012-10-15,6.834,3.697,0.911,1.139,25.252,0.867,0.583,0.536,32.086,0.863,0.266,0.017,46.420,22.666,
2012-10-16,6.835,3.698,0.906,1.131,25.261,0.869,0.595,0.533,32.096,0.861,0.267,0.017,46.680,22.675,
2012-10-17,6.836,3.698,0.901,1.122,25.270,0.871,0.606,0.530,32.106,0.859,0.268,0.017,46.330,22.684,
2012-10-18,6.837,3.699,0.896,1.114,25.278,0.874,0.618,0.528,32.116,0.857,0.269,0.016,46.930,22.693,
2012-10-19,6.838,3.700,0.891,1.106,25.287,0.876,0.630,0.525,32.125,0.855,0.270,0.016,46.540,22.701,
2012-10-22,6.840,3.700,0.886,1.098,25.296,0.879,0.642,0.522,32.135,0.853,0.270,0.016,46.360,22.710,
2012-10-23,6.841,3.701,0.881,1.090,25.304,0.881,0.654,0.520,32.145,0.851,0.271,0.016,45.780,22.719,
2012-10-24,6.842,3.702,0.877,1.082,25.313,0.884,0.666,0.517,32.155,0.849,0.272,0.016,45.830,22.728,
2012-10-25,6.843,3.702,0.872,1.073,25.322,0.886,0.677,0.514,32.165,0.847,0.273,0.016,45.910,22.736,
2012-10-26,6.844,3.703,0.867,1.065,25.330,0.888,0.689,0.512,32.174,0.845,0.274,0.016,45.560,22.745,
2012-10-31,6.845,3.704,0.862,1.057,25.339,0.891,0.701,0.509,32.184,0.843,0.275,0.016,46.140,22.754,
2012-11-01,6.847,3.704,0.857,1.049,25.348,0.893,0.713,0.506,32.194,0.841,0.276,0.016,46.240,22.763,
2012-11-02,6.848,3.705,0.852,1.041,25.356,0.896,0.725,0.504,32.204,0.839,0.277,0.016,47.210,22.771,
2012-11-05,6.849,3.705,0.847,1.032,25.365,0.898,0.736,0.501,32.214,0.837,0.278,0.016,46.900,22.780,
2012-11-06,6.850,3.706,0.843,1.024,25.374,0.900,0.748,0.498,32.224,0.835,0.279,0.015,47.130,22.789,
2012-11-07,6.851,3.707,0.838,1.016,25.382,0.903,0.760,0.496,32.233,0.833,0.280,0.015,47.200,22.798,
2012-11-08,6.852,3.707,0.833,1.008,25.391,0.905,0.772,0.493,32.243,0.831,0.281,0.015,46.730,22.806,
2012-11-09,6.854,3.708,0.828,1.000,25.400,0.908,0.784,0.490,32.253,0.829,0.282,0.015,46.080,22.815,
2012-11-12,6.855,3.709,0.823,0.991,25.408,0.910,0.795,0.488,32.263,0.827,0.283,0.015,46.120,22.824,
2012-11-13,6.856,3.709,0.818,0.983,25.417,0.913,0.807,0.485,32.273,0.825,0.284,0.015,46.020,22.833,
2012-11-14,6.857,3.710,0.814,0.975,25.426,0.915,0.819,0.482,32.283,0.823,0.285,0.015,44.910,22.842,
2012-11-15,6.858,3.711,0.809,0.967,25.434,0.917,0.831,0.480,32.292,0.821,0.286,0.015,44.480,22.850,
2012-11-16,6.859,3.711,0.804,0.959,25.443,0.920,0.843,0.477,32.302,0.819,0.287,0.015,44.540,22.859,
2012-11-19,6.860,3.712,0.799,0.950,25.451,0.922,0.854,0.475,32.312,0.817,0.288,0.015,45.150,22.868,
2012-11-20,6.862,3.713,0.794,0.942,25.460,0.925,0.866,0.472,32.322,0.815,0.289,0.015,45.590,22.877,
2012-11-21,6.863,3.713,0.789,0.934,25.469,0.927,0.878,0.469,32.332,0.813,0.290,0.015,45.530,22.885,
2012-11-23,6.864,3.714,0.784,0.926,25.477,0.930,0.890,0.467,32.341,0.811,0.291,0.014,45.960,22.894,
2012-11-26,6.865,3.715,0.780,0.918,25.486,0.932,0.902,0.464,32.351,0.809,0.292,0.014,46.120,22.903,
2012-11-27,6.866,3.715,0.775,0.909,25.495,0.934,0.913,0.461,32.361,0.807,0.293,0.014,45.780,22.912,
2012-11-28,6.867,3.716,0.770,0.901,25.503,0.937,0.925,0.459,32.371,0.805,0.294,0.014,45.540,22.920,
2012-11-29,6.869,3.716,0.765,0.893,25.512,0.939,0.937,0.456,32.381,0.803,0.295,0.014,45.850,22.929,
2012-11-30,6.870,3.717,0.760,0.885,25.521,0.942,0.949,0.453,32.391,0.801,0.296,0.014,46.120,22.938,
2012-12-03,6.871,3.718,0.755,0.877,25.529,0.944,0.961,0.451,32.400,0.799,0.297,0.014,46.330,22.947,
2012-12-04,6.872,3.718,0.750,0.868,25.538,0.946,0.972,0.448,32.410,0.797,0.298,0.014,46.240,22.955,
2012-12-05,6.873,3.719,0.746,0.860,25.547,0.949,0.984,0.445,32.420,0.795,0.299,0.014,46.160,22.964,
2012-12-06,6.874,3.720,0.741,0.852,25.555,0.951,0.996,0.443,32.430,0.793,0.300,0.014,46.810,22.973,
2012-12-07,6.876,3.720,0.736,0.844,25.564,0.954,1.008,0.440,32.440,0.791,0.300,0.014,47.180,22.982,
2012-12-10,6.877,3.721,0.731,0.836,25.573,0.956,1.020,0.437,32.449,0.789,0.301,0.013,47.300,22.990,
2012-12-11,6.878,3.722,0.726,0.828,25.581,0.959,1.032,0.435,32.459,0.787,0.302,0.013,47.510,22.999,
2012-12-12,6.879,3.722,0.721,0.819,25.590,0.961,1.043,0.432,32.469,0.785,0.303,0.013,47.410,23.008,
2012-12-13,6.880,3.723,0.716,0.811,25.599,0.963,1.055,0.429,32.479,0.783,0.304,0.013,46.680,23.017,
2012-12-14,6.881,3.724,0.712,0.803,25.607,0.966,1.067,0.427,32.489,0.781,0.305,0.013,46.700,23.025,
2012-12-17,6.883,3.724,0.707,0.795,25.616,0.968,1.079,0.424,32.499,0.779,0.306,0.013,47.130,23.034,
2012-12-18,6.884,3.725,0.702,0.787,25.625,0.971,1.091,0.421,32.508,0.777,0.307,0.013,47.540,23.043,
2012-12-19,6.885,3.725,0.697,0.778,25.633,0.973,1.102,0.419,32.518,0.775,0.308,0.013,47.410,23.052,
2012-12-20,6.886,3.726,0.692,0.770,25.642,0.975,1.114,0.416,32.528,0.773,0.309,0.013,47.920,23.060,
2012-12-21,6.887,3.727,0.687,0.762,25.651,0.978,1.126,0.413,32.538,0.771,0.310,0.013,47.840,23.069,
2012-12-24,6.888,3.727,0.682,0.754,25.659,0.980,1.138,0.411,32.548,0.769,0.311,0.013,47.880,23.078,
2012-12-26,6.890,3.728,0.678,0.746,25.668,0.983,1.150,0.408,32.558,0.767,0.312,0.013,47.580,23.087,
2012-12-27,6.891,3.729,0.673,0.737,25.677,0.985,1.161,0.405,32.567,0.765,0.313,0.012,47.870,23.095,
2012-12-28,6.892,3.729,0.668,0.729,25.685,0.988,1.173,0.403,32.577,0.763,0.314,0.012,47.300,23.104,
2012-12-31,6.893,3.730,0.663,0.721,25.694,0.990,1.185,0.400,32.587,0.761,0.315,0.012,47.920,23.113,
2013-01-02,6.892,3.729,0.668,0.729,25.684,0.989,1.179,0.403,32.576,0.763,0.314,0.012,49.540,23.104,
2013-01-03,6.891,3.728,0.673,0.737,25.673,0.987,1.173,0.405,32.564,0.765,0.314,0.012,49.140,23.095,
2013-01-04,6.890,3.727,0.678,0.745,25.663,0.986,1.168,0.408,32.553,0.767,0.313,0.013,49.160,23.086,
2013-01-07,6.888,3.726,0.683,0.753,25.653,0.985,1.162,0.410,32.541,0.769,0.313,0.013,49.510,23.078,
2013-01-08,6.887,3.725,0.688,0.761,25.642,0.983,1.156,0.413,32.530,0.771,0.312,0.013,49.330,23.069,
2013-01-09,6.886,3.724,0.693,0.770,25.632,0.982,1.150,0.416,32.518,0.773,0.312,0.013,49.570,23.060,
2013-01-10,6.885,3.723,0.698,0.778,25.622,0.981,1.144,0.418,32.507,0.775,0.311,0.013,49.570,23.051,
2013-01-11,6.884,3.722,0.703,0.786,25.611,0.980,1.138,0.421,32.495,0.777,0.311,0.013,49.590,23.042,
2013-01-14,6.883,3.721,0.708,0.794,25.601,0.978,1.133,0.423,32.484,0.779,0.310,0.013,49.420,23.033,
2013-01-15,6.882,3.720,0.713,0.802,25.591,0.977,1.127,0.426,32.472,0.781,0.310,0.013,49.660,23.024,
2013-01-16,6.880,3.719,0.718,0.810,25.580,0.976,1.121,0.428,32.461,0.782,0.309,0.013,49.510,23.016,
2013-01-17,6.879,3.718,0.723,0.818,25.570,0.974,1.115,0.431,32.449,0.784,0.309,0.013,49.570,23.007,
2013-01-18,6.878,3.717,0.728,0.826,25.560,0.973,1.109,0.434,32.438,0.786,0.308,0.013,49.560,22.998,
2013-01-22,6.877,3.716,0.733,0.834,25.549,0.972,1.104,0.436,32.426,0.788,0.308,0.013,49.890,22.989,
2013-01-23,6.876,3.715,0.738,0.842,25.539,0.970,1.098,0.439,32.415,0.790,0.307,0.014,50.060,22.980,
2013-01-24,6.875,3.714,0.742,0.851,25.528,0.969,1.092,0.441,32.403,0.792,0.307,0.014,50.270,22.971,
2013-01-25,6.873,3.713,0.747,0.859,25.518,0.968,1.086,0.444,32.392,0.794,0.306,0.014,50.330,22.963,
2013-01-28,6.872,3.712,0.752,0.867,25.508,0.966,1.080,0.447,32.380,0.796,0.306,0.014,50.440,22.954,
2013-01-29,6.871,3.711,0.757,0.875,25.497,0.965,1.074,0.449,32.369,0.798,0.305,0.014,50.460,22.945,
2013-01-30,6.870,3.710,0.762,0.883,25.487,0.964,1.069,0.452,32.357,0.800,0.305,0.014,50.030,22.936,
2013-01-31,6.869,3.709,0.767,0.891,25.477,0.962,1.063,0.454,32.346,0.802,0.304,0.014,49.650,22.927,
2013-02-01,6.868,3.708,0.772,0.899,25.466,0.961,1.057,0.457,32.334,0.804,0.303,0.014,50.210,22.918,
2013-02-04,6.867,3.707,0.777,0.907,25.456,0.960,1.051,0.460,32.323,0.806,0.303,0.014,50.380,22.909,
2013-02-05,6.865,3.706,0.782,0.915,25.446,0.959,1.045,0.462,32.311,0.808,0.302,0.014,50.140,22.901,
2013-02-06,6.864,3.705,0.787,0.923,25.435,0.957,1.040,0.465,32.300,0.810,0.302,0.014,50.120,22.892,
2013-02-07,6.863,3.704,0.792,0.932,25.425,0.956,1.034,0.467,32.288,0.812,0.301,0.015,49.840,22.883,
2013-02-08,6.862,3.703,0.797,0.940,25.415,0.955,1.028,0.470,32.277,0.814,0.301,0.015,50.450,22.874,
2013-02-11,6.861,3.702,0.802,0.948,25.404,0.953,1.022,0.473,32.265,0.816,0.300,0.015,50.680,22.865,
2013-02-12,6.860,3.701,0.807,0.956,25.394,0.952,1.016,0.475,32.254,0.818,0.300,0.015,50.520,22.856,
2013-02-13,6.859,3.700,0.812,0.964,25.384,0.951,1.010,0.478,32.242,0.820,0.299,0.015,50.230,22.847,
2013-02-14,6.857,3.700,0.817,0.972,25.373,0.949,1.005,0.480,32.231,0.821,0.299,0.015,49.770,22.839,
2013-02-15,6.856,3.699,0.822,0.980,25.363,0.948,0.999,0.483,32.219,0.823,0.298,0.015,49.570,22.830,
2013-02-19,6.855,3.698,0.827,0.988,25.353,0.947,0.993,0.485,32.208,0.825,0.298,0.015,49.750,22.821,
2013-02-20,6.854,3.697,0.832,0.996,25.342,0.945,0.987,0.488,32.196,0.827,0.297,0.015,49.450,22.812,
2013-02-21,6.853,3.696,0.837,1.004,25.332,0.944,0.981,0.491,32.185,0.829,0.297,0.015,48.980,22.803,
2013-02-22,6.852,3.695,0.842,1.013,25.322,0.943,0.975,0.493,32.173,0.831,0.296,0.015,49.510,22.794,
2013-02-25,6.851,3.694,0.847,1.021,25.311,0.941,0.970,0.496,32.162,0.833,0.296,0.015,48.780,22.785,
2013-02-26,6.849,3.693,0.852,1.029,25.301,0.940,0.964,0.498,32.150,0.835,0.295,0.016,48.940,22.777,
2013-02-27,6.848,3.692,0.857,1.037,25.291,0.939,0.958,0.501,32.139,0.837,0.295,0.016,49.350,22.768,
2013-02-28,6.847,3.691,0.862,1.045,25.280,0.938,0.952,0.504,32.127,0.839,0.294,0.016,49.240,22.759,
2013-03-01,6.846,3.690,0.867,1.053,25.270,0.936,0.946,0.506,32.116,0.841,0.293,0.016,49.590,22.750,
2013-03-04,6.845,3.689,0.872,1.061,25.260,0.935,0.941,0.509,32.104,0.843,0.293,0.016,50.050,22.741,
2013-03-05,6.844,3.688,0.877,1.069,25.249,0.934,0.935,0.511,32.093,0.845,0.292,0.016,50.410,22.732,
2013-03-06,6.843,3.687,0.882,1.077,25.239,0.932,0.929,0.514,32.081,0.847,0.292,0.016,50.190,22.723,
2013-03-07,6.841,3.686,0.887,1.085,25.229,0.931,0.923,0.517,32.070,0.849,0.291,0.016,49.620,22.715,
2013-03-08,6.840,3.685,0.891,1.094,25.218,0.930,0.917,0.519,32.058,0.851,0.291,0.016,49.600,22.706,
2013-03-11,6.839,3.684,0.896,1.102,25.208,0.928,0.911,0.522,32.047,0.853,0.290,0.016,49.910,22.697,
2013-03-12,6.838,3.683,0.901,1.110,25.197,0.927,0.906,0.524,32.035,0.855,0.290,0.016,49.450,22.688,
2013-03-13,6.837,3.682,0.906,1.118,25.187,0.926,0.900,0.527,32.024,0.857,0.289,0.016,49.380,22.679,
2013-03-14,6.836,3.681,0.911,1.126,25.177,0.924,0.894,0.530,32.012,0.859,0.289,0.017,49.560,22.670,
2013-03-15,6.834,3.680,0.916,1.134,25.166,0.923,0.888,0.532,32.001,0.860,0.288,0.017,49.470,22.662,
2013-03-18,6.833,3.679,0.921,1.142,25.156,0.922,0.882,0.535,31.989,0.862,0.288,0.017,49.200,22.653,
2013-03-19,6.832,3.678,0.926,1.150,25.146,0.920,0.877,0.537,31.978,0.864,0.287,0.017,48.700,22.644,
2013-03-20,6.831,3.677,0.931,1.158,25.135,0.919,0.871,0.540,31.966,0.866,0.287,0.017,49.120,22.635,
2013-03-21,6.830,3.676,0.936,1.166,25.125,0.918,0.865,0.542,31.955,0.868,0.286,0.017,49.000,22.626,
2013-03-22,6.829,3.675,0.941,1.175,25.115,0.917,0.859,0.545,31.943,0.870,0.286,0.017,49.330,22.617,
2013-03-25,6.828,3.674,0.946,1.183,25.104,0.915,0.853,0.548,31.932,0.872,0.285,0.017,49.400,22.608,
2013-03-26,6.826,3.673,0.951,1.191,25.094,0.914,0.847,0.550,31.920,0.874,0.285,0.017,49.390,22.600,
2013-03-27,6.825,3.672,0.956,1.199,25.084,0.913,0.842,0.553,31.909,0.876,0.284,0.017,49.350,22.591,
2013-03-28,6.824,3.671,0.961,1.207,25.073,0.911,0.836,0.555,31.897,0.878,0.284,0.017,49.150,22.582,
2013-03-31,6.823,3.670,0.966,1.215,25.063,0.910,0.830,0.558,31.886,0.880,0.283,0.017,49.290,22.573,
2013-04-01,6.823,3.670,0.965,1.213,25.065,0.913,0.834,0.557,31.888,0.879,0.284,0.017,49.430,22.575,
2013-04-02,6.822,3.671,0.963,1.211,25.067,0.916,0.838,0.557,31.890,0.879,0.285,0.017,49.940,22.577,
2013-04-03,6.822,3.671,0.962,1.209,25.070,0.919,0.842,0.556,31.892,0.878,0.286,0.017,50.260,22.578,
2013-04-04,6.822,3.672,0.961,1.207,25.072,0.922,0.846,0.555,31.894,0.878,0.287,0.017,50.760,22.580,
2013-04-05,6.822,3.672,0.959,1.205,25.074,0.925,0.850,0.554,31.896,0.877,0.287,0.017,51.570,22.582,
2013-04-08,6.821,3.673,0.958,1.203,25.076,0.928,0.855,0.554,31.898,0.876,0.288,0.017,52.470,22.584,
2013-04-09,6.821,3.673,0.957,1.201,25.079,0.930,0.859,0.553,31.900,0.876,0.289,0.017,52.470,22.585,
2013-04-10,6.821,3.674,0.955,1.199,25.081,0.933,0.863,0.552,31.902,0.875,0.290,0.017,52.980,22.587,
2013-04-11,6.821,3.674,0.954,1.197,25.083,0.936,0.867,0.551,31.904,0.875,0.291,0.017,54.070,22.589,
2013-04-12,6.820,3.675,0.953,1.195,25.085,0.939,0.871,0.551,31.906,0.874,0.292,0.017,53.880,22.591,
2013-04-15,6.820,3.675,0.951,1.193,25.088,0.942,0.875,0.550,31.908,0.873,0.293,0.017,52.880,22.592,
2013-04-16,6.820,3.676,0.950,1.191,25.090,0.945,0.879,0.549,31.910,0.873,0.294,0.017,54.130,22.594,
2013-04-17,6.820,3.676,0.949,1.189,25.092,0.948,0.883,0.548,31.912,0.872,0.294,0.017,53.610,22.596,
2013-04-18,6.819,3.676,0.947,1.187,25.094,0.951,0.887,0.548,31.914,0.872,0.295,0.017,53.650,22.598,
2013-04-19,6.819,3.677,0.946,1.185,25.097,0.954,0.891,0.547,31.916,0.871,0.296,0.017,54.640,22.600,
2013-04-22,6.819,3.677,0.945,1.183,25.099,0.957,0.895,0.546,31.918,0.870,0.297,0.017,54.450,22.601,
2013-04-23,6.819,3.678,0.944,1.181,25.101,0.960,0.900,0.545,31.920,0.870,0.298,0.017,54.620,22.603,
2013-04-24,6.818,3.678,0.942,1.179,25.103,0.963,0.904,0.545,31.922,0.869,0.299,0.017,54.870,22.605,
2013-04-25,6.818,3.679,0.941,1.177,25.106,0.966,0.908,0.544,31.924,0.869,0.300,0.017,54.610,22.607,
2013-04-26,6.818,3.679,0.940,1.175,25.108,0.968,0.912,0.543,31.926,0.868,0.301,0.017,54.490,22.608,
2013-04-29,6.818,3.680,0.938,1.173,25.110,0.971,0.916,0.542,31.928,0.867,0.301,0.017,54.600,22.610,
2013-04-30,6.817,3.680,0.937,1.171,25.112,0.974,0.920,0.542,31.930,0.867,0.302,0.017,55.250,22.612,
2013-05-01,6.817,3.681,0.936,1.169,25.115,0.977,0.924,0.541,31.932,0.866,0.303,0.017,54.780,22.614,
2013-05-02,6.817,3.681,0.934,1.167,25.117,0.980,0.928,0.540,31.934,0.866,0.304,0.017,55.240,22.615,
2013-05-03,6.816,3.682,0.933,1.165,25.119,0.983,0.932,0.540,31.936,0.865,0.305,0.017,55.670,22.617,
2013-05-06,6.816,3.682,0.932,1.163,25.121,0.986,0.936,0.539,31.938,0.864,0.306,0.017,55.650,22.619,
2013-05-07,6.816,3.682,0.930,1.161,25.124,0.989,0.940,0.538,31.940,0.864,0.307,0.017,55.500,22.621,
2013-05-08,6.816,3.683,0.929,1.159,25.126,0.992,0.945,0.537,31.942,0.863,0.308,0.017,55.950,22.623,
2013-05-09,6.815,3.683,0.928,1.157,25.128,0.995,0.949,0.537,31.944,0.863,0.308,0.017,55.510,22.624,
2013-05-10,6.815,3.684,0.926,1.155,25.130,0.998,0.953,0.536,31.946,0.862,0.309,0.017,55.650,22.626,
2013-05-13,6.815,3.684,0.925,1.153,25.133,1.001,0.957,0.535,31.948,0.861,0.310,0.017,55.830,22.628,
2013-05-14,6.815,3.685,0.924,1.151,25.135,1.004,0.961,0.534,31.950,0.861,0.311,0.017,55.610,22.630,
2013-05-15,6.814,3.685,0.922,1.149,25.137,1.006,0.965,0.534,31.951,0.860,0.312,0.017,55.730,22.631,
2013-05-16,6.814,3.686,0.921,1.147,25.139,1.009,0.969,0.533,31.953,0.860,0.313,0.017,55.090,22.633,
2013-05-17,6.814,3.686,0.920,1.145,25.142,1.012,0.973,0.532,31.955,0.859,0.314,0.017,55.800,22.635,
2013-05-20,6.814,3.687,0.918,1.143,25.144,1.015,0.977,0.531,31.957,0.858,0.315,0.017,55.520,22.637,
2013-05-21,6.813,3.687,0.917,1.141,25.146,1.018,0.981,0.531,31.959,0.858,0.315,0.017,55.920,22.638,
2013-05-22,6.813,3.688,0.916,1.139,25.148,1.021,0.986,0.530,31.961,0.857,0.316,0.017,54.620,22.640,
2013-05-23,6.813,3.688,0.914,1.137,25.151,1.024,0.990,0.529,31.963,0.857,0.317,0.017,53.860,22.642,
2013-05-24,6.813,3.688,0.913,1.135,25.153,1.027,0.994,0.528,31.965,0.856,0.318,0.017,54.130,22.644,
2013-05-28,6.812,3.689,0.912,1.133,25.155,1.030,0.998,0.528,31.967,0.855,0.319,0.017,54.430,22.646,
2013-05-29,6.812,3.689,0.910,1.131,25.157,1.033,1.002,0.527,31.969,0.855,0.320,0.016,53.320,22.647,
2013-05-30,6.812,3.690,0.909,1.129,25.160,1.036,1.006,0.526,31.971,0.854,0.321,0.016,52.740,22.649,
2013-05-31,6.811,3.690,0.908,1.127,25.162,1.039,1.010,0.526,31.973,0.854,0.322,0.016,51.640,22.651,
2013-06-03,6.811,3.691,0.906,1.125,25.164,1.042,1.014,0.525,31.975,0.853,0.322,0.016,51.710,22.653,
2013-06-04,6.811,3.691,0.905,1.123,25.166,1.044,1.018,0.524,31.977,0.852,0.323,0.016,51.400,22.654,
2013-06-05,6.811,3.692,0.904,1.121,25.169,1.047,1.022,0.523,31.979,0.852,0.324,0.016,50.860,22.656,
2013-06-06,6.810,3.692,0.902,1.119,25.171,1.050,1.026,0.523,31.981,0.851,0.325,0.016,51.680,22.658,
2013-06-07,6.810,3.693,0.901,1.117,25.173,1.053,1.031,0.522,31.983,0.851,0.326,0.016,51.890,22.660,
2013-06-10,6.810,3.693,0.900,1.115,25.175,1.056,1.035,0.521,31.985,0.850,0.327,0.016,51.280,22.661,
2013-06-11,6.810,3.694,0.899,1.113,25.178,1.059,1.039,0.520,31.987,0.849,0.328,0.016,50.330,22.663,
2013-06-12,6.809,3.694,0.897,1.111,25.180,1.062,1.043,0.520,31.989,0.849,0.329,0.016,49.540,22.665,
2013-06-13,6.809,3.694,0.896,1.109,25.182,1.065,1.047,0.519,31.991,0.848,0.329,0.016,51.220,22.667,
2013-06-14,6.809,3.695,0.895,1.107,25.184,1.068,1.051,0.518,31.993,0.848,0.330,0.016,51.520,22.669,
2013-06-17,6.809,3.695,0.893,1.105,25.187,1.071,1.055,0.517,31.995,0.847,0.331,0.016,52.280,22.670,
2013-06-18,6.808,3.696,0.892,1.103,25.189,1.074,1.059,0.517,31.997,0.846,0.332,0.016,51.910,22.672,
2013-06-19,6.808,3.696,0.891,1.101,25.191,1.077,1.063,0.516,31.999,0.846,0.333,0.016,50.420,22.674,
2013-06-20,6.808,3.697,0.889,1.099,25.193,1.080,1.067,0.515,32.001,0.845,0.334,0.016,47.960,22.676,
2013-06-21,6.808,3.697,0.888,1.097,25.196,1.082,1.071,0.514,32.003,0.845,0.335,0.016,48.580,22.677,
2013-06-24,6.807,3.698,0.887,1.095,25.198,1.085,1.076,0.514,32.005,0.844,0.336,0.016,48.080,22.679,
2013-06-25,6.807,3.698,0.885,1.093,25.200,1.088,1.080,0.513,32.007,0.843,0.336,0.016,48.660,22.681,
2013-06-26,6.807,3.699,0.884,1.091,25.202,1.091,1.084,0.512,32.009,0.843,0.337,0.016,49.110,22.683,
2013-06-27,6.807,3.699,0.883,1.089,25.205,1.094,1.088,0.511,32.011,0.842,0.338,0.016,49.850,22.684,
2013-06-28,6.806,3.700,0.881,1.087,25.207,1.097,1.092,0.511,32.013,0.842,0.339,0.016,49.000,22.686,
2013-06-30,6.806,3.700,0.880,1.085,25.209,1.100,1.096,0.510,32.015,0.841,0.340,0.016,48.960,22.688,
2013-07-01,6.806,3.700,0.881,1.086,25.211,1.098,1.096,0.511,32.016,0.842,0.340,0.016,48.920,22.689,
2013-07-02,6.806,3.701,0.882,1.087,25.212,1.097,1.096,0.511,32.018,0.842,0.339,0.016,50.470,22.689,
2013-07-03,6.806,3.701,0.882,1.088,25.214,1.095,1.096,0.512,32.020,0.843,0.339,0.016,49.340,22.690,
2013-07-05,6.806,3.701,0.883,1.089,25.215,1.094,1.096,0.512,32.021,0.844,0.338,0.016,49.490,22.691,
2013-07-08,6.806,3.702,0.884,1.090,25.217,1.092,1.096,0.513,32.022,0.845,0.338,0.016,49.410,22.691,
2013-07-09,6.806,3.702,0.885,1.091,25.218,1.091,1.096,0.514,32.024,0.845,0.337,0.016,50.190,22.692,
2013-07-10,6.806,3.702,0.886,1.092,25.220,1.089,1.096,0.514,32.026,0.846,0.337,0.016,49.900,22.693,
2013-07-11,6.806,3.702,0.887,1.093,25.221,1.088,1.096,0.515,32.027,0.847,0.336,0.016,50.920,22.693,
2013-07-12,6.806,3.703,0.887,1.094,25.223,1.086,1.096,0.515,32.028,0.847,0.336,0.016,50.580,22.694,
2013-07-15,6.806,3.703,0.888,1.095,25.224,1.084,1.096,0.516,32.030,0.848,0.336,0.016,50.550,22.695,
2013-07-16,6.806,3.703,0.889,1.096,25.226,1.083,1.097,0.517,32.032,0.849,0.335,0.016,50.580,22.695,
2013-07-17,6.806,3.704,0.890,1.097,25.227,1.081,1.097,0.517,32.033,0.850,0.335,0.016,50.520,22.696,
2013-07-18,6.806,3.704,0.891,1.098,25.229,1.080,1.097,0.518,32.034,0.850,0.334,0.016,51.120,22.697,
2013-07-19,6.806,3.704,0.891,1.099,25.230,1.078,1.097,0.518,32.036,0.851,0.334,0.016,51.190,22.697,
2013-07-22,6.806,3.705,0.892,1.100,25.232,1.077,1.097,0.519,32.038,0.852,0.333,0.016,51.530,22.698,
2013-07-23,6.806,3.705,0.893,1.100,25.234,1.075,1.097,0.520,32.039,0.852,0.333,0.016,51.510,22.698,
2013-07-24,6.805,3.705,0.894,1.101,25.235,1.073,1.097,0.520,32.040,0.853,0.333,0.016,51.020,22.699,
2013-07-25,6.805,3.706,0.895,1.102,25.237,1.072,1.097,0.521,32.042,0.854,0.332,0.016,50.830,22.700,
2013-07-26,6.805,3.706,0.895,1.103,25.238,1.070,1.097,0.521,32.044,0.855,0.332,0.016,51.060,22.700,
2013-07-29,6.805,3.706,0.896,1.104,25.240,1.069,1.097,0.522,32.045,0.855,0.331,0.016,50.600,22.701,
2013-07-30,6.805,3.707,0.897,1.105,25.241,1.067,1.097,0.522,32.046,0.856,0.331,0.016,50.190,22.702,
2013-07-31,6.805,3.707,0.898,1.106,25.243,1.066,1.097,0.523,32.048,0.857,0.330,0.016,49.670,22.702,
2013-08-01,6.805,3.707,0.899,1.107,25.244,1.064,1.097,0.524,32.050,0.858,0.330,0.016,49.330,22.703,
2013-08-02,6.805,3.708,0.900,1.108,25.246,1.062,1.097,0.524,32.051,0.858,0.330,0.016,48.910,22.704,
2013-08-05,6.805,3.708,0.900,1.109,25.247,1.061,1.097,0.525,32.053,0.859,0.329,0.016,48.690,22.704,
2013-08-06,6.805,3.708,0.901,1.110,25.249,1.059,1.097,0.525,32.054,0.860,0.329,0.016,48.520,22.705,
2013-08-07,6.805,3.708,0.902,1.111,25.250,1.058,1.097,0.526,32.056,0.860,0.328,0.016,48.680,22.706,
2013-08-08,6.805,3.709,0.903,1.112,25.252,1.056,1.097,0.527,32.057,0.861,0.328,0.016,48.520,22.706,
2013-08-09,6.805,3.709,0.904,1.113,25.253,1.055,1.097,0.527,32.059,0.862,0.327,0.016,49.020,22.707,
2013-08-12,6.805,3.709,0.904,1.114,25.255,1.053,1.097,0.528,32.060,0.863,0.327,0.016,48.810,22.708,
2013-08-13,6.805,3.710,0.905,1.115,25.256,1.052,1.097,0.528,32.062,0.863,0.326,0.016,48.160,22.708,
2013-08-14,6.805,3.710,0.906,1.116,25.258,1.050,1.098,0.529,32.063,0.864,0.326,0.016,47.380,22.709,
2013-08-15,6.805,3.710,0.907,1.117,25.260,1.048,1.098,0.530,32.064,0.865,0.326,0.017,46.450,22.710,
2013-08-16,6.805,3.711,0.908,1.118,25.261,1.047,1.098,0.530,32.066,0.865,0.325,0.017,45.090,22.710,
2013-08-19,6.805,3.711,0.908,1.119,25.263,1.045,1.098,0.531,32.067,0.866,0.325,0.017,44.450,22.711,
2013-08-20,6.805,3.711,0.909,1.120,25.264,1.044,1.098,0.531,32.069,0.867,0.324,0.017,45.290,22.712,
2013-08-21,6.805,3.712,0.910,1.121,25.266,1.042,1.098,0.532,32.070,0.868,0.324,0.017,44.980,22.712,
2013-08-22,6.805,3.712,0.911,1.122,25.267,1.041,1.098,0.533,32.072,0.868,0.323,0.017,45.420,22.713,
2013-08-23,6.805,3.712,0.912,1.123,25.269,1.039,1.098,0.533,32.073,0.869,0.323,0.017,45.770,22.714,
2013-08-26,6.805,3.713,0.913,1.124,25.270,1.038,1.098,0.534,32.075,0.870,0.322,0.017,45.660,22.714,
2013-08-27,6.805,3.713,0.913,1.125,25.272,1.036,1.098,0.534,32.076,0.870,0.322,0.017,45.230,22.715,
2013-08-28,6.805,3.713,0.914,1.126,25.273,1.034,1.098,0.535,32.078,0.871,0.322,0.017,45.080,22.716,
2013-08-29,6.805,3.713,0.915,1.127,25.275,1.033,1.098,0.536,32.079,0.872,0.321,0.017,45.410,22.716,
2013-08-30,6.805,3.714,0.916,1.128,25.276,1.031,1.098,0.536,32.081,0.873,0.321,0.017,45.190,22.717,
2013-09-03,6.805,3.714,0.917,1.129,25.278,1.030,1.098,0.537,32.082,0.873,0.320,0.017,44.820,22.718,
2013-09-04,6.805,3.714,0.917,1.130,25.279,1.028,1.098,0.537,32.084,0.874,0.320,0.017,44.860,22.718,
2013-09-05,6.805,3.715,0.918,1.131,25.281,1.027,1.098,0.538,32.085,0.875,0.319,0.017,44.230,22.719,
2013-09-06,6.804,3.715,0.919,1.132,25.282,1.025,1.098,0.538,32.087,0.876,0.319,0.017,44.980,22.720,
2013-09-09,6.804,3.715,0.920,1.132,25.284,1.023,1.098,0.539,32.088,0.876,0.319,0.017,46.070,22.720,
2013-09-10,6.804,3.716,0.921,1.133,25.286,1.022,1.098,0.540,32.090,0.877,0.318,0.017,46.160,22.721,
2013-09-11,6.804,3.716,0.921,1.134,25.287,1.020,1.098,0.540,32.091,0.878,0.318,0.017,46.280,22.721,
2013-09-12,6.804,3.716,0.922,1.135,25.289,1.019,1.098,0.541,32.093,0.878,0.317,0.017,46.020,22.722,
2013-09-13,6.804,3.717,0.923,1.136,25.290,1.017,1.098,0.541,32.094,0.879,0.317,0.017,46.090,22.723,
2013-09-16,6.804,3.717,0.924,1.137,25.292,1.016,1.099,0.542,32.096,0.880,0.316,0.017,47.080,22.723,
2013-09-17,6.804,3.717,0.925,1.138,25.293,1.014,1.099,0.543,32.097,0.881,0.316,0.017,46.990,22.724,
2013-09-18,6.804,3.718,0.926,1.139,25.295,1.012,1.099,0.543,32.099,0.881,0.316,0.017,47.930,22.725,
2013-09-19,6.804,3.718,0.926,1.140,25.296,1.011,1.099,0.544,32.100,0.882,0.315,0.017,47.950,22.725,
2013-09-20,6.804,3.718,0.927,1.141,25.298,1.009,1.099,0.544,32.102,0.883,0.315,0.017,46.860,22.726,
2013-09-23,6.804,3.718,0.928,1.142,25.299,1.008,1.099,0.545,32.103,0.883,0.314,0.017,46.950,22.727,
2013-09-24,6.804,3.719,0.929,1.143,25.301,1.006,1.099,0.546,32.105,0.884,0.314,0.017,46.550,22.727,
2013-09-25,6.804,3.719,0.930,1.144,25.302,1.005,1.099,0.546,32.106,0.885,0.313,0.017,46.620,22.728,
2013-09-26,6.804,3.719,0.930,1.145,25.304,1.003,1.099,0.547,32.108,0.886,0.313,0.017,46.940,22.729,
2013-09-27,6.804,3.720,0.931,1.146,25.305,1.002,1.099,0.547,32.109,0.886,0.312,0.017,46.580,22.729,
2013-09-30,6.804,3.720,0.932,1.147,25.307,1.000,1.099,0.548,32.111,0.887,0.312,0.017,46.000,22.730,
2013-10-01,6.804,3.722,0.932,1.146,25.326,1.004,1.108,0.548,32.130,0.887,0.313,0.017,46.400,22.729,
2013-10-02,6.805,3.725,0.932,1.145,25.344,1.007,1.118,0.549,32.149,0.888,0.314,0.017,47.030,22.728,
2013-10-03,6.805,3.728,0.932,1.145,25.363,1.011,1.127,0.549,32.168,0.888,0.315,0.017,46.160,22.727,
2013-10-04,6.805,3.730,0.932,1.144,25.382,1.014,1.136,0.550,32.187,0.889,0.316,0.017,46.280,22.726,
2013-10-07,6.805,3.733,0.932,1.143,25.400,1.018,1.145,0.550,32.206,0.889,0.317,0.017,46.870,22.725,
2013-10-08,6.806,3.735,0.932,1.142,25.419,1.022,1.154,0.550,32.225,0.890,0.319,0.017,46.240,22.724,
2013-10-09,6.806,3.738,0.932,1.142,25.438,1.025,1.164,0.551,32.244,0.890,0.320,0.017,46.310,22.723,
2013-10-10,6.806,3.740,0.932,1.141,25.456,1.029,1.173,0.551,32.263,0.890,0.321,0.017,47.390,22.722,
2013-10-11,6.807,3.742,0.931,1.140,25.475,1.032,1.182,0.552,32.282,0.891,0.322,0.017,47.780,22.722,
2013-10-14,6.807,3.745,0.931,1.139,25.494,1.036,1.192,0.552,32.301,0.891,0.323,0.017,47.880,22.721,
2013-10-15,6.807,3.748,0.931,1.138,25.512,1.040,1.201,0.552,32.320,0.892,0.324,0.017,47.760,22.720,
2013-10-16,6.808,3.750,0.931,1.138,25.531,1.043,1.210,0.553,32.339,0.892,0.325,0.017,48.770,22.719,
2013-10-17,6.808,3.752,0.931,1.137,25.550,1.047,1.219,0.553,32.358,0.892,0.326,0.017,49.210,22.718,
2013-10-18,6.808,3.755,0.931,1.136,25.568,1.050,1.228,0.553,32.377,0.893,0.327,0.017,49.020,22.717,
2013-10-21,6.808,3.758,0.931,1.135,25.587,1.054,1.238,0.554,32.396,0.893,0.328,0.017,48.640,22.716,
2013-10-22,6.809,3.760,0.931,1.134,25.606,1.058,1.247,0.554,32.414,0.894,0.330,0.017,49.560,22.715,
2013-10-23,6.809,3.762,0.931,1.134,25.624,1.061,1.256,0.555,32.433,0.894,0.331,0.017,49.270,22.714,
2013-10-24,6.809,3.765,0.931,1.133,25.643,1.065,1.266,0.555,32.452,0.895,0.332,0.017,49.800,22.713,
2013-10-25,6.810,3.768,0.931,1.132,25.662,1.068,1.275,0.555,32.471,0.895,0.333,0.017,49.550,22.712,
2013-10-28,6.810,3.770,0.931,1.131,25.680,1.072,1.284,0.556,32.490,0.895,0.334,0.017,48.880,22.711,
2013-10-29,6.810,3.772,0.931,1.131,25.699,1.075,1.293,0.556,32.509,0.896,0.335,0.017,48.610,22.710,
2013-10-30,6.811,3.775,0.931,1.130,25.718,1.079,1.302,0.557,32.528,0.896,0.336,0.017,48.360,22.709,
2013-10-31,6.811,3.778,0.931,1.129,25.736,1.083,1.312,0.557,32.547,0.897,0.337,0.017,47.950,22.708,
2013-11-01,6.811,3.780,0.931,1.128,25.755,1.086,1.321,0.557,32.566,0.897,0.338,0.017,48.590,22.708,
2013-11-04,6.811,3.782,0.930,1.127,25.774,1.090,1.330,0.558,32.585,0.898,0.339,0.017,48.750,22.707,
2013-11-05,6.812,3.785,0.930,1.127,25.792,1.093,1.340,0.558,32.604,0.898,0.340,0.017,48.150,22.706,
2013-11-06,6.812,3.788,0.930,1.126,25.811,1.097,1.349,0.559,32.623,0.898,0.342,0.017,48.450,22.705,
2013-11-07,6.812,3.790,0.930,1.125,25.830,1.101,1.358,0.559,32.642,0.899,0.343,0.017,48.190,22.704,
2013-11-08,6.813,3.792,0.930,1.124,25.848,1.104,1.367,0.559,32.661,0.899,0.344,0.017,47.470,22.703,
2013-11-11,6.813,3.795,0.930,1.124,25.867,1.108,1.376,0.560,32.680,0.900,0.345,0.017,47.310,22.702,
2013-11-12,6.813,3.798,0.930,1.123,25.886,1.111,1.386,0.560,32.699,0.900,0.346,0.017,46.480,22.701,
2013-11-13,6.814,3.800,0.930,1.122,25.904,1.115,1.395,0.560,32.718,0.901,0.347,0.017,46.440,22.700,
2013-11-14,6.814,3.802,0.930,1.121,25.923,1.119,1.404,0.561,32.737,0.901,0.348,0.017,47.180,22.699,
2013-11-15,6.814,3.805,0.930,1.120,25.942,1.122,1.414,0.561,32.756,0.901,0.349,0.017,47.630,22.698,
2013-11-18,6.814,3.808,0.930,1.120,25.961,1.126,1.423,0.562,32.775,0.902,0.350,0.017,47.300,22.697,
2013-11-19,6.815,3.810,0.930,1.119,25.979,1.129,1.432,0.562,32.794,0.902,0.351,0.017,47.200,22.696,
2013-11-20,6.815,3.812,0.930,1.118,25.998,1.133,1.441,0.562,32.813,0.903,0.352,0.017,46.550,22.695,
2013-11-21,6.815,3.815,0.930,1.117,26.017,1.137,1.451,0.563,32.832,0.903,0.354,0.017,46.750,22.694,
2013-11-22,6.816,3.818,0.930,1.117,26.035,1.140,1.460,0.563,32.851,0.903,0.355,0.017,46.410,22.693,
2013-11-25,6.816,3.820,0.930,1.116,26.054,1.144,1.469,0.564,32.870,0.904,0.356,0.017,46.180,22.693,
2013-11-26,6.816,3.822,0.929,1.115,26.073,1.147,1.478,0.564,32.889,0.904,0.357,0.017,46.580,22.692,
2013-11-27,6.816,3.825,0.929,1.114,26.091,1.151,1.488,0.564,32.908,0.905,0.358,0.017,47.070,22.691,
2013-11-29,6.817,3.828,0.929,1.113,26.110,1.155,1.497,0.565,32.927,0.905,0.359,0.017,46.490,22.690,
2013-12-02,6.817,3.830,0.929,1.113,26.129,1.158,1.506,0.565,32.946,0.906,0.360,0.017,46.180,22.689,
2013-12-03,6.817,3.832,0.929,1.112,26.147,1.162,1.515,0.566,32.965,0.906,0.361,0.017,46.190,22.688,
2013-12-04,6.818,3.835,0.929,1.111,26.166,1.165,1.524,0.566,32.984,0.906,0.362,0.017,46.340,22.687,
2013-12-05,6.818,3.838,0.929,1.110,26.185,1.169,1.534,0.566,33.003,0.907,0.363,0.017,46.790,22.686,
2013-12-06,6.818,3.840,0.929,1.110,26.203,1.172,1.543,0.567,33.022,0.907,0.364,0.017,47.390,22.685,
2013-12-09,6.819,3.842,0.929,1.109,26.222,1.176,1.552,0.567,33.040,0.908,0.366,0.017,47.700,22.684,
2013-12-10,6.819,3.845,0.929,1.108,26.241,1.180,1.562,0.568,33.059,0.908,0.367,0.017,47.510,22.683,
2013-12-11,6.819,3.848,0.929,1.107,26.259,1.183,1.571,0.568,33.078,0.909,0.368,0.017,46.670,22.682,
2013-12-12,6.819,3.850,0.929,1.106,26.278,1.187,1.580,0.568,33.097,0.909,0.369,0.017,46.030,22.681,
2013-12-13,6.820,3.852,0.929,1.106,26.297,1.190,1.589,0.569,33.116,0.909,0.370,0.017,47.040,22.680,
2013-12-16,6.820,3.855,0.929,1.105,26.315,1.194,1.598,0.569,33.135,0.910,0.371,0.017,47.250,22.679,
2013-12-17,6.820,3.858,0.929,1.104,26.334,1.198,1.608,0.569,33.154,0.910,0.372,0.017,47.340,22.678,
2013-12-18,6.821,3.860,0.929,1.103,26.353,1.201,1.617,0.570,33.173,0.911,0.373,0.017,48.110,22.678,
2013-12-19,6.821,3.862,0.928,1.102,26.371,1.205,1.626,0.570,33.192,0.911,0.374,0.017,47.780,22.677,
2013-12-20,6.821,3.865,0.928,1.102,26.390,1.208,1.636,0.571,33.211,0.911,0.375,0.017,48.000,22.676,
2013-12-23,6.822,3.867,0.928,1.101,26.409,1.212,1.645,0.571,33.230,0.912,0.377,0.017,47.770,22.675,
2013-12-24,6.822,3.870,0.928,1.100,26.427,1.216,1.654,0.571,33.249,0.912,0.378,0.017,47.820,22.674,
2013-12-26,6.822,3.872,0.928,1.099,26.446,1.219,1.663,0.572,33.268,0.913,0.379,0.017,47.850,22.673,
2013-12-27,6.822,3.875,0.928,1.099,26.465,1.223,1.672,0.572,33.287,0.913,0.380,0.017,47.540,22.672,
2013-12-30,6.823,3.878,0.928,1.098,26.483,1.226,1.682,0.573,33.306,0.914,0.381,0.017,47.590,22.671,
2013-12-31,6.823,3.880,0.928,1.097,26.502,1.230,1.691,0.573,33.325,0.914,0.382,0.017,47.210,22.670,
2014-01-02,6.824,3.878,0.928,1.098,26.492,1.228,1.680,0.573,33.316,0.914,0.381,0.017,47.240,22.678,
2014-01-03,6.824,3.876,0.928,1.099,26.482,1.226,1.669,0.573,33.306,0.913,0.381,0.017,47.820,22.687,
2014-01-06,6.825,3.875,0.928,1.100,26.472,1.224,1.658,0.572,33.297,0.913,0.380,0.017,48.140,22.695,
2014-01-07,6.826,3.873,0.929,1.101,26.462,1.221,1.647,0.572,33.288,0.913,0.379,0.017,48.110,22.704,
2014-01-08,6.826,3.871,0.929,1.102,26.452,1.219,1.635,0.572,33.278,0.912,0.379,0.017,47.940,22.712,
2014-01-09,6.827,3.869,0.929,1.103,26.442,1.217,1.624,0.572,33.269,0.912,0.378,0.017,47.900,22.721,
2014-01-10,6.828,3.867,0.929,1.104,26.432,1.215,1.613,0.572,33.260,0.911,0.377,0.017,48.360,22.729,
2014-01-13,6.828,3.866,0.929,1.105,26.422,1.213,1.602,0.571,33.250,0.911,0.377,0.017,48.200,22.738,
2014-01-14,6.829,3.864,0.929,1.106,26.412,1.211,1.591,0.571,33.241,0.911,0.376,0.017,48.530,22.746,
2014-01-15,6.830,3.862,0.930,1.107,26.402,1.209,1.580,0.571,33.232,0.910,0.375,0.017,48.820,22.755,
2014-01-16,6.830,3.860,0.930,1.108,26.392,1.207,1.569,0.571,33.222,0.910,0.375,0.017,48.890,22.763,
2014-01-17,6.831,3.858,0.930,1.109,26.382,1.204,1.558,0.571,33.213,0.910,0.374,0.017,48.680,22.772,
2014-01-21,6.832,3.857,0.930,1.110,26.372,1.202,1.547,0.570,33.204,0.909,0.373,0.017,49.050,22.780,
2014-01-22,6.832,3.855,0.930,1.111,26.362,1.200,1.535,0.570,33.194,0.909,0.373,0.017,48.910,22.789,
2014-01-23,6.833,3.853,0.930,1.112,26.352,1.198,1.524,0.570,33.185,0.909,0.372,0.017,48.500,22.797,
2014-01-24,6.834,3.851,0.931,1.113,26.342,1.196,1.513,0.570,33.176,0.908,0.372,0.017,47.580,22.806,
2014-01-27,6.834,3.849,0.931,1.114,26.332,1.194,1.502,0.570,33.166,0.908,0.371,0.017,47.190,22.814,
2014-01-28,6.835,3.848,0.931,1.115,26.322,1.192,1.491,0.569,33.157,0.908,0.370,0.017,47.230,22.823,
2014-01-29,6.836,3.846,0.931,1.116,26.312,1.190,1.480,0.569,33.148,0.907,0.370,0.017,46.790,22.831,
2014-01-30,6.836,3.844,0.931,1.117,26.302,1.187,1.469,0.569,33.138,0.907,0.369,0.017,47.510,22.840,
2014-01-31,6.837,3.842,0.931,1.118,26.292,1.185,1.458,0.569,33.129,0.906,0.368,0.017,48.100,22.848,
2014-02-03,6.838,3.840,0.932,1.119,26.282,1.183,1.446,0.569,33.120,0.906,0.368,0.017,46.960,22.856,
2014-02-04,6.838,3.839,0.932,1.120,26.272,1.181,1.435,0.568,33.110,0.906,0.367,0.017,47.650,22.865,
2014-02-05,6.839,3.837,0.932,1.121,26.262,1.179,1.424,0.568,33.101,0.905,0.366,0.017,47.810,22.873,
2014-02-06,6.840,3.835,0.932,1.122,26.252,1.177,1.413,0.568,33.092,0.905,0.366,0.017,48.250,22.882,
2014-02-07,6.840,3.833,0.932,1.123,26.242,1.175,1.402,0.568,33.082,0.905,0.365,0.017,48.760,22.890,
2014-02-10,6.841,3.831,0.932,1.124,26.232,1.172,1.391,0.568,33.073,0.904,0.364,0.017,49.180,22.899,
2014-02-11,6.842,3.830,0.933,1.125,26.222,1.170,1.380,0.567,33.064,0.904,0.364,0.017,49.450,22.907,
2014-02-12,6.842,3.828,0.933,1.126,26.212,1.168,1.369,0.567,33.054,0.904,0.363,0.017,49.060,22.916,
2014-02-13,6.843,3.826,0.933,1.127,26.202,1.166,1.358,0.567,33.045,0.903,0.362,0.017,49.310,22.924,
2014-02-14,6.844,3.824,0.933,1.127,26.191,1.164,1.346,0.567,33.036,0.903,0.362,0.017,49.760,22.933,
2014-02-18,6.845,3.822,0.933,1.128,26.181,1.162,1.335,0.567,33.027,0.902,0.361,0.017,49.780,22.941,
2014-02-19,6.845,3.820,0.933,1.129,26.171,1.160,1.324,0.567,33.017,0.902,0.360,0.017,49.760,22.950,
2014-02-20,6.846,3.819,0.934,1.130,26.161,1.158,1.313,0.566,33.008,0.902,0.360,0.017,49.670,22.958,
2014-02-21,6.847,3.817,0.934,1.131,26.151,1.155,1.302,0.566,32.999,0.901,0.359,0.017,49.560,22.967,
2014-02-24,6.847,3.815,0.934,1.132,26.141,1.153,1.291,0.566,32.989,0.901,0.358,0.017,49.670,22.975,
2014-02-25,6.848,3.813,0.934,1.133,26.131,1.151,1.280,0.566,32.980,0.901,0.358,0.017,49.500,22.984,
2014-02-26,6.849,3.811,0.934,1.134,26.121,1.149,1.269,0.566,32.971,0.900,0.357,0.017,50.030,22.992,
2014-02-27,6.849,3.810,0.934,1.135,26.111,1.147,1.258,0.565,32.961,0.900,0.356,0.017,49.820,23.001,
2014-02-28,6.850,3.808,0.935,1.136,26.101,1.145,1.246,0.565,32.952,0.900,0.356,0.017,50.100,23.009,
2014-03-03,6.851,3.806,0.935,1.137,26.091,1.143,1.235,0.565,32.943,0.899,0.355,0.017,50.300,23.017,
2014-03-04,6.851,3.804,0.935,1.138,26.081,1.140,1.224,0.565,32.933,0.899,0.354,0.017,51.050,23.026,
2014-03-05,6.852,3.802,0.935,1.139,26.071,1.138,1.213,0.565,32.924,0.898,0.354,0.017,50.980,23.034,
2014-03-06,6.853,3.801,0.935,1.140,26.061,1.136,1.202,0.564,32.915,0.898,0.353,0.017,50.810,23.043,
2014-03-07,6.853,3.799,0.935,1.141,26.051,1.134,1.191,0.564,32.905,0.898,0.352,0.017,50.230,23.051,
2014-03-10,6.854,3.797,0.936,1.142,26.041,1.132,1.180,0.564,32.896,0.897,0.352,0.017,49.980,23.060,
2014-03-11,6.855,3.795,0.936,1.143,26.031,1.130,1.169,0.564,32.887,0.897,0.351,0.017,50.350,23.068,
2014-03-12,6.855,3.793,0.936,1.144,26.021,1.128,1.157,0.564,32.877,0.897,0.351,0.017,50.400,23.077,
2014-03-13,6.856,3.792,0.936,1.145,26.011,1.126,1.146,0.563,32.868,0.896,0.350,0.017,50.240,23.085,
2014-03-14,6.857,3.790,0.936,1.146,26.001,1.123,1.135,0.563,32.859,0.896,0.349,0.017,50.030,23.094,
2014-03-17,6.857,3.788,0.936,1.147,25.991,1.121,1.124,0.563,32.849,0.896,0.349,0.017,50.540,23.102,
2014-03-18,6.858,3.786,0.937,1.148,25.981,1.119,1.113,0.563,32.840,0.895,0.348,0.017,50.780,23.111,
2014-03-19,6.859,3.784,0.937,1.149,25.971,1.117,1.102,0.563,32.831,0.895,0.347,0.017,49.590,23.119,
2014-03-20,6.859,3.783,0.937,1.150,25.961,1.115,1.091,0.562,32.821,0.895,0.347,0.017,49.800,23.128,
2014-03-21,6.860,3.781,0.937,1.151,25.951,1.113,1.080,0.562,32.812,0.894,0.346,0.017,50.100,23.136,
2014-03-24,6.861,3.779,0.937,1.152,25.941,1.111,1.069,0.562,32.803,0.894,0.345,0.017,49.800,23.145,
2014-03-25,6.861,3.777,0.937,1.153,25.931,1.109,1.057,0.562,32.793,0.893,0.345,0.017,50.290,23.153,
2014-03-26,6.862,3.775,0.938,1.154,25.921,1.106,1.046,0.562,32.784,0.893,0.344,0.017,49.550,23.162,
2014-03-27,6.863,3.774,0.938,1.155,25.911,1.104,1.035,0.561,32.775,0.893,0.343,0.017,50.130,23.170,
2014-03-28,6.863,3.772,0.938,1.156,25.901,1.102,1.024,0.561,32.765,0.892,0.343,0.017,50.900,23.179,
2014-03-31,6.864,3.770,0.938,1.157,25.891,1.100,1.013,0.561,32.756,0.892,0.342,0.017,50.940,23.187,
2014-04-01,6.852,3.774,0.938,1.157,25.868,1.103,1.023,0.561,32.722,0.892,0.343,0.017,51.250,23.167,2.119
2014-04-02,6.840,3.777,0.939,1.158,25.846,1.107,1.034,0.561,32.687,0.892,0.344,0.017,51.110,23.146,2.113
2014-04-03,6.828,3.781,0.939,1.158,25.823,1.110,1.044,0.561,32.653,0.892,0.345,0.017,51.080,23.126,2.107
2014-04-04,6.817,3.785,0.940,1.159,25.801,1.113,1.054,0.561,32.618,0.893,0.346,0.017,51.390,23.105,2.101
2014-04-07,6.805,3.788,0.940,1.159,25.778,1.117,1.065,0.561,32.584,0.893,0.347,0.017,51.920,23.085,2.096
2014-04-08,6.793,3.792,0.941,1.159,25.756,1.120,1.075,0.561,32.549,0.893,0.348,0.017,51.990,23.065,2.090
2014-04-09,6.781,3.796,0.941,1.160,25.733,1.123,1.086,0.561,32.515,0.893,0.349,0.017,52.030,23.044,2.084
2014-04-10,6.769,3.799,0.942,1.160,25.711,1.127,1.096,0.561,32.480,0.893,0.350,0.017,51.910,23.024,2.078
2014-04-11,6.757,3.803,0.942,1.161,25.688,1.130,1.106,0.561,32.446,0.893,0.351,0.017,51.700,23.003,2.072
2014-04-14,6.745,3.807,0.943,1.161,25.666,1.133,1.117,0.561,32.412,0.894,0.352,0.017,52.230,22.983,2.066
2014-04-15,6.733,3.810,0.943,1.161,25.643,1.137,1.127,0.561,32.377,0.894,0.353,0.017,52.810,22.962,2.060
2014-04-16,6.722,3.814,0.944,1.162,25.621,1.140,1.137,0.561,32.343,0.894,0.354,0.017,53.320,22.942,2.055
2014-04-17,6.710,3.817,0.944,1.162,25.598,1.143,1.148,0.561,32.308,0.894,0.355,0.017,52.780,22.922,2.049
2014-04-21,6.698,3.821,0.945,1.163,25.575,1.147,1.158,0.561,32.274,0.894,0.356,0.017,53.030,22.901,2.043
2014-04-22,6.686,3.825,0.945,1.163,25.553,1.150,1.168,0.561,32.239,0.894,0.357,0.017,53.030,22.881,2.037
2014-04-23,6.674,3.828,0.946,1.163,25.530,1.153,1.179,0.561,32.205,0.895,0.359,0.017,53.060,22.860,2.031
2014-04-24,6.662,3.832,0.946,1.164,25.508,1.157,1.189,0.561,32.170,0.895,0.360,0.017,53.180,22.840,2.025
2014-04-25,6.650,3.836,0.947,1.164,25.485,1.160,1.200,0.561,32.136,0.895,0.361,0.017,53.000,22.820,2.019
2014-04-28,6.638,3.839,0.947,1.165,25.463,1.163,1.210,0.561,32.102,0.895,0.362,0.018,53.240,22.799,2.014
2014-04-29,6.627,3.843,0.948,1.165,25.440,1.167,1.220,0.561,32.067,0.895,0.363,0.018,53.520,22.779,2.008
2014-04-30,6.615,3.847,0.948,1.165,25.418,1.170,1.231,0.561,32.033,0.895,0.364,0.018,53.820,22.758,2.002
2014-05-01,6.603,3.850,0.948,1.166,25.395,1.173,1.241,0.561,31.998,0.895,0.365,0.018,53.960,22.738,1.996
2014-05-02,6.591,3.854,0.949,1.166,25.373,1.177,1.251,0.561,31.964,0.896,0.366,0.018,53.780,22.718,1.995
2014-05-05,6.579,3.858,0.949,1.167,25.350,1.180,1.262,0.561,31.929,0.896,0.367,0.018,54.080,22.697,1.994
2014-05-06,6.567,3.861,0.950,1.167,25.328,1.183,1.272,0.561,31.895,0.896,0.368,0.018,53.880,22.677,1.993
2014-05-07,6.555,3.865,0.950,1.167,25.305,1.187,1.282,0.561,31.860,0.896,0.369,0.018,54.610,22.656,1.992
2014-05-08,6.543,3.869,0.951,1.168,25.282,1.190,1.293,0.561,31.826,0.896,0.370,0.018,54.710,22.636,1.991
2014-05-09,6.532,3.872,0.951,1.168,25.260,1.193,1.303,0.561,31.792,0.896,0.371,0.018,54.580,22.615,1.989
2014-05-12,6.520,3.876,0.952,1.169,25.237,1.197,1.314,0.561,31.757,0.897,0.372,0.018,54.710,22.595,1.988
2014-05-13,6.508,3.880,0.952,1.169,25.215,1.200,1.324,0.561,31.723,0.897,0.373,0.018,54.250,22.575,1.987
2014-05-14,6.496,3.883,0.953,1.169,25.192,1.203,1.334,0.561,31.688,0.897,0.374,0.018,54.150,22.554,1.986
2014-05-15,6.484,3.887,0.953,1.170,25.170,1.207,1.345,0.562,31.654,0.897,0.375,0.018,54.340,22.534,1.985
2014-05-16,6.472,3.890,0.954,1.170,25.147,1.210,1.355,0.562,31.619,0.897,0.376,0.018,54.730,22.513,1.984
2014-05-19,6.460,3.894,0.954,1.170,25.125,1.213,1.365,0.562,31.585,0.897,0.377,0.018,54.540,22.493,1.983
2014-05-20,6.448,3.898,0.955,1.171,25.102,1.217,1.376,0.562,31.550,0.898,0.378,0.018,54.480,22.473,1.982
2014-05-21,6.437,3.901,0.955,1.171,25.080,1.220,1.386,0.562,31.516,0.898,0.379,0.018,54.190,22.452,1.981
2014-05-22,6.425,3.905,0.956,1.172,25.057,1.223,1.397,0.562,31.482,0.898,0.380,0.018,54.080,22.432,1.980
2014-05-23,6.413,3.909,0.956,1.172,25.034,1.227,1.407,0.562,31.447,0.898,0.381,0.018,54.460,22.411,1.978
2014-05-27,6.401,3.912,0.957,1.172,25.012,1.230,1.417,0.562,31.413,0.898,0.382,0.018,54.860,22.391,1.977
2014-05-28,6.389,3.916,0.957,1.173,24.989,1.233,1.428,0.562,31.378,0.898,0.383,0.018,54.670,22.370,1.976
2014-05-29,6.377,3.920,0.958,1.173,24.967,1.237,1.438,0.562,31.344,0.899,0.384,0.018,51.360,22.350,1.975
2014-05-30,6.365,3.923,0.958,1.174,24.944,1.240,1.448,0.562,31.309,0.899,0.385,0.018,51.730,22.330,1.974
2014-06-02,6.353,3.927,0.958,1.174,24.922,1.243,1.459,0.562,31.275,0.899,0.386,0.018,51.830,22.309,1.973
2014-06-03,6.342,3.931,0.959,1.174,24.899,1.247,1.469,0.562,31.240,0.899,0.387,0.018,51.540,22.289,1.972
2014-06-04,6.330,3.934,0.959,1.175,24.877,1.250,1.479,0.562,31.206,0.899,0.388,0.018,51.820,22.268,1.971
2014-06-05,6.318,3.938,0.960,1.175,24.854,1.253,1.490,0.562,31.172,0.899,0.389,0.018,52.780,22.248,1.970
2014-06-06,6.306,3.942,0.960,1.176,24.832,1.257,1.500,0.562,31.137,0.899,0.390,0.018,52.730,22.228,1.969
2014-06-09,6.294,3.945,0.961,1.176,24.809,1.260,1.511,0.562,31.103,0.900,0.392,0.018,51.890,22.207,1.968
2014-06-10,6.282,3.949,0.961,1.176,24.787,1.263,1.521,0.562,31.068,0.900,0.393,0.018,51.480,22.187,1.966
2014-06-11,6.270,3.953,0.962,1.177,24.764,1.267,1.531,0.562,31.034,0.900,0.394,0.018,51.180,22.166,1.965
2014-06-12,6.258,3.956,0.962,1.177,24.741,1.270,1.542,0.562,30.999,0.900,0.395,0.018,50.930,22.146,1.964
2014-06-13,6.247,3.960,0.963,1.178,24.719,1.273,1.552,0.562,30.965,0.900,0.396,0.018,51.010,22.126,1.963
2014-06-16,6.235,3.963,0.963,1.178,24.696,1.277,1.562,0.562,30.930,0.900,0.397,0.018,50.810,22.105,1.962
2014-06-17,6.223,3.967,0.964,1.178,24.674,1.280,1.573,0.562,30.896,0.901,0.398,0.018,51.210,22.085,1.961
2014-06-18,6.211,3.971,0.964,1.179,24.651,1.283,1.583,0.562,30.862,0.901,0.399,0.018,51.740,22.064,1.960
2014-06-19,6.199,3.974,0.965,1.179,24.629,1.287,1.593,0.562,30.827,0.901,0.400,0.018,51.980,22.044,1.959
2014-06-20,6.187,3.978,0.965,1.180,24.606,1.290,1.604,0.562,30.793,0.901,0.401,0.018,52.030,22.023,1.958
2014-06-23,6.175,3.982,0.966,1.180,24.584,1.293,1.614,0.562,30.758,0.901,0.402,0.018,51.790,22.003,1.957
2014-06-24,6.163,3.985,0.966,1.180,24.561,1.297,1.625,0.562,30.724,0.901,0.403,0.018,51.700,21.983,1.955
2014-06-25,6.152,3.989,0.967,1.181,24.539,1.300,1.635,0.562,30.689,0.902,0.404,0.018,51.600,21.962,1.954
2014-06-26,6.140,3.993,0.967,1.181,24.516,1.303,1.645,0.562,30.655,0.902,0.405,0.018,51.520,21.942,1.953
2014-06-27,6.128,3.996,0.968,1.182,24.494,1.307,1.656,0.562,30.620,0.902,0.406,0.018,51.910,21.921,1.952
2014-06-30,6.116,4.000,0.968,1.182,24.471,1.310,1.666,0.562,30.586,0.902,0.407,0.018,51.670,21.901,1.951
2014-07-01,6.112,4.001,0.969,1.183,24.461,1.302,1.653,0.563,30.572,0.902,0.405,0.018,51.860,21.890,1.950
2014-07-02,6.108,4.002,0.969,1.184,24.450,1.294,1.640,0.563,30.557,0.902,0.402,0.018,51.820,21.879,1.951
2014-07-03,6.104,4.003,0.970,1.184,24.440,1.287,1.626,0.564,30.543,0.902,0.400,0.018,51.630,21.868,1.953
2014-07-07,6.100,4.004,0.971,1.185,24.429,1.279,1.613,0.565,30.529,0.903,0.397,0.019,51.740,21.857,1.954
2014-07-08,6.097,4.005,0.971,1.186,24.419,1.271,1.600,0.566,30.515,0.903,0.395,0.019,51.810,21.846,1.955
2014-07-09,6.093,4.006,0.972,1.187,24.409,1.263,1.586,0.566,30.500,0.903,0.392,0.019,52.100,21.835,1.957
2014-07-10,6.089,4.007,0.972,1.188,24.398,1.255,1.573,0.567,30.486,0.903,0.390,0.019,52.280,21.825,1.958
2014-07-11,6.085,4.008,0.973,1.189,24.388,1.248,1.560,0.568,30.472,0.903,0.388,0.019,52.520,21.814,1.959
2014-07-14,6.081,4.008,0.974,1.189,24.377,1.240,1.547,0.568,30.457,0.903,0.385,0.019,52.650,21.803,1.961
2014-07-15,6.077,4.009,0.974,1.190,24.367,1.232,1.533,0.569,30.443,0.903,0.383,0.019,52.920,21.792,1.962
2014-07-16,6.073,4.010,0.975,1.191,24.357,1.224,1.520,0.570,30.429,0.903,0.380,0.019,53.100,21.781,1.963
2014-07-17,6.069,4.011,0.976,1.192,24.346,1.216,1.507,0.571,30.415,0.904,0.378,0.019,52.710,21.770,1.965
2014-07-18,6.065,4.012,0.976,1.193,24.336,1.208,1.494,0.571,30.400,0.904,0.376,0.019,53.150,21.759,1.966
2014-07-21,6.062,4.013,0.977,1.194,24.326,1.201,1.480,0.572,30.386,0.904,0.373,0.019,52.960,21.748,1.967
2014-07-22,6.058,4.014,0.978,1.194,24.315,1.193,1.467,0.573,30.372,0.904,0.371,0.019,53.240,21.737,1.968
2014-07-23,6.054,4.015,0.978,1.195,24.305,1.185,1.454,0.574,30.357,0.904,0.368,0.019,52.960,21.726,1.970
2014-07-24,6.050,4.016,0.979,1.196,24.294,1.177,1.441,0.574,30.343,0.904,0.366,0.019,53.240,21.715,1.971
2014-07-25,6.046,4.017,0.980,1.197,24.284,1.169,1.428,0.575,30.329,0.904,0.363,0.019,52.510,21.704,1.972
2014-07-28,6.042,4.018,0.980,1.198,24.274,1.162,1.414,0.576,30.315,0.904,0.361,0.019,52.980,21.693,1.974
2014-07-29,6.038,4.019,0.981,1.199,24.263,1.154,1.401,0.576,30.300,0.905,0.359,0.019,52.860,21.683,1.975
2014-07-30,6.034,4.020,0.981,1.199,24.253,1.146,1.388,0.577,30.286,0.905,0.356,0.019,52.880,21.672,1.976
2014-07-31,6.030,4.021,0.982,1.200,24.242,1.138,1.374,0.578,30.272,0.905,0.354,0.019,52.270,21.661,1.978
2014-08-01,6.027,4.022,0.983,1.201,24.232,1.130,1.361,0.579,30.258,0.905,0.351,0.019,52.110,21.650,1.979
2014-08-04,6.023,4.022,0.983,1.202,24.222,1.122,1.348,0.579,30.243,0.905,0.349,0.019,52.330,21.639,1.978
2014-08-05,6.019,4.023,0.984,1.203,24.211,1.115,1.335,0.580,30.229,0.905,0.346,0.019,51.700,21.628,1.978
2014-08-06,6.015,4.024,0.985,1.204,24.201,1.107,1.322,0.581,30.215,0.905,0.344,0.019,51.370,21.617,1.977
2014-08-07,6.011,4.025,0.985,1.204,24.190,1.099,1.308,0.581,30.200,0.905,0.342,0.019,51.360,21.606,1.976
2014-08-08,6.007,4.026,0.986,1.205,24.180,1.091,1.295,0.582,30.186,0.906,0.339,0.019,51.680,21.595,1.976
2014-08-11,6.003,4.027,0.987,1.206,24.170,1.083,1.282,0.583,30.172,0.906,0.337,0.019,52.220,21.584,1.975
2014-08-12,5.999,4.028,0.987,1.207,24.159,1.076,1.268,0.584,30.158,0.906,0.334,0.019,51.940,21.573,1.974
2014-08-13,5.995,4.029,0.988,1.208,24.149,1.068,1.255,0.584,30.143,0.906,0.332,0.019,52.370,21.562,1.974
2014-08-14,5.992,4.030,0.988,1.208,24.138,1.060,1.242,0.585,30.129,0.906,0.330,0.019,52.290,21.552,1.973
2014-08-15,5.988,4.031,0.989,1.209,24.128,1.052,1.229,0.586,30.115,0.906,0.327,0.019,52.470,21.541,1.972
2014-08-18,5.984,4.032,0.990,1.210,24.118,1.044,1.216,0.586,30.100,0.906,0.325,0.019,52.910,21.530,1.972
2014-08-19,5.980,4.033,0.990,1.211,24.107,1.037,1.202,0.587,30.086,0.906,0.322,0.020,52.790,21.519,1.971
2014-08-20,5.976,4.034,0.991,1.212,24.097,1.029,1.189,0.588,30.072,0.907,0.320,0.020,52.990,21.508,1.970
2014-08-21,5.972,4.035,0.992,1.213,24.087,1.021,1.176,0.589,30.058,0.907,0.317,0.020,52.970,21.497,1.970
2014-08-22,5.968,4.036,0.992,1.213,24.076,1.013,1.162,0.589,30.043,0.907,0.315,0.020,52.650,21.486,1.969
2014-08-25,5.964,4.037,0.993,1.214,24.066,1.005,1.149,0.590,30.029,0.907,0.313,0.020,52.590,21.475,1.968
2014-08-26,5.960,4.037,0.994,1.215,24.055,0.998,1.136,0.591,30.015,0.907,0.310,0.020,52.600,21.464,1.968
2014-08-27,5.956,4.038,0.994,1.216,24.045,0.990,1.123,0.591,30.000,0.907,0.308,0.020,52.680,21.453,1.967
2014-08-28,5.953,4.039,0.995,1.217,24.035,0.982,1.110,0.592,29.986,0.907,0.305,0.020,52.510,21.442,1.966
2014-08-29,5.949,4.040,0.996,1.218,24.024,0.974,1.096,0.593,29.972,0.907,0.303,0.020,52.840,21.431,1.966
2014-09-02,5.945,4.041,0.996,1.218,24.014,0.966,1.083,0.594,29.958,0.908,0.300,0.020,52.870,21.420,1.965
2014-09-03,5.941,4.042,0.997,1.219,24.003,0.958,1.070,0.594,29.943,0.908,0.298,0.020,53.080,21.410,1.964
2014-09-04,5.937,4.043,0.997,1.220,23.993,0.951,1.056,0.595,29.929,0.908,0.296,0.020,52.920,21.399,1.964
2014-09-05,5.933,4.044,0.998,1.221,23.983,0.943,1.043,0.596,29.915,0.908,0.293,0.020,53.820,21.388,1.963
2014-09-08,5.929,4.045,0.999,1.222,23.972,0.935,1.030,0.596,29.900,0.908,0.291,0.020,53.570,21.377,1.962
2014-09-09,5.925,4.046,0.999,1.223,23.962,0.927,1.017,0.597,29.886,0.908,0.288,0.020,53.590,21.366,1.962
2014-09-10,5.921,4.047,1.000,1.223,23.951,0.919,1.003,0.598,29.872,0.908,0.286,0.020,52.960,21.355,1.961
2014-09-11,5.918,4.048,1.001,1.224,23.941,0.912,0.990,0.599,29.858,0.908,0.283,0.020,52.810,21.344,1.960
2014-09-12,5.914,4.049,1.001,1.225,23.931,0.904,0.977,0.599,29.843,0.909,0.281,0.020,51.430,21.333,1.960
2014-09-15,5.910,4.050,1.002,1.226,23.920,0.896,0.964,0.600,29.829,0.909,0.279,0.020,51.450,21.322,1.959
2014-09-16,5.906,4.051,1.003,1.227,23.910,0.888,0.950,0.601,29.815,0.909,0.276,0.020,51.970,21.311,1.958
2014-09-17,5.902,4.052,1.003,1.228,23.900,0.880,0.937,0.602,29.801,0.909,0.274,0.020,52.060,21.300,1.958
2014-09-18,5.898,4.052,1.004,1.228,23.889,0.872,0.924,0.602,29.786,0.909,0.271,0.020,51.590,21.289,1.957
2014-09-19,5.894,4.053,1.005,1.229,23.879,0.865,0.911,0.603,29.772,0.909,0.269,0.020,51.510,21.278,1.956
2014-09-22,5.890,4.054,1.005,1.230,23.868,0.857,0.898,0.604,29.758,0.909,0.267,0.020,51.320,21.268,1.956
2014-09-23,5.886,4.055,1.006,1.231,23.858,0.849,0.884,0.604,29.743,0.909,0.264,0.020,51.070,21.257,1.955
2014-09-24,5.883,4.056,1.006,1.232,23.848,0.841,0.871,0.605,29.729,0.910,0.262,0.020,50.840,21.246,1.954
2014-09-25,5.879,4.057,1.007,1.233,23.837,0.833,0.858,0.606,29.715,0.910,0.259,0.020,50.570,21.235,1.954
2014-09-26,5.875,4.058,1.008,1.233,23.827,0.826,0.844,0.607,29.701,0.910,0.257,0.020,51.170,21.224,1.953
2014-09-29,5.871,4.059,1.008,1.234,23.816,0.818,0.831,0.607,29.686,0.910,0.254,0.020,51.100,21.213,1.952
2014-09-30,5.867,4.060,1.009,1.235,23.806,0.810,0.818,0.608,29.672,0.910,0.252,0.020,51.100,21.202,1.952
2014-10-01,5.868,4.058,1.010,1.236,23.802,0.818,0.815,0.609,29.670,0.911,0.254,0.021,51.240,21.197,1.951
2014-10-02,5.870,4.057,1.011,1.237,23.799,0.825,0.812,0.609,29.668,0.912,0.257,0.021,51.110,21.191,1.957
2014-10-03,5.871,4.055,1.012,1.238,23.795,0.833,0.808,0.610,29.665,0.913,0.259,0.021,51.520,21.186,1.963
2014-10-06,5.872,4.054,1.013,1.239,23.792,0.841,0.805,0.611,29.663,0.914,0.262,0.021,51.610,21.180,1.970
2014-10-07,5.874,4.052,1.014,1.240,23.788,0.848,0.802,0.612,29.661,0.914,0.264,0.021,51.080,21.175,1.976
2014-10-08,5.875,4.051,1.015,1.241,23.785,0.856,0.799,0.612,29.659,0.915,0.266,0.021,52.230,21.169,1.982
2014-10-09,5.876,4.049,1.016,1.242,23.781,0.864,0.795,0.613,29.657,0.916,0.269,0.021,52.410,21.164,1.988
2014-10-10,5.878,4.047,1.017,1.243,23.778,0.871,0.792,0.614,29.654,0.917,0.271,0.021,52.340,21.158,1.994
2014-10-13,5.879,4.046,1.018,1.244,23.774,0.879,0.789,0.615,29.652,0.918,0.274,0.021,52.040,21.153,2.000
2014-10-14,5.880,4.044,1.019,1.245,23.771,0.887,0.786,0.615,29.650,0.919,0.276,0.021,52.720,21.147,2.006
2014-10-15,5.882,4.043,1.020,1.246,23.767,0.894,0.783,0.616,29.648,0.920,0.278,0.021,51.570,21.142,2.013
2014-10-16,5.883,4.041,1.021,1.247,23.764,0.902,0.779,0.617,29.646,0.921,0.281,0.021,51.670,21.137,2.019
2014-10-17,5.884,4.040,1.022,1.248,23.760,0.910,0.776,0.618,29.644,0.922,0.283,0.021,52.330,21.131,2.025
2014-10-20,5.886,4.038,1.023,1.249,23.757,0.917,0.773,0.618,29.641,0.922,0.285,0.021,52.930,21.126,2.031
2014-10-21,5.887,4.037,1.024,1.250,23.753,0.925,0.770,0.619,29.639,0.923,0.288,0.021,53.460,21.120,2.037
2014-10-22,5.888,4.035,1.025,1.251,23.750,0.933,0.766,0.620,29.637,0.924,0.290,0.021,53.270,21.115,2.043
2014-10-23,5.890,4.033,1.026,1.251,23.746,0.940,0.763,0.620,29.635,0.925,0.293,0.021,53.580,21.109,2.050
2014-10-24,5.891,4.032,1.027,1.252,23.743,0.948,0.760,0.621,29.633,0.926,0.295,0.021,53.710,21.104,2.056
2014-10-27,5.892,4.030,1.028,1.253,23.739,0.955,0.757,0.622,29.630,0.927,0.297,0.021,54.130,21.098,2.062
2014-10-28,5.894,4.029,1.029,1.254,23.736,0.963,0.754,0.623,29.628,0.928,0.300,0.021,55.010,21.093,2.068
2014-10-29,5.895,4.027,1.030,1.255,23.732,0.971,0.750,0.623,29.626,0.929,0.302,0.021,54.680,21.087,2.074
2014-10-30,5.896,4.026,1.031,1.256,23.729,0.978,0.747,0.624,29.624,0.930,0.305,0.021,54.970,21.082,2.080
2014-10-31,5.898,4.024,1.032,1.257,23.725,0.986,0.744,0.625,29.622,0.930,0.307,0.021,55.690,21.077,2.087
2014-11-03,5.899,4.022,1.033,1.258,23.722,0.994,0.741,0.626,29.620,0.931,0.309,0.021,56.680,21.071,2.093
2014-11-04,5.900,4.021,1.034,1.259,23.718,1.001,0.738,0.626,29.617,0.932,0.312,0.021,56.870,21.066,2.099
2014-11-05,5.902,4.019,1.035,1.260,23.715,1.009,0.734,0.627,29.615,0.933,0.314,0.021,56.440,21.060,2.105
2014-11-06,5.903,4.018,1.036,1.261,23.711,1.017,0.731,0.628,29.613,0.934,0.317,0.021,55.960,21.055,2.111
2014-11-07,5.904,4.016,1.037,1.262,23.708,1.024,0.728,0.629,29.611,0.935,0.319,0.021,55.760,21.049,2.118
2014-11-10,5.906,4.015,1.038,1.263,23.704,1.032,0.725,0.629,29.609,0.936,0.321,0.021,56.640,21.044,2.124
2014-11-11,5.907,4.013,1.039,1.264,23.701,1.040,0.721,0.630,29.606,0.937,0.324,0.021,56.120,21.038,2.130
2014-11-12,5.908,4.012,1.040,1.265,23.697,1.047,0.718,0.631,29.604,0.938,0.326,0.021,55.410,21.033,2.136
2014-11-13,5.909,4.010,1.041,1.266,23.694,1.055,0.715,0.632,29.602,0.938,0.328,0.021,55.790,21.028,2.142
2014-11-14,5.911,4.008,1.042,1.267,23.690,1.063,0.712,0.632,29.600,0.939,0.331,0.021,55.320,21.022,2.148
2014-11-17,5.912,4.007,1.043,1.268,23.686,1.070,0.709,0.633,29.598,0.940,0.333,0.021,55.460,21.017,2.154
2014-11-18,5.913,4.005,1.044,1.269,23.683,1.078,0.705,0.634,29.595,0.941,0.336,0.021,55.680,21.011,2.161
2014-11-19,5.915,4.004,1.045,1.270,23.679,1.086,0.702,0.634,29.593,0.942,0.338,0.021,54.800,21.006,2.167
2014-11-20,5.916,4.002,1.046,1.271,23.676,1.093,0.699,0.635,29.591,0.943,0.340,0.021,55.580,21.000,2.173
2014-11-21,5.917,4.001,1.047,1.272,23.672,1.101,0.696,0.636,29.589,0.944,0.343,0.021,55.450,20.995,2.179
2014-11-24,5.919,3.999,1.048,1.273,23.669,1.109,0.692,0.637,29.587,0.945,0.345,0.022,55.490,20.989,2.185
2014-11-25,5.920,3.997,1.049,1.274,23.665,1.116,0.689,0.637,29.584,0.946,0.348,0.022,55.620,20.984,2.192
2014-11-26,5.921,3.996,1.050,1.275,23.662,1.124,0.686,0.638,29.582,0.947,0.350,0.022,56.150,20.978,2.198
2014-11-28,5.923,3.994,1.051,1.276,23.658,1.132,0.683,0.639,29.580,0.947,0.352,0.022,56.180,20.973,2.204
2014-12-01,5.924,3.993,1.052,1.277,23.655,1.139,0.680,0.640,29.578,0.948,0.355,0.022,56.050,20.968,2.210
2014-12-02,5.925,3.991,1.053,1.278,23.651,1.147,0.676,0.640,29.576,0.949,0.357,0.022,56.510,20.962,2.208
2014-12-03,5.927,3.990,1.054,1.279,23.648,1.155,0.673,0.641,29.574,0.950,0.360,0.022,56.430,20.957,2.207
2014-12-04,5.928,3.988,1.055,1.280,23.644,1.162,0.670,0.642,29.571,0.951,0.362,0.022,56.570,20.951,2.205
2014-12-05,5.929,3.987,1.056,1.281,23.641,1.170,0.667,0.643,29.569,0.952,0.364,0.022,56.190,20.946,2.203
2014-12-08,5.931,3.985,1.057,1.281,23.637,1.178,0.664,0.643,29.567,0.953,0.367,0.022,56.820,20.940,2.201
2014-12-09,5.932,3.983,1.058,1.282,23.634,1.185,0.660,0.644,29.565,0.954,0.369,0.022,56.620,20.935,2.200
2014-12-10,5.933,3.982,1.059,1.283,23.630,1.193,0.657,0.645,29.563,0.955,0.372,0.022,56.770,20.929,2.198
2014-12-11,5.935,3.980,1.060,1.284,23.627,1.200,0.654,0.645,29.560,0.955,0.374,0.022,56.820,20.924,2.196
2014-12-12,5.936,3.979,1.061,1.285,23.623,1.208,0.651,0.646,29.558,0.956,0.376,0.022,56.070,20.918,2.194
2014-12-15,5.937,3.977,1.062,1.286,23.620,1.216,0.647,0.647,29.556,0.957,0.379,0.022,56.030,20.913,2.193
2014-12-16,5.939,3.976,1.063,1.287,23.616,1.223,0.644,0.648,29.554,0.958,0.381,0.022,55.670,20.908,2.191
2014-12-17,5.940,3.974,1.064,1.288,23.613,1.231,0.641,0.648,29.552,0.959,0.383,0.022,56.860,20.902,2.189
2014-12-18,5.941,3.972,1.065,1.289,23.609,1.239,0.638,0.649,29.550,0.960,0.386,0.022,57.630,20.897,2.187
2014-12-19,5.943,3.971,1.066,1.290,23.606,1.246,0.635,0.650,29.547,0.961,0.388,0.022,57.030,20.891,2.186
2014-12-22,5.944,3.969,1.067,1.291,23.602,1.254,0.631,0.651,29.545,0.962,0.391,0.022,58.250,20.886,2.184
2014-12-23,5.945,3.968,1.068,1.292,23.599,1.262,0.628,0.651,29.543,0.963,0.393,0.022,57.900,20.880,2.182
2014-12-24,5.947,3.966,1.069,1.293,23.595,1.269,0.625,0.652,29.541,0.963,0.395,0.022,57.520,20.875,2.180
2014-12-26,5.948,3.965,1.070,1.294,23.592,1.277,0.622,0.653,29.539,0.964,0.398,0.022,57.370,20.869,2.179
2014-12-29,5.949,3.963,1.071,1.295,23.588,1.285,0.618,0.654,29.536,0.965,0.400,0.022,57.950,20.864,2.177
2014-12-30,5.951,3.962,1.072,1.296,23.585,1.292,0.615,0.654,29.534,0.966,0.403,0.022,57.660,20.858,2.175
2014-12-31,5.952,3.960,1.073,1.297,23.581,1.300,0.612,0.655,29.532,0.967,0.405,0.022,56.590,20.853,2.173
2015-01-02,5.952,3.962,1.071,1.296,23.596,1.307,0.616,0.654,29.548,0.966,0.407,0.022,57.660,20.867,2.172
2015-01-05,5.953,3.965,1.070,1.294,23.611,1.314,0.619,0.653,29.563,0.965,0.409,0.022,57.900,20.881,2.170
2015-01-06,5.953,3.967,1.068,1.293,23.627,1.321,0.623,0.652,29.579,0.964,0.412,0.022,59.510,20.894,2.168
2015-01-07,5.953,3.969,1.067,1.292,23.642,1.328,0.627,0.651,29.594,0.963,0.414,0.022,60.600,20.908,2.166
2015-01-08,5.954,3.971,1.065,1.290,23.657,1.335,0.630,0.650,29.610,0.962,0.416,0.022,60.520,20.922,2.165
2015-01-09,5.954,3.974,1.064,1.289,23.672,1.342,0.634,0.649,29.625,0.961,0.418,0.022,61.150,20.936,2.163
2015-01-12,5.954,3.976,1.062,1.288,23.688,1.349,0.637,0.649,29.641,0.960,0.420,0.022,61.210,20.950,2.161
2015-01-13,5.955,3.978,1.061,1.286,23.703,1.356,0.641,0.648,29.657,0.958,0.423,0.022,61.250,20.963,2.159
2015-01-14,5.955,3.981,1.059,1.285,23.718,1.363,0.645,0.647,29.672,0.957,0.425,0.022,61.790,20.977,2.158
2015-01-15,5.955,3.983,1.058,1.284,23.733,1.370,0.648,0.646,29.688,0.956,0.427,0.022,62.240,20.991,2.156
2015-01-16,5.956,3.985,1.056,1.282,23.749,1.378,0.652,0.645,29.703,0.955,0.429,0.022,62.470,21.005,2.154
2015-01-20,5.956,3.988,1.055,1.281,23.764,1.385,0.656,0.644,29.719,0.954,0.431,0.022,62.110,21.018,2.152
2015-01-21,5.956,3.990,1.053,1.280,23.779,1.392,0.659,0.643,29.734,0.953,0.434,0.022,62.290,21.032,2.151
2015-01-22,5.957,3.992,1.052,1.278,23.794,1.399,0.663,0.642,29.750,0.952,0.436,0.022,63.470,21.046,2.149
2015-01-23,5.957,3.994,1.050,1.277,23.809,1.406,0.667,0.641,29.766,0.951,0.438,0.022,63.190,21.060,2.147
2015-01-26,5.957,3.997,1.049,1.276,23.825,1.413,0.670,0.640,29.781,0.950,0.440,0.022,63.830,21.074,2.145
2015-01-27,5.958,3.999,1.047,1.274,23.840,1.420,0.674,0.639,29.797,0.949,0.442,0.021,63.680,21.087,2.144
2015-01-28,5.958,4.001,1.046,1.273,23.855,1.427,0.678,0.638,29.812,0.948,0.445,0.021,63.310,21.101,2.142
2015-01-29,5.958,4.004,1.044,1.272,23.870,1.434,0.681,0.638,29.828,0.947,0.447,0.021,63.700,21.115,2.140
2015-01-30,5.959,4.006,1.043,1.270,23.886,1.441,0.685,0.637,29.843,0.946,0.449,0.021,61.800,21.129,2.138
2015-02-02,5.959,4.008,1.041,1.269,23.901,1.448,0.688,0.636,29.859,0.945,0.451,0.021,62.040,21.143,2.137
2015-02-03,5.959,4.010,1.039,1.268,23.916,1.455,0.692,0.635,29.875,0.944,0.453,0.021,62.250,21.156,2.135
2015-02-04,5.960,4.013,1.038,1.266,23.931,1.462,0.696,0.634,29.890,0.942,0.456,0.021,62.790,21.170,2.133
2015-02-05,5.960,4.015,1.036,1.265,23.947,1.469,0.699,0.633,29.906,0.941,0.458,0.021,63.220,21.184,2.131
2015-02-06,5.960,4.017,1.035,1.264,23.962,1.476,0.703,0.632,29.921,0.940,0.460,0.021,60.690,21.198,2.130
2015-02-09,5.961,4.020,1.033,1.262,23.977,1.483,0.707,0.631,29.937,0.939,0.462,0.021,60.390,21.211,2.128
2015-02-10,5.961,4.022,1.032,1.261,23.992,1.490,0.710,0.630,29.952,0.938,0.464,0.021,60.590,21.225,2.126
2015-02-11,5.961,4.024,1.030,1.260,24.007,1.497,0.714,0.629,29.968,0.937,0.467,0.021,59.860,21.239,2.124
2015-02-12,5.962,4.027,1.029,1.258,24.023,1.504,0.718,0.628,29.984,0.936,0.469,0.021,60.580,21.253,2.123
2015-02-13,5.962,4.029,1.027,1.257,24.038,1.511,0.721,0.627,29.999,0.935,0.471,0.021,60.080,21.267,2.121
2015-02-17,5.962,4.031,1.026,1.256,24.053,1.519,0.725,0.627,30.015,0.934,0.473,0.021,59.980,21.280,2.119
2015-02-18,5.962,4.033,1.024,1.255,24.068,1.526,0.728,0.626,30.030,0.933,0.475,0.021,60.440,21.294,2.117
2015-02-19,5.963,4.036,1.023,1.253,24.084,1.533,0.732,0.625,30.046,0.932,0.477,0.021,59.050,21.308,2.116
2015-02-20,5.963,4.038,1.021,1.252,24.099,1.540,0.736,0.624,30.062,0.931,0.480,0.021,59.670,21.322,2.114
2015-02-23,5.963,4.040,1.020,1.251,24.114,1.547,0.739,0.623,30.077,0.930,0.482,0.021,60.230,21.336,2.112
2015-02-24,5.964,4.043,1.018,1.249,24.129,1.554,0.743,0.622,30.093,0.929,0.484,0.021,59.130,21.349,2.110
2015-02-25,5.964,4.045,1.017,1.248,24.144,1.561,0.747,0.621,30.108,0.928,0.486,0.021,59.260,21.363,2.109
2015-02-26,5.964,4.047,1.015,1.247,24.160,1.568,0.750,0.620,30.124,0.927,0.488,0.021,58.220,21.377,2.107
2015-02-27,5.965,4.050,1.014,1.245,24.175,1.575,0.754,0.619,30.139,0.925,0.491,0.021,59.220,21.391,2.105
2015-03-02,5.965,4.052,1.012,1.244,24.190,1.582,0.758,0.618,30.155,0.924,0.493,0.021,59.120,21.404,2.103
2015-03-03,5.965,4.054,1.010,1.243,24.205,1.589,0.761,0.617,30.171,0.923,0.495,0.020,58.990,21.418,2.102
2015-03-04,5.966,4.056,1.009,1.241,24.221,1.596,0.765,0.616,30.186,0.922,0.497,0.020,58.350,21.432,2.100
2015-03-05,5.966,4.059,1.007,1.240,24.236,1.603,0.768,0.616,30.202,0.921,0.499,0.020,58.220,21.446,2.098
2015-03-06,5.966,4.061,1.006,1.239,24.251,1.610,0.772,0.615,30.217,0.920,0.502,0.020,56.180,21.460,2.096
2015-03-09,5.967,4.063,1.004,1.237,24.266,1.617,0.776,0.614,30.233,0.919,0.504,0.020,56.140,21.473,2.095
2015-03-10,5.967,4.066,1.003,1.236,24.282,1.624,0.779,0.613,30.248,0.918,0.506,0.020,55.970,21.487,2.093
2015-03-11,5.967,4.068,1.001,1.235,24.297,1.631,0.783,0.612,30.264,0.917,0.508,0.020,55.800,21.501,2.091
2015-03-12,5.968,4.070,1.000,1.233,24.312,1.638,0.787,0.611,30.280,0.916,0.510,0.020,57.120,21.515,2.089
2015-03-13,5.968,4.072,0.998,1.232,24.327,1.645,0.790,0.610,30.295,0.915,0.513,0.020,57.240,21.529,2.088
2015-03-16,5.968,4.075,0.997,1.231,24.342,1.652,0.794,0.609,30.311,0.914,0.515,0.020,58.200,21.542,2.086
2015-03-17,5.969,4.077,0.995,1.229,24.358,1.660,0.798,0.608,30.326,0.913,0.517,0.020,57.910,21.556,2.084
2015-03-18,5.969,4.079,0.994,1.228,24.373,1.667,0.801,0.607,30.342,0.912,0.519,0.020,59.580,21.570,2.082
2015-03-19,5.969,4.082,0.992,1.227,24.388,1.674,0.805,0.606,30.357,0.911,0.521,0.020,59.760,21.584,2.081
2015-03-20,5.970,4.084,0.991,1.225,24.403,1.681,0.809,0.605,30.373,0.909,0.524,0.020,61.390,21.597,2.079
2015-03-23,5.970,4.086,0.989,1.224,24.419,1.688,0.812,0.605,30.389,0.908,0.526,0.020,61.450,21.611,2.077
2015-03-24,5.970,4.089,0.988,1.223,24.434,1.695,0.816,0.604,30.404,0.907,0.528,0.020,61.230,21.625,2.075
2015-03-25,5.971,4.091,0.986,1.221,24.449,1.702,0.819,0.603,30.420,0.906,0.530,0.020,60.400,21.639,2.074
2015-03-26,5.971,4.093,0.985,1.220,24.464,1.709,0.823,0.602,30.435,0.905,0.532,0.020,59.930,21.653,2.072
2015-03-27,5.971,4.095,0.983,1.219,24.480,1.716,0.827,0.601,30.451,0.904,0.535,0.020,60.430,21.666,2.070
2015-03-30,5.972,4.098,0.982,1.217,24.495,1.723,0.830,0.600,30.466,0.903,0.537,0.020,61.280,21.680,2.068
2015-03-31,5.972,4.100,0.980,1.216,24.510,1.730,0.834,0.599,30.482,0.902,0.539,0.020,60.860,21.694,2.067
2015-04-01,5.963,4.108,0.982,1.218,24.516,1.727,0.830,0.601,30.479,0.904,0.538,0.020,61.480,21.700,2.065
2015-04-02,5.953,4.117,0.984,1.220,24.523,1.723,0.825,0.602,30.476,0.906,0.537,0.020,61.900,21.706,2.060
2015-04-06,5.944,4.125,0.987,1.222,24.529,1.720,0.821,0.604,30.473,0.907,0.536,0.020,62.350,21.712,2.055
2015-04-07,5.935,4.133,0.989,1.224,24.535,1.717,0.817,0.606,30.470,0.909,0.535,0.020,61.570,21.718,2.050
2015-04-08,5.925,4.141,0.991,1.227,24.541,1.713,0.813,0.607,30.467,0.911,0.534,0.020,61.310,21.724,2.045
2015-04-09,5.916,4.150,0.993,1.229,24.548,1.710,0.808,0.609,30.464,0.913,0.533,0.020,59.970,21.730,2.040
2015-04-10,5.907,4.158,0.996,1.231,24.554,1.707,0.804,0.610,30.461,0.915,0.532,0.020,59.390,21.736,2.036
2015-04-13,5.898,4.166,0.998,1.233,24.560,1.703,0.800,0.612,30.458,0.916,0.531,0.020,59.100,21.742,2.031
2015-04-14,5.888,4.174,1.000,1.235,24.566,1.700,0.796,0.614,30.455,0.918,0.530,0.020,59.440,21.748,2.026
2015-04-15,5.879,4.183,1.002,1.237,24.573,1.697,0.791,0.615,30.452,0.920,0.529,0.020,59.010,21.754,2.021
2015-04-16,5.870,4.191,1.004,1.239,24.579,1.693,0.787,0.617,30.448,0.922,0.527,0.020,59.030,21.760,2.016
2015-04-17,5.860,4.199,1.007,1.241,24.585,1.690,0.783,0.619,30.445,0.924,0.526,0.020,58.450,21.766,2.011
2015-04-20,5.851,4.207,1.009,1.243,24.591,1.687,0.779,0.620,30.442,0.925,0.525,0.020,58.560,21.772,2.006
2015-04-21,5.842,4.216,1.011,1.246,24.598,1.683,0.774,0.622,30.439,0.927,0.524,0.020,58.630,21.778,2.001
2015-04-22,5.832,4.224,1.013,1.248,24.604,1.680,0.770,0.624,30.436,0.929,0.523,0.020,58.720,21.784,1.996
2015-04-23,5.823,4.232,1.016,1.250,24.610,1.677,0.766,0.625,30.433,0.931,0.522,0.021,58.700,21.790,1.991
2015-04-24,5.814,4.240,1.018,1.252,24.616,1.673,0.762,0.627,30.430,0.932,0.521,0.021,58.590,21.796,1.987
2015-04-27,5.805,4.249,1.020,1.254,24.623,1.670,0.757,0.628,30.427,0.934,0.520,0.021,58.960,21.802,1.982
2015-04-28,5.795,4.257,1.022,1.256,24.629,1.667,0.753,0.630,30.424,0.936,0.519,0.021,58.450,21.808,1.977
2015-04-29,5.786,4.265,1.024,1.258,24.635,1.663,0.749,0.632,30.421,0.938,0.518,0.021,56.850,21.814,1.972
2015-04-30,5.777,4.273,1.027,1.260,24.641,1.660,0.745,0.633,30.418,0.940,0.517,0.021,56.350,21.820,1.967
2015-05-01,5.767,4.282,1.029,1.262,24.648,1.657,0.740,0.635,30.415,0.941,0.516,0.021,57.180,21.826,1.962
2015-05-04,5.758,4.290,1.031,1.265,24.654,1.653,0.736,0.637,30.412,0.943,0.515,0.021,56.940,21.832,1.992
2015-05-05,5.749,4.298,1.033,1.267,24.660,1.650,0.732,0.638,30.409,0.945,0.514,0.021,56.030,21.838,2.023
2015-05-06,5.739,4.306,1.036,1.269,24.666,1.647,0.728,0.640,30.406,0.947,0.513,0.021,56.390,21.844,2.053
2015-05-07,5.730,4.315,1.038,1.271,24.673,1.643,0.723,0.642,30.403,0.949,0.512,0.021,56.870,21.850,2.084
2015-05-08,5.721,4.323,1.040,1.273,24.679,1.640,0.719,0.643,30.400,0.950,0.511,0.021,58.270,21.856,2.114
2015-05-11,5.712,4.331,1.042,1.275,24.685,1.637,0.715,0.645,30.397,0.952,0.510,0.021,57.180,21.862,2.144
2015-05-12,5.702,4.339,1.044,1.277,24.691,1.633,0.711,0.646,30.394,0.954,0.509,0.021,57.270,21.868,2.175
2015-05-13,5.693,4.348,1.047,1.279,24.698,1.630,0.706,0.648,30.391,0.956,0.508,0.021,56.310,21.874,2.205
2015-05-14,5.684,4.356,1.049,1.281,24.704,1.627,0.702,0.650,30.388,0.958,0.507,0.021,57.370,21.880,2.236
2015-05-15,5.674,4.364,1.051,1.284,24.710,1.623,0.698,0.651,30.384,0.959,0.505,0.021,57.630,21.885,2.266
2015-05-18,5.665,4.372,1.053,1.286,24.716,1.620,0.694,0.653,30.381,0.961,0.504,0.021,57.370,21.891,2.296
2015-05-19,5.656,4.381,1.056,1.288,24.723,1.617,0.689,0.655,30.378,0.963,0.503,0.022,57.140,21.897,2.327
2015-05-20,5.646,4.389,1.058,1.290,24.729,1.613,0.685,0.656,30.375,0.965,0.502,0.022,57.000,21.903,2.357
2015-05-21,5.637,4.397,1.060,1.292,24.735,1.610,0.681,0.658,30.372,0.967,0.501,0.022,56.990,21.909,2.388
2015-05-22,5.628,4.405,1.062,1.294,24.741,1.607,0.677,0.659,30.369,0.968,0.500,0.022,57.010,21.915,2.418
2015-05-26,5.619,4.414,1.064,1.296,24.748,1.603,0.672,0.661,30.366,0.970,0.499,0.022,56.540,21.921,2.448
2015-05-27,5.609,4.422,1.067,1.298,24.754,1.600,0.668,0.663,30.363,0.972,0.498,0.022,57.180,21.927,2.479
2015-05-28,5.600,4.430,1.069,1.300,24.760,1.597,0.664,0.664,30.360,0.974,0.497,0.022,57.080,21.933,2.509
2015-05-29,5.591,4.438,1.071,1.303,24.766,1.593,0.660,0.666,30.357,0.976,0.496,0.022,56.320,21.939,2.540
2015-06-01,5.581,4.447,1.073,1.305,24.773,1.590,0.655,0.668,30.354,0.977,0.495,0.022,56.940,21.945,2.570
2015-06-02,5.572,4.455,1.076,1.307,24.779,1.587,0.651,0.669,30.351,0.979,0.494,0.022,56.560,21.951,2.570
2015-06-03,5.563,4.463,1.078,1.309,24.785,1.583,0.647,0.671,30.348,0.981,0.493,0.022,55.560,21.957,2.570
2015-06-04,5.553,4.471,1.080,1.311,24.791,1.580,0.643,0.673,30.345,0.983,0.492,0.022,55.590,21.963,2.570
2015-06-05,5.544,4.480,1.082,1.313,24.798,1.577,0.638,0.674,30.342,0.985,0.491,0.022,54.840,21.969,2.570
2015-06-08,5.535,4.488,1.084,1.315,24.804,1.573,0.634,0.676,30.339,0.986,0.490,0.022,54.530,21.975,2.570
2015-06-09,5.526,4.496,1.087,1.317,24.810,1.570,0.630,0.677,30.336,0.988,0.489,0.022,54.210,21.981,2.570
2015-06-10,5.516,4.504,1.089,1.319,24.816,1.567,0.626,0.679,30.333,0.990,0.488,0.022,54.760,21.987,2.570
2015-06-11,5.507,4.513,1.091,1.322,24.823,1.563,0.621,0.681,30.330,0.992,0.487,0.022,55.040,21.993,2.570
2015-06-12,5.498,4.521,1.093,1.324,24.829,1.560,0.617,0.682,30.327,0.993,0.486,0.023,54.920,21.999,2.570
2015-06-15,5.488,4.529,1.096,1.326,24.835,1.557,0.613,0.684,30.324,0.995,0.485,0.023,54.590,22.005,2.570
2015-06-16,5.479,4.537,1.098,1.328,24.841,1.553,0.609,0.686,30.320,0.997,0.483,0.023,55.040,22.011,2.570
2015-06-17,5.470,4.546,1.100,1.330,24.848,1.550,0.604,0.687,30.317,0.999,0.482,0.023,55.760,22.017,2.570
2015-06-18,5.460,4.554,1.102,1.332,24.854,1.547,0.600,0.689,30.314,1.001,0.481,0.023,56.480,22.023,2.570
2015-06-19,5.451,4.562,1.104,1.334,24.860,1.543,0.596,0.691,30.311,1.002,0.480,0.023,55.730,22.029,2.570
2015-06-22,5.442,4.570,1.107,1.336,24.866,1.540,0.592,0.692,30.308,1.004,0.479,0.023,54.810,22.035,2.570
2015-06-23,5.433,4.579,1.109,1.338,24.873,1.537,0.587,0.694,30.305,1.006,0.478,0.023,54.410,22.041,2.570
2015-06-24,5.423,4.587,1.111,1.341,24.879,1.533,0.583,0.695,30.302,1.008,0.477,0.023,54.000,22.047,2.570
2015-06-25,5.414,4.595,1.113,1.343,24.885,1.530,0.579,0.697,30.299,1.010,0.476,0.023,53.520,22.053,2.570
2015-06-26,5.405,4.603,1.116,1.345,24.891,1.527,0.575,0.699,30.296,1.011,0.475,0.023,54.000,22.059,2.570
2015-06-29,5.395,4.612,1.118,1.347,24.898,1.523,0.570,0.700,30.293,1.013,0.474,0.023,53.100,22.065,2.570
2015-06-30,5.386,4.620,1.120,1.349,24.904,1.520,0.566,0.702,30.290,1.015,0.473,0.023,53.720,22.071,2.570
2015-07-01,5.385,4.623,1.119,1.349,24.914,1.518,0.571,0.701,30.299,1.014,0.472,0.023,54.070,22.080,2.570
2015-07-02,5.384,4.625,1.118,1.348,24.923,1.515,0.575,0.701,30.307,1.013,0.471,0.023,54.060,22.088,2.579
2015-07-06,5.383,4.628,1.118,1.348,24.933,1.512,0.580,0.700,30.316,1.013,0.471,0.023,54.390,22.097,2.588
2015-07-07,5.382,4.631,1.117,1.347,24.943,1.510,0.584,0.699,30.325,1.012,0.470,0.023,55.300,22.106,2.598
2015-07-08,5.381,4.633,1.116,1.347,24.952,1.508,0.589,0.699,30.334,1.011,0.469,0.023,55.180,22.115,2.607
2015-07-09,5.380,4.636,1.115,1.346,24.962,1.505,0.593,0.698,30.342,1.010,0.468,0.023,55.110,22.123,2.616
2015-07-10,5.380,4.639,1.114,1.346,24.971,1.502,0.598,0.697,30.351,1.009,0.467,0.023,55.340,22.132,2.625
2015-07-13,5.379,4.641,1.114,1.345,24.981,1.500,0.602,0.696,30.360,1.008,0.466,0.023,55.480,22.141,2.634
2015-07-14,5.378,4.644,1.113,1.345,24.991,1.498,0.607,0.696,30.368,1.008,0.466,0.023,55.690,22.149,2.644
2015-07-15,5.377,4.647,1.112,1.344,25.000,1.495,0.611,0.695,30.377,1.007,0.465,0.023,56.130,22.158,2.653
2015-07-16,5.376,4.649,1.111,1.344,25.010,1.492,0.616,0.694,30.386,1.006,0.464,0.023,56.760,22.167,2.662
2015-07-17,5.375,4.652,1.110,1.344,25.020,1.490,0.621,0.694,30.395,1.005,0.463,0.023,56.640,22.176,2.671
2015-07-20,5.374,4.655,1.110,1.343,25.029,1.488,0.625,0.693,30.403,1.004,0.462,0.023,56.600,22.184,2.681
2015-07-21,5.373,4.657,1.109,1.343,25.039,1.485,0.630,0.692,30.412,1.004,0.461,0.023,56.240,22.193,2.690
2015-07-22,5.372,4.660,1.108,1.342,25.049,1.482,0.634,0.692,30.421,1.003,0.461,0.023,56.430,22.202,2.699
2015-07-23,5.371,4.662,1.107,1.342,25.058,1.480,0.639,0.691,30.429,1.002,0.460,0.023,56.120,22.211,2.708
2015-07-24,5.370,4.665,1.106,1.341,25.068,1.478,0.643,0.690,30.438,1.001,0.459,0.023,57.130,22.219,2.717
2015-07-27,5.369,4.668,1.106,1.341,25.078,1.475,0.648,0.690,30.447,1.000,0.458,0.023,57.480,22.228,2.727
2015-07-28,5.368,4.670,1.105,1.340,25.087,1.473,0.652,0.689,30.456,1.000,0.457,0.023,57.660,22.237,2.736
2015-07-29,5.368,4.673,1.104,1.340,25.097,1.470,0.657,0.688,30.464,0.999,0.456,0.023,57.700,22.245,2.745
2015-07-30,5.367,4.676,1.103,1.339,25.106,1.468,0.661,0.688,30.473,0.998,0.456,0.023,57.590,22.254,2.754
2015-07-31,5.366,4.678,1.102,1.339,25.116,1.465,0.666,0.687,30.482,0.997,0.455,0.023,57.930,22.263,2.763
2015-08-03,5.365,4.681,1.102,1.339,25.126,1.463,0.671,0.686,30.491,0.996,0.454,0.023,58.290,22.272,2.773
2015-08-04,5.364,4.684,1.101,1.338,25.135,1.460,0.675,0.686,30.499,0.995,0.453,0.022,58.340,22.280,2.782
2015-08-05,5.363,4.686,1.100,1.338,25.145,1.458,0.680,0.685,30.508,0.995,0.452,0.022,58.390,22.289,2.791
2015-08-06,5.362,4.689,1.099,1.337,25.155,1.455,0.684,0.684,30.517,0.994,0.451,0.022,58.760,22.298,2.800
2015-08-07,5.361,4.692,1.098,1.337,25.164,1.453,0.689,0.683,30.525,0.993,0.451,0.022,59.310,22.306,2.809
2015-08-10,5.360,4.694,1.098,1.336,25.174,1.450,0.693,0.683,30.534,0.992,0.450,0.022,58.530,22.315,2.819
2015-08-11,5.359,4.697,1.097,1.336,25.184,1.448,0.698,0.682,30.543,0.991,0.449,0.022,59.270,22.324,2.828
2015-08-12,5.358,4.700,1.096,1.335,25.193,1.445,0.702,0.681,30.552,0.991,0.448,0.022,59.410,22.333,2.837
2015-08-13,5.357,4.702,1.095,1.335,25.203,1.443,0.707,0.681,30.560,0.990,0.447,0.022,59.020,22.341,2.846
2015-08-14,5.357,4.705,1.094,1.334,25.212,1.440,0.712,0.680,30.569,0.989,0.446,0.022,59.310,22.350,2.855
2015-08-17,5.356,4.708,1.094,1.334,25.222,1.438,0.716,0.679,30.578,0.988,0.446,0.022,59.880,22.359,2.865
2015-08-18,5.355,4.710,1.093,1.334,25.232,1.435,0.721,0.679,30.586,0.987,0.445,0.022,60.270,22.367,2.874
2015-08-19,5.354,4.713,1.092,1.333,25.241,1.432,0.725,0.678,30.595,0.987,0.444,0.022,59.780,22.376,2.883
2015-08-20,5.353,4.716,1.091,1.333,25.251,1.430,0.730,0.677,30.604,0.986,0.443,0.022,59.470,22.385,2.892
2015-08-21,5.352,4.718,1.091,1.332,25.261,1.428,0.734,0.677,30.613,0.985,0.442,0.022,58.780,22.394,2.902
2015-08-24,5.351,4.721,1.090,1.332,25.270,1.425,0.739,0.676,30.621,0.984,0.442,0.022,56.340,22.402,2.911
2015-08-25,5.350,4.724,1.089,1.331,25.280,1.422,0.743,0.675,30.630,0.983,0.441,0.022,54.790,22.411,2.920
2015-08-26,5.349,4.726,1.088,1.331,25.290,1.420,0.748,0.674,30.639,0.982,0.440,0.022,56.300,22.420,2.929
2015-08-27,5.348,4.729,1.087,1.330,25.299,1.418,0.752,0.674,30.647,0.982,0.439,0.022,57.470,22.428,2.938
2015-08-28,5.347,4.732,1.087,1.330,25.309,1.415,0.757,0.673,30.656,0.981,0.438,0.022,57.030,22.437,2.948
2015-08-31,5.346,4.734,1.086,1.330,25.319,1.412,0.762,0.672,30.665,0.980,0.437,0.022,55.480,22.446,2.957
2015-09-01,5.345,4.737,1.085,1.329,25.328,1.410,0.766,0.672,30.674,0.979,0.437,0.022,54.150,22.455,2.966
2015-09-02,5.345,4.740,1.084,1.329,25.338,1.408,0.771,0.671,30.682,0.978,0.436,0.022,54.810,22.463,2.958
2015-09-03,5.344,4.742,1.083,1.328,25.347,1.405,0.775,0.670,30.691,0.978,0.435,0.022,55.050,22.472,2.951
2015-09-04,5.343,4.745,1.083,1.328,25.357,1.402,0.780,0.670,30.700,0.977,0.434,0.022,54.120,22.481,2.943
2015-09-08,5.342,4.748,1.082,1.327,25.367,1.400,0.784,0.669,30.708,0.976,0.433,0.022,54.930,22.490,2.936
2015-09-09,5.341,4.750,1.081,1.327,25.376,1.398,0.789,0.668,30.717,0.975,0.432,0.022,54.020,22.498,2.928
2015-09-10,5.340,4.753,1.080,1.326,25.386,1.395,0.793,0.668,30.726,0.974,0.432,0.022,54.170,22.507,2.921
2015-09-11,5.339,4.755,1.079,1.326,25.396,1.392,0.798,0.667,30.735,0.974,0.431,0.022,55.430,22.516,2.913
2015-09-14,5.338,4.758,1.079,1.325,25.405,1.390,0.802,0.666,30.743,0.973,0.430,0.022,55.370,22.524,2.906
2015-09-15,5.337,4.761,1.078,1.325,25.415,1.388,0.807,0.666,30.752,0.972,0.429,0.022,56.030,22.533,2.898
2015-09-16,5.336,4.763,1.077,1.325,25.425,1.385,0.812,0.665,30.761,0.971,0.428,0.022,56.750,22.542,2.891
2015-09-17,5.335,4.766,1.076,1.324,25.434,1.382,0.816,0.664,30.770,0.970,0.427,0.022,57.210,22.551,2.883
2015-09-18,5.334,4.769,1.075,1.324,25.444,1.380,0.821,0.664,30.778,0.969,0.427,0.022,56.930,22.559,2.876
2015-09-21,5.333,4.771,1.075,1.323,25.454,1.378,0.825,0.663,30.787,0.969,0.426,0.022,57.490,22.568,2.868
2015-09-22,5.333,4.774,1.074,1.323,25.463,1.375,0.830,0.662,30.796,0.968,0.425,0.022,56.700,22.577,2.861
2015-09-23,5.332,4.777,1.073,1.322,25.473,1.372,0.834,0.661,30.804,0.967,0.424,0.021,56.780,22.585,2.853
2015-09-24,5.331,4.779,1.072,1.322,25.482,1.370,0.839,0.661,30.813,0.966,0.423,0.021,56.080,22.594,2.846
2015-09-25,5.330,4.782,1.071,1.321,25.492,1.368,0.843,0.660,30.822,0.965,0.422,0.021,56.560,22.603,2.838
2015-09-28,5.329,4.785,1.071,1.321,25.502,1.365,0.848,0.659,30.831,0.965,0.422,0.021,55.740,22.612,2.831
2015-09-29,5.328,4.787,1.070,1.320,25.511,1.362,0.852,0.659,30.839,0.964,0.421,0.021,56.450,22.620,2.823
2015-09-30,5.327,4.790,1.069,1.320,25.521,1.360,0.857,0.658,30.848,0.963,0.420,0.021,56.850,22.629,2.816
2015-10-01,5.325,4.791,1.070,1.321,25.518,1.359,0.855,0.659,30.844,0.964,0.420,0.021,57.650,22.626,2.808
2015-10-02,5.324,4.792,1.071,1.322,25.516,1.357,0.852,0.660,30.839,0.965,0.419,0.021,58.140,22.622,2.807
2015-10-05,5.322,4.793,1.072,1.323,25.513,1.356,0.850,0.660,30.835,0.966,0.419,0.021,59.480,22.619,2.805
2015-10-06,5.320,4.794,1.073,1.324,25.510,1.354,0.847,0.661,30.830,0.967,0.418,0.021,59.460,22.616,2.804
2015-10-07,5.318,4.795,1.074,1.325,25.508,1.353,0.845,0.662,30.826,0.968,0.418,0.021,60.230,22.612,2.803
2015-10-08,5.317,4.797,1.075,1.326,25.505,1.352,0.842,0.663,30.821,0.969,0.417,0.022,60.450,22.609,2.801
2015-10-09,5.315,4.798,1.076,1.327,25.502,1.350,0.840,0.664,30.817,0.970,0.417,0.022,60.490,22.606,2.800
2015-10-12,5.313,4.799,1.078,1.328,25.500,1.349,0.838,0.664,30.813,0.971,0.416,0.022,60.980,22.603,2.798
2015-10-13,5.311,4.800,1.079,1.329,25.497,1.347,0.835,0.665,30.808,0.972,0.416,0.022,60.460,22.599,2.797
2015-10-14,5.310,4.801,1.080,1.330,25.494,1.346,0.833,0.666,30.804,0.973,0.416,0.022,60.190,22.596,2.796
2015-10-15,5.308,4.802,1.081,1.330,25.491,1.345,0.830,0.667,30.799,0.974,0.415,0.022,61.270,22.593,2.794
2015-10-16,5.306,4.803,1.082,1.331,25.489,1.343,0.828,0.668,30.795,0.975,0.415,0.022,61.590,22.589,2.793
2015-10-19,5.304,4.804,1.083,1.332,25.486,1.342,0.825,0.669,30.791,0.976,0.414,0.022,62.820,22.586,2.792
2015-10-20,5.303,4.805,1.084,1.333,25.483,1.340,0.823,0.669,30.786,0.977,0.414,0.022,62.680,22.583,2.790
2015-10-21,5.301,4.806,1.085,1.334,25.481,1.339,0.820,0.670,30.782,0.978,0.413,0.022,63.030,22.579,2.789
2015-10-22,5.299,4.808,1.086,1.335,25.478,1.338,0.818,0.671,30.777,0.979,0.413,0.022,63.520,22.576,2.788
2015-10-23,5.298,4.809,1.087,1.336,25.475,1.336,0.816,0.672,30.773,0.980,0.413,0.022,62.960,22.573,2.786
2015-10-26,5.296,4.810,1.088,1.337,25.473,1.335,0.813,0.673,30.768,0.981,0.412,0.022,63.070,22.569,2.785
2015-10-27,5.294,4.811,1.089,1.338,25.470,1.333,0.811,0.673,30.764,0.982,0.412,0.022,63.940,22.566,2.784
2015-10-28,5.292,4.812,1.090,1.339,25.467,1.332,0.808,0.674,30.760,0.983,0.411,0.022,63.790,22.563,2.782
2015-10-29,5.291,4.813,1.091,1.340,25.465,1.330,0.806,0.675,30.755,0.984,0.411,0.022,63.380,22.559,2.781
2015-10-30,5.289,4.814,1.092,1.341,25.462,1.329,0.803,0.676,30.751,0.985,0.410,0.022,62.470,22.556,2.779
2015-11-02,5.287,4.815,1.093,1.342,25.459,1.328,0.801,0.677,30.746,0.986,0.410,0.022,63.810,22.553,2.778
2015-11-03,5.285,4.816,1.094,1.343,25.457,1.326,0.798,0.678,30.742,0.987,0.410,0.022,63.230,22.550,2.777
2015-11-04,5.284,4.817,1.096,1.344,25.454,1.325,0.796,0.678,30.737,0.988,0.409,0.022,63.180,22.546,2.775
2015-11-05,5.282,4.818,1.097,1.345,25.451,1.323,0.794,0.679,30.733,0.989,0.409,0.022,62.950,22.543,2.774
2015-11-06,5.280,4.820,1.098,1.346,25.448,1.322,0.791,0.680,30.729,0.990,0.408,0.022,60.440,22.540,2.773
2015-11-09,5.278,4.821,1.099,1.347,25.446,1.321,0.789,0.681,30.724,0.991,0.408,0.022,59.390,22.536,2.771
2015-11-10,5.277,4.822,1.100,1.348,25.443,1.319,0.786,0.682,30.720,0.992,0.407,0.022,60.300,22.533,2.770
2015-11-11,5.275,4.823,1.101,1.349,25.440,1.318,0.784,0.682,30.715,0.993,0.407,0.022,60.020,22.530,2.769
2015-11-12,5.273,4.824,1.102,1.350,25.438,1.316,0.781,0.683,30.711,0.994,0.406,0.022,59.250,22.526,2.767
2015-11-13,5.272,4.825,1.103,1.350,25.435,1.315,0.779,0.684,30.706,0.996,0.406,0.022,57.780,22.523,2.766
2015-11-16,5.270,4.826,1.104,1.351,25.432,1.314,0.777,0.685,30.702,0.997,0.406,0.022,58.190,22.520,2.765
2015-11-17,5.268,4.827,1.105,1.352,25.430,1.312,0.774,0.686,30.698,0.998,0.405,0.022,57.940,22.516,2.763
2015-11-18,5.266,4.828,1.106,1.353,25.427,1.311,0.772,0.686,30.693,0.999,0.405,0.022,58.990,22.513,2.762
2015-11-19,5.265,4.829,1.107,1.354,25.424,1.309,0.769,0.687,30.689,1.000,0.404,0.022,59.240,22.510,2.760
2015-11-20,5.263,4.830,1.108,1.355,25.422,1.308,0.767,0.688,30.684,1.001,0.404,0.022,59.610,22.506,2.759
2015-11-23,5.261,4.832,1.109,1.356,25.419,1.307,0.764,0.689,30.680,1.002,0.403,0.022,59.260,22.503,2.758
2015-11-24,5.259,4.833,1.110,1.357,25.416,1.305,0.762,0.690,30.676,1.003,0.403,0.022,58.060,22.500,2.756
2015-11-25,5.258,4.834,1.112,1.358,25.414,1.304,0.760,0.690,30.671,1.004,0.402,0.023,58.450,22.496,2.755
2015-11-27,5.256,4.835,1.113,1.359,25.411,1.302,0.757,0.691,30.667,1.005,0.402,0.023,58.920,22.493,2.754
2015-11-30,5.254,4.836,1.114,1.360,25.408,1.301,0.755,0.692,30.662,1.006,0.402,0.023,57.750,22.490,2.752
2015-12-01,5.252,4.837,1.115,1.361,25.405,1.300,0.752,0.693,30.658,1.007,0.401,0.023,58.500,22.487,2.751
2015-12-02,5.251,4.838,1.116,1.362,25.403,1.298,0.750,0.694,30.653,1.008,0.401,0.023,56.760,22.483,2.739
2015-12-03,5.249,4.839,1.117,1.363,25.400,1.297,0.747,0.695,30.649,1.009,0.400,0.023,56.340,22.480,2.727
2015-12-04,5.247,4.840,1.118,1.364,25.397,1.295,0.745,0.695,30.645,1.010,0.400,0.023,58.100,22.477,2.716
2015-12-07,5.245,4.841,1.119,1.365,25.395,1.294,0.742,0.696,30.640,1.011,0.399,0.023,58.250,22.473,2.704
2015-12-08,5.244,4.842,1.120,1.366,25.392,1.292,0.740,0.697,30.636,1.012,0.399,0.023,58.290,22.470,2.692
2015-12-09,5.242,4.844,1.121,1.367,25.389,1.291,0.738,0.698,30.631,1.013,0.399,0.023,58.070,22.467,2.680
2015-12-10,5.240,4.845,1.122,1.368,25.387,1.290,0.735,0.699,30.627,1.014,0.398,0.023,57.380,22.463,2.668
2015-12-11,5.239,4.846,1.123,1.369,25.384,1.288,0.733,0.699,30.622,1.015,0.398,0.023,57.250,22.460,2.657
2015-12-14,5.237,4.847,1.124,1.370,25.381,1.287,0.730,0.700,30.618,1.016,0.397,0.023,57.670,22.457,2.645
2015-12-15,5.235,4.848,1.125,1.371,25.379,1.285,0.728,0.701,30.614,1.017,0.397,0.023,58.830,22.453,2.633
2015-12-16,5.233,4.849,1.126,1.371,25.376,1.284,0.725,0.702,30.609,1.018,0.396,0.023,59.960,22.450,2.621
2015-12-17,5.232,4.850,1.127,1.372,25.373,1.283,0.723,0.703,30.605,1.019,0.396,0.023,60.000,22.447,2.609
2015-12-18,5.230,4.851,1.128,1.373,25.370,1.281,0.720,0.704,30.600,1.020,0.396,0.023,59.080,22.444,2.598
2015-12-21,5.228,4.852,1.130,1.374,25.368,1.280,0.718,0.704,30.596,1.021,0.395,0.023,59.490,22.440,2.586
2015-12-22,5.226,4.853,1.131,1.375,25.365,1.278,0.716,0.705,30.592,1.022,0.395,0.023,59.730,22.437,2.574
2015-12-23,5.225,4.855,1.132,1.376,25.362,1.277,0.713,0.706,30.587,1.023,0.394,0.023,60.170,22.434,2.562
2015-12-24,5.223,4.856,1.133,1.377,25.360,1.276,0.711,0.707,30.583,1.024,0.394,0.023,60.270,22.430,2.550
2015-12-28,5.221,4.857,1.134,1.378,25.357,1.274,0.708,0.708,30.578,1.025,0.393,0.023,60.180,22.427,2.539
2015-12-29,5.219,4.858,1.135,1.379,25.354,1.273,0.706,0.708,30.574,1.026,0.393,0.023,60.720,22.424,2.527
2015-12-30,5.218,4.859,1.136,1.380,25.352,1.271,0.703,0.709,30.569,1.027,0.392,0.023,60.520,22.420,2.515
2015-12-31,5.216,4.860,1.137,1.381,25.349,1.270,0.701,0.710,30.565,1.028,0.392,0.023,60.300,22.417,2.503
2016-01-04,5.218,4.860,1.136,1.380,25.360,1.275,0.703,0.710,30.579,1.028,0.393,0.023,59.510,22.426,2.491
2016-01-05,5.221,4.860,1.136,1.380,25.372,1.279,0.704,0.709,30.592,1.027,0.395,0.023,60.700,22.435,2.479
2016-01-06,5.223,4.860,1.135,1.379,25.383,1.284,0.706,0.709,30.606,1.027,0.396,0.023,60.550,22.444,2.468
2016-01-07,5.226,4.860,1.134,1.378,25.394,1.288,0.708,0.708,30.620,1.026,0.398,0.023,59.270,22.454,2.456
2016-01-08,5.228,4.860,1.134,1.377,25.405,1.293,0.710,0.708,30.633,1.026,0.399,0.023,57.580,22.463,2.444
2016-01-11,5.230,4.860,1.133,1.377,25.417,1.298,0.711,0.708,30.647,1.026,0.401,0.023,57.770,22.472,2.432
2016-01-12,5.233,4.860,1.133,1.376,25.428,1.302,0.713,0.707,30.661,1.025,0.402,0.023,57.410,22.481,2.420
2016-01-13,5.235,4.860,1.132,1.375,25.439,1.307,0.715,0.707,30.674,1.025,0.404,0.023,57.020,22.490,2.409
2016-01-14,5.238,4.860,1.131,1.375,25.450,1.311,0.716,0.706,30.688,1.024,0.405,0.023,57.450,22.499,2.397
2016-01-15,5.240,4.860,1.131,1.374,25.462,1.316,0.718,0.706,30.702,1.024,0.407,0.023,56.990,22.509,2.385
2016-01-19,5.243,4.860,1.130,1.373,25.473,1.320,0.720,0.705,30.715,1.023,0.408,0.023,57.680,22.518,2.373
2016-01-20,5.245,4.860,1.129,1.372,25.484,1.325,0.721,0.705,30.729,1.023,0.410,0.023,55.890,22.527,2.361
2016-01-21,5.247,4.860,1.129,1.372,25.495,1.330,0.723,0.705,30.743,1.023,0.411,0.023,56.530,22.536,2.350
2016-01-22,5.250,4.860,1.128,1.371,25.507,1.334,0.725,0.704,30.756,1.022,0.412,0.023,57.960,22.545,2.338
2016-01-25,5.252,4.860,1.127,1.370,25.518,1.339,0.727,0.704,30.770,1.022,0.414,0.023,57.290,22.554,2.326
2016-01-26,5.255,4.860,1.127,1.369,25.529,1.343,0.728,0.703,30.784,1.021,0.415,0.023,58.830,22.564,2.314
2016-01-27,5.257,4.860,1.126,1.369,25.540,1.348,0.730,0.703,30.797,1.021,0.417,0.023,57.560,22.573,2.302
2016-01-28,5.259,4.860,1.125,1.368,25.552,1.353,0.732,0.703,30.811,1.021,0.418,0.023,57.800,22.582,2.291
2016-01-29,5.262,4.860,1.125,1.367,25.563,1.357,0.733,0.702,30.825,1.020,0.420,0.023,57.640,22.591,2.279
2016-02-01,5.264,4.860,1.124,1.367,25.574,1.362,0.735,0.702,30.838,1.020,0.421,0.023,58.150,22.600,2.267
2016-02-02,5.267,4.860,1.124,1.366,25.586,1.366,0.737,0.701,30.852,1.019,0.423,0.023,57.590,22.609,2.258
2016-02-03,5.269,4.860,1.123,1.365,25.597,1.371,0.739,0.701,30.866,1.019,0.424,0.023,58.260,22.619,2.248
2016-02-04,5.271,4.860,1.122,1.364,25.608,1.376,0.740,0.701,30.879,1.019,0.426,0.023,58.040,22.628,2.239
2016-02-05,5.274,4.860,1.122,1.364,25.619,1.380,0.742,0.700,30.893,1.018,0.427,0.023,56.930,22.637,2.230
2016-02-08,5.276,4.860,1.121,1.363,25.631,1.385,0.744,0.700,30.907,1.018,0.428,0.023,56.460,22.646,2.220
2016-02-09,5.279,4.860,1.120,1.362,25.642,1.389,0.745,0.699,30.920,1.017,0.430,0.023,55.360,22.655,2.211
2016-02-10,5.281,4.860,1.120,1.362,25.653,1.394,0.747,0.699,30.934,1.017,0.431,0.023,56.070,22.664,2.202
2016-02-11,5.283,4.860,1.119,1.361,25.664,1.399,0.749,0.699,30.948,1.017,0.433,0.023,56.160,22.674,2.193
2016-02-12,5.286,4.860,1.118,1.360,25.676,1.403,0.750,0.698,30.961,1.016,0.434,0.023,56.790,22.683,2.183
2016-02-16,5.288,4.860,1.118,1.359,25.687,1.408,0.752,0.698,30.975,1.016,0.436,0.023,57.660,22.692,2.174
2016-02-17,5.291,4.860,1.117,1.359,25.698,1.412,0.754,0.697,30.989,1.015,0.437,0.023,57.890,22.701,2.165
2016-02-18,5.293,4.860,1.117,1.358,25.709,1.417,0.756,0.697,31.003,1.015,0.439,0.022,58.560,22.710,2.155
2016-02-19,5.296,4.860,1.116,1.357,25.721,1.421,0.757,0.696,31.016,1.014,0.440,0.022,58.620,22.719,2.146
2016-02-22,5.298,4.860,1.115,1.356,25.732,1.426,0.759,0.696,31.030,1.014,0.442,0.022,58.610,22.729,2.137
2016-02-23,5.300,4.860,1.115,1.356,25.743,1.431,0.761,0.696,31.044,1.014,0.443,0.022,58.690,22.738,2.128
2016-02-24,5.303,4.860,1.114,1.355,25.754,1.435,0.762,0.695,31.057,1.013,0.445,0.022,58.530,22.747,2.118
2016-02-25,5.305,4.860,1.113,1.354,25.766,1.440,0.764,0.695,31.071,1.013,0.446,0.022,59.390,22.756,2.109
2016-02-26,5.308,4.860,1.113,1.354,25.777,1.444,0.766,0.694,31.085,1.012,0.447,0.022,58.910,22.765,2.100
2016-02-29,5.310,4.860,1.112,1.353,25.788,1.449,0.767,0.694,31.098,1.012,0.449,0.022,58.710,22.774,2.090
2016-03-01,5.312,4.860,1.111,1.352,25.799,1.454,0.769,0.694,31.112,1.012,0.450,0.022,60.200,22.784,2.081
2016-03-02,5.315,4.860,1.111,1.351,25.811,1.458,0.771,0.693,31.126,1.011,0.452,0.022,60.430,22.793,2.068
2016-03-03,5.317,4.860,1.110,1.351,25.822,1.463,0.773,0.693,31.139,1.011,0.453,0.022,61.080,22.802,2.055
2016-03-04,5.320,4.860,1.110,1.350,25.833,1.467,0.774,0.692,31.153,1.010,0.455,0.022,61.430,22.811,2.042
2016-03-07,5.322,4.860,1.109,1.349,25.845,1.472,0.776,0.692,31.167,1.010,0.456,0.022,61.770,22.820,2.029
2016-03-08,5.324,4.860,1.108,1.349,25.856,1.477,0.778,0.692,31.180,1.010,0.458,0.022,61.170,22.829,2.016
2016-03-09,5.327,4.860,1.108,1.348,25.867,1.481,0.779,0.691,31.194,1.009,0.459,0.022,61.190,22.839,2.002
2016-03-10,5.329,4.860,1.107,1.347,25.878,1.486,0.781,0.691,31.208,1.009,0.461,0.022,61.270,22.848,1.989
2016-03-11,5.332,4.860,1.106,1.346,25.890,1.490,0.783,0.690,31.221,1.008,0.462,0.022,62.290,22.857,1.976
2016-03-14,5.334,4.860,1.106,1.346,25.901,1.495,0.785,0.690,31.235,1.008,0.463,0.022,61.600,22.866,1.963
2016-03-15,5.336,4.860,1.105,1.345,25.912,1.500,0.786,0.690,31.249,1.008,0.465,0.022,61.770,22.875,1.950
2016-03-16,5.339,4.860,1.104,1.344,25.923,1.504,0.788,0.689,31.262,1.007,0.466,0.022,62.050,22.884,1.937
2016-03-17,5.341,4.860,1.104,1.343,25.935,1.509,0.790,0.689,31.276,1.007,0.468,0.022,63.470,22.894,1.924
2016-03-18,5.344,4.860,1.103,1.343,25.946,1.513,0.791,0.688,31.290,1.006,0.469,0.022,63.420,22.903,1.911
2016-03-21,5.346,4.860,1.102,1.342,25.957,1.518,0.793,0.688,31.303,1.006,0.471,0.022,62.810,22.912,1.898
2016-03-22,5.349,4.860,1.102,1.341,25.968,1.522,0.795,0.687,31.317,1.005,0.472,0.022,62.620,22.921,1.885
2016-03-23,5.351,4.860,1.101,1.341,25.980,1.527,0.796,0.687,31.331,1.005,0.474,0.022,62.350,22.930,1.872
2016-03-24,5.353,4.860,1.101,1.340,25.991,1.532,0.798,0.687,31.344,1.005,0.475,0.022,62.330,22.939,1.858
2016-03-28,5.356,4.860,1.100,1.339,26.002,1.536,0.800,0.686,31.358,1.004,0.477,0.022,62.830,22.949,1.845
2016-03-29,5.358,4.860,1.099,1.338,26.013,1.541,0.802,0.686,31.372,1.004,0.478,0.022,64.030,22.958,1.832
2016-03-30,5.361,4.860,1.099,1.338,26.025,1.545,0.803,0.685,31.385,1.003,0.480,0.022,63.660,22.967,1.819
2016-03-31,5.363,4.860,1.098,1.337,26.036,1.550,0.805,0.685,31.399,1.003,0.481,0.022,64.260,22.976,1.806
2016-04-01,5.362,4.861,1.098,1.337,26.036,1.548,0.806,0.685,31.399,1.003,0.481,0.022,65.530,22.975,1.793
2016-04-04,5.362,4.861,1.097,1.336,26.037,1.547,0.807,0.684,31.398,1.002,0.480,0.022,65.430,22.974,1.786
2016-04-05,5.361,4.862,1.097,1.336,26.037,1.545,0.809,0.684,31.398,1.002,0.480,0.022,64.890,22.974,1.779
2016-04-06,5.360,4.863,1.097,1.336,26.038,1.544,0.810,0.683,31.398,1.002,0.479,0.022,65.390,22.973,1.771
2016-04-07,5.359,4.863,1.097,1.335,26.038,1.542,0.811,0.683,31.398,1.002,0.479,0.022,64.810,22.972,1.764
2016-04-08,5.359,4.864,1.096,1.335,26.038,1.541,0.812,0.683,31.397,1.001,0.479,0.022,64.900,22.971,1.757
2016-04-11,5.358,4.864,1.096,1.335,26.039,1.539,0.814,0.682,31.397,1.001,0.478,0.022,64.770,22.970,1.750
2016-04-12,5.357,4.865,1.096,1.334,26.039,1.538,0.815,0.682,31.397,1.001,0.478,0.022,65.220,22.970,1.743
2016-04-13,5.357,4.866,1.095,1.334,26.040,1.536,0.816,0.681,31.396,1.000,0.477,0.022,65.070,22.969,1.735
2016-04-14,5.356,4.866,1.095,1.334,26.040,1.534,0.817,0.681,31.396,1.000,0.477,0.022,65.170,22.968,1.728
2016-04-15,5.355,4.867,1.095,1.333,26.040,1.533,0.819,0.681,31.396,1.000,0.477,0.022,65.150,22.967,1.721
2016-04-18,5.354,4.868,1.095,1.333,26.041,1.531,0.820,0.680,31.395,0.999,0.476,0.022,65.520,22.966,1.714
2016-04-19,5.354,4.868,1.094,1.333,26.041,1.530,0.821,0.680,31.395,0.999,0.476,0.022,65.270,22.965,1.707
2016-04-20,5.353,4.869,1.094,1.332,26.042,1.528,0.822,0.679,31.395,0.999,0.475,0.022,63.850,22.965,1.700
2016-04-21,5.352,4.869,1.094,1.332,26.042,1.527,0.824,0.679,31.395,0.999,0.475,0.022,62.460,22.964,1.692
2016-04-22,5.352,4.870,1.094,1.332,26.042,1.525,0.825,0.679,31.394,0.998,0.474,0.022,63.350,22.963,1.685
2016-04-25,5.351,4.871,1.093,1.331,26.043,1.523,0.826,0.678,31.394,0.998,0.474,0.022,63.830,22.962,1.678
2016-04-26,5.350,4.871,1.093,1.331,26.043,1.522,0.827,0.678,31.394,0.998,0.474,0.022,63.920,22.961,1.671
2016-04-27,5.349,4.872,1.093,1.330,26.044,1.520,0.828,0.677,31.393,0.997,0.473,0.022,64.110,22.961,1.664
2016-04-28,5.349,4.873,1.092,1.330,26.044,1.519,0.830,0.677,31.393,0.997,0.473,0.022,63.830,22.960,1.656
2016-04-29,5.348,4.873,1.092,1.330,26.045,1.517,0.831,0.676,31.393,0.997,0.472,0.022,63.050,22.959,1.649
2016-05-02,5.347,4.874,1.092,1.329,26.045,1.516,0.832,0.676,31.392,0.996,0.472,0.022,64.100,22.958,1.642
2016-05-03,5.346,4.874,1.092,1.329,26.045,1.514,0.833,0.676,31.392,0.996,0.472,0.022,64.230,22.957,1.635
2016-05-04,5.346,4.875,1.091,1.329,26.046,1.512,0.835,0.675,31.392,0.996,0.471,0.022,65.070,22.956,1.628
2016-05-05,5.345,4.876,1.091,1.328,26.046,1.511,0.836,0.675,31.392,0.996,0.471,0.021,65.320,22.956,1.620
2016-05-06,5.344,4.876,1.091,1.328,26.047,1.509,0.837,0.674,31.391,0.995,0.470,0.021,66.070,22.955,1.613
2016-05-09,5.344,4.877,1.090,1.328,26.047,1.508,0.838,0.674,31.391,0.995,0.470,0.021,66.770,22.954,1.606
2016-05-10,5.343,4.878,1.090,1.327,26.047,1.506,0.840,0.674,31.391,0.995,0.470,0.021,67.040,22.953,1.599
2016-05-11,5.342,4.878,1.090,1.327,26.048,1.505,0.841,0.673,31.390,0.994,0.469,0.021,63.700,22.952,1.592
2016-05-12,5.341,4.879,1.090,1.327,26.048,1.503,0.842,0.673,31.390,0.994,0.469,0.021,63.950,22.952,1.584
2016-05-13,5.341,4.879,1.089,1.326,26.049,1.502,0.843,0.672,31.390,0.994,0.468,0.021,61.580,22.951,1.577
2016-05-16,5.340,4.880,1.089,1.326,26.049,1.500,0.844,0.672,31.390,0.993,0.468,0.021,62.490,22.950,1.570
2016-05-17,5.339,4.881,1.089,1.326,26.049,1.498,0.846,0.672,31.389,0.993,0.468,0.021,61.260,22.949,1.563
2016-05-18,5.339,4.881,1.088,1.325,26.050,1.497,0.847,0.671,31.389,0.993,0.467,0.021,60.640,22.948,1.556
2016-05-19,5.338,4.882,1.088,1.325,26.050,1.495,0.848,0.671,31.389,0.993,0.467,0.021,60.750,22.948,1.549
2016-05-20,5.337,4.882,1.088,1.325,26.051,1.494,0.849,0.670,31.388,0.992,0.466,0.021,61.150,22.947,1.541
2016-05-23,5.336,4.883,1.088,1.324,26.051,1.492,0.851,0.670,31.388,0.992,0.466,0.021,61.350,22.946,1.534
2016-05-24,5.336,4.884,1.087,1.324,26.051,1.491,0.852,0.670,31.388,0.992,0.466,0.021,61.940,22.945,1.527
2016-05-25,5.335,4.884,1.087,1.324,26.052,1.489,0.853,0.669,31.387,0.991,0.465,0.021,61.450,22.944,1.520
2016-05-26,5.334,4.885,1.087,1.323,26.052,1.488,0.854,0.669,31.387,0.991,0.465,0.021,61.780,22.944,1.513
2016-05-27,5.334,4.886,1.086,1.323,26.053,1.486,0.856,0.668,31.387,0.991,0.464,0.021,61.980,22.943,1.505
2016-05-31,5.333,4.886,1.086,1.323,26.053,1.484,0.857,0.668,31.387,0.991,0.464,0.021,61.940,22.942,1.498
2016-06-01,5.332,4.887,1.086,1.322,26.053,1.483,0.858,0.668,31.386,0.990,0.464,0.021,62.130,22.941,1.491
2016-06-02,5.331,4.888,1.086,1.322,26.054,1.481,0.859,0.667,31.386,0.990,0.463,0.021,61.860,22.940,1.494
2016-06-03,5.331,4.888,1.085,1.322,26.054,1.480,0.861,0.667,31.386,0.990,0.463,0.021,62.520,22.939,1.496
2016-06-06,5.330,4.889,1.085,1.321,26.055,1.478,0.862,0.666,31.385,0.989,0.462,0.021,62.260,22.939,1.499
2016-06-07,5.329,4.889,1.085,1.321,26.055,1.477,0.863,0.666,31.385,0.989,0.462,0.021,62.530,22.938,1.501
2016-06-08,5.328,4.890,1.084,1.320,26.056,1.475,0.864,0.666,31.385,0.989,0.462,0.021,63.130,22.937,1.504
2016-06-09,5.328,4.891,1.084,1.320,26.056,1.473,0.865,0.665,31.384,0.988,0.461,0.021,63.200,22.936,1.506
2016-06-10,5.327,4.891,1.084,1.320,26.056,1.472,0.867,0.665,31.384,0.988,0.461,0.021,62.760,22.935,1.509
2016-06-13,5.326,4.892,1.084,1.319,26.057,1.470,0.868,0.664,31.384,0.988,0.460,0.021,63.220,22.935,1.511
2016-06-14,5.326,4.892,1.083,1.319,26.057,1.469,0.869,0.664,31.384,0.988,0.460,0.021,63.560,22.934,1.514
2016-06-15,5.325,4.893,1.083,1.319,26.058,1.467,0.870,0.663,31.383,0.987,0.459,0.021,64.000,22.933,1.516
2016-06-16,5.324,4.894,1.083,1.318,26.058,1.466,0.872,0.663,31.383,0.987,0.459,0.021,64.630,22.932,1.518
2016-06-17,5.323,4.894,1.083,1.318,26.058,1.464,0.873,0.663,31.383,0.987,0.459,0.021,64.530,22.931,1.521
2016-06-20,5.323,4.895,1.082,1.318,26.059,1.462,0.874,0.662,31.382,0.986,0.458,0.021,64.860,22.930,1.524
2016-06-21,5.322,4.896,1.082,1.317,26.059,1.461,0.875,0.662,31.382,0.986,0.458,0.021,65.320,22.930,1.526
2016-06-22,5.321,4.896,1.082,1.317,26.060,1.459,0.877,0.661,31.382,0.986,0.457,0.021,65.370,22.929,1.528
2016-06-23,5.321,4.897,1.081,1.317,26.060,1.458,0.878,0.661,31.381,0.985,0.457,0.021,65.530,22.928,1.531
2016-06-24,5.320,4.898,1.081,1.316,26.060,1.456,0.879,0.661,31.381,0.985,0.457,0.021,64.720,22.927,1.534
2016-06-27,5.319,4.898,1.081,1.316,26.061,1.455,0.880,0.660,31.381,0.985,0.456,0.021,65.170,22.926,1.536
2016-06-28,5.318,4.899,1.081,1.316,26.061,1.453,0.882,0.660,31.381,0.985,0.456,0.021,66.780,22.926,1.538
2016-06-29,5.318,4.899,1.080,1.315,26.062,1.452,0.883,0.659,31.380,0.984,0.455,0.021,67.360,22.925,1.541
2016-06-30,5.317,4.900,1.080,1.315,26.062,1.450,0.884,0.659,31.380,0.984,0.455,0.021,67.980,22.924,1.544
2016-07-01,5.317,4.901,1.080,1.316,26.066,1.452,0.883,0.659,31.385,0.984,0.456,0.021,68.230,22.926,1.546
2016-07-05,5.317,4.902,1.081,1.316,26.071,1.455,0.882,0.660,31.389,0.985,0.457,0.021,69.200,22.929,1.541
2016-07-06,5.317,4.902,1.081,1.317,26.075,1.458,0.881,0.660,31.394,0.985,0.457,0.021,68.360,22.931,1.537
2016-07-07,5.318,4.903,1.081,1.318,26.080,1.460,0.880,0.660,31.398,0.985,0.458,0.021,67.750,22.934,1.532
2016-07-08,5.318,4.904,1.082,1.318,26.084,1.462,0.879,0.660,31.403,0.986,0.459,0.021,68.990,22.936,1.528
2016-07-11,5.318,4.905,1.082,1.319,26.088,1.465,0.878,0.661,31.407,0.986,0.460,0.021,69.680,22.939,1.523
2016-07-12,5.318,4.905,1.082,1.320,26.093,1.468,0.876,0.661,31.412,0.986,0.460,0.021,69.590,22.941,1.519
2016-07-13,5.318,4.906,1.083,1.320,26.097,1.470,0.875,0.661,31.416,0.987,0.461,0.021,70.460,22.943,1.514
2016-07-14,5.318,4.907,1.083,1.321,26.101,1.472,0.874,0.661,31.421,0.987,0.462,0.021,69.810,22.946,1.510
2016-07-15,5.319,4.908,1.083,1.322,26.106,1.475,0.873,0.662,31.425,0.987,0.463,0.021,70.060,22.948,1.505
2016-07-18,5.319,4.909,1.084,1.322,26.110,1.478,0.872,0.662,31.430,0.988,0.464,0.021,69.850,22.951,1.501
2016-07-19,5.319,4.909,1.084,1.323,26.114,1.480,0.871,0.662,31.434,0.988,0.464,0.021,70.080,22.953,1.496
2016-07-20,5.319,4.910,1.084,1.324,26.119,1.482,0.870,0.662,31.439,0.988,0.465,0.021,70.150,22.955,1.491
2016-07-21,5.319,4.911,1.085,1.324,26.123,1.485,0.869,0.663,31.443,0.989,0.466,0.021,70.450,22.958,1.487
2016-07-22,5.319,4.912,1.085,1.325,26.128,1.488,0.868,0.663,31.448,0.989,0.467,0.021,70.800,22.960,1.482
2016-07-25,5.320,4.913,1.086,1.326,26.132,1.490,0.867,0.663,31.452,0.990,0.468,0.021,70.540,22.963,1.478
2016-07-26,5.320,4.913,1.086,1.326,26.136,1.492,0.866,0.664,31.457,0.990,0.468,0.021,70.550,22.965,1.473
2016-07-27,5.320,4.914,1.086,1.327,26.141,1.495,0.865,0.664,31.461,0.990,0.469,0.021,69.670,22.968,1.469
2016-07-28,5.320,4.915,1.087,1.327,26.145,1.498,0.864,0.664,31.466,0.991,0.470,0.021,70.410,22.970,1.464
2016-07-29,5.320,4.916,1.087,1.328,26.150,1.500,0.862,0.664,31.470,0.991,0.471,0.021,71.340,22.972,1.460
2016-08-01,5.320,4.916,1.087,1.329,26.154,1.502,0.861,0.665,31.475,0.991,0.471,0.021,71.520,22.975,1.455
2016-08-02,5.320,4.917,1.088,1.329,26.158,1.505,0.860,0.665,31.479,0.992,0.472,0.021,70.270,22.977,1.456
2016-08-03,5.321,4.918,1.088,1.330,26.163,1.508,0.859,0.665,31.484,0.992,0.473,0.021,69.860,22.980,1.456
2016-08-04,5.321,4.919,1.088,1.331,26.167,1.510,0.858,0.665,31.488,0.992,0.474,0.021,69.010,22.982,1.457
2016-08-05,5.321,4.920,1.089,1.331,26.171,1.512,0.857,0.666,31.493,0.993,0.475,0.021,69.040,22.985,1.458
2016-08-08,5.321,4.920,1.089,1.332,26.176,1.515,0.856,0.666,31.497,0.993,0.475,0.021,69.120,22.987,1.458
2016-08-09,5.321,4.921,1.089,1.333,26.180,1.518,0.855,0.666,31.502,0.993,0.476,0.021,69.330,22.989,1.459
2016-08-10,5.321,4.922,1.090,1.333,26.184,1.520,0.854,0.666,31.506,0.994,0.477,0.021,68.810,22.992,1.460
2016-08-11,5.322,4.923,1.090,1.334,26.189,1.522,0.853,0.667,31.511,0.994,0.478,0.021,67.420,22.994,1.461
2016-08-12,5.322,4.923,1.090,1.335,26.193,1.525,0.852,0.667,31.515,0.994,0.478,0.021,67.630,22.997,1.461
2016-08-15,5.322,4.924,1.091,1.335,26.198,1.528,0.851,0.667,31.520,0.995,0.479,0.021,67.270,22.999,1.462
2016-08-16,5.322,4.925,1.091,1.336,26.202,1.530,0.849,0.668,31.524,0.995,0.480,0.021,66.480,23.002,1.463
2016-08-17,5.322,4.926,1.091,1.337,26.206,1.532,0.848,0.668,31.529,0.995,0.481,0.021,67.240,23.004,1.463
2016-08-18,5.322,4.927,1.092,1.337,26.211,1.535,0.847,0.668,31.534,0.996,0.482,0.021,67.360,23.006,1.464
2016-08-19,5.322,4.927,1.092,1.338,26.215,1.538,0.846,0.668,31.538,0.996,0.482,0.021,66.590,23.009,1.465
2016-08-22,5.323,4.928,1.092,1.339,26.220,1.540,0.845,0.669,31.543,0.996,0.483,0.021,66.770,23.011,1.465
2016-08-23,5.323,4.929,1.093,1.339,26.224,1.542,0.844,0.669,31.547,0.997,0.484,0.021,66.610,23.014,1.466
2016-08-24,5.323,4.930,1.093,1.340,26.228,1.545,0.843,0.669,31.552,0.997,0.485,0.021,67.320,23.016,1.467
2016-08-25,5.323,4.930,1.093,1.341,26.233,1.548,0.842,0.669,31.556,0.997,0.485,0.021,67.730,23.018,1.468
2016-08-26,5.323,4.931,1.094,1.341,26.237,1.550,0.841,0.670,31.561,0.998,0.486,0.021,67.170,23.021,1.468
2016-08-29,5.323,4.932,1.094,1.342,26.241,1.552,0.840,0.670,31.565,0.998,0.487,0.021,67.780,23.023,1.469
2016-08-30,5.324,4.933,1.094,1.343,26.246,1.555,0.839,0.670,31.570,0.998,0.488,0.021,67.840,23.026,1.470
2016-08-31,5.324,4.934,1.095,1.343,26.250,1.558,0.838,0.670,31.574,0.999,0.489,0.021,67.710,23.028,1.470
2016-09-01,5.324,4.934,1.095,1.344,26.254,1.560,0.837,0.671,31.579,0.999,0.489,0.021,67.880,23.031,1.471
2016-09-02,5.324,4.935,1.095,1.345,26.259,1.562,0.835,0.671,31.583,0.999,0.490,0.021,68.090,23.033,1.467
2016-09-06,5.324,4.936,1.096,1.345,26.263,1.565,0.834,0.671,31.588,1.000,0.491,0.021,68.550,23.035,1.464
2016-09-07,5.324,4.937,1.096,1.346,26.268,1.568,0.833,0.671,31.592,1.000,0.492,0.021,68.800,23.038,1.460
2016-09-08,5.324,4.938,1.096,1.346,26.272,1.570,0.832,0.672,31.597,1.000,0.492,0.021,68.220,23.040,1.457
2016-09-09,5.325,4.938,1.097,1.347,26.276,1.572,0.831,0.672,31.601,1.001,0.493,0.021,65.960,23.043,1.453
2016-09-12,5.325,4.939,1.097,1.348,26.281,1.575,0.830,0.672,31.606,1.001,0.494,0.021,66.710,23.045,1.450
2016-09-13,5.325,4.940,1.098,1.348,26.285,1.578,0.829,0.673,31.610,1.002,0.495,0.021,65.020,23.048,1.446
2016-09-14,5.325,4.941,1.098,1.349,26.290,1.580,0.828,0.673,31.615,1.002,0.496,0.021,65.290,23.050,1.442
2016-09-15,5.325,4.941,1.098,1.350,26.294,1.582,0.827,0.673,31.619,1.002,0.496,0.021,65.330,23.052,1.439
2016-09-16,5.325,4.942,1.099,1.350,26.298,1.585,0.826,0.673,31.624,1.003,0.497,0.021,65.590,23.055,1.435
2016-09-19,5.326,4.943,1.099,1.351,26.303,1.588,0.825,0.674,31.628,1.003,0.498,0.021,65.860,23.057,1.432
2016-09-20,5.326,4.944,1.099,1.352,26.307,1.590,0.824,0.674,31.633,1.003,0.499,0.021,65.580,23.060,1.428
2016-09-21,5.326,4.945,1.100,1.352,26.311,1.592,0.823,0.674,31.637,1.004,0.500,0.021,66.260,23.062,1.425
2016-09-22,5.326,4.945,1.100,1.353,26.316,1.595,0.821,0.674,31.642,1.004,0.500,0.021,67.090,23.064,1.421
2016-09-23,5.326,4.946,1.100,1.354,26.320,1.598,0.820,0.675,31.646,1.004,0.501,0.021,67.090,23.067,1.417
2016-09-26,5.326,4.947,1.101,1.354,26.324,1.600,0.819,0.675,31.651,1.005,0.502,0.021,67.480,23.069,1.414
2016-09-27,5.327,4.948,1.101,1.355,26.329,1.602,0.818,0.675,31.655,1.005,0.503,0.021,66.910,23.072,1.410
2016-09-28,5.327,4.948,1.101,1.356,26.333,1.605,0.817,0.675,31.660,1.005,0.503,0.021,66.810,23.074,1.407
2016-09-29,5.327,4.949,1.102,1.356,26.338,1.608,0.816,0.676,31.664,1.006,0.504,0.021,65.230,23.077,1.403
2016-09-30,5.327,4.950,1.102,1.357,26.342,1.610,0.815,0.676,31.669,1.006,0.505,0.021,65.050,23.079,1.400
2016-10-03,5.321,4.955,1.103,1.358,26.339,1.605,0.811,0.676,31.660,1.007,0.503,0.021,63.110,23.077,1.396
2016-10-04,5.316,4.960,1.105,1.359,26.336,1.599,0.807,0.677,31.651,1.008,0.502,0.021,62.180,23.076,1.392
2016-10-05,5.310,4.965,1.106,1.360,26.333,1.594,0.803,0.677,31.643,1.008,0.500,0.021,61.200,23.074,1.389
2016-10-06,5.304,4.970,1.107,1.361,26.330,1.588,0.799,0.678,31.634,1.009,0.498,0.021,61.440,23.073,1.385
2016-10-07,5.298,4.975,1.108,1.362,26.327,1.583,0.795,0.678,31.625,1.010,0.496,0.021,61.540,23.071,1.382
2016-10-10,5.293,4.980,1.110,1.363,26.323,1.577,0.791,0.678,31.616,1.011,0.495,0.021,61.760,23.069,1.378
2016-10-11,5.287,4.985,1.111,1.365,26.320,1.572,0.787,0.679,31.607,1.011,0.493,0.021,61.150,23.068,1.375
2016-10-12,5.281,4.990,1.112,1.366,26.317,1.566,0.783,0.679,31.598,1.012,0.491,0.021,62.200,23.066,1.371
2016-10-13,5.275,4.995,1.113,1.367,26.314,1.561,0.779,0.680,31.590,1.013,0.489,0.022,62.160,23.065,1.367
2016-10-14,5.270,5.000,1.115,1.368,26.311,1.555,0.775,0.680,31.581,1.014,0.488,0.022,61.600,23.063,1.364
2016-10-17,5.264,5.005,1.116,1.369,26.308,1.550,0.771,0.680,31.572,1.015,0.486,0.022,61.750,23.061,1.360
2016-10-18,5.258,5.010,1.117,1.370,26.305,1.544,0.767,0.681,31.563,1.015,0.484,0.022,62.050,23.060,1.357
2016-10-19,5.252,5.015,1.118,1.371,26.302,1.539,0.763,0.681,31.554,1.016,0.482,0.022,62.060,23.058,1.353
2016-10-20,5.247,5.020,1.120,1.372,26.299,1.533,0.759,0.681,31.545,1.017,0.481,0.022,61.680,23.057,1.350
2016-10-21,5.241,5.025,1.121,1.373,26.296,1.528,0.755,0.682,31.537,1.018,0.479,0.022,61.460,23.055,1.346
2016-10-24,5.235,5.030,1.122,1.374,26.292,1.522,0.751,0.682,31.528,1.018,0.477,0.022,61.600,23.054,1.342
2016-10-25,5.230,5.035,1.124,1.375,26.289,1.517,0.747,0.683,31.519,1.019,0.476,0.022,61.680,23.052,1.339
2016-10-26,5.224,5.040,1.125,1.376,26.286,1.512,0.743,0.683,31.510,1.020,0.474,0.022,58.900,23.050,1.335
2016-10-27,5.218,5.045,1.126,1.377,26.283,1.506,0.739,0.683,31.501,1.021,0.472,0.022,57.290,23.049,1.332
2016-10-28,5.212,5.050,1.127,1.379,26.280,1.501,0.735,0.684,31.492,1.022,0.470,0.022,57.180,23.047,1.328
2016-10-31,5.207,5.055,1.129,1.380,26.277,1.495,0.731,0.684,31.484,1.022,0.469,0.022,58.150,23.046,1.325
2016-11-01,5.201,5.060,1.130,1.381,26.274,1.490,0.727,0.685,31.475,1.023,0.467,0.022,57.300,23.044,1.321
2016-11-02,5.195,5.065,1.131,1.382,26.271,1.484,0.723,0.685,31.466,1.024,0.465,0.022,56.180,23.042,1.324
2016-11-03,5.189,5.070,1.132,1.383,26.268,1.479,0.719,0.685,31.457,1.025,0.463,0.022,56.070,23.041,1.327
2016-11-04,5.184,5.075,1.134,1.384,26.265,1.473,0.715,0.686,31.448,1.026,0.462,0.022,56.370,23.039,1.330
2016-11-07,5.178,5.080,1.135,1.385,26.262,1.468,0.711,0.686,31.439,1.026,0.460,0.022,56.890,23.038,1.333
2016-11-08,5.172,5.085,1.136,1.386,26.258,1.462,0.707,0.687,31.431,1.027,0.458,0.022,57.300,23.036,1.336
2016-11-09,5.166,5.090,1.137,1.387,26.255,1.457,0.703,0.687,31.422,1.028,0.456,0.022,56.530,23.034,1.339
2016-11-10,5.161,5.095,1.139,1.388,26.252,1.451,0.699,0.687,31.413,1.029,0.455,0.022,57.000,23.033,1.342
2016-11-11,5.155,5.100,1.140,1.389,26.249,1.446,0.695,0.688,31.404,1.029,0.453,0.022,57.100,23.031,1.345
2016-11-14,5.149,5.105,1.141,1.390,26.246,1.440,0.691,0.688,31.395,1.030,0.451,0.022,58.030,23.030,1.348
2016-11-15,5.143,5.110,1.142,1.392,26.243,1.435,0.688,0.688,31.386,1.031,0.450,0.022,57.610,23.028,1.351
2016-11-16,5.138,5.115,1.144,1.393,26.240,1.430,0.684,0.689,31.378,1.032,0.448,0.022,57.200,23.026,1.353
2016-11-17,5.132,5.120,1.145,1.394,26.237,1.424,0.680,0.689,31.369,1.033,0.446,0.022,56.500,23.025,1.356
2016-11-18,5.126,5.125,1.146,1.395,26.234,1.419,0.676,0.690,31.360,1.033,0.444,0.022,56.540,23.023,1.359
2016-11-21,5.121,5.130,1.148,1.396,26.231,1.413,0.672,0.690,31.351,1.034,0.443,0.022,56.180,23.022,1.362
2016-11-22,5.115,5.135,1.149,1.397,26.228,1.408,0.668,0.690,31.342,1.035,0.441,0.022,56.780,23.020,1.365
2016-11-23,5.109,5.140,1.150,1.398,26.224,1.402,0.664,0.691,31.334,1.036,0.439,0.022,56.520,23.018,1.368
2016-11-25,5.103,5.145,1.151,1.399,26.221,1.397,0.660,0.691,31.325,1.036,0.437,0.022,56.690,23.017,1.371
2016-11-28,5.098,5.150,1.153,1.400,26.218,1.391,0.656,0.692,31.316,1.037,0.436,0.022,56.700,23.015,1.374
2016-11-29,5.092,5.155,1.154,1.401,26.215,1.386,0.652,0.692,31.307,1.038,0.434,0.022,57.000,23.014,1.377
2016-11-30,5.086,5.160,1.155,1.402,26.212,1.380,0.648,0.692,31.298,1.039,0.432,0.022,56.170,23.012,1.380
2016-12-01,5.080,5.165,1.156,1.403,26.209,1.375,0.644,0.693,31.289,1.040,0.430,0.022,55.290,23.010,1.383
2016-12-02,5.075,5.170,1.158,1.404,26.206,1.369,0.640,0.693,31.281,1.040,0.429,0.022,56.080,23.009,1.385
2016-12-05,5.069,5.175,1.159,1.406,26.203,1.364,0.636,0.694,31.272,1.041,0.427,0.022,56.520,23.007,1.387
2016-12-06,5.063,5.180,1.160,1.407,26.200,1.358,0.632,0.694,31.263,1.042,0.425,0.022,56.320,23.006,1.389
2016-12-07,5.057,5.185,1.161,1.408,26.197,1.353,0.628,0.694,31.254,1.043,0.423,0.022,57.460,23.004,1.391
2016-12-08,5.052,5.190,1.163,1.409,26.194,1.348,0.624,0.695,31.245,1.044,0.422,0.022,57.430,23.002,1.393
2016-12-09,5.046,5.195,1.164,1.410,26.190,1.342,0.620,0.695,31.236,1.044,0.420,0.022,57.360,23.001,1.395
2016-12-12,5.040,5.200,1.165,1.411,26.187,1.337,0.616,0.696,31.228,1.045,0.418,0.022,58.200,22.999,1.396
2016-12-13,5.035,5.205,1.167,1.412,26.184,1.331,0.612,0.696,31.219,1.046,0.417,0.022,58.610,22.998,1.398
2016-12-14,5.029,5.210,1.168,1.413,26.181,1.326,0.608,0.696,31.210,1.047,0.415,0.022,56.680,22.996,1.400
2016-12-15,5.023,5.215,1.169,1.414,26.178,1.320,0.604,0.697,31.201,1.047,0.413,0.022,56.280,22.995,1.402
2016-12-16,5.017,5.220,1.170,1.415,26.175,1.315,0.600,0.697,31.192,1.048,0.411,0.022,56.690,22.993,1.404
2016-12-19,5.012,5.225,1.172,1.416,26.172,1.309,0.596,0.697,31.183,1.049,0.410,0.022,57.110,22.991,1.406
2016-12-20,5.006,5.230,1.173,1.417,26.169,1.304,0.592,0.698,31.175,1.050,0.408,0.022,57.220,22.990,1.408
2016-12-21,5.000,5.235,1.174,1.418,26.166,1.298,0.588,0.698,31.166,1.051,0.406,0.022,55.710,22.988,1.410
2016-12-22,4.994,5.240,1.175,1.420,26.163,1.293,0.584,0.699,31.157,1.051,0.404,0.022,55.110,22.987,1.412
2016-12-23,4.989,5.245,1.177,1.421,26.159,1.287,0.580,0.699,31.148,1.052,0.403,0.022,55.020,22.985,1.414
2016-12-27,4.983,5.250,1.178,1.422,26.156,1.282,0.576,0.699,31.139,1.053,0.401,0.022,55.020,22.983,1.416
2016-12-28,4.977,5.255,1.179,1.423,26.153,1.276,0.572,0.700,31.130,1.054,0.399,0.022,54.470,22.982,1.418
2016-12-29,4.971,5.260,1.180,1.424,26.150,1.271,0.568,0.700,31.122,1.054,0.397,0.023,55.030,22.980,1.420
2016-12-30,4.966,5.265,1.182,1.425,26.147,1.265,0.564,0.701,31.113,1.055,0.396,0.023,55.560,22.979,1.422
2016-12-31,4.960,5.270,1.183,1.426,26.144,1.260,0.560,0.701,31.104,1.056,0.394,0.023,56.345,22.977,1.424
2017-01-03,4.956,5.274,1.182,1.425,26.145,1.264,0.559,0.701,31.101,1.055,0.395,0.023,57.130,22.980,1.425
2017-01-04,4.953,5.279,1.181,1.423,26.146,1.269,0.558,0.700,31.099,1.055,0.397,0.023,57.580,22.983,1.427
2017-01-05,4.949,5.283,1.179,1.422,26.148,1.273,0.558,0.700,31.096,1.054,0.398,0.023,57.680,22.985,1.429
2017-01-06,4.945,5.287,1.178,1.421,26.149,1.277,0.557,0.699,31.094,1.053,0.399,0.022,58.440,22.988,1.431
2017-01-09,4.941,5.292,1.177,1.420,26.150,1.282,0.556,0.699,31.091,1.052,0.401,0.022,58.150,22.991,1.433
2017-01-10,4.938,5.296,1.176,1.418,26.151,1.286,0.555,0.699,31.089,1.052,0.402,0.022,57.620,22.994,1.435
2017-01-11,4.934,5.300,1.175,1.417,26.152,1.290,0.555,0.698,31.086,1.051,0.403,0.022,56.930,22.996,1.437
2017-01-12,4.930,5.305,1.173,1.416,26.153,1.295,0.554,0.698,31.084,1.050,0.405,0.022,57.270,22.999,1.439
2017-01-13,4.926,5.309,1.172,1.414,26.155,1.299,0.553,0.698,31.081,1.050,0.406,0.022,57.560,23.002,1.441
2017-01-17,4.923,5.314,1.171,1.413,26.156,1.304,0.552,0.697,31.079,1.049,0.408,0.022,57.970,23.005,1.443
2017-01-18,4.919,5.318,1.170,1.412,26.157,1.308,0.552,0.697,31.076,1.048,0.409,0.022,58.360,23.008,1.445
2017-01-19,4.915,5.322,1.169,1.411,26.158,1.312,0.551,0.696,31.073,1.047,0.410,0.022,57.220,23.010,1.447
2017-01-20,4.912,5.327,1.167,1.409,26.159,1.317,0.550,0.696,31.071,1.047,0.412,0.022,57.720,23.013,1.449
2017-01-23,4.908,5.331,1.166,1.408,26.160,1.321,0.549,0.696,31.068,1.046,0.413,0.022,57.870,23.016,1.450
2017-01-24,4.904,5.335,1.165,1.407,26.162,1.325,0.549,0.695,31.066,1.045,0.414,0.022,57.600,23.019,1.452
2017-01-25,4.900,5.340,1.164,1.405,26.163,1.330,0.548,0.695,31.063,1.045,0.416,0.022,57.060,23.021,1.454
2017-01-26,4.897,5.344,1.163,1.404,26.164,1.334,0.547,0.694,31.061,1.044,0.417,0.022,56.960,23.024,1.456
2017-01-27,4.893,5.348,1.162,1.403,26.165,1.338,0.546,0.694,31.058,1.043,0.418,0.022,56.150,23.027,1.458
2017-01-30,4.889,5.353,1.160,1.401,26.166,1.343,0.546,0.694,31.056,1.043,0.420,0.022,55.600,23.030,1.460
2017-01-31,4.885,5.357,1.159,1.400,26.168,1.347,0.545,0.693,31.053,1.042,0.421,0.022,57.490,23.032,1.462
2017-02-01,4.882,5.361,1.158,1.399,26.169,1.351,0.544,0.693,31.050,1.041,0.422,0.022,56.780,23.035,1.464
2017-02-02,4.878,5.366,1.157,1.398,26.170,1.356,0.543,0.692,31.048,1.040,0.424,0.022,57.230,23.038,1.461
2017-02-03,4.874,5.370,1.156,1.396,26.171,1.360,0.543,0.692,31.045,1.040,0.425,0.022,57.970,23.041,1.458
2017-02-06,4.871,5.375,1.154,1.395,26.172,1.365,0.542,0.692,31.043,1.039,0.427,0.022,56.950,23.044,1.455
2017-02-07,4.867,5.379,1.153,1.394,26.173,1.369,0.541,0.691,31.040,1.038,0.428,0.022,56.010,23.046,1.451
2017-02-08,4.863,5.383,1.152,1.392,26.175,1.373,0.540,0.691,31.038,1.038,0.429,0.022,56.500,23.049,1.448
2017-02-09,4.859,5.388,1.151,1.391,26.176,1.378,0.540,0.691,31.035,1.037,0.431,0.022,56.930,23.052,1.445
2017-02-10,4.856,5.392,1.150,1.390,26.177,1.382,0.539,0.690,31.033,1.036,0.432,0.022,56.960,23.055,1.442
2017-02-13,4.852,5.396,1.148,1.389,26.178,1.386,0.538,0.690,31.030,1.035,0.433,0.022,56.830,23.057,1.439
2017-02-14,4.848,5.401,1.147,1.387,26.179,1.391,0.537,0.689,31.028,1.035,0.435,0.022,56.600,23.060,1.436
2017-02-15,4.844,5.405,1.146,1.386,26.180,1.395,0.536,0.689,31.025,1.034,0.436,0.022,55.850,23.063,1.432
2017-02-16,4.841,5.409,1.145,1.385,26.182,1.399,0.536,0.689,31.022,1.033,0.437,0.022,56.050,23.066,1.429
2017-02-17,4.837,5.414,1.144,1.383,26.183,1.404,0.535,0.688,31.020,1.033,0.439,0.022,56.650,23.069,1.426
2017-02-21,4.833,5.418,1.142,1.382,26.184,1.408,0.534,0.688,31.017,1.032,0.440,0.022,57.920,23.071,1.423
2017-02-22,4.830,5.422,1.141,1.381,26.185,1.412,0.533,0.687,31.015,1.031,0.441,0.022,57.780,23.074,1.420
2017-02-23,4.826,5.427,1.140,1.380,26.186,1.417,0.533,0.687,31.012,1.030,0.443,0.022,57.870,23.077,1.417
2017-02-24,4.822,5.431,1.139,1.378,26.188,1.421,0.532,0.687,31.010,1.030,0.444,0.022,57.650,23.080,1.413
2017-02-27,4.818,5.435,1.138,1.377,26.189,1.425,0.531,0.686,31.007,1.029,0.445,0.022,58.290,23.082,1.410
2017-02-28,4.815,5.440,1.136,1.376,26.190,1.430,0.530,0.686,31.005,1.028,0.447,0.022,57.680,23.085,1.407
2017-03-01,4.811,5.444,1.135,1.374,26.191,1.434,0.530,0.686,31.002,1.028,0.448,0.022,57.090,23.088,1.404
2017-03-02,4.807,5.449,1.134,1.373,26.192,1.439,0.529,0.685,31.000,1.027,0.450,0.022,56.660,23.091,1.404
2017-03-03,4.804,5.453,1.133,1.372,26.193,1.443,0.528,0.685,30.997,1.026,0.451,0.022,56.120,23.094,1.404
2017-03-06,4.800,5.457,1.132,1.371,26.195,1.447,0.527,0.684,30.994,1.025,0.452,0.022,55.930,23.096,1.405
2017-03-07,4.796,5.462,1.130,1.369,26.196,1.452,0.527,0.684,30.992,1.025,0.454,0.022,55.460,23.099,1.405
2017-03-08,4.792,5.466,1.129,1.368,26.197,1.456,0.526,0.684,30.989,1.024,0.455,0.022,54.640,23.102,1.405
2017-03-09,4.789,5.470,1.128,1.367,26.198,1.460,0.525,0.683,30.987,1.023,0.456,0.022,52.960,23.105,1.405
2017-03-10,4.785,5.475,1.127,1.365,26.199,1.465,0.524,0.683,30.984,1.023,0.458,0.022,52.610,23.107,1.406
2017-03-13,4.781,5.479,1.126,1.364,26.201,1.469,0.524,0.682,30.982,1.022,0.459,0.022,52.770,23.110,1.406
2017-03-14,4.777,5.483,1.125,1.363,26.202,1.473,0.523,0.682,30.979,1.021,0.460,0.022,52.310,23.113,1.406
2017-03-15,4.774,5.488,1.123,1.361,26.203,1.478,0.522,0.682,30.977,1.021,0.462,0.022,53.180,23.116,1.406
2017-03-16,4.770,5.492,1.122,1.360,26.204,1.482,0.521,0.681,30.974,1.020,0.463,0.022,52.990,23.118,1.407
2017-03-17,4.766,5.496,1.121,1.359,26.205,1.486,0.521,0.681,30.971,1.019,0.464,0.022,52.560,23.121,1.407
2017-03-20,4.763,5.501,1.120,1.358,26.206,1.491,0.520,0.680,30.969,1.018,0.466,0.022,52.590,23.124,1.407
2017-03-21,4.759,5.505,1.119,1.356,26.208,1.495,0.519,0.680,30.966,1.018,0.467,0.022,52.850,23.127,1.407
2017-03-22,4.755,5.510,1.117,1.355,26.209,1.500,0.518,0.680,30.964,1.017,0.469,0.022,51.740,23.130,1.408
2017-03-23,4.751,5.514,1.116,1.354,26.210,1.504,0.518,0.679,30.961,1.016,0.470,0.022,52.410,23.132,1.408
2017-03-24,4.748,5.518,1.115,1.352,26.211,1.508,0.517,0.679,30.959,1.016,0.471,0.022,52.540,23.135,1.408
2017-03-27,4.744,5.523,1.114,1.351,26.212,1.513,0.516,0.679,30.956,1.015,0.473,0.022,51.970,23.138,1.408
2017-03-28,4.740,5.527,1.113,1.350,26.213,1.517,0.515,0.678,30.954,1.014,0.474,0.022,52.570,23.141,1.409
2017-03-29,4.736,5.531,1.111,1.349,26.215,1.521,0.515,0.678,30.951,1.013,0.475,0.022,53.130,23.143,1.409
2017-03-30,4.733,5.536,1.110,1.347,26.216,1.526,0.514,0.677,30.949,1.013,0.477,0.022,53.190,23.146,1.409
2017-03-31,4.729,5.540,1.109,1.346,26.217,1.530,0.513,0.677,30.946,1.012,0.478,0.022,53.810,23.149,1.409
2017-04-03,4.722,5.551,1.109,1.346,26.224,1.525,0.513,0.677,30.946,1.012,0.476,0.022,54.230,23.153,1.409
2017-04-04,4.715,5.562,1.109,1.347,26.232,1.520,0.512,0.677,30.947,1.012,0.475,0.022,53.140,23.158,1.410
2017-04-05,4.708,5.572,1.109,1.347,26.239,1.516,0.512,0.677,30.947,1.013,0.473,0.022,53.060,23.162,1.410
2017-04-06,4.701,5.583,1.110,1.347,26.246,1.511,0.511,0.678,30.947,1.013,0.472,0.022,52.910,23.166,1.410
2017-04-07,4.694,5.594,1.110,1.347,26.253,1.506,0.511,0.678,30.948,1.013,0.470,0.022,52.910,23.171,1.410
2017-04-10,4.687,5.605,1.110,1.348,26.261,1.501,0.511,0.678,30.948,1.013,0.469,0.022,53.430,23.175,1.411
2017-04-11,4.680,5.616,1.110,1.348,26.268,1.497,0.510,0.678,30.948,1.014,0.467,0.022,54.010,23.179,1.411
2017-04-12,4.673,5.626,1.110,1.348,26.275,1.492,0.510,0.678,30.949,1.014,0.466,0.022,53.990,23.184,1.411
2017-04-13,4.666,5.637,1.110,1.348,26.282,1.487,0.510,0.678,30.949,1.014,0.464,0.022,54.160,23.188,1.411
2017-04-17,4.659,5.648,1.111,1.349,26.290,1.482,0.509,0.678,30.949,1.014,0.463,0.022,54.390,23.192,1.412
2017-04-18,4.653,5.659,1.111,1.349,26.297,1.478,0.509,0.679,30.949,1.014,0.461,0.022,54.440,23.197,1.412
2017-04-19,4.646,5.670,1.111,1.349,26.304,1.473,0.508,0.679,30.950,1.015,0.460,0.022,54.350,23.201,1.412
2017-04-20,4.639,5.680,1.111,1.349,26.312,1.468,0.508,0.679,30.950,1.015,0.458,0.022,54.440,23.206,1.412
2017-04-21,4.632,5.691,1.111,1.350,26.319,1.463,0.508,0.679,30.950,1.015,0.457,0.022,53.590,23.210,1.413
2017-04-24,4.625,5.702,1.111,1.350,26.326,1.459,0.507,0.679,30.951,1.015,0.455,0.022,52.640,23.214,1.413
2017-04-25,4.618,5.713,1.112,1.350,26.333,1.454,0.507,0.679,30.951,1.016,0.454,0.022,52.360,23.219,1.413
2017-04-26,4.611,5.723,1.112,1.350,26.341,1.449,0.507,0.679,30.951,1.016,0.452,0.022,51.420,23.223,1.413
2017-04-27,4.604,5.734,1.112,1.351,26.348,1.444,0.506,0.680,30.952,1.016,0.451,0.022,52.300,23.227,1.414
2017-04-28,4.597,5.745,1.112,1.351,26.355,1.440,0.506,0.680,30.952,1.016,0.449,0.022,51.490,23.232,1.414
2017-05-01,4.590,5.756,1.112,1.351,26.362,1.435,0.505,0.680,30.952,1.016,0.448,0.022,52.540,23.236,1.414
2017-05-02,4.583,5.767,1.112,1.351,26.370,1.430,0.505,0.680,30.953,1.017,0.446,0.022,52.590,23.240,1.410
2017-05-03,4.576,5.777,1.112,1.352,26.377,1.425,0.505,0.680,30.953,1.017,0.444,0.022,51.590,23.245,1.407
2017-05-04,4.569,5.788,1.113,1.352,26.384,1.420,0.504,0.680,30.953,1.017,0.443,0.022,51.540,23.249,1.403
2017-05-05,4.562,5.799,1.113,1.352,26.391,1.416,0.504,0.680,30.954,1.017,0.441,0.022,51.260,23.253,1.399
2017-05-08,4.555,5.810,1.113,1.352,26.399,1.411,0.503,0.681,30.954,1.018,0.440,0.022,50.740,23.258,1.395
2017-05-09,4.548,5.821,1.113,1.353,26.406,1.406,0.503,0.681,30.954,1.018,0.438,0.022,50.620,23.262,1.392
2017-05-10,4.541,5.831,1.113,1.353,26.413,1.401,0.503,0.681,30.955,1.018,0.437,0.022,51.610,23.266,1.388
2017-05-11,4.534,5.842,1.113,1.353,26.421,1.397,0.502,0.681,30.955,1.018,0.435,0.022,50.410,23.271,1.384
2017-05-12,4.527,5.853,1.114,1.353,26.428,1.392,0.502,0.681,30.955,1.018,0.434,0.022,49.070,23.275,1.380
2017-05-15,4.520,5.864,1.114,1.354,26.435,1.387,0.502,0.681,30.956,1.019,0.432,0.022,48.660,23.279,1.377
2017-05-16,4.513,5.875,1.114,1.354,26.442,1.382,0.501,0.681,30.956,1.019,0.431,0.022,48.020,23.284,1.373
2017-05-17,4.507,5.885,1.114,1.354,26.450,1.378,0.501,0.682,30.956,1.019,0.429,0.022,48.060,23.288,1.369
2017-05-18,4.500,5.896,1.114,1.354,26.457,1.373,0.500,0.682,30.956,1.019,0.428,0.022,47.990,23.293,1.366
2017-05-19,4.493,5.907,1.114,1.355,26.464,1.368,0.500,0.682,30.957,1.020,0.426,0.022,49.190,23.297,1.362
2017-05-22,4.486,5.918,1.115,1.355,26.471,1.363,0.500,0.682,30.957,1.020,0.425,0.022,49.100,23.301,1.358
2017-05-23,4.479,5.929,1.115,1.355,26.479,1.359,0.499,0.682,30.957,1.020,0.423,0.022,49.000,23.306,1.354
2017-05-24,4.472,5.939,1.115,1.355,26.486,1.354,0.499,0.682,30.958,1.020,0.422,0.022,49.780,23.310,1.351
2017-05-25,4.465,5.950,1.115,1.356,26.493,1.349,0.499,0.682,30.958,1.020,0.420,0.022,50.070,23.314,1.347
2017-05-26,4.458,5.961,1.115,1.356,26.501,1.344,0.498,0.683,30.958,1.021,0.419,0.022,49.000,23.319,1.343
2017-05-30,4.451,5.972,1.115,1.356,26.508,1.340,0.498,0.683,30.959,1.021,0.417,0.022,48.290,23.323,1.339
2017-05-31,4.444,5.983,1.116,1.356,26.515,1.335,0.497,0.683,30.959,1.021,0.416,0.022,48.060,23.327,1.336
2017-06-01,4.437,5.993,1.116,1.357,26.522,1.330,0.497,0.683,30.959,1.021,0.414,0.022,48.240,23.332,1.332
2017-06-02,4.430,6.004,1.116,1.357,26.530,1.325,0.497,0.683,30.960,1.022,0.412,0.022,47.560,23.336,1.333
2017-06-05,4.423,6.015,1.116,1.357,26.537,1.320,0.496,0.683,30.960,1.022,0.411,0.022,47.440,23.340,1.334
2017-06-06,4.416,6.026,1.116,1.357,26.544,1.316,0.496,0.683,30.960,1.022,0.409,0.022,47.700,23.345,1.334
2017-06-07,4.409,6.037,1.116,1.358,26.551,1.311,0.495,0.684,30.961,1.022,0.408,0.022,48.380,23.349,1.335
2017-06-08,4.402,6.047,1.116,1.358,26.559,1.306,0.495,0.684,30.961,1.022,0.406,0.022,48.160,23.353,1.336
2017-06-09,4.395,6.058,1.117,1.358,26.566,1.301,0.495,0.684,30.961,1.023,0.405,0.022,48.480,23.358,1.337
2017-06-12,4.388,6.069,1.117,1.358,26.573,1.297,0.494,0.684,30.962,1.023,0.403,0.022,49.770,23.362,1.338
2017-06-13,4.381,6.080,1.117,1.359,26.580,1.292,0.494,0.684,30.962,1.023,0.402,0.022,49.480,23.366,1.339
2017-06-14,4.374,6.090,1.117,1.359,26.588,1.287,0.494,0.684,30.962,1.023,0.400,0.022,49.740,23.371,1.340
2017-06-15,4.367,6.101,1.117,1.359,26.595,1.282,0.493,0.684,30.963,1.024,0.399,0.022,50.080,23.375,1.340
2017-06-16,4.361,6.112,1.117,1.359,26.602,1.278,0.493,0.685,30.963,1.024,0.397,0.022,49.930,23.380,1.341
2017-06-19,4.354,6.123,1.118,1.360,26.610,1.273,0.492,0.685,30.963,1.024,0.396,0.022,49.530,23.384,1.342
2017-06-20,4.347,6.134,1.118,1.360,26.617,1.268,0.492,0.685,30.963,1.024,0.394,0.022,49.530,23.388,1.343
2017-06-21,4.340,6.144,1.118,1.360,26.624,1.263,0.492,0.685,30.964,1.024,0.393,0.022,49.470,23.393,1.344
2017-06-22,4.333,6.155,1.118,1.360,26.631,1.259,0.491,0.685,30.964,1.025,0.391,0.022,49.580,23.397,1.344
2017-06-23,4.326,6.166,1.118,1.361,26.639,1.254,0.491,0.685,30.964,1.025,0.390,0.022,49.510,23.401,1.345
2017-06-26,4.319,6.177,1.118,1.361,26.646,1.249,0.491,0.685,30.965,1.025,0.388,0.022,49.990,23.406,1.346
2017-06-27,4.312,6.188,1.119,1.361,26.653,1.244,0.490,0.686,30.965,1.025,0.387,0.022,50.590,23.410,1.347
2017-06-28,4.305,6.198,1.119,1.361,26.660,1.240,0.490,0.686,30.965,1.026,0.385,0.022,51.040,23.414,1.348
2017-06-29,4.298,6.209,1.119,1.362,26.668,1.235,0.489,0.686,30.966,1.026,0.384,0.022,50.660,23.419,1.349
2017-06-30,4.291,6.220,1.119,1.362,26.675,1.230,0.489,0.686,30.966,1.026,0.382,0.022,50.400,23.423,1.350
2017-07-03,4.290,6.221,1.119,1.363,26.677,1.237,0.489,0.686,30.967,1.026,0.384,0.022,51.350,23.423,1.350
2017-07-05,4.290,6.223,1.120,1.363,26.679,1.243,0.490,0.686,30.968,1.026,0.386,0.022,49.190,23.423,1.351
2017-07-06,4.289,6.224,1.120,1.364,26.680,1.250,0.490,0.686,30.969,1.026,0.388,0.022,48.420,23.422,1.352
2017-07-07,4.288,6.226,1.121,1.365,26.682,1.256,0.490,0.686,30.970,1.026,0.390,0.022,48.690,23.422,1.353
2017-07-10,4.287,6.227,1.121,1.365,26.684,1.263,0.490,0.686,30.971,1.026,0.392,0.022,48.320,23.422,1.354
2017-07-11,4.286,6.228,1.122,1.366,26.686,1.269,0.491,0.686,30.972,1.026,0.394,0.022,47.850,23.422,1.354
2017-07-12,4.286,6.230,1.122,1.367,26.688,1.276,0.491,0.686,30.973,1.026,0.396,0.022,48.340,23.422,1.355
2017-07-13,4.285,6.231,1.123,1.367,26.689,1.282,0.491,0.686,30.974,1.026,0.398,0.022,49.130,23.421,1.356
2017-07-14,4.284,6.233,1.123,1.368,26.691,1.289,0.492,0.687,30.975,1.026,0.401,0.022,49.960,23.421,1.357
2017-07-17,4.284,6.234,1.124,1.369,26.693,1.296,0.492,0.687,30.976,1.026,0.403,0.022,50.400,23.421,1.358
2017-07-18,4.283,6.235,1.124,1.369,26.695,1.302,0.492,0.687,30.977,1.026,0.405,0.022,49.680,23.421,1.359
2017-07-19,4.282,6.237,1.124,1.370,26.697,1.309,0.493,0.687,30.978,1.026,0.407,0.022,49.820,23.421,1.360
2017-07-20,4.281,6.238,1.125,1.371,26.698,1.315,0.493,0.687,30.979,1.026,0.409,0.022,50.050,23.420,1.360
2017-07-21,4.280,6.240,1.125,1.371,26.700,1.322,0.493,0.687,30.980,1.026,0.411,0.022,49.920,23.420,1.361
2017-07-24,4.280,6.241,1.126,1.372,26.702,1.328,0.493,0.687,30.981,1.026,0.413,0.022,49.750,23.420,1.362
2017-07-25,4.279,6.242,1.126,1.372,26.704,1.335,0.494,0.687,30.982,1.026,0.415,0.022,50.220,23.420,1.363
2017-07-26,4.278,6.244,1.127,1.373,26.706,1.342,0.494,0.687,30.984,1.026,0.417,0.022,50.910,23.420,1.364
2017-07-27,4.278,6.245,1.127,1.374,26.707,1.348,0.494,0.687,30.985,1.026,0.419,0.022,51.700,23.419,1.364
2017-07-28,4.277,6.247,1.128,1.374,26.709,1.355,0.495,0.687,30.986,1.026,0.421,0.022,49.900,23.419,1.365
2017-07-31,4.276,6.248,1.128,1.375,26.711,1.361,0.495,0.687,30.987,1.026,0.423,0.022,49.270,23.419,1.366
2017-08-01,4.275,6.250,1.129,1.376,26.713,1.368,0.495,0.687,30.988,1.026,0.425,0.022,51.160,23.419,1.367
2017-08-02,4.275,6.251,1.129,1.376,26.715,1.374,0.496,0.687,30.989,1.026,0.427,0.022,50.160,23.419,1.369
2017-08-03,4.274,6.252,1.129,1.377,26.716,1.381,0.496,0.687,30.990,1.026,0.429,0.022,50.340,23.418,1.372
2017-08-04,4.273,6.254,1.130,1.378,26.718,1.388,0.496,0.688,30.991,1.026,0.432,0.022,51.140,23.418,1.374
2017-08-07,4.272,6.255,1.130,1.378,26.720,1.394,0.496,0.688,30.992,1.026,0.434,0.022,51.720,23.418,1.377
2017-08-08,4.272,6.257,1.131,1.379,26.722,1.401,0.497,0.688,30.993,1.026,0.436,0.022,51.010,23.418,1.379
2017-08-09,4.271,6.258,1.131,1.380,26.724,1.407,0.497,0.688,30.994,1.026,0.438,0.022,50.800,23.418,1.381
2017-08-10,4.270,6.259,1.132,1.380,26.725,1.414,0.497,0.688,30.995,1.026,0.440,0.022,50.090,23.417,1.384
2017-08-11,4.269,6.261,1.132,1.381,26.727,1.420,0.498,0.688,30.996,1.026,0.442,0.022,49.080,23.417,1.386
2017-08-14,4.268,6.262,1.133,1.382,26.729,1.427,0.498,0.688,30.997,1.026,0.444,0.022,49.840,23.417,1.389
2017-08-15,4.268,6.264,1.133,1.382,26.731,1.433,0.498,0.688,30.998,1.026,0.446,0.022,48.960,23.417,1.391
2017-08-16,4.267,6.265,1.134,1.383,26.732,1.440,0.498,0.688,30.999,1.026,0.448,0.022,49.100,23.416,1.393
2017-08-17,4.266,6.266,1.134,1.384,26.734,1.447,0.499,0.688,31.000,1.027,0.450,0.022,48.870,23.416,1.396
2017-08-18,4.266,6.268,1.134,1.384,26.736,1.453,0.499,0.688,31.001,1.027,0.452,0.022,47.740,23.416,1.398
2017-08-21,4.265,6.269,1.135,1.385,26.738,1.460,0.499,0.688,31.002,1.027,0.454,0.022,48.050,23.416,1.400
2017-08-22,4.264,6.271,1.135,1.386,26.740,1.466,0.500,0.688,31.003,1.027,0.456,0.022,47.630,23.416,1.403
2017-08-23,4.263,6.272,1.136,1.386,26.741,1.473,0.500,0.688,31.004,1.027,0.458,0.022,48.980,23.415,1.405
2017-08-24,4.262,6.273,1.136,1.387,26.743,1.479,0.500,0.688,31.005,1.027,0.460,0.022,48.700,23.415,1.408
2017-08-25,4.262,6.275,1.137,1.388,26.745,1.486,0.501,0.688,31.006,1.027,0.462,0.022,49.440,23.415,1.410
2017-08-28,4.261,6.276,1.137,1.388,26.747,1.492,0.501,0.688,31.007,1.027,0.464,0.022,48.750,23.415,1.412
2017-08-29,4.260,6.278,1.138,1.389,26.749,1.499,0.501,0.689,31.008,1.027,0.467,0.022,48.570,23.415,1.415
2017-08-30,4.260,6.279,1.138,1.390,26.750,1.506,0.501,0.689,31.009,1.027,0.469,0.022,48.810,23.414,1.417
2017-08-31,4.259,6.280,1.138,1.390,26.752,1.512,0.502,0.689,31.010,1.027,0.471,0.022,48.760,23.414,1.420
2017-09-01,4.258,6.282,1.139,1.391,26.754,1.519,0.502,0.689,31.011,1.027,0.473,0.022,49.170,23.414,1.422
2017-09-05,4.257,6.283,1.139,1.392,26.756,1.525,0.502,0.689,31.012,1.027,0.475,0.022,48.770,23.414,1.424
2017-09-06,4.256,6.285,1.140,1.392,26.758,1.532,0.503,0.689,31.013,1.027,0.477,0.022,49.340,23.414,1.426
2017-09-07,4.256,6.286,1.140,1.393,26.759,1.538,0.503,0.689,31.014,1.027,0.479,0.022,49.990,23.413,1.428
2017-09-08,4.255,6.288,1.141,1.394,26.761,1.545,0.503,0.689,31.016,1.027,0.481,0.022,49.600,23.413,1.430
2017-09-11,4.254,6.289,1.141,1.394,26.763,1.552,0.504,0.689,31.017,1.027,0.483,0.022,49.840,23.413,1.432
2017-09-12,4.254,6.290,1.142,1.395,26.765,1.558,0.504,0.689,31.018,1.027,0.485,0.022,48.970,23.413,1.434
2017-09-13,4.253,6.292,1.142,1.395,26.767,1.565,0.504,0.689,31.019,1.027,0.487,0.022,49.870,23.413,1.436
2017-09-14,4.252,6.293,1.143,1.396,26.768,1.571,0.504,0.689,31.020,1.027,0.489,0.022,50.900,23.412,1.438
2017-09-15,4.251,6.295,1.143,1.397,26.770,1.578,0.505,0.689,31.021,1.027,0.491,0.022,51.220,23.412,1.440
2017-09-18,4.251,6.296,1.143,1.397,26.772,1.584,0.505,0.689,31.022,1.027,0.493,0.022,50.210,23.412,1.442
2017-09-19,4.250,6.297,1.144,1.398,26.774,1.591,0.505,0.689,31.023,1.027,0.495,0.022,49.650,23.412,1.443
2017-09-20,4.249,6.299,1.144,1.399,26.776,1.598,0.506,0.690,31.024,1.027,0.498,0.022,49.710,23.412,1.445
2017-09-21,4.248,6.300,1.145,1.399,26.777,1.604,0.506,0.690,31.025,1.027,0.500,0.022,49.610,23.411,1.447
2017-09-22,4.248,6.302,1.145,1.400,26.779,1.611,0.506,0.690,31.026,1.027,0.502,0.022,49.370,23.411,1.449
2017-09-25,4.247,6.303,1.146,1.401,26.781,1.617,0.507,0.690,31.027,1.027,0.504,0.022,49.890,23.411,1.451
2017-09-26,4.246,6.304,1.146,1.401,26.783,1.624,0.507,0.690,31.028,1.027,0.506,0.022,50.830,23.411,1.453
2017-09-27,4.245,6.306,1.147,1.402,26.785,1.630,0.507,0.690,31.029,1.027,0.508,0.022,49.770,23.411,1.455
2017-09-28,4.244,6.307,1.147,1.403,26.786,1.637,0.507,0.690,31.030,1.027,0.510,0.022,50.230,23.410,1.457
2017-09-29,4.244,6.309,1.148,1.403,26.788,1.643,0.508,0.690,31.031,1.027,0.512,0.022,50.050,23.410,1.459
2017-09-30,4.243,6.310,1.148,1.404,26.790,1.650,0.508,0.690,31.032,1.027,0.514,0.022,49.900,23.410,1.461
2017-10-02,4.243,6.315,1.148,1.404,26.809,1.653,0.523,0.691,31.051,1.028,0.515,0.022,49.750,23.429,1.463
2017-10-03,4.243,6.319,1.149,1.404,26.828,1.656,0.538,0.692,31.070,1.029,0.516,0.022,49.540,23.448,1.465
2017-10-04,4.243,6.324,1.149,1.405,26.848,1.658,0.554,0.693,31.089,1.030,0.517,0.022,49.790,23.467,1.467
2017-10-05,4.243,6.329,1.149,1.405,26.867,1.661,0.569,0.694,31.109,1.031,0.518,0.022,50.240,23.486,1.469
2017-10-06,4.243,6.333,1.150,1.405,26.886,1.664,0.584,0.695,31.128,1.032,0.518,0.022,49.920,23.505,1.471
2017-10-09,4.243,6.338,1.150,1.405,26.905,1.667,0.599,0.696,31.147,1.033,0.519,0.022,50.080,23.525,1.473
2017-10-10,4.243,6.343,1.151,1.405,26.924,1.670,0.615,0.696,31.166,1.034,0.520,0.022,50.750,23.544,1.475
2017-10-11,4.243,6.348,1.151,1.406,26.944,1.672,0.630,0.697,31.185,1.035,0.521,0.022,51.430,23.563,1.477
2017-10-12,4.242,6.352,1.151,1.406,26.963,1.675,0.645,0.698,31.204,1.036,0.522,0.022,51.260,23.582,1.479
2017-10-13,4.242,6.357,1.152,1.406,26.982,1.678,0.660,0.699,31.224,1.037,0.523,0.022,51.810,23.601,1.481
2017-10-16,4.242,6.362,1.152,1.406,27.001,1.681,0.675,0.700,31.243,1.039,0.524,0.022,51.500,23.620,1.483
2017-10-17,4.242,6.366,1.152,1.406,27.020,1.684,0.691,0.701,31.262,1.040,0.525,0.022,52.050,23.639,1.485
2017-10-18,4.242,6.371,1.153,1.406,27.040,1.687,0.706,0.702,31.281,1.041,0.526,0.022,51.240,23.658,1.486
2017-10-19,4.242,6.376,1.153,1.407,27.059,1.689,0.721,0.703,31.300,1.042,0.526,0.022,51.560,23.677,1.488
2017-10-20,4.242,6.380,1.153,1.407,27.078,1.692,0.736,0.704,31.319,1.043,0.527,0.022,51.310,23.696,1.490
2017-10-23,4.242,6.385,1.154,1.407,27.097,1.695,0.752,0.705,31.338,1.044,0.528,0.022,51.540,23.716,1.492
2017-10-24,4.242,6.390,1.154,1.407,27.116,1.698,0.767,0.706,31.358,1.045,0.529,0.022,51.050,23.735,1.494
2017-10-25,4.242,6.394,1.154,1.407,27.136,1.701,0.782,0.707,31.377,1.046,0.530,0.023,50.990,23.754,1.496
2017-10-26,4.242,6.399,1.155,1.408,27.155,1.703,0.797,0.708,31.396,1.047,0.531,0.023,51.010,23.773,1.498
2017-10-27,4.242,6.404,1.155,1.408,27.174,1.706,0.812,0.708,31.415,1.048,0.532,0.023,48.800,23.792,1.500
2017-10-30,4.242,6.408,1.156,1.408,27.193,1.709,0.828,0.709,31.434,1.049,0.533,0.023,49.140,23.811,1.502
2017-10-31,4.242,6.413,1.156,1.408,27.212,1.712,0.843,0.710,31.453,1.050,0.534,0.023,48.390,23.830,1.504
2017-11-01,4.242,6.418,1.156,1.408,27.232,1.715,0.858,0.711,31.473,1.051,0.534,0.023,48.940,23.849,1.506
2017-11-02,4.242,6.422,1.157,1.408,27.251,1.718,0.873,0.712,31.492,1.052,0.535,0.023,49.640,23.868,1.521
2017-11-03,4.241,6.427,1.157,1.409,27.270,1.720,0.888,0.713,31.511,1.053,0.536,0.023,48.290,23.887,1.535
2017-11-06,4.241,6.432,1.157,1.409,27.289,1.723,0.904,0.714,31.530,1.054,0.537,0.023,48.280,23.906,1.550
2017-11-07,4.241,6.437,1.158,1.409,27.308,1.726,0.919,0.715,31.549,1.055,0.538,0.023,49.550,23.926,1.565
2017-11-08,4.241,6.441,1.158,1.409,27.328,1.729,0.934,0.716,31.568,1.056,0.539,0.023,48.920,23.945,1.580
2017-11-09,4.241,6.446,1.158,1.409,27.347,1.732,0.949,0.717,31.588,1.057,0.540,0.023,50.240,23.964,1.594
2017-11-10,4.241,6.451,1.159,1.410,27.366,1.734,0.965,0.718,31.607,1.058,0.541,0.023,51.010,23.983,1.609
2017-11-13,4.241,6.455,1.159,1.410,27.385,1.737,0.980,0.719,31.626,1.059,0.542,0.023,49.940,24.002,1.624
2017-11-14,4.241,6.460,1.160,1.410,27.404,1.740,0.995,0.720,31.645,1.060,0.542,0.023,50.000,24.021,1.638
2017-11-15,4.241,6.465,1.160,1.410,27.424,1.743,1.010,0.720,31.664,1.062,0.543,0.023,49.650,24.040,1.653
2017-11-16,4.241,6.469,1.160,1.410,27.443,1.746,1.025,0.721,31.683,1.063,0.544,0.023,49.800,24.059,1.668
2017-11-17,4.241,6.474,1.161,1.411,27.462,1.748,1.041,0.722,31.702,1.064,0.545,0.023,50.450,24.078,1.683
2017-11-20,4.241,6.479,1.161,1.411,27.481,1.751,1.056,0.723,31.722,1.065,0.546,0.023,49.530,24.097,1.697
2017-11-21,4.241,6.483,1.161,1.411,27.501,1.754,1.071,0.724,31.741,1.066,0.547,0.023,49.580,24.116,1.712
2017-11-22,4.241,6.488,1.162,1.411,27.520,1.757,1.086,0.725,31.760,1.067,0.548,0.023,49.320,24.136,1.727
2017-11-24,4.241,6.493,1.162,1.411,27.539,1.760,1.102,0.726,31.779,1.068,0.549,0.023,49.220,24.155,1.741
2017-11-27,4.240,6.498,1.162,1.412,27.558,1.762,1.117,0.727,31.798,1.069,0.550,0.023,48.720,24.174,1.756
2017-11-28,4.240,6.502,1.163,1.412,27.577,1.765,1.132,0.728,31.817,1.070,0.551,0.023,48.630,24.193,1.771
2017-11-29,4.240,6.507,1.163,1.412,27.597,1.768,1.147,0.729,31.837,1.071,0.551,0.023,49.450,24.212,1.786
2017-11-30,4.240,6.512,1.163,1.412,27.616,1.771,1.162,0.730,31.856,1.072,0.552,0.023,50.390,24.231,1.800
2017-12-01,4.240,6.516,1.164,1.412,27.635,1.774,1.178,0.731,31.875,1.073,0.553,0.023,50.570,24.250,1.815
2017-12-04,4.240,6.521,1.164,1.412,27.654,1.777,1.193,0.731,31.894,1.074,0.554,0.023,50.990,24.269,1.814
2017-12-05,4.240,6.526,1.165,1.413,27.673,1.779,1.208,0.732,31.913,1.075,0.555,0.023,50.700,24.288,1.812
2017-12-06,4.240,6.530,1.165,1.413,27.693,1.782,1.223,0.733,31.932,1.076,0.556,0.023,50.700,24.307,1.811
2017-12-07,4.240,6.535,1.165,1.413,27.712,1.785,1.238,0.734,31.952,1.077,0.557,0.023,50.490,24.327,1.809
2017-12-08,4.240,6.540,1.166,1.413,27.731,1.788,1.254,0.735,31.971,1.078,0.558,0.023,50.540,24.346,1.808
2017-12-11,4.240,6.544,1.166,1.413,27.750,1.791,1.269,0.736,31.990,1.079,0.559,0.023,50.550,24.365,1.806
2017-12-12,4.240,6.549,1.166,1.414,27.769,1.793,1.284,0.737,32.009,1.080,0.559,0.023,51.820,24.384,1.805
2017-12-13,4.240,6.554,1.167,1.414,27.789,1.796,1.299,0.738,32.028,1.081,0.560,0.023,51.660,24.403,1.804
2017-12-14,4.240,6.558,1.167,1.414,27.808,1.799,1.315,0.739,32.047,1.082,0.561,0.023,51.600,24.422,1.802
2017-12-15,4.240,6.563,1.167,1.414,27.827,1.802,1.330,0.740,32.066,1.084,0.562,0.023,52.280,24.441,1.801
2017-12-18,4.240,6.568,1.168,1.414,27.846,1.805,1.345,0.741,32.086,1.085,0.563,0.023,52.900,24.460,1.799
2017-12-19,4.240,6.572,1.168,1.414,27.865,1.808,1.360,0.742,32.105,1.086,0.564,0.023,52.470,24.479,1.798
2017-12-20,4.239,6.577,1.168,1.415,27.885,1.810,1.375,0.743,32.124,1.087,0.565,0.023,51.080,24.498,1.796
2017-12-21,4.239,6.582,1.169,1.415,27.904,1.813,1.391,0.743,32.143,1.088,0.566,0.023,51.310,24.517,1.795
2017-12-22,4.239,6.587,1.169,1.415,27.923,1.816,1.406,0.744,32.162,1.089,0.567,0.023,52.050,24.537,1.794
2017-12-26,4.239,6.591,1.170,1.415,27.942,1.819,1.421,0.745,32.181,1.090,0.567,0.023,52.760,24.556,1.792
2017-12-27,4.239,6.596,1.170,1.415,27.961,1.822,1.436,0.746,32.201,1.091,0.568,0.023,53.200,24.575,1.791
2017-12-28,4.239,6.601,1.170,1.416,27.981,1.824,1.452,0.747,32.220,1.092,0.569,0.023,53.320,24.594,1.789
2017-12-29,4.239,6.605,1.171,1.416,28.000,1.827,1.467,0.748,32.239,1.093,0.570,0.023,53.500,24.613,1.788
2017-12-31,4.239,6.610,1.171,1.416,28.019,1.830,1.482,0.749,32.258,1.094,0.571,0.023,53.525,24.632,1.786
2018-01-02,4.236,6.611,1.170,1.416,28.002,1.833,1.464,0.748,32.238,1.093,0.572,0.023,53.550,24.616,1.785
2018-01-03,4.232,6.613,1.170,1.415,27.986,1.835,1.446,0.747,32.218,1.092,0.573,0.023,53.300,24.600,1.784
2018-01-04,4.229,6.614,1.169,1.415,27.969,1.838,1.428,0.747,32.198,1.091,0.573,0.023,51.740,24.584,1.782
2018-01-05,4.226,6.615,1.169,1.415,27.952,1.841,1.410,0.746,32.178,1.090,0.574,0.023,52.220,24.569,1.781
2018-01-08,4.222,6.616,1.168,1.414,27.936,1.844,1.392,0.745,32.158,1.089,0.575,0.023,52.570,24.553,1.779
2018-01-09,4.219,6.618,1.168,1.414,27.919,1.846,1.374,0.744,32.138,1.088,0.576,0.023,51.410,24.537,1.778
2018-01-10,4.216,6.619,1.167,1.414,27.902,1.849,1.356,0.744,32.118,1.088,0.577,0.023,51.240,24.521,1.776
2018-01-11,4.212,6.620,1.167,1.413,27.886,1.852,1.338,0.743,32.098,1.087,0.577,0.023,51.190,24.505,1.775
2018-01-12,4.209,6.622,1.166,1.413,27.869,1.855,1.320,0.742,32.078,1.086,0.578,0.023,51.400,24.489,1.774
2018-01-16,4.206,6.623,1.166,1.412,27.852,1.857,1.302,0.741,32.058,1.085,0.579,0.023,51.260,24.473,1.772
2018-01-17,4.202,6.624,1.165,1.412,27.836,1.860,1.284,0.741,32.038,1.084,0.580,0.023,51.990,24.457,1.771
2018-01-18,4.199,6.625,1.165,1.412,27.819,1.863,1.266,0.740,32.018,1.083,0.581,0.023,51.010,24.442,1.769
2018-01-19,4.196,6.627,1.164,1.411,27.802,1.866,1.248,0.739,31.998,1.082,0.581,0.023,51.010,24.426,1.768
2018-01-22,4.192,6.628,1.164,1.411,27.786,1.868,1.230,0.738,31.978,1.081,0.582,0.023,51.590,24.410,1.766
2018-01-23,4.189,6.629,1.163,1.411,27.769,1.871,1.212,0.738,31.958,1.080,0.583,0.023,51.660,24.394,1.765
2018-01-24,4.186,6.631,1.163,1.410,27.752,1.874,1.194,0.737,31.938,1.079,0.584,0.023,51.590,24.378,1.764
2018-01-25,4.183,6.632,1.162,1.410,27.735,1.877,1.176,0.736,31.918,1.078,0.585,0.023,51.000,24.362,1.762
2018-01-26,4.179,6.633,1.162,1.410,27.719,1.879,1.158,0.735,31.898,1.077,0.586,0.023,50.850,24.346,1.761
2018-01-29,4.176,6.635,1.161,1.409,27.702,1.882,1.140,0.735,31.878,1.077,0.586,0.023,50.600,24.330,1.759
2018-01-30,4.173,6.636,1.161,1.409,27.685,1.885,1.122,0.734,31.858,1.076,0.587,0.023,50.500,24.315,1.758
2018-01-31,4.169,6.637,1.160,1.409,27.669,1.888,1.104,0.733,31.838,1.075,0.588,0.023,50.740,24.299,1.756
2018-02-01,4.166,6.638,1.160,1.408,27.652,1.890,1.086,0.732,31.818,1.074,0.589,0.023,49.580,24.283,1.755
2018-02-02,4.163,6.640,1.159,1.408,27.635,1.893,1.068,0.732,31.798,1.073,0.590,0.023,48.610,24.267,1.759
2018-02-05,4.159,6.641,1.159,1.407,27.619,1.896,1.050,0.731,31.778,1.072,0.590,0.023,48.180,24.251,1.763
2018-02-06,4.156,6.642,1.158,1.407,27.602,1.899,1.032,0.730,31.758,1.071,0.591,0.023,48.440,24.235,1.767
2018-02-07,4.153,6.644,1.158,1.407,27.585,1.901,1.014,0.729,31.738,1.070,0.592,0.023,48.100,24.219,1.771
2018-02-08,4.149,6.645,1.157,1.406,27.569,1.904,0.996,0.729,31.718,1.069,0.593,0.023,47.260,24.203,1.775
2018-02-09,4.146,6.646,1.157,1.406,27.552,1.907,0.978,0.728,31.698,1.068,0.594,0.023,48.820,24.188,1.779
2018-02-12,4.143,6.647,1.156,1.406,27.535,1.910,0.960,0.727,31.678,1.067,0.594,0.023,48.700,24.172,1.783
2018-02-13,4.139,6.649,1.156,1.405,27.519,1.912,0.942,0.726,31.658,1.066,0.595,0.023,48.290,24.156,1.787
2018-02-14,4.136,6.650,1.155,1.405,27.502,1.915,0.924,0.725,31.638,1.066,0.596,0.023,47.860,24.140,1.791
2018-02-15,4.133,6.651,1.154,1.405,27.485,1.918,0.907,0.725,31.618,1.065,0.597,0.023,48.500,24.124,1.795
2018-02-16,4.129,6.653,1.154,1.404,27.469,1.920,0.889,0.724,31.598,1.064,0.598,0.023,48.480,24.108,1.799
2018-02-20,4.126,6.654,1.153,1.404,27.452,1.923,0.871,0.723,31.578,1.063,0.598,0.023,48.320,24.092,1.803
2018-02-21,4.123,6.655,1.153,1.404,27.435,1.926,0.853,0.722,31.558,1.062,0.599,0.023,46.990,24.077,1.807
2018-02-22,4.119,6.656,1.152,1.403,27.419,1.929,0.835,0.722,31.538,1.061,0.600,0.023,47.840,24.061,1.811
2018-02-23,4.116,6.658,1.152,1.403,27.402,1.931,0.817,0.721,31.518,1.060,0.601,0.023,48.660,24.045,1.815
2018-02-26,4.113,6.659,1.151,1.403,27.385,1.934,0.799,0.720,31.498,1.059,0.602,0.023,49.400,24.029,1.819
2018-02-27,4.109,6.660,1.151,1.402,27.369,1.937,0.781,0.719,31.478,1.058,0.602,0.023,47.810,24.013,1.823
2018-02-28,4.106,6.662,1.150,1.402,27.352,1.940,0.763,0.719,31.458,1.057,0.603,0.023,47.680,23.997,1.827
2018-03-01,4.103,6.663,1.150,1.401,27.335,1.942,0.745,0.718,31.438,1.056,0.604,0.023,48.120,23.981,1.831
2018-03-02,4.099,6.664,1.149,1.401,27.319,1.945,0.727,0.717,31.418,1.055,0.605,0.023,48.300,23.965,1.835
2018-03-05,4.096,6.665,1.149,1.401,27.302,1.948,0.709,0.716,31.398,1.054,0.606,0.023,48.900,23.950,1.838
2018-03-06,4.093,6.667,1.148,1.400,27.285,1.951,0.691,0.716,31.378,1.054,0.606,0.023,48.960,23.934,1.842
2018-03-07,4.089,6.668,1.148,1.400,27.269,1.953,0.673,0.715,31.358,1.053,0.607,0.023,48.430,23.918,1.846
2018-03-08,4.086,6.669,1.147,1.400,27.252,1.956,0.655,0.714,31.338,1.052,0.608,0.023,48.540,23.902,1.849
2018-03-09,4.083,6.671,1.147,1.399,27.235,1.959,0.637,0.713,31.318,1.051,0.609,0.023,48.630,23.886,1.853
2018-03-12,4.080,6.672,1.146,1.399,27.218,1.962,0.619,0.713,31.298,1.050,0.610,0.023,48.680,23.870,1.856
2018-03-13,4.076,6.673,1.146,1.399,27.202,1.964,0.601,0.712,31.278,1.049,0.611,0.023,48.910,23.854,1.860
2018-03-14,4.073,6.675,1.145,1.398,27.185,1.967,0.583,0.711,31.258,1.048,0.611,0.023,49.220,23.838,1.864
2018-03-15,4.070,6.676,1.145,1.398,27.168,1.970,0.565,0.710,31.238,1.047,0.612,0.023,48.640,23.823,1.867
2018-03-16,4.066,6.677,1.144,1.398,27.152,1.973,0.547,0.710,31.218,1.046,0.613,0.023,48.800,23.807,1.871
2018-03-19,4.063,6.678,1.144,1.397,27.135,1.975,0.529,0.709,31.198,1.045,0.614,0.023,48.270,23.791,1.875
2018-03-20,4.060,6.680,1.143,1.397,27.118,1.978,0.511,0.708,31.178,1.044,0.615,0.023,48.010,23.775,1.878
2018-03-21,4.056,6.681,1.143,1.396,27.102,1.981,0.493,0.707,31.158,1.043,0.615,0.023,47.940,23.759,1.882
2018-03-22,4.053,6.682,1.142,1.396,27.085,1.984,0.475,0.707,31.138,1.043,0.616,0.023,47.370,23.743,1.885
2018-03-23,4.050,6.684,1.142,1.396,27.068,1.986,0.457,0.706,31.118,1.042,0.617,0.023,47.120,23.727,1.889
2018-03-26,4.046,6.685,1.141,1.395,27.052,1.989,0.439,0.705,31.098,1.041,0.618,0.023,47.620,23.711,1.893
2018-03-27,4.043,6.686,1.141,1.395,27.035,1.992,0.421,0.704,31.078,1.040,0.619,0.023,46.730,23.696,1.896
2018-03-28,4.040,6.687,1.140,1.395,27.018,1.995,0.403,0.704,31.058,1.039,0.619,0.023,48.420,23.680,1.900
2018-03-29,4.036,6.689,1.140,1.394,27.002,1.997,0.385,0.703,31.038,1.038,0.620,0.023,47.940,23.664,1.904
2018-03-31,4.033,6.690,1.139,1.394,26.985,2.000,0.367,0.702,31.018,1.037,0.621,0.023,47.650,23.648,1.907
2018-04-02,4.031,6.694,1.139,1.394,26.985,1.996,0.372,0.702,31.015,1.037,0.620,0.023,47.360,23.646,1.911
2018-04-03,4.028,6.698,1.139,1.394,26.984,1.993,0.378,0.703,31.013,1.038,0.619,0.023,47.710,23.644,1.914
2018-04-04,4.026,6.702,1.139,1.394,26.984,1.989,0.383,0.703,31.010,1.038,0.618,0.023,48.350,23.641,1.918
2018-04-05,4.024,6.706,1.140,1.393,26.984,1.986,0.388,0.704,31.007,1.039,0.616,0.023,48.120,23.639,1.922
2018-04-06,4.021,6.710,1.140,1.393,26.983,1.982,0.394,0.704,31.005,1.039,0.615,0.023,47.670,23.637,1.925
2018-04-09,4.019,6.714,1.140,1.393,26.983,1.979,0.399,0.704,31.002,1.040,0.614,0.023,47.460,23.635,1.929
2018-04-10,4.016,6.718,1.140,1.393,26.983,1.975,0.404,0.705,30.999,1.040,0.613,0.023,47.930,23.633,1.933
2018-04-11,4.014,6.722,1.140,1.393,26.983,1.972,0.410,0.705,30.996,1.041,0.612,0.023,47.520,23.630,1.936
2018-04-12,4.012,6.726,1.140,1.393,26.982,1.968,0.415,0.706,30.994,1.041,0.611,0.023,46.380,23.628,1.940
2018-04-13,4.009,6.730,1.140,1.393,26.982,1.965,0.420,0.706,30.991,1.042,0.610,0.023,46.940,23.626,1.943
2018-04-16,4.007,6.734,1.141,1.392,26.982,1.961,0.426,0.706,30.988,1.042,0.608,0.023,47.110,23.624,1.947
2018-04-17,4.005,6.738,1.141,1.392,26.981,1.958,0.431,0.707,30.986,1.043,0.607,0.023,47.410,23.622,1.951
2018-04-18,4.002,6.742,1.141,1.392,26.981,1.954,0.436,0.707,30.983,1.043,0.606,0.023,47.190,23.619,1.954
2018-04-19,4.000,6.746,1.141,1.392,26.981,1.950,0.442,0.708,30.980,1.043,0.605,0.023,46.490,23.617,1.958
2018-04-20,3.997,6.750,1.141,1.392,26.980,1.947,0.447,0.708,30.978,1.044,0.604,0.023,45.550,23.615,1.962
2018-04-23,3.995,6.754,1.141,1.392,26.980,1.943,0.452,0.708,30.975,1.044,0.603,0.023,45.440,23.613,1.965
2018-04-24,3.993,6.758,1.141,1.392,26.980,1.940,0.458,0.709,30.972,1.045,0.602,0.023,45.720,23.611,1.969
2018-04-25,3.990,6.762,1.141,1.392,26.979,1.936,0.463,0.709,30.970,1.045,0.601,0.023,45.390,23.608,1.972
2018-04-26,3.988,6.766,1.142,1.391,26.979,1.933,0.468,0.710,30.967,1.046,0.599,0.023,46.450,23.606,1.976
2018-04-27,3.986,6.770,1.142,1.391,26.979,1.929,0.474,0.710,30.964,1.046,0.598,0.023,48.300,23.604,1.980
2018-04-30,3.983,6.774,1.142,1.391,26.979,1.926,0.479,0.710,30.961,1.047,0.597,0.023,48.360,23.602,1.983
2018-05-01,3.981,6.778,1.142,1.391,26.978,1.922,0.484,0.711,30.959,1.047,0.596,0.023,49.420,23.600,1.987
2018-05-02,3.979,6.782,1.142,1.391,26.978,1.919,0.490,0.711,30.956,1.048,0.595,0.023,49.250,23.597,1.971
2018-05-03,3.976,6.786,1.142,1.391,26.978,1.915,0.495,0.712,30.953,1.048,0.594,0.023,49.200,23.595,1.954
2018-05-04,3.974,6.790,1.142,1.391,26.977,1.912,0.500,0.712,30.951,1.049,0.593,0.023,49.290,23.593,1.938
2018-05-07,3.971,6.794,1.143,1.390,26.977,1.908,0.506,0.712,30.948,1.049,0.591,0.023,49.430,23.591,1.922
2018-05-08,3.969,6.798,1.143,1.390,26.977,1.904,0.511,0.713,30.945,1.049,0.590,0.023,49.110,23.589,1.905
2018-05-09,3.967,6.802,1.143,1.390,26.976,1.901,0.516,0.713,30.943,1.050,0.589,0.023,49.480,23.586,1.889
2018-05-10,3.964,6.806,1.143,1.390,26.976,1.897,0.522,0.714,30.940,1.050,0.588,0.023,49.870,23.584,1.873
2018-05-11,3.962,6.810,1.143,1.390,26.976,1.894,0.527,0.714,30.937,1.051,0.587,0.023,49.460,23.582,1.856
2018-05-14,3.960,6.814,1.143,1.390,26.975,1.890,0.532,0.714,30.935,1.051,0.586,0.023,48.880,23.580,1.840
2018-05-15,3.957,6.818,1.143,1.390,26.975,1.887,0.538,0.715,30.932,1.052,0.585,0.023,47.840,23.578,1.824
2018-05-16,3.955,6.822,1.144,1.389,26.975,1.883,0.543,0.715,30.929,1.052,0.583,0.023,47.740,23.575,1.807
2018-05-17,3.952,6.826,1.144,1.389,26.975,1.880,0.549,0.716,30.926,1.053,0.582,0.023,47.540,23.573,1.791
2018-05-18,3.950,6.830,1.144,1.389,26.974,1.876,0.554,0.716,30.924,1.053,0.581,0.023,47.700,23.571,1.775
2018-05-21,3.948,6.834,1.144,1.389,26.974,1.873,0.559,0.716,30.921,1.054,0.580,0.023,48.580,23.569,1.759
2018-05-22,3.945,6.838,1.144,1.389,26.974,1.869,0.565,0.717,30.918,1.054,0.579,0.023,48.950,23.567,1.742
2018-05-23,3.943,6.842,1.144,1.389,26.973,1.866,0.570,0.717,30.916,1.055,0.578,0.023,49.270,23.564,1.726
2018-05-24,3.941,6.846,1.144,1.389,26.973,1.862,0.575,0.718,30.913,1.055,0.577,0.023,49.120,23.562,1.710
2018-05-25,3.938,6.850,1.145,1.388,26.973,1.858,0.581,0.718,30.910,1.055,0.575,0.023,49.340,23.560,1.693
2018-05-29,3.936,6.854,1.145,1.388,26.972,1.855,0.586,0.718,30.908,1.056,0.574,0.023,49.420,23.558,1.677
2018-05-30,3.933,6.858,1.145,1.388,26.972,1.851,0.591,0.719,30.905,1.056,0.573,0.023,49.990,23.556,1.661
2018-05-31,3.931,6.862,1.145,1.388,26.972,1.848,0.597,0.719,30.902,1.057,0.572,0.023,49.560,23.553,1.644
2018-06-01,3.929,6.866,1.145,1.388,26.971,1.844,0.602,0.720,30.900,1.057,0.571,0.023,49.740,23.551,1.628
2018-06-04,3.926,6.870,1.145,1.388,26.971,1.841,0.607,0.720,30.897,1.058,0.570,0.023,50.310,23.549,1.628
2018-06-05,3.924,6.874,1.145,1.388,26.971,1.837,0.613,0.720,30.894,1.058,0.569,0.023,50.400,23.547,1.628
2018-06-06,3.922,6.878,1.146,1.387,26.971,1.834,0.618,0.721,30.891,1.059,0.567,0.023,51.130,23.545,1.628
2018-06-07,3.919,6.882,1.146,1.387,26.970,1.830,0.623,0.721,30.889,1.059,0.566,0.023,50.980,23.542,1.627
2018-06-08,3.917,6.886,1.146,1.387,26.970,1.827,0.629,0.722,30.886,1.060,0.565,0.023,51.160,23.540,1.627
2018-06-11,3.915,6.890,1.146,1.387,26.970,1.823,0.634,0.722,30.883,1.060,0.564,0.023,51.070,23.538,1.627
2018-06-12,3.912,6.894,1.146,1.387,26.969,1.820,0.639,0.722,30.881,1.061,0.563,0.023,51.400,23.536,1.627
2018-06-13,3.910,6.898,1.146,1.387,26.969,1.816,0.645,0.723,30.878,1.061,0.562,0.023,50.270,23.534,1.627
2018-06-14,3.907,6.902,1.146,1.387,26.969,1.812,0.650,0.723,30.875,1.061,0.561,0.023,50.750,23.531,1.627
2018-06-15,3.905,6.906,1.146,1.387,26.968,1.809,0.655,0.724,30.873,1.062,0.560,0.023,50.880,23.529,1.627
2018-06-18,3.903,6.910,1.147,1.386,26.968,1.805,0.661,0.724,30.870,1.062,0.558,0.023,51.060,23.527,1.626
2018-06-19,3.900,6.914,1.147,1.386,26.968,1.802,0.666,0.724,30.867,1.063,0.557,0.023,51.160,23.525,1.626
2018-06-20,3.898,6.918,1.147,1.386,26.967,1.798,0.671,0.725,30.865,1.063,0.556,0.023,52.000,23.523,1.626
2018-06-21,3.896,6.922,1.147,1.386,26.967,1.795,0.677,0.725,30.862,1.064,0.555,0.023,52.430,23.520,1.626
2018-06-22,3.893,6.926,1.147,1.386,26.967,1.791,0.682,0.726,30.859,1.064,0.554,0.024,53.470,23.518,1.626
2018-06-25,3.891,6.930,1.147,1.386,26.967,1.788,0.687,0.726,30.856,1.065,0.553,0.024,53.040,23.516,1.626
2018-06-26,3.888,6.934,1.147,1.386,26.966,1.784,0.693,0.726,30.854,1.065,0.552,0.024,53.330,23.514,1.626
2018-06-27,3.886,6.938,1.148,1.385,26.966,1.781,0.698,0.727,30.851,1.066,0.550,0.024,52.870,23.512,1.625
2018-06-28,3.884,6.942,1.148,1.385,26.966,1.777,0.703,0.727,30.848,1.066,0.549,0.024,52.960,23.509,1.625
2018-06-29,3.881,6.946,1.148,1.385,26.965,1.774,0.709,0.728,30.846,1.067,0.548,0.024,52.650,23.507,1.625
2018-06-30,3.879,6.950,1.148,1.385,26.965,1.770,0.714,0.728,30.843,1.067,0.547,0.024,52.565,23.505,1.625
2018-07-02,3.879,6.950,1.148,1.385,26.968,1.770,0.714,0.728,30.847,1.067,0.547,0.024,52.480,23.508,1.625
2018-07-03,3.880,6.951,1.148,1.386,26.972,1.771,0.713,0.728,30.850,1.067,0.547,0.024,52.940,23.510,1.625
2018-07-05,3.880,6.951,1.148,1.386,26.975,1.771,0.713,0.728,30.854,1.067,0.547,0.024,53.350,23.513,1.625
2018-07-06,3.880,6.951,1.148,1.386,26.979,1.772,0.713,0.728,30.858,1.066,0.548,0.024,53.500,23.516,1.625
2018-07-09,3.880,6.952,1.148,1.386,26.982,1.772,0.713,0.728,30.862,1.066,0.548,0.024,53.240,23.519,1.624
2018-07-10,3.881,6.952,1.147,1.387,26.985,1.773,0.712,0.728,30.865,1.066,0.548,0.024,53.460,23.521,1.624
2018-07-11,3.881,6.952,1.147,1.387,26.989,1.773,0.712,0.727,30.869,1.066,0.548,0.024,52.930,23.524,1.624
2018-07-12,3.881,6.953,1.147,1.387,26.992,1.774,0.712,0.727,30.873,1.066,0.548,0.024,53.090,23.527,1.624
2018-07-13,3.882,6.953,1.147,1.388,26.996,1.774,0.711,0.727,30.876,1.066,0.548,0.024,53.100,23.529,1.624
2018-07-16,3.882,6.953,1.147,1.388,26.999,1.775,0.711,0.727,30.880,1.066,0.548,0.024,52.780,23.532,1.624
2018-07-17,3.882,6.953,1.147,1.388,27.002,1.775,0.711,0.727,30.884,1.065,0.549,0.024,52.730,23.535,1.624
2018-07-18,3.883,6.954,1.147,1.389,27.006,1.776,0.711,0.727,30.887,1.065,0.549,0.024,52.800,23.537,1.623
2018-07-19,3.883,6.954,1.147,1.389,27.009,1.776,0.710,0.727,30.891,1.065,0.549,0.024,53.800,23.540,1.623
2018-07-20,3.883,6.954,1.147,1.389,27.012,1.777,0.710,0.727,30.895,1.065,0.549,0.024,52.730,23.543,1.623
2018-07-23,3.883,6.955,1.147,1.389,27.016,1.777,0.710,0.727,30.899,1.065,0.549,0.024,52.700,23.546,1.623
2018-07-24,3.884,6.955,1.146,1.390,27.019,1.778,0.710,0.727,30.902,1.065,0.549,0.024,52.520,23.548,1.623
2018-07-25,3.884,6.955,1.146,1.390,27.023,1.778,0.709,0.727,30.906,1.065,0.549,0.024,52.930,23.551,1.623
2018-07-26,3.884,6.956,1.146,1.390,27.026,1.778,0.709,0.727,30.910,1.064,0.550,0.024,52.860,23.554,1.623
2018-07-27,3.885,6.956,1.146,1.391,27.029,1.779,0.709,0.727,30.913,1.064,0.550,0.024,52.140,23.556,1.622
2018-07-30,3.885,6.956,1.146,1.391,27.033,1.779,0.708,0.726,30.917,1.064,0.550,0.023,53.160,23.559,1.622
2018-07-31,3.885,6.957,1.146,1.391,27.036,1.780,0.708,0.726,30.921,1.064,0.550,0.023,54.500,23.562,1.622
2018-08-01,3.886,6.957,1.146,1.392,27.040,1.780,0.708,0.726,30.924,1.064,0.550,0.023,54.980,23.564,1.622
2018-08-02,3.886,6.957,1.146,1.392,27.043,1.781,0.708,0.726,30.928,1.064,0.550,0.023,54.520,23.567,1.623
2018-08-03,3.886,6.958,1.146,1.392,27.046,1.781,0.707,0.726,30.932,1.064,0.550,0.023,55.140,23.570,1.624
2018-08-06,3.886,6.958,1.146,1.392,27.050,1.782,0.707,0.726,30.936,1.063,0.551,0.023,54.770,23.573,1.625
2018-08-07,3.887,6.958,1.146,1.393,27.053,1.782,0.707,0.726,30.939,1.063,0.551,0.023,54.580,23.575,1.626
2018-08-08,3.887,6.958,1.145,1.393,27.057,1.783,0.706,0.726,30.943,1.063,0.551,0.023,54.520,23.578,1.626
2018-08-09,3.887,6.959,1.145,1.393,27.060,1.783,0.706,0.726,30.947,1.063,0.551,0.023,54.650,23.581,1.627
2018-08-10,3.888,6.959,1.145,1.394,27.063,1.784,0.706,0.726,30.950,1.063,0.551,0.023,53.930,23.583,1.628
2018-08-13,3.888,6.959,1.145,1.394,27.067,1.784,0.706,0.726,30.954,1.063,0.551,0.023,54.060,23.586,1.629
2018-08-14,3.888,6.960,1.145,1.394,27.070,1.785,0.705,0.726,30.958,1.063,0.551,0.023,54.310,23.589,1.630
2018-08-15,3.888,6.960,1.145,1.394,27.074,1.785,0.705,0.726,30.962,1.062,0.552,0.023,54.790,23.592,1.631
2018-08-16,3.889,6.960,1.145,1.395,27.077,1.785,0.705,0.725,30.965,1.062,0.552,0.023,54.680,23.594,1.632
2018-08-17,3.889,6.961,1.145,1.395,27.080,1.786,0.704,0.725,30.969,1.062,0.552,0.023,55.200,23.597,1.633
2018-08-20,3.889,6.961,1.145,1.395,27.084,1.786,0.704,0.725,30.973,1.062,0.552,0.023,56.100,23.600,1.633
2018-08-21,3.890,6.961,1.145,1.396,27.087,1.787,0.704,0.725,30.976,1.062,0.552,0.023,55.740,23.602,1.634
2018-08-22,3.890,6.962,1.145,1.396,27.090,1.787,0.704,0.725,30.980,1.062,0.552,0.023,55.480,23.605,1.635
2018-08-23,3.890,6.962,1.144,1.396,27.094,1.788,0.703,0.725,30.984,1.062,0.552,0.023,55.810,23.608,1.636
2018-08-24,3.891,6.962,1.144,1.397,27.097,1.788,0.703,0.725,30.987,1.062,0.552,0.023,55.960,23.610,1.637
2018-08-27,3.891,6.962,1.144,1.397,27.101,1.789,0.703,0.725,30.991,1.061,0.553,0.023,55.690,23.613,1.638
2018-08-28,3.891,6.963,1.144,1.397,27.104,1.789,0.702,0.725,30.995,1.061,0.553,0.023,56.430,23.616,1.639
2018-08-29,3.891,6.963,1.144,1.397,27.107,1.790,0.702,0.725,30.999,1.061,0.553,0.023,56.160,23.619,1.640
2018-08-30,3.892,6.963,1.144,1.398,27.111,1.790,0.702,0.725,31.002,1.061,0.553,0.023,56.120,23.621,1.641
2018-08-31,3.892,6.964,1.144,1.398,27.114,1.791,0.702,0.725,31.006,1.061,0.553,0.023,56.610,23.624,1.641
2018-09-04,3.892,6.964,1.144,1.398,27.118,1.791,0.701,0.724,31.010,1.061,0.553,0.023,56.240,23.627,1.642
2018-09-05,3.893,6.964,1.144,1.399,27.121,1.792,0.701,0.724,31.013,1.061,0.553,0.023,56.420,23.629,1.643
2018-09-06,3.893,6.965,1.144,1.399,27.124,1.792,0.701,0.724,31.017,1.060,0.554,0.023,57.070,23.632,1.644
2018-09-07,3.893,6.965,1.144,1.399,27.128,1.792,0.700,0.724,31.021,1.060,0.554,0.023,56.200,23.635,1.645
2018-09-10,3.894,6.965,1.143,1.400,27.131,1.793,0.700,0.724,31.024,1.060,0.554,0.023,56.320,23.637,1.646
2018-09-11,3.894,6.966,1.143,1.400,27.135,1.793,0.700,0.724,31.028,1.060,0.554,0.023,57.000,23.640,1.647
2018-09-12,3.894,6.966,1.143,1.400,27.138,1.794,0.700,0.724,31.032,1.060,0.554,0.023,57.200,23.643,1.648
2018-09-13,3.894,6.966,1.143,1.400,27.141,1.794,0.699,0.724,31.036,1.060,0.554,0.023,57.290,23.646,1.649
2018-09-14,3.895,6.967,1.143,1.401,27.145,1.795,0.699,0.724,31.039,1.060,0.554,0.023,56.450,23.648,1.649
2018-09-17,3.895,6.967,1.143,1.401,27.148,1.795,0.699,0.724,31.043,1.059,0.555,0.023,56.740,23.651,1.650
2018-09-18,3.895,6.967,1.143,1.401,27.151,1.796,0.699,0.724,31.047,1.059,0.555,0.023,56.110,23.654,1.651
2018-09-19,3.896,6.967,1.143,1.402,27.155,1.796,0.698,0.724,31.050,1.059,0.555,0.023,55.610,23.656,1.652
2018-09-20,3.896,6.968,1.143,1.402,27.158,1.797,0.698,0.724,31.054,1.059,0.555,0.023,55.710,23.659,1.653
2018-09-21,3.896,6.968,1.143,1.402,27.162,1.797,0.698,0.723,31.058,1.059,0.555,0.023,55.820,23.662,1.654
2018-09-24,3.897,6.968,1.142,1.403,27.165,1.798,0.697,0.723,31.061,1.059,0.555,0.023,54.640,23.664,1.655
2018-09-25,3.897,6.969,1.142,1.403,27.168,1.798,0.697,0.723,31.065,1.059,0.555,0.023,54.740,23.667,1.656
2018-09-26,3.897,6.969,1.142,1.403,27.172,1.799,0.697,0.723,31.069,1.058,0.556,0.023,54.220,23.670,1.656
2018-09-27,3.897,6.969,1.142,1.403,27.175,1.799,0.697,0.723,31.073,1.058,0.556,0.023,54.270,23.673,1.657
2018-09-28,3.898,6.970,1.142,1.404,27.179,1.800,0.696,0.723,31.076,1.058,0.556,0.023,54.670,23.675,1.658
2018-09-30,3.898,6.970,1.142,1.404,27.182,1.800,0.696,0.723,31.080,1.058,0.556,0.023,54.680,23.678,1.659
2018-10-01,3.896,6.972,1.143,1.405,27.177,1.808,0.693,0.724,31.074,1.059,0.558,0.023,54.690,23.672,1.660
2018-10-02,3.895,6.973,1.144,1.406,27.173,1.816,0.690,0.725,31.067,1.060,0.561,0.023,54.510,23.666,1.657
2018-10-03,3.893,6.975,1.145,1.407,27.168,1.824,0.687,0.725,31.061,1.061,0.563,0.023,53.600,23.660,1.654
2018-10-04,3.892,6.977,1.146,1.408,27.163,1.832,0.684,0.726,31.055,1.062,0.566,0.023,52.350,23.654,1.652
2018-10-05,3.890,6.979,1.147,1.409,27.159,1.840,0.682,0.727,31.049,1.062,0.568,0.023,53.030,23.648,1.649
2018-10-08,3.888,6.980,1.148,1.410,27.154,1.848,0.679,0.728,31.042,1.063,0.571,0.023,54.160,23.643,1.646
2018-10-09,3.887,6.982,1.149,1.410,27.149,1.856,0.676,0.729,31.036,1.064,0.573,0.023,54.220,23.637,1.643
2018-10-10,3.885,6.984,1.150,1.411,27.145,1.863,0.673,0.729,31.030,1.065,0.576,0.024,53.450,23.631,1.641
2018-10-11,3.884,6.986,1.151,1.412,27.140,1.871,0.670,0.730,31.024,1.066,0.578,0.024,52.760,23.625,1.638
2018-10-12,3.882,6.987,1.152,1.413,27.135,1.879,0.667,0.731,31.017,1.067,0.581,0.024,53.000,23.619,1.635
2018-10-15,3.880,6.989,1.154,1.414,27.131,1.887,0.664,0.732,31.011,1.068,0.583,0.024,52.950,23.613,1.632
2018-10-16,3.879,6.991,1.155,1.415,27.126,1.895,0.661,0.733,31.005,1.069,0.586,0.024,53.900,23.607,1.629
2018-10-17,3.877,6.993,1.156,1.416,27.122,1.903,0.658,0.734,30.999,1.070,0.588,0.024,53.490,23.601,1.627
2018-10-18,3.876,6.994,1.157,1.417,27.117,1.911,0.656,0.734,30.992,1.070,0.591,0.024,53.600,23.595,1.624
2018-10-19,3.874,6.996,1.158,1.418,27.112,1.919,0.653,0.735,30.986,1.071,0.593,0.024,54.110,23.589,1.621
2018-10-22,3.872,6.998,1.159,1.419,27.108,1.927,0.650,0.736,30.980,1.072,0.596,0.024,53.220,23.584,1.618
2018-10-23,3.871,7.000,1.160,1.420,27.103,1.935,0.647,0.737,30.974,1.073,0.598,0.024,53.470,23.578,1.615
2018-10-24,3.869,7.001,1.161,1.421,27.098,1.943,0.644,0.738,30.967,1.074,0.601,0.024,53.880,23.572,1.613
2018-10-25,3.868,7.003,1.162,1.421,27.094,1.951,0.641,0.738,30.961,1.075,0.603,0.024,55.990,23.566,1.610
2018-10-26,3.866,7.005,1.163,1.422,27.089,1.959,0.638,0.739,30.955,1.076,0.606,0.024,55.660,23.560,1.607
2018-10-29,3.864,7.007,1.164,1.423,27.084,1.967,0.635,0.740,30.949,1.077,0.608,0.024,56.000,23.554,1.604
2018-10-30,3.863,7.008,1.165,1.424,27.080,1.975,0.632,0.741,30.942,1.078,0.611,0.024,58.130,23.548,1.602
2018-10-31,3.861,7.010,1.166,1.425,27.075,1.983,0.630,0.742,30.936,1.078,0.613,0.024,56.820,23.542,1.599
2018-11-01,3.860,7.012,1.167,1.426,27.070,1.990,0.627,0.742,30.930,1.079,0.616,0.024,56.240,23.536,1.596
2018-11-02,3.858,7.014,1.168,1.427,27.066,1.998,0.624,0.743,30.924,1.080,0.618,0.024,55.860,23.530,1.595
2018-11-05,3.856,7.015,1.169,1.428,27.061,2.006,0.621,0.744,30.917,1.081,0.621,0.024,56.710,23.524,1.595
2018-11-06,3.855,7.017,1.170,1.429,27.056,2.014,0.618,0.745,30.911,1.082,0.623,0.024,56.860,23.519,1.594
2018-11-07,3.853,7.019,1.171,1.430,27.052,2.022,0.615,0.746,30.905,1.083,0.626,0.024,57.980,23.513,1.593
2018-11-08,3.852,7.021,1.172,1.431,27.047,2.030,0.612,0.746,30.899,1.084,0.628,0.024,57.990,23.507,1.593
2018-11-09,3.850,7.022,1.173,1.432,27.042,2.038,0.609,0.747,30.892,1.085,0.631,0.024,58.420,23.501,1.592
2018-11-12,3.848,7.024,1.174,1.433,27.038,2.046,0.606,0.748,30.886,1.086,0.633,0.024,58.190,23.495,1.592
2018-11-13,3.847,7.026,1.176,1.433,27.033,2.054,0.604,0.749,30.880,1.086,0.636,0.024,58.480,23.489,1.591
2018-11-14,3.845,7.028,1.177,1.434,27.029,2.062,0.601,0.750,30.874,1.087,0.638,0.024,58.020,23.483,1.590
2018-11-15,3.843,7.029,1.178,1.435,27.024,2.070,0.598,0.751,30.867,1.088,0.641,0.024,56.480,23.477,1.590
2018-11-16,3.842,7.031,1.179,1.436,27.019,2.078,0.595,0.751,30.861,1.089,0.643,0.024,57.300,23.471,1.589
2018-11-19,3.840,7.033,1.180,1.437,27.015,2.086,0.592,0.752,30.855,1.090,0.646,0.024,57.840,23.465,1.588
2018-11-20,3.839,7.035,1.181,1.438,27.010,2.094,0.589,0.753,30.849,1.091,0.648,0.024,56.710,23.460,1.588
2018-11-21,3.837,7.036,1.182,1.439,27.005,2.102,0.586,0.754,30.842,1.092,0.651,0.024,56.670,23.454,1.587
2018-11-23,3.835,7.038,1.183,1.440,27.001,2.110,0.583,0.755,30.836,1.093,0.653,0.024,56.490,23.448,1.586
2018-11-26,3.834,7.040,1.184,1.441,26.996,2.117,0.580,0.755,30.830,1.094,0.656,0.025,55.960,23.442,1.586
2018-11-27,3.832,7.042,1.185,1.442,26.991,2.125,0.578,0.756,30.824,1.094,0.658,0.025,56.270,23.436,1.585
2018-11-28,3.831,7.043,1.186,1.443,26.987,2.133,0.575,0.757,30.817,1.095,0.661,0.025,57.060,23.430,1.584
2018-11-29,3.829,7.045,1.187,1.444,26.982,2.141,0.572,0.758,30.811,1.096,0.663,0.025,57.160,23.424,1.584
2018-11-30,3.827,7.047,1.188,1.445,26.977,2.149,0.569,0.759,30.805,1.097,0.666,0.025,57.490,23.418,1.583
2018-12-03,3.826,7.049,1.189,1.445,26.973,2.157,0.566,0.759,30.799,1.098,0.668,0.025,57.880,23.412,1.583
2018-12-04,3.824,7.050,1.190,1.446,26.968,2.165,0.563,0.760,30.792,1.099,0.671,0.025,57.290,23.406,1.582
2018-12-06,3.823,7.052,1.191,1.447,26.963,2.173,0.560,0.761,30.786,1.100,0.673,0.025,59.010,23.400,1.581
2018-12-07,3.821,7.054,1.192,1.448,26.959,2.181,0.557,0.762,30.780,1.101,0.676,0.025,58.340,23.395,1.581
2018-12-10,3.819,7.056,1.193,1.449,26.954,2.189,0.554,0.763,30.774,1.102,0.678,0.025,57.620,23.389,1.580
2018-12-11,3.818,7.057,1.194,1.450,26.949,2.197,0.552,0.763,30.767,1.102,0.681,0.025,58.040,23.383,1.579
2018-12-12,3.816,7.059,1.195,1.451,26.945,2.205,0.549,0.764,30.761,1.103,0.683,0.025,56.510,23.377,1.579
2018-12-13,3.815,7.061,1.196,1.452,26.940,2.213,0.546,0.765,30.755,1.104,0.686,0.025,56.990,23.371,1.578
2018-12-14,3.813,7.063,1.198,1.453,26.936,2.221,0.543,0.766,30.749,1.105,0.688,0.025,56.560,23.365,1.577
2018-12-17,3.811,7.064,1.199,1.454,26.931,2.229,0.540,0.767,30.742,1.106,0.691,0.025,54.180,23.359,1.577
2018-12-18,3.810,7.066,1.200,1.455,26.926,2.237,0.537,0.768,30.736,1.107,0.693,0.025,54.180,23.353,1.576
2018-12-19,3.808,7.068,1.201,1.456,26.922,2.244,0.534,0.768,30.730,1.108,0.696,0.025,53.240,23.347,1.576
2018-12-20,3.807,7.070,1.202,1.456,26.917,2.252,0.531,0.769,30.724,1.109,0.698,0.025,52.040,23.341,1.575
2018-12-21,3.805,7.071,1.203,1.457,26.912,2.260,0.528,0.770,30.717,1.110,0.701,0.025,51.050,23.336,1.574
2018-12-24,3.803,7.073,1.204,1.458,26.908,2.268,0.526,0.771,30.711,1.110,0.703,0.025,49.740,23.330,1.574
2018-12-26,3.802,7.075,1.205,1.459,26.903,2.276,0.523,0.772,30.705,1.111,0.706,0.025,51.600,23.324,1.573
2018-12-27,3.800,7.077,1.206,1.460,26.898,2.284,0.520,0.772,30.699,1.112,0.708,0.025,51.810,23.318,1.572
2018-12-28,3.799,7.078,1.207,1.461,26.894,2.292,0.517,0.773,30.692,1.113,0.711,0.025,52.050,23.312,1.572
2018-12-31,3.797,7.080,1.208,1.462,26.889,2.300,0.514,0.774,30.686,1.114,0.713,0.025,52.010,23.306,1.571
2019-01-02,3.795,7.084,1.208,1.462,26.893,2.292,0.513,0.774,30.689,1.114,0.710,0.025,50.980,23.304,1.570
2019-01-03,3.794,7.088,1.208,1.462,26.897,2.283,0.512,0.773,30.691,1.113,0.708,0.025,50.940,23.302,1.570
2019-01-04,3.792,7.093,1.208,1.462,26.901,2.275,0.510,0.773,30.694,1.113,0.705,0.025,51.720,23.300,1.569
2019-01-07,3.791,7.097,1.207,1.461,26.905,2.266,0.509,0.772,30.696,1.112,0.702,0.025,52.260,23.298,1.569
2019-01-08,3.789,7.101,1.207,1.461,26.909,2.258,0.508,0.772,30.699,1.112,0.700,0.025,53.510,23.296,1.568
2019-01-09,3.788,7.105,1.207,1.461,26.913,2.250,0.507,0.771,30.701,1.111,0.697,0.025,53.580,23.294,1.567
2019-01-10,3.786,7.109,1.207,1.461,26.918,2.241,0.505,0.771,30.704,1.111,0.694,0.025,53.560,23.292,1.567
2019-01-11,3.784,7.114,1.207,1.461,26.922,2.233,0.504,0.770,30.706,1.110,0.692,0.025,53.250,23.291,1.566
2019-01-14,3.783,7.118,1.207,1.461,26.926,2.225,0.503,0.770,30.709,1.110,0.689,0.025,52.750,23.289,1.565
2019-01-15,3.781,7.122,1.206,1.461,26.930,2.216,0.502,0.769,30.711,1.109,0.686,0.025,52.910,23.287,1.565
2019-01-16,3.780,7.126,1.206,1.460,26.934,2.208,0.500,0.769,30.714,1.109,0.684,0.025,53.420,23.285,1.564
2019-01-17,3.778,7.130,1.206,1.460,26.938,2.199,0.499,0.768,30.716,1.108,0.681,0.025,53.540,23.283,1.563
2019-01-18,3.777,7.135,1.206,1.460,26.942,2.191,0.498,0.768,30.719,1.108,0.678,0.025,53.750,23.281,1.563
2019-01-22,3.775,7.139,1.206,1.460,26.946,2.183,0.497,0.767,30.721,1.107,0.676,0.025,53.530,23.279,1.562
2019-01-23,3.774,7.143,1.206,1.460,26.950,2.174,0.495,0.767,30.724,1.107,0.673,0.025,53.810,23.277,1.561
2019-01-24,3.772,7.147,1.205,1.460,26.954,2.166,0.494,0.767,30.726,1.107,0.670,0.025,54.150,23.275,1.561
2019-01-25,3.770,7.151,1.205,1.460,26.958,2.157,0.493,0.766,30.729,1.106,0.668,0.025,54.720,23.273,1.560
2019-01-28,3.769,7.155,1.205,1.459,26.962,2.149,0.492,0.766,30.731,1.106,0.665,0.025,55.150,23.271,1.560
2019-01-29,3.767,7.160,1.205,1.459,26.967,2.141,0.490,0.765,30.734,1.105,0.662,0.025,55.370,23.269,1.559
2019-01-30,3.766,7.164,1.205,1.459,26.971,2.132,0.489,0.765,30.736,1.105,0.660,0.025,56.000,23.267,1.558
2019-01-31,3.764,7.168,1.205,1.459,26.975,2.124,0.488,0.764,30.739,1.104,0.657,0.025,56.270,23.265,1.558
2019-02-01,3.763,7.172,1.204,1.459,26.979,2.115,0.487,0.764,30.741,1.104,0.654,0.025,55.370,23.263,1.557
2019-02-04,3.761,7.176,1.204,1.459,26.983,2.107,0.485,0.763,30.744,1.103,0.652,0.025,56.190,23.261,1.556
2019-02-05,3.759,7.181,1.204,1.459,26.987,2.099,0.484,0.763,30.746,1.103,0.649,0.025,56.850,23.260,1.556
2019-02-06,3.758,7.185,1.204,1.458,26.991,2.090,0.483,0.762,30.749,1.102,0.646,0.025,56.810,23.258,1.555
2019-02-07,3.756,7.189,1.204,1.458,26.995,2.082,0.482,0.762,30.751,1.102,0.644,0.025,57.420,23.256,1.554
2019-02-08,3.755,7.193,1.204,1.458,26.999,2.074,0.480,0.761,30.754,1.101,0.641,0.025,56.880,23.254,1.554
2019-02-11,3.753,7.197,1.203,1.458,27.003,2.065,0.479,0.761,30.756,1.101,0.638,0.025,57.250,23.252,1.553
2019-02-12,3.752,7.202,1.203,1.458,27.007,2.057,0.478,0.760,30.759,1.100,0.636,0.025,57.040,23.250,1.552
2019-02-13,3.750,7.206,1.203,1.458,27.011,2.048,0.477,0.760,30.761,1.100,0.633,0.025,56.850,23.248,1.552
2019-02-14,3.748,7.210,1.203,1.458,27.016,2.040,0.476,0.760,30.764,1.100,0.631,0.025,56.780,23.246,1.551
2019-02-15,3.747,7.214,1.203,1.457,27.020,2.032,0.474,0.759,30.767,1.099,0.628,0.025,56.650,23.244,1.550
2019-02-19,3.745,7.218,1.203,1.457,27.024,2.023,0.473,0.759,30.769,1.099,0.625,0.025,56.310,23.242,1.549
2019-02-20,3.744,7.223,1.203,1.457,27.028,2.015,0.472,0.758,30.772,1.098,0.623,0.025,55.380,23.240,1.549
2019-02-21,3.742,7.227,1.202,1.457,27.032,2.006,0.471,0.758,30.774,1.098,0.620,0.025,56.280,23.238,1.548
2019-02-22,3.741,7.231,1.202,1.457,27.036,1.998,0.469,0.757,30.777,1.097,0.617,0.025,56.740,23.236,1.547
2019-02-25,3.739,7.235,1.202,1.457,27.040,1.990,0.468,0.757,30.779,1.097,0.615,0.025,56.640,23.234,1.547
2019-02-26,3.738,7.239,1.202,1.456,27.044,1.981,0.467,0.756,30.782,1.096,0.612,0.025,56.630,23.232,1.546
2019-02-27,3.736,7.244,1.202,1.456,27.048,1.973,0.466,0.756,30.784,1.096,0.609,0.025,56.000,23.231,1.545
2019-02-28,3.734,7.248,1.202,1.456,27.052,1.965,0.464,0.755,30.787,1.095,0.607,0.025,55.970,23.229,1.545
2019-03-01,3.733,7.252,1.201,1.456,27.056,1.956,0.463,0.755,30.789,1.095,0.604,0.025,54.250,23.227,1.544
2019-03-04,3.731,7.256,1.201,1.456,27.060,1.948,0.462,0.754,30.792,1.094,0.601,0.024,54.170,23.225,1.540
2019-03-05,3.730,7.260,1.201,1.456,27.064,1.939,0.461,0.754,30.794,1.094,0.599,0.024,54.500,23.223,1.537
2019-03-06,3.728,7.265,1.201,1.456,27.069,1.931,0.459,0.753,30.797,1.093,0.596,0.024,54.500,23.221,1.533
2019-03-07,3.727,7.269,1.201,1.455,27.073,1.923,0.458,0.753,30.799,1.093,0.593,0.024,54.190,23.219,1.529
2019-03-08,3.725,7.273,1.201,1.455,27.077,1.914,0.457,0.752,30.802,1.092,0.591,0.024,53.830,23.217,1.526
2019-03-11,3.723,7.277,1.200,1.455,27.081,1.906,0.456,0.752,30.804,1.092,0.588,0.024,54.340,23.215,1.522
2019-03-12,3.722,7.281,1.200,1.455,27.085,1.897,0.454,0.752,30.807,1.092,0.585,0.024,54.970,23.213,1.518
2019-03-13,3.720,7.285,1.200,1.455,27.089,1.889,0.453,0.751,30.809,1.091,0.583,0.024,55.040,23.211,1.515
2019-03-14,3.719,7.290,1.200,1.455,27.093,1.881,0.452,0.751,30.812,1.091,0.580,0.024,55.550,23.209,1.511
2019-03-15,3.717,7.294,1.200,1.455,27.097,1.872,0.451,0.750,30.814,1.090,0.577,0.024,54.410,23.207,1.507
2019-03-18,3.716,7.298,1.200,1.454,27.101,1.864,0.449,0.750,30.817,1.090,0.575,0.024,53.860,23.205,1.504
2019-03-19,3.714,7.302,1.199,1.454,27.105,1.855,0.448,0.749,30.819,1.089,0.572,0.024,53.580,23.203,1.500
2019-03-20,3.713,7.306,1.199,1.454,27.109,1.847,0.447,0.749,30.822,1.089,0.569,0.024,53.740,23.201,1.496
2019-03-21,3.711,7.311,1.199,1.454,27.113,1.839,0.446,0.748,30.824,1.088,0.567,0.024,55.050,23.200,1.492
2019-03-22,3.709,7.315,1.199,1.454,27.118,1.830,0.444,0.748,30.827,1.088,0.564,0.024,54.870,23.198,1.489
2019-03-25,3.708,7.319,1.199,1.454,27.122,1.822,0.443,0.747,30.829,1.087,0.561,0.024,54.990,23.196,1.485
2019-03-26,3.706,7.323,1.199,1.454,27.126,1.814,0.442,0.747,30.832,1.087,0.559,0.024,56.000,23.194,1.481
2019-03-27,3.705,7.327,1.198,1.453,27.130,1.805,0.441,0.746,30.834,1.086,0.556,0.024,55.960,23.192,1.478
2019-03-28,3.703,7.332,1.198,1.453,27.134,1.797,0.439,0.746,30.837,1.086,0.553,0.024,56.650,23.190,1.474
2019-03-29,3.702,7.336,1.198,1.453,27.138,1.788,0.438,0.745,30.839,1.085,0.551,0.024,56.300,23.188,1.470
2019-03-31,3.700,7.340,1.198,1.453,27.142,1.780,0.437,0.745,30.842,1.085,0.548,0.024,56.385,23.186,1.467
2019-04-01,3.695,7.352,1.197,1.452,27.146,1.777,0.438,0.744,30.840,1.084,0.547,0.024,56.470,23.188,1.463
2019-04-02,3.690,7.365,1.197,1.451,27.149,1.774,0.438,0.743,30.839,1.084,0.546,0.024,56.580,23.190,1.458
2019-04-03,3.684,7.377,1.196,1.450,27.153,1.772,0.439,0.742,30.837,1.083,0.546,0.024,56.480,23.193,1.453
2019-04-04,3.679,7.390,1.195,1.450,27.156,1.769,0.440,0.741,30.835,1.083,0.545,0.024,56.760,23.195,1.449
2019-04-05,3.674,7.402,1.194,1.449,27.160,1.766,0.440,0.740,30.833,1.082,0.544,0.024,57.050,23.197,1.444
2019-04-08,3.669,7.415,1.194,1.448,27.163,1.763,0.441,0.739,30.832,1.082,0.543,0.024,56.640,23.199,1.439
2019-04-09,3.663,7.428,1.193,1.447,27.167,1.760,0.442,0.738,30.830,1.081,0.542,0.024,56.360,23.201,1.434
2019-04-10,3.658,7.440,1.192,1.446,27.170,1.758,0.442,0.737,30.828,1.081,0.541,0.024,57.090,23.203,1.429
2019-04-11,3.653,7.452,1.192,1.445,27.174,1.755,0.443,0.736,30.827,1.080,0.541,0.024,56.870,23.206,1.425
2019-04-12,3.648,7.465,1.191,1.444,27.177,1.752,0.444,0.735,30.825,1.080,0.540,0.024,57.270,23.208,1.420
2019-04-15,3.642,7.478,1.190,1.443,27.181,1.749,0.444,0.734,30.823,1.079,0.539,0.024,56.960,23.210,1.415
2019-04-16,3.637,7.490,1.190,1.443,27.185,1.746,0.445,0.733,30.822,1.079,0.538,0.024,54.670,23.212,1.410
2019-04-17,3.632,7.502,1.189,1.442,27.188,1.743,0.446,0.732,30.820,1.078,0.537,0.024,54.780,23.214,1.405
2019-04-18,3.626,7.515,1.188,1.441,27.192,1.741,0.446,0.731,30.818,1.078,0.536,0.024,54.970,23.216,1.400
2019-04-22,3.621,7.528,1.187,1.440,27.195,1.738,0.447,0.730,30.816,1.077,0.536,0.024,53.630,23.219,1.396
2019-04-23,3.616,7.540,1.187,1.439,27.199,1.735,0.448,0.729,30.815,1.077,0.535,0.024,54.520,23.221,1.391
2019-04-24,3.611,7.552,1.186,1.438,27.202,1.732,0.448,0.728,30.813,1.076,0.534,0.024,55.000,23.223,1.386
2019-04-25,3.606,7.565,1.185,1.437,27.206,1.729,0.449,0.727,30.811,1.076,0.533,0.024,54.900,23.225,1.381
2019-04-26,3.600,7.578,1.185,1.436,27.209,1.727,0.450,0.726,30.810,1.075,0.532,0.024,55.140,23.227,1.376
2019-04-29,3.595,7.590,1.184,1.436,27.213,1.724,0.450,0.725,30.808,1.075,0.531,0.024,54.260,23.229,1.372
2019-04-30,3.590,7.602,1.183,1.435,27.216,1.721,0.451,0.724,30.806,1.074,0.531,0.024,53.620,23.232,1.367
2019-05-01,3.585,7.615,1.183,1.434,27.220,1.718,0.452,0.723,30.805,1.074,0.530,0.023,54.870,23.234,1.362
2019-05-02,3.579,7.628,1.182,1.433,27.224,1.715,0.452,0.722,30.803,1.073,0.529,0.023,54.890,23.236,1.359
2019-05-03,3.574,7.640,1.181,1.432,27.227,1.713,0.453,0.721,30.801,1.073,0.528,0.023,55.390,23.238,1.356
2019-05-06,3.569,7.652,1.180,1.431,27.231,1.710,0.454,0.720,30.799,1.072,0.527,0.023,54.980,23.240,1.354
2019-05-07,3.564,7.665,1.180,1.430,27.234,1.707,0.454,0.719,30.798,1.072,0.526,0.023,53.720,23.242,1.351
2019-05-08,3.558,7.678,1.179,1.429,27.238,1.704,0.455,0.718,30.796,1.071,0.526,0.023,53.360,23.245,1.348
2019-05-09,3.553,7.690,1.178,1.428,27.241,1.701,0.456,0.717,30.794,1.071,0.525,0.023,53.640,23.247,1.345
2019-05-10,3.548,7.703,1.178,1.428,27.245,1.698,0.456,0.716,30.793,1.070,0.524,0.023,54.090,23.249,1.343
2019-05-13,3.542,7.715,1.177,1.427,27.248,1.696,0.457,0.715,30.791,1.070,0.523,0.023,54.020,23.251,1.340
2019-05-14,3.537,7.728,1.176,1.426,27.252,1.693,0.458,0.714,30.789,1.069,0.522,0.023,54.410,23.253,1.337
2019-05-15,3.532,7.740,1.176,1.425,27.255,1.690,0.458,0.713,30.788,1.068,0.522,0.023,54.640,23.255,1.334
2019-05-16,3.527,7.752,1.175,1.424,27.259,1.687,0.459,0.712,30.786,1.068,0.521,0.023,54.120,23.258,1.332
2019-05-17,3.522,7.765,1.174,1.423,27.263,1.684,0.460,0.711,30.784,1.067,0.520,0.023,53.860,23.260,1.329
2019-05-20,3.516,7.778,1.173,1.422,27.266,1.682,0.461,0.710,30.782,1.067,0.519,0.023,52.650,23.262,1.326
2019-05-21,3.511,7.790,1.173,1.422,27.270,1.679,0.461,0.709,30.781,1.066,0.518,0.023,53.340,23.264,1.323
2019-05-22,3.506,7.802,1.172,1.421,27.273,1.676,0.462,0.708,30.779,1.066,0.517,0.023,53.000,23.266,1.320
2019-05-23,3.500,7.815,1.171,1.420,27.277,1.673,0.463,0.707,30.777,1.065,0.517,0.023,52.940,23.269,1.318
2019-05-24,3.495,7.828,1.171,1.419,27.280,1.670,0.463,0.706,30.776,1.065,0.516,0.023,52.890,23.271,1.315
2019-05-28,3.490,7.840,1.170,1.418,27.284,1.668,0.464,0.705,30.774,1.064,0.515,0.023,51.890,23.273,1.312
2019-05-29,3.485,7.852,1.169,1.417,27.287,1.665,0.465,0.704,30.772,1.064,0.514,0.023,50.620,23.275,1.309
2019-05-30,3.480,7.865,1.168,1.416,27.291,1.662,0.465,0.703,30.770,1.063,0.513,0.023,50.340,23.277,1.307
2019-05-31,3.474,7.878,1.168,1.415,27.295,1.659,0.466,0.702,30.769,1.063,0.512,0.023,50.040,23.279,1.304
2019-06-03,3.469,7.890,1.167,1.414,27.298,1.656,0.467,0.701,30.767,1.062,0.512,0.023,49.910,23.282,1.301
2019-06-04,3.464,7.903,1.166,1.414,27.302,1.653,0.467,0.700,30.765,1.062,0.511,0.023,50.040,23.284,1.298
2019-06-05,3.458,7.915,1.166,1.413,27.305,1.651,0.468,0.699,30.764,1.061,0.510,0.023,50.920,23.286,1.296
2019-06-06,3.453,7.928,1.165,1.412,27.309,1.648,0.469,0.698,30.762,1.061,0.509,0.023,50.510,23.288,1.293
2019-06-07,3.448,7.940,1.164,1.411,27.312,1.645,0.469,0.697,30.760,1.060,0.508,0.023,50.440,23.290,1.290
2019-06-10,3.443,7.953,1.164,1.410,27.316,1.642,0.470,0.696,30.759,1.060,0.507,0.023,49.820,23.292,1.287
2019-06-11,3.438,7.965,1.163,1.409,27.319,1.639,0.471,0.695,30.757,1.059,0.507,0.023,50.220,23.295,1.285
2019-06-12,3.432,7.978,1.162,1.408,27.323,1.637,0.471,0.694,30.755,1.059,0.506,0.023,50.180,23.297,1.282
2019-06-13,3.427,7.990,1.161,1.408,27.326,1.634,0.472,0.693,30.753,1.058,0.505,0.023,50.570,23.299,1.279
2019-06-14,3.422,8.003,1.161,1.407,27.330,1.631,0.473,0.692,30.752,1.058,0.504,0.023,50.290,23.301,1.276
2019-06-17,3.416,8.015,1.160,1.406,27.334,1.628,0.473,0.691,30.750,1.057,0.503,0.022,51.410,23.303,1.273
2019-06-18,3.411,8.028,1.159,1.405,27.337,1.625,0.474,0.690,30.748,1.057,0.502,0.022,51.290,23.305,1.271
2019-06-19,3.406,8.040,1.159,1.404,27.341,1.622,0.475,0.689,30.747,1.056,0.502,0.022,51.020,23.308,1.268
2019-06-20,3.401,8.052,1.158,1.403,27.344,1.620,0.475,0.688,30.745,1.056,0.501,0.022,50.890,23.310,1.265
2019-06-21,3.395,8.065,1.157,1.402,27.348,1.617,0.476,0.687,30.743,1.055,0.500,0.022,50.660,23.312,1.262
2019-06-24,3.390,8.078,1.157,1.401,27.351,1.614,0.477,0.686,30.742,1.055,0.499,0.022,50.020,23.314,1.260
2019-06-25,3.385,8.090,1.156,1.400,27.355,1.611,0.477,0.685,30.740,1.054,0.498,0.022,49.850,23.316,1.257
2019-06-26,3.380,8.103,1.155,1.400,27.358,1.608,0.478,0.684,30.738,1.054,0.497,0.022,49.170,23.318,1.254
2019-06-27,3.374,8.115,1.154,1.399,27.362,1.606,0.479,0.683,30.736,1.053,0.497,0.022,49.370,23.321,1.251
2019-06-28,3.369,8.128,1.154,1.398,27.365,1.603,0.479,0.682,30.735,1.053,0.496,0.022,49.320,23.323,1.249
2019-06-30,3.364,8.140,1.153,1.397,27.369,1.600,0.480,0.681,30.733,1.052,0.495,0.022,49.035,23.325,1.246
2019-07-01,3.360,8.169,1.153,1.397,27.422,1.603,0.529,0.681,30.782,1.052,0.496,0.022,48.750,23.377,1.243
2019-07-02,3.355,8.198,1.153,1.398,27.475,1.605,0.579,0.682,30.830,1.052,0.497,0.022,49.760,23.429,1.242
2019-07-03,3.351,8.227,1.153,1.398,27.528,1.608,0.628,0.682,30.879,1.052,0.497,0.022,50.710,23.481,1.241
2019-07-05,3.346,8.256,1.153,1.398,27.581,1.611,0.678,0.682,30.927,1.052,0.498,0.022,50.070,23.532,1.240
2019-07-08,3.342,8.285,1.153,1.399,27.634,1.613,0.727,0.683,30.976,1.052,0.499,0.022,50.480,23.584,1.239
2019-07-09,3.337,8.313,1.153,1.399,27.687,1.616,0.777,0.683,31.025,1.052,0.500,0.022,50.560,23.636,1.238
2019-07-10,3.333,8.342,1.153,1.399,27.740,1.619,0.826,0.684,31.073,1.052,0.500,0.022,50.360,23.688,1.236
2019-07-11,3.328,8.371,1.153,1.400,27.793,1.621,0.876,0.684,31.122,1.052,0.501,0.022,49.950,23.740,1.235
2019-07-12,3.324,8.400,1.153,1.400,27.846,1.624,0.925,0.684,31.170,1.052,0.502,0.022,49.860,23.792,1.234
2019-07-15,3.320,8.429,1.153,1.400,27.899,1.627,0.975,0.685,31.219,1.052,0.503,0.022,49.960,23.844,1.233
2019-07-16,3.315,8.458,1.153,1.400,27.953,1.629,1.024,0.685,31.268,1.051,0.503,0.022,49.780,23.895,1.232
2019-07-17,3.311,8.487,1.153,1.401,28.006,1.632,1.074,0.686,31.316,1.051,0.504,0.022,49.210,23.947,1.231
2019-07-18,3.306,8.516,1.153,1.401,28.059,1.635,1.123,0.686,31.365,1.051,0.505,0.022,48.980,23.999,1.230
2019-07-19,3.302,8.545,1.153,1.401,28.112,1.637,1.173,0.686,31.414,1.051,0.506,0.022,48.070,24.051,1.229
2019-07-22,3.297,8.574,1.153,1.402,28.165,1.640,1.222,0.687,31.462,1.051,0.506,0.022,47.670,24.103,1.228
2019-07-23,3.293,8.603,1.153,1.402,28.218,1.642,1.272,0.687,31.511,1.051,0.507,0.022,48.630,24.155,1.227
2019-07-24,3.289,8.631,1.153,1.402,28.271,1.645,1.321,0.687,31.559,1.051,0.508,0.022,48.910,24.207,1.226
2019-07-25,3.284,8.660,1.153,1.403,28.324,1.648,1.371,0.688,31.608,1.051,0.509,0.022,48.650,24.258,1.224
2019-07-26,3.280,8.689,1.153,1.403,28.377,1.650,1.420,0.688,31.657,1.051,0.510,0.022,48.650,24.310,1.223
2019-07-29,3.275,8.718,1.153,1.403,28.430,1.653,1.470,0.688,31.705,1.051,0.510,0.022,49.050,24.362,1.222
2019-07-30,3.271,8.747,1.153,1.404,28.483,1.656,1.519,0.689,31.754,1.051,0.511,0.022,49.230,24.414,1.221
2019-07-31,3.266,8.776,1.153,1.404,28.536,1.658,1.569,0.689,31.802,1.051,0.512,0.022,49.840,24.466,1.220
2019-08-01,3.262,8.805,1.153,1.404,28.589,1.661,1.618,0.690,31.851,1.051,0.513,0.022,48.390,24.518,1.219
2019-08-02,3.258,8.834,1.153,1.404,28.642,1.664,1.668,0.690,31.900,1.051,0.513,0.022,48.930,24.570,1.221
2019-08-05,3.253,8.863,1.153,1.405,28.695,1.666,1.717,0.690,31.948,1.051,0.514,0.022,47.550,24.621,1.222
2019-08-06,3.249,8.892,1.153,1.405,28.748,1.669,1.767,0.691,31.997,1.051,0.515,0.022,47.150,24.673,1.224
2019-08-07,3.244,8.920,1.153,1.405,28.801,1.672,1.816,0.691,32.045,1.051,0.516,0.022,47.170,24.725,1.225
2019-08-08,3.240,8.949,1.153,1.406,28.854,1.674,1.866,0.692,32.094,1.051,0.516,0.022,47.670,24.777,1.227
2019-08-09,3.235,8.978,1.153,1.406,28.907,1.677,1.915,0.692,32.143,1.051,0.517,0.022,47.610,24.829,1.228
2019-08-12,3.231,9.007,1.153,1.406,28.960,1.680,1.965,0.692,32.191,1.051,0.518,0.022,47.030,24.881,1.230
2019-08-13,3.226,9.036,1.153,1.407,29.013,1.682,2.014,0.693,32.240,1.051,0.519,0.022,47.740,24.933,1.231
2019-08-14,3.222,9.065,1.153,1.407,29.066,1.685,2.064,0.693,32.288,1.050,0.520,0.021,46.740,24.984,1.233
2019-08-15,3.218,9.094,1.153,1.407,29.120,1.688,2.113,0.693,32.337,1.050,0.520,0.021,45.440,25.036,1.234
2019-08-16,3.213,9.123,1.153,1.408,29.173,1.690,2.162,0.694,32.386,1.050,0.521,0.021,45.660,25.088,1.236
2019-08-19,3.209,9.152,1.153,1.408,29.226,1.693,2.212,0.694,32.434,1.050,0.522,0.021,46.080,25.140,1.237
2019-08-20,3.204,9.181,1.153,1.408,29.279,1.696,2.261,0.694,32.483,1.050,0.523,0.021,45.330,25.192,1.239
2019-08-21,3.200,9.210,1.153,1.409,29.332,1.698,2.311,0.695,32.532,1.050,0.523,0.021,45.290,25.244,1.240
2019-08-22,3.195,9.238,1.153,1.409,29.385,1.701,2.360,0.695,32.580,1.050,0.524,0.021,45.690,25.296,1.242
2019-08-23,3.191,9.267,1.153,1.409,29.438,1.704,2.410,0.696,32.629,1.050,0.525,0.021,44.870,25.348,1.243
2019-08-26,3.186,9.296,1.153,1.410,29.491,1.706,2.459,0.696,32.677,1.050,0.526,0.021,45.160,25.399,1.245
2019-08-27,3.182,9.325,1.153,1.410,29.544,1.709,2.509,0.696,32.726,1.050,0.526,0.021,44.700,25.451,1.246
2019-08-28,3.178,9.354,1.153,1.410,29.597,1.712,2.558,0.697,32.775,1.050,0.527,0.021,45.030,25.503,1.248
2019-08-29,3.173,9.383,1.153,1.410,29.650,1.714,2.608,0.697,32.823,1.050,0.528,0.021,45.540,25.555,1.249
2019-08-30,3.169,9.412,1.153,1.411,29.703,1.717,2.657,0.698,32.872,1.050,0.529,0.021,45.770,25.607,1.251
2019-09-03,3.164,9.441,1.153,1.411,29.756,1.720,2.707,0.698,32.920,1.050,0.529,0.021,45.940,25.659,1.252
2019-09-04,3.160,9.470,1.153,1.411,29.809,1.722,2.756,0.698,32.969,1.050,0.530,0.021,46.140,25.711,1.254
2019-09-05,3.155,9.499,1.153,1.412,29.862,1.725,2.806,0.699,33.018,1.050,0.531,0.021,46.110,25.762,1.255
2019-09-06,3.151,9.528,1.153,1.412,29.915,1.728,2.855,0.699,33.066,1.050,0.532,0.021,46.480,25.814,1.256
2019-09-09,3.147,9.556,1.153,1.412,29.968,1.730,2.905,0.699,33.115,1.050,0.533,0.021,48.610,25.866,1.258
2019-09-10,3.142,9.585,1.153,1.413,30.021,1.733,2.954,0.700,33.163,1.050,0.533,0.021,49.540,25.918,1.260
2019-09-11,3.138,9.614,1.153,1.413,30.074,1.735,3.004,0.700,33.212,1.050,0.534,0.021,48.510,25.970,1.261
2019-09-12,3.133,9.643,1.153,1.413,30.127,1.738,3.053,0.700,33.261,1.050,0.535,0.021,47.710,26.022,1.262
2019-09-13,3.129,9.672,1.153,1.414,30.180,1.741,3.103,0.701,33.309,1.050,0.536,0.021,47.300,26.074,1.264
2019-09-16,3.124,9.701,1.153,1.414,30.234,1.743,3.152,0.701,33.358,1.049,0.536,0.021,47.440,26.125,1.266
2019-09-17,3.120,9.730,1.153,1.414,30.287,1.746,3.202,0.702,33.407,1.049,0.537,0.021,47.370,26.177,1.267
2019-09-18,3.116,9.759,1.153,1.414,30.340,1.749,3.251,0.702,33.455,1.049,0.538,0.021,47.880,26.229,1.268
2019-09-19,3.111,9.788,1.153,1.415,30.393,1.751,3.301,0.702,33.504,1.049,0.539,0.021,47.510,26.281,1.270
2019-09-20,3.107,9.817,1.153,1.415,30.446,1.754,3.350,0.703,33.552,1.049,0.539,0.021,47.640,26.333,1.272
2019-09-23,3.102,9.845,1.153,1.415,30.499,1.757,3.400,0.703,33.601,1.049,0.540,0.021,47.610,26.385,1.273
2019-09-24,3.098,9.874,1.153,1.416,30.552,1.759,3.449,0.704,33.650,1.049,0.541,0.021,47.320,26.437,1.274
2019-09-25,3.093,9.903,1.153,1.416,30.605,1.762,3.499,0.704,33.698,1.049,0.542,0.021,47.250,26.488,1.276
2019-09-26,3.089,9.932,1.153,1.416,30.658,1.765,3.548,0.704,33.747,1.049,0.542,0.021,47.820,26.540,1.278
2019-09-27,3.084,9.961,1.153,1.417,30.711,1.767,3.598,0.705,33.795,1.049,0.543,0.021,48.540,26.592,1.279
2019-09-30,3.080,9.990,1.153,1.417,30.764,1.770,3.647,0.705,33.844,1.049,0.544,0.021,47.830,26.644,1.280
2019-10-01,3.077,9.986,1.154,1.418,30.726,1.768,3.600,0.706,33.803,1.050,0.543,0.021,46.920,26.605,1.282
2019-10-02,3.075,9.982,1.155,1.419,30.688,1.767,3.554,0.707,33.762,1.051,0.543,0.021,45.940,26.566,1.287
2019-10-03,3.072,9.978,1.157,1.420,30.649,1.765,3.507,0.709,33.722,1.052,0.542,0.021,45.420,26.528,1.293
2019-10-04,3.069,9.974,1.158,1.422,30.611,1.763,3.461,0.710,33.681,1.053,0.542,0.021,45.580,26.489,1.298
2019-10-07,3.067,9.970,1.159,1.423,30.573,1.761,3.414,0.711,33.640,1.055,0.541,0.021,45.640,26.450,1.303
2019-10-08,3.064,9.966,1.160,1.424,30.535,1.760,3.368,0.712,33.599,1.056,0.541,0.021,44.920,26.411,1.309
2019-10-09,3.062,9.962,1.161,1.425,30.497,1.758,3.321,0.713,33.558,1.057,0.540,0.021,44.950,26.373,1.314
2019-10-10,3.059,9.958,1.163,1.426,30.458,1.756,3.275,0.715,33.518,1.058,0.540,0.021,45.330,26.334,1.319
2019-10-11,3.056,9.953,1.164,1.427,30.420,1.755,3.228,0.716,33.477,1.059,0.539,0.021,45.760,26.295,1.325
2019-10-14,3.054,9.949,1.165,1.428,30.382,1.753,3.182,0.717,33.436,1.060,0.539,0.021,45.780,26.256,1.330
2019-10-15,3.051,9.945,1.166,1.429,30.344,1.751,3.135,0.718,33.395,1.061,0.538,0.022,45.850,26.218,1.335
2019-10-16,3.048,9.941,1.167,1.430,30.306,1.749,3.089,0.719,33.354,1.062,0.538,0.022,45.800,26.179,1.341
2019-10-17,3.046,9.937,1.169,1.432,30.268,1.748,3.042,0.721,33.313,1.064,0.537,0.022,45.830,26.140,1.346
2019-10-18,3.043,9.933,1.170,1.433,30.229,1.746,2.996,0.722,33.273,1.065,0.537,0.022,46.170,26.101,1.352
2019-10-21,3.040,9.929,1.171,1.434,30.191,1.744,2.949,0.723,33.232,1.066,0.536,0.022,47.170,26.063,1.357
2019-10-22,3.038,9.925,1.172,1.435,30.153,1.742,2.902,0.724,33.191,1.067,0.536,0.022,47.580,26.024,1.362
2019-10-23,3.035,9.921,1.173,1.436,30.115,1.741,2.856,0.725,33.150,1.068,0.535,0.022,47.640,25.985,1.368
2019-10-24,3.032,9.917,1.175,1.437,30.077,1.739,2.809,0.727,33.109,1.069,0.534,0.022,47.560,25.946,1.373
2019-10-25,3.030,9.913,1.176,1.438,30.038,1.737,2.763,0.728,33.069,1.070,0.534,0.022,47.900,25.907,1.378
2019-10-28,3.027,9.909,1.177,1.440,30.000,1.736,2.716,0.729,33.028,1.072,0.533,0.022,47.380,25.869,1.384
2019-10-29,3.025,9.905,1.178,1.441,29.962,1.734,2.670,0.730,32.987,1.073,0.533,0.022,47.080,25.830,1.389
2019-10-30,3.022,9.901,1.179,1.442,29.924,1.732,2.623,0.731,32.946,1.074,0.532,0.022,46.560,25.791,1.394
2019-10-31,3.019,9.897,1.181,1.443,29.886,1.730,2.577,0.733,32.905,1.075,0.532,0.022,46.400,25.752,1.400
2019-11-01,3.017,9.892,1.182,1.444,29.848,1.729,2.530,0.734,32.864,1.076,0.531,0.022,47.460,25.714,1.405
2019-11-04,3.014,9.888,1.183,1.445,29.809,1.727,2.484,0.735,32.824,1.077,0.531,0.022,48.670,25.675,1.411
2019-11-05,3.011,9.884,1.184,1.446,29.771,1.725,2.437,0.736,32.783,1.078,0.530,0.023,48.170,25.636,1.417
2019-11-06,3.009,9.880,1.185,1.447,29.733,1.724,2.391,0.737,32.742,1.079,0.530,0.023,47.760,25.597,1.423
2019-11-07,3.006,9.876,1.187,1.449,29.695,1.722,2.344,0.739,32.701,1.080,0.529,0.023,48.030,25.559,1.429
2019-11-08,3.003,9.872,1.188,1.450,29.657,1.720,2.298,0.740,32.660,1.082,0.529,0.023,47.580,25.520,1.435
2019-11-11,3.001,9.868,1.189,1.451,29.618,1.718,2.251,0.741,32.620,1.083,0.528,0.023,47.860,25.481,1.441
2019-11-12,2.998,9.864,1.190,1.452,29.580,1.717,2.205,0.742,32.579,1.084,0.528,0.023,47.300,25.442,1.447
2019-11-13,2.996,9.860,1.192,1.453,29.542,1.715,2.158,0.744,32.538,1.085,0.527,0.023,47.530,25.404,1.453
2019-11-14,2.993,9.856,1.193,1.454,29.504,1.713,2.111,0.745,32.497,1.086,0.526,0.023,47.290,25.365,1.459
2019-11-15,2.990,9.852,1.194,1.455,29.466,1.712,2.065,0.746,32.456,1.087,0.526,0.023,47.420,25.326,1.465
2019-11-18,2.988,9.848,1.195,1.456,29.427,1.710,2.018,0.747,32.416,1.088,0.525,0.023,47.330,25.287,1.471
2019-11-19,2.985,9.844,1.196,1.458,29.389,1.708,1.972,0.748,32.375,1.090,0.525,0.023,46.450,25.248,1.477
2019-11-20,2.982,9.840,1.198,1.459,29.351,1.706,1.925,0.750,32.334,1.091,0.524,0.023,45.650,25.210,1.482
2019-11-21,2.980,9.836,1.199,1.460,29.313,1.705,1.879,0.751,32.293,1.092,0.524,0.023,45.120,25.171,1.488
2019-11-22,2.977,9.832,1.200,1.461,29.275,1.703,1.832,0.752,32.252,1.093,0.523,0.023,45.480,25.132,1.494
2019-11-25,2.974,9.828,1.201,1.462,29.236,1.701,1.786,0.753,32.212,1.094,0.523,0.023,45.960,25.093,1.500
2019-11-26,2.972,9.823,1.202,1.463,29.198,1.700,1.739,0.754,32.171,1.095,0.522,0.024,46.420,25.055,1.506
2019-11-27,2.969,9.819,1.204,1.464,29.160,1.698,1.693,0.756,32.130,1.096,0.522,0.024,46.570,25.016,1.512
2019-11-29,2.966,9.815,1.205,1.465,29.122,1.696,1.646,0.757,32.089,1.097,0.521,0.024,46.570,24.977,1.518
2019-12-02,2.964,9.811,1.206,1.467,29.084,1.694,1.600,0.758,32.048,1.098,0.521,0.024,45.840,24.938,1.524
2019-12-03,2.961,9.807,1.207,1.468,29.046,1.693,1.553,0.759,32.007,1.100,0.520,0.024,45.610,24.900,1.530
2019-12-04,2.959,9.803,1.208,1.469,29.007,1.691,1.507,0.760,31.967,1.101,0.520,0.024,45.930,24.861,1.536
2019-12-05,2.956,9.799,1.210,1.470,28.969,1.689,1.460,0.762,31.926,1.102,0.519,0.024,45.730,24.822,1.542
2019-12-06,2.953,9.795,1.211,1.471,28.931,1.688,1.414,0.763,31.885,1.103,0.518,0.024,45.650,24.783,1.548
2019-12-09,2.951,9.791,1.212,1.472,28.893,1.686,1.367,0.764,31.844,1.104,0.518,0.024,46.130,24.744,1.554
2019-12-10,2.948,9.787,1.213,1.473,28.855,1.684,1.320,0.765,31.803,1.105,0.517,0.024,45.900,24.706,1.560
2019-12-11,2.945,9.783,1.214,1.474,28.816,1.682,1.274,0.766,31.763,1.106,0.517,0.024,44.780,24.667,1.566
2019-12-12,2.943,9.779,1.216,1.476,28.778,1.681,1.227,0.768,31.722,1.108,0.516,0.024,44.350,24.628,1.572
2019-12-13,2.940,9.775,1.217,1.477,28.740,1.679,1.181,0.769,31.681,1.109,0.516,0.024,44.450,24.589,1.578
2019-12-16,2.937,9.771,1.218,1.478,28.702,1.677,1.134,0.770,31.640,1.110,0.515,0.024,44.830,24.551,1.584
2019-12-17,2.935,9.767,1.219,1.479,28.664,1.675,1.088,0.771,31.599,1.111,0.515,0.024,44.550,24.512,1.590
2019-12-18,2.932,9.763,1.220,1.480,28.626,1.674,1.041,0.772,31.558,1.112,0.514,0.025,44.450,24.473,1.596
2019-12-19,2.929,9.758,1.222,1.481,28.587,1.672,0.995,0.774,31.518,1.113,0.514,0.025,44.760,24.434,1.602
2019-12-20,2.927,9.754,1.223,1.482,28.549,1.670,0.948,0.775,31.477,1.114,0.513,0.025,44.800,24.396,1.608
2019-12-23,2.924,9.750,1.224,1.483,28.511,1.669,0.902,0.776,31.436,1.115,0.513,0.025,44.640,24.357,1.614
2019-12-24,2.922,9.746,1.225,1.485,28.473,1.667,0.855,0.777,31.395,1.116,0.512,0.025,44.890,24.318,1.620
2019-12-26,2.919,9.742,1.226,1.486,28.435,1.665,0.809,0.778,31.354,1.118,0.512,0.025,45.150,24.279,1.626
2019-12-27,2.916,9.738,1.228,1.487,28.396,1.663,0.762,0.780,31.314,1.119,0.511,0.025,45.450,24.241,1.632
2019-12-30,2.914,9.734,1.229,1.488,28.358,1.662,0.716,0.781,31.273,1.120,0.511,0.025,45.450,24.202,1.637
2019-12-31,2.911,9.730,1.230,1.489,28.320,1.660,0.669,0.782,31.232,1.121,0.510,0.025,45.870,24.163,1.643
2020-01-02,2.905,9.776,1.228,1.487,28.373,1.656,0.718,0.780,31.279,1.119,0.509,0.025,44.470,24.218,1.649
2020-01-03,2.898,9.822,1.226,1.485,28.426,1.653,0.768,0.778,31.325,1.117,0.508,0.025,44.550,24.272,1.655
2020-01-06,2.892,9.868,1.224,1.482,28.479,1.649,0.817,0.776,31.372,1.115,0.507,0.025,44.780,24.327,1.661
2020-01-07,2.885,9.915,1.222,1.480,28.532,1.645,0.866,0.774,31.418,1.113,0.505,0.025,44.270,24.382,1.667
2020-01-08,2.879,9.961,1.220,1.478,28.585,1.641,0.915,0.772,31.465,1.111,0.504,0.025,44.570,24.436,1.673
2020-01-09,2.872,10.007,1.218,1.476,28.638,1.638,0.965,0.770,31.512,1.109,0.503,0.024,44.210,24.491,1.679
2020-01-10,2.866,10.053,1.216,1.474,28.691,1.634,1.014,0.768,31.558,1.107,0.502,0.024,44.380,24.546,1.685
2020-01-13,2.859,10.099,1.214,1.471,28.745,1.630,1.063,0.766,31.605,1.105,0.501,0.024,44.530,24.600,1.691
2020-01-14,2.853,10.145,1.212,1.469,28.798,1.627,1.113,0.764,31.651,1.103,0.500,0.024,45.100,24.655,1.697
2020-01-15,2.846,10.191,1.210,1.467,28.851,1.623,1.162,0.762,31.698,1.101,0.498,0.024,45.090,24.710,1.703
2020-01-16,2.840,10.237,1.208,1.465,28.904,1.619,1.211,0.759,31.745,1.099,0.497,0.024,45.530,24.764,1.709
2020-01-17,2.834,10.284,1.206,1.463,28.957,1.615,1.260,0.757,31.791,1.097,0.496,0.024,45.290,24.819,1.715
2020-01-21,2.827,10.330,1.204,1.460,29.010,1.612,1.310,0.755,31.838,1.095,0.495,0.024,45.700,24.874,1.721
2020-01-22,2.821,10.376,1.202,1.458,29.063,1.608,1.359,0.753,31.884,1.093,0.494,0.024,44.750,24.928,1.727
2020-01-23,2.814,10.422,1.200,1.456,29.116,1.604,1.408,0.751,31.931,1.091,0.493,0.024,45.130,24.983,1.733
2020-01-24,2.808,10.468,1.198,1.454,29.169,1.601,1.458,0.749,31.978,1.088,0.491,0.024,44.390,25.038,1.739
2020-01-27,2.801,10.514,1.196,1.452,29.222,1.597,1.507,0.747,32.024,1.086,0.490,0.023,43.410,25.093,1.745
2020-01-28,2.795,10.560,1.194,1.450,29.275,1.593,1.556,0.745,32.071,1.084,0.489,0.023,42.910,25.147,1.751
2020-01-29,2.788,10.606,1.192,1.447,29.328,1.590,1.606,0.743,32.117,1.082,0.488,0.023,42.920,25.202,1.757
2020-01-30,2.782,10.653,1.190,1.445,29.381,1.586,1.655,0.741,32.164,1.080,0.487,0.023,41.820,25.257,1.763
2020-01-31,2.776,10.699,1.188,1.443,29.434,1.582,1.704,0.739,32.211,1.078,0.486,0.023,40.810,25.311,1.769
2020-02-03,2.769,10.745,1.186,1.441,29.487,1.578,1.753,0.737,32.257,1.076,0.484,0.023,40.700,25.366,1.775
2020-02-04,2.763,10.791,1.184,1.439,29.540,1.575,1.803,0.735,32.304,1.074,0.483,0.023,42.080,25.421,1.781
2020-02-05,2.756,10.837,1.182,1.436,29.594,1.571,1.852,0.733,32.350,1.072,0.482,0.023,43.050,25.475,1.787
2020-02-06,2.750,10.883,1.180,1.434,29.647,1.567,1.901,0.731,32.397,1.070,0.481,0.023,43.170,25.530,1.792
2020-02-07,2.743,10.929,1.178,1.432,29.700,1.564,1.951,0.729,32.444,1.068,0.480,0.023,43.220,25.585,1.798
2020-02-10,2.737,10.975,1.176,1.430,29.753,1.560,2.000,0.727,32.490,1.066,0.479,0.022,43.850,25.639,1.804
2020-02-11,2.730,11.022,1.174,1.428,29.806,1.556,2.049,0.725,32.537,1.064,0.477,0.022,43.550,25.694,1.810
2020-02-12,2.724,11.068,1.172,1.425,29.859,1.552,2.098,0.723,32.583,1.062,0.476,0.022,42.660,25.749,1.816
2020-02-13,2.717,11.114,1.170,1.423,29.912,1.549,2.148,0.721,32.630,1.060,0.475,0.022,42.500,25.803,1.822
2020-02-14,2.711,11.160,1.168,1.421,29.965,1.545,2.197,0.718,32.677,1.058,0.474,0.022,42.580,25.858,1.828
2020-02-18,2.705,11.206,1.166,1.419,30.018,1.541,2.246,0.716,32.723,1.056,0.473,0.022,42.660,25.913,1.834
2020-02-19,2.698,11.252,1.164,1.417,30.071,1.538,2.296,0.714,32.770,1.054,0.472,0.022,41.990,25.967,1.840
2020-02-20,2.692,11.298,1.162,1.414,30.124,1.534,2.345,0.712,32.816,1.052,0.471,0.022,43.070,26.022,1.846
2020-02-21,2.685,11.345,1.160,1.412,30.177,1.530,2.394,0.710,32.863,1.050,0.469,0.022,43.600,26.077,1.852
2020-02-24,2.679,11.391,1.158,1.410,30.230,1.526,2.443,0.708,32.909,1.048,0.468,0.022,43.150,26.131,1.858
2020-02-25,2.672,11.437,1.156,1.408,30.283,1.523,2.493,0.706,32.956,1.046,0.467,0.022,41.460,26.186,1.864
2020-02-26,2.666,11.483,1.154,1.406,30.336,1.519,2.542,0.704,33.003,1.044,0.466,0.021,40.530,26.241,1.870
2020-02-27,2.659,11.529,1.152,1.403,30.390,1.515,2.591,0.702,33.049,1.042,0.465,0.021,38.560,26.295,1.876
2020-02-28,2.653,11.575,1.150,1.401,30.443,1.512,2.641,0.700,33.096,1.040,0.464,0.021,37.720,26.350,1.882
2020-03-02,2.646,11.621,1.148,1.399,30.496,1.508,2.690,0.698,33.142,1.038,0.462,0.021,38.990,26.405,1.888
2020-03-03,2.640,11.667,1.146,1.397,30.549,1.504,2.739,0.696,33.189,1.036,0.461,0.021,37.540,26.459,1.894
2020-03-04,2.634,11.714,1.144,1.395,30.602,1.500,2.788,0.694,33.236,1.034,0.460,0.021,37.850,26.514,1.900
2020-03-05,2.627,11.760,1.142,1.392,30.655,1.497,2.838,0.692,33.282,1.032,0.459,0.021,36.750,26.569,1.906
2020-03-06,2.621,11.806,1.140,1.390,30.708,1.493,2.887,0.690,33.329,1.030,0.458,0.021,36.490,26.623,1.912
2020-03-09,2.614,11.852,1.138,1.388,30.761,1.489,2.936,0.688,33.375,1.028,0.457,0.021,31.580,26.678,1.918
2020-03-10,2.608,11.898,1.136,1.386,30.814,1.486,2.986,0.686,33.422,1.025,0.455,0.021,34.160,26.733,1.924
2020-03-11,2.601,11.944,1.134,1.384,30.867,1.482,3.035,0.684,33.469,1.023,0.454,0.021,31.110,26.788,1.930
2020-03-12,2.595,11.990,1.132,1.382,30.920,1.478,3.084,0.682,33.515,1.021,0.453,0.020,25.590,26.842,1.936
2020-03-13,2.588,12.036,1.130,1.379,30.973,1.475,3.134,0.680,33.562,1.019,0.452,0.020,27.510,26.897,1.942
2020-03-16,2.582,12.083,1.128,1.377,31.026,1.471,3.183,0.678,33.608,1.017,0.451,0.020,20.160,26.952,1.947
2020-03-17,2.576,12.129,1.126,1.375,31.079,1.467,3.232,0.675,33.655,1.015,0.450,0.020,18.040,27.006,1.953
2020-03-18,2.569,12.175,1.124,1.373,31.132,1.463,3.281,0.673,33.702,1.013,0.448,0.020,13.770,27.061,1.959
2020-03-19,2.563,12.221,1.122,1.371,31.185,1.460,3.331,0.671,33.748,1.011,0.447,0.020,17.080,27.116,1.965
2020-03-20,2.556,12.267,1.120,1.368,31.239,1.456,3.380,0.669,33.795,1.009,0.446,0.020,14.760,27.170,1.971
2020-03-23,2.550,12.313,1.118,1.366,31.292,1.452,3.429,0.667,33.841,1.007,0.445,0.020,15.370,27.225,1.977
2020-03-24,2.543,12.359,1.116,1.364,31.345,1.449,3.479,0.665,33.888,1.005,0.444,0.020,16.770,27.280,1.983
2020-03-25,2.537,12.405,1.114,1.362,31.398,1.445,3.528,0.663,33.935,1.003,0.443,0.020,19.110,27.334,1.989
2020-03-26,2.530,12.452,1.112,1.360,31.451,1.441,3.577,0.661,33.981,1.001,0.441,0.019,19.030,27.389,1.995
2020-03-27,2.524,12.498,1.110,1.357,31.504,1.437,3.626,0.659,34.028,0.999,0.440,0.019,17.830,27.444,2.001
2020-03-30,2.517,12.544,1.108,1.355,31.557,1.434,3.676,0.657,34.074,0.997,0.439,0.019,17.250,27.498,2.007
2020-03-31,2.511,12.590,1.106,1.353,31.610,1.430,3.725,0.655,34.121,0.995,0.438,0.019,16.810,27.553,2.013
2020-04-01,2.508,12.606,1.102,1.348,31.611,1.420,3.718,0.652,34.119,0.992,0.435,0.019,14.390,27.548,2.019
2020-04-02,2.505,12.621,1.098,1.344,31.613,1.411,3.712,0.649,34.118,0.988,0.432,0.019,13.460,27.544,2.001
2020-04-03,2.503,12.637,1.094,1.339,31.614,1.401,3.705,0.645,34.116,0.985,0.429,0.019,14.290,27.539,1.983
2020-04-06,2.500,12.652,1.090,1.335,31.615,1.392,3.698,0.642,34.115,0.982,0.426,0.019,16.540,27.535,1.965
2020-04-07,2.497,12.668,1.086,1.330,31.616,1.382,3.692,0.639,34.113,0.979,0.423,0.019,18.620,27.530,1.947
2020-04-08,2.494,12.683,1.083,1.325,31.618,1.373,3.685,0.636,34.112,0.975,0.420,0.019,19.240,27.526,1.929
2020-04-09,2.491,12.699,1.079,1.321,31.619,1.363,3.678,0.632,34.110,0.972,0.418,0.019,20.850,27.521,1.911
2020-04-13,2.489,12.714,1.075,1.316,31.620,1.354,3.672,0.629,34.109,0.969,0.415,0.018,19.970,27.517,1.893
2020-04-14,2.486,12.730,1.071,1.311,31.622,1.344,3.665,0.626,34.107,0.965,0.412,0.018,20.720,27.512,1.875
2020-04-15,2.483,12.746,1.067,1.307,31.623,1.335,3.658,0.623,34.106,0.962,0.409,0.018,18.730,27.508,1.857
2020-04-16,2.480,12.761,1.063,1.302,31.624,1.325,3.652,0.619,34.104,0.959,0.406,0.018,16.240,27.503,1.839
2020-04-17,2.477,12.777,1.059,1.298,31.625,1.316,3.645,0.616,34.103,0.956,0.403,0.018,17.170,27.499,1.820
2020-04-20,2.475,12.792,1.055,1.293,31.627,1.306,3.639,0.613,34.101,0.952,0.400,0.018,16.470,27.494,1.802
2020-04-21,2.472,12.808,1.051,1.288,31.628,1.297,3.632,0.610,34.100,0.949,0.397,0.018,16.380,27.490,1.784
2020-04-22,2.469,12.823,1.047,1.284,31.629,1.287,3.625,0.606,34.098,0.946,0.394,0.018,16.050,27.485,1.766
2020-04-23,2.466,12.839,1.044,1.279,31.631,1.278,3.619,0.603,34.097,0.942,0.391,0.018,16.260,27.481,1.748
2020-04-24,2.464,12.854,1.040,1.274,31.632,1.268,3.612,0.600,34.095,0.939,0.388,0.018,15.750,27.476,1.730
2020-04-27,2.461,12.870,1.036,1.270,31.633,1.259,3.605,0.597,34.094,0.936,0.385,0.017,17.490,27.472,1.712
2020-04-28,2.458,12.886,1.032,1.265,31.634,1.249,3.599,0.593,34.092,0.933,0.383,0.017,19.370,27.467,1.694
2020-04-29,2.455,12.901,1.028,1.261,31.636,1.240,3.592,0.590,34.091,0.929,0.380,0.017,21.040,27.463,1.676
2020-04-30,2.452,12.917,1.024,1.256,31.637,1.230,3.585,0.587,34.089,0.926,0.377,0.017,20.420,27.458,1.658
2020-05-01,2.450,12.932,1.020,1.251,31.638,1.220,3.579,0.584,34.088,0.923,0.374,0.017,19.330,27.454,1.640
2020-05-04,2.447,12.948,1.016,1.247,31.640,1.211,3.572,0.581,34.086,0.919,0.371,0.017,19.270,27.449,1.636
2020-05-05,2.444,12.963,1.012,1.242,31.641,1.201,3.565,0.577,34.085,0.916,0.368,0.017,18.520,27.445,1.631
2020-05-06,2.441,12.979,1.008,1.238,31.642,1.192,3.559,0.574,34.083,0.913,0.365,0.017,17.050,27.440,1.627
2020-05-07,2.438,12.994,1.004,1.233,31.643,1.182,3.552,0.571,34.082,0.910,0.362,0.017,17.440,27.436,1.623
2020-05-08,2.436,13.010,1.001,1.228,31.645,1.173,3.545,0.568,34.080,0.906,0.359,0.017,17.750,27.431,1.618
2020-05-11,2.433,13.026,0.997,1.224,31.646,1.163,3.539,0.564,34.079,0.903,0.356,0.017,16.850,27.427,1.614
2020-05-12,2.430,13.041,0.993,1.219,31.647,1.154,3.532,0.561,34.077,0.900,0.353,0.016,16.680,27.422,1.610
2020-05-13,2.427,13.057,0.989,1.214,31.649,1.144,3.525,0.558,34.076,0.896,0.350,0.016,15.650,27.418,1.606
2020-05-14,2.424,13.072,0.985,1.210,31.650,1.135,3.519,0.555,34.074,0.893,0.347,0.016,15.770,27.413,1.601
2020-05-15,2.422,13.088,0.981,1.205,31.651,1.125,3.512,0.551,34.073,0.890,0.345,0.016,15.700,27.409,1.597
2020-05-18,2.419,13.103,0.977,1.201,31.652,1.116,3.506,0.548,34.071,0.887,0.342,0.016,17.410,27.404,1.593
2020-05-19,2.416,13.119,0.973,1.196,31.654,1.106,3.499,0.545,34.070,0.883,0.339,0.016,17.400,27.400,1.588
2020-05-20,2.413,13.134,0.969,1.191,31.655,1.097,3.492,0.542,34.068,0.880,0.336,0.016,17.030,27.395,1.584
2020-05-21,2.410,13.150,0.965,1.187,31.656,1.087,3.486,0.538,34.067,0.877,0.333,0.016,17.130,27.391,1.580
2020-05-22,2.408,13.166,0.962,1.182,31.658,1.078,3.479,0.535,34.065,0.873,0.330,0.016,16.700,27.386,1.576
2020-05-26,2.405,13.181,0.958,1.177,31.659,1.068,3.472,0.532,34.064,0.870,0.327,0.016,18.120,27.382,1.571
2020-05-27,2.402,13.197,0.954,1.173,31.660,1.059,3.466,0.529,34.062,0.867,0.324,0.016,19.330,27.377,1.567
2020-05-28,2.399,13.212,0.950,1.168,31.661,1.049,3.459,0.525,34.061,0.864,0.321,0.015,18.280,27.373,1.563
2020-05-29,2.396,13.228,0.946,1.164,31.663,1.040,3.452,0.522,34.059,0.860,0.318,0.015,17.650,27.368,1.558
2020-06-01,2.394,13.243,0.942,1.159,31.664,1.030,3.446,0.519,34.058,0.857,0.315,0.015,18.840,27.364,1.554
2020-06-02,2.391,13.259,0.938,1.154,31.665,1.020,3.439,0.516,34.056,0.854,0.312,0.015,19.410,27.359,1.547
2020-06-03,2.388,13.274,0.934,1.150,31.667,1.011,3.432,0.513,34.055,0.850,0.309,0.015,22.290,27.355,1.540
2020-06-04,2.385,13.290,0.930,1.145,31.668,1.001,3.426,0.509,34.053,0.847,0.307,0.015,23.470,27.350,1.533
2020-06-05,2.382,13.306,0.926,1.141,31.669,0.992,3.419,0.506,34.052,0.844,0.304,0.015,27.100,27.346,1.526
2020-06-08,2.380,13.321,0.922,1.136,31.670,0.982,3.412,0.503,34.050,0.841,0.301,0.015,29.210,27.341,1.519
2020-06-09,2.377,13.337,0.919,1.131,31.672,0.973,3.406,0.500,34.049,0.837,0.298,0.015,26.450,27.337,1.512
2020-06-10,2.374,13.352,0.915,1.127,31.673,0.963,3.399,0.496,34.047,0.834,0.295,0.015,25.390,27.332,1.505
2020-06-11,2.371,13.368,0.911,1.122,31.674,0.954,3.392,0.493,34.046,0.831,0.292,0.014,22.000,27.328,1.498
2020-06-12,2.369,13.383,0.907,1.117,31.676,0.944,3.386,0.490,34.044,0.827,0.289,0.014,23.240,27.323,1.491
2020-06-15,2.366,13.399,0.903,1.113,31.677,0.935,3.379,0.487,34.043,0.824,0.286,0.014,22.750,27.319,1.484
2020-06-16,2.363,13.414,0.899,1.108,31.678,0.925,3.373,0.483,34.041,0.821,0.283,0.014,23.100,27.314,1.478
2020-06-17,2.360,13.430,0.895,1.104,31.679,0.916,3.366,0.480,34.040,0.818,0.280,0.014,21.920,27.310,1.471
2020-06-18,2.357,13.446,0.891,1.099,31.681,0.906,3.359,0.477,34.038,0.814,0.277,0.014,21.710,27.305,1.464
2020-06-19,2.355,13.461,0.887,1.094,31.682,0.897,3.353,0.474,34.037,0.811,0.274,0.014,20.530,27.301,1.457
2020-06-22,2.352,13.477,0.883,1.090,31.683,0.887,3.346,0.470,34.035,0.808,0.272,0.014,20.970,27.296,1.450
2020-06-23,2.349,13.492,0.880,1.085,31.685,0.878,3.339,0.467,34.034,0.804,0.269,0.014,21.450,27.292,1.443
2020-06-24,2.346,13.508,0.876,1.080,31.686,0.868,3.333,0.464,34.032,0.801,0.266,0.014,19.920,27.287,1.436
2020-06-25,2.343,13.523,0.872,1.076,31.687,0.859,3.326,0.461,34.031,0.798,0.263,0.014,19.860,27.283,1.429
2020-06-26,2.341,13.539,0.868,1.071,31.688,0.849,3.319,0.457,34.029,0.795,0.260,0.013,18.930,27.278,1.422
2020-06-29,2.338,13.554,0.864,1.067,31.690,0.840,3.313,0.454,34.028,0.791,0.257,0.013,20.840,27.274,1.415
2020-06-30,2.335,13.570,0.860,1.062,31.691,0.830,3.306,0.451,34.026,0.788,0.254,0.013,20.920,27.269,1.408
2020-07-01,2.330,13.588,0.860,1.062,31.659,0.825,3.271,0.450,33.989,0.787,0.252,0.013,21.360,27.236,1.401
2020-07-02,2.325,13.605,0.859,1.062,31.627,0.819,3.236,0.450,33.952,0.787,0.251,0.013,21.050,27.202,1.400
2020-07-06,2.320,13.623,0.859,1.062,31.595,0.814,3.202,0.449,33.915,0.786,0.249,0.013,21.090,27.169,1.399
2020-07-07,2.315,13.641,0.859,1.062,31.563,0.808,3.167,0.448,33.878,0.785,0.247,0.013,19.770,27.136,1.398
2020-07-08,2.310,13.658,0.858,1.062,31.531,0.803,3.132,0.447,33.841,0.785,0.246,0.013,19.700,27.103,1.397
2020-07-09,2.305,13.676,0.858,1.062,31.499,0.797,3.098,0.447,33.804,0.784,0.244,0.013,18.670,27.069,1.395
2020-07-10,2.300,13.694,0.858,1.062,31.467,0.792,3.063,0.446,33.767,0.783,0.242,0.013,19.570,27.036,1.394
2020-07-13,2.295,13.711,0.857,1.062,31.435,0.786,3.028,0.445,33.731,0.782,0.240,0.013,19.480,27.003,1.393
2020-07-14,2.290,13.729,0.857,1.062,31.403,0.781,2.993,0.444,33.694,0.782,0.239,0.013,18.950,26.970,1.392
2020-07-15,2.285,13.747,0.857,1.062,31.371,0.775,2.958,0.444,33.657,0.781,0.237,0.013,20.370,26.936,1.391
2020-07-16,2.280,13.764,0.856,1.062,31.339,0.770,2.924,0.443,33.620,0.780,0.235,0.013,19.240,26.903,1.390
2020-07-17,2.275,13.782,0.856,1.062,31.307,0.764,2.889,0.442,33.583,0.780,0.234,0.013,19.090,26.870,1.389
2020-07-20,2.270,13.800,0.856,1.062,31.275,0.759,2.854,0.441,33.546,0.779,0.232,0.013,18.480,26.837,1.388
2020-07-21,2.265,13.817,0.855,1.062,31.243,0.753,2.820,0.441,33.509,0.778,0.230,0.013,18.650,26.803,1.386
2020-07-22,2.260,13.835,0.855,1.062,31.211,0.748,2.785,0.440,33.472,0.778,0.229,0.013,18.980,26.770,1.385
2020-07-23,2.255,13.852,0.854,1.062,31.179,0.742,2.750,0.439,33.435,0.777,0.227,0.013,18.910,26.737,1.384
2020-07-24,2.250,13.870,0.854,1.062,31.148,0.737,2.715,0.439,33.398,0.776,0.225,0.013,18.530,26.703,1.383
2020-07-27,2.245,13.888,0.854,1.062,31.116,0.732,2.680,0.438,33.361,0.776,0.224,0.013,18.950,26.670,1.382
2020-07-28,2.240,13.905,0.853,1.062,31.084,0.726,2.646,0.437,33.324,0.775,0.222,0.013,19.620,26.637,1.381
2020-07-29,2.235,13.923,0.853,1.062,31.052,0.721,2.611,0.436,33.287,0.774,0.220,0.013,20.060,26.604,1.380
2020-07-30,2.230,13.941,0.853,1.062,31.020,0.715,2.576,0.436,33.250,0.774,0.219,0.013,19.460,26.570,1.379
2020-07-31,2.225,13.958,0.852,1.062,30.988,0.710,2.542,0.435,33.213,0.773,0.217,0.013,19.070,26.537,1.378
2020-08-03,2.220,13.976,0.852,1.062,30.956,0.704,2.507,0.434,33.176,0.772,0.215,0.013,18.670,26.504,1.376
2020-08-04,2.215,13.994,0.852,1.062,30.924,0.699,2.472,0.433,33.140,0.772,0.214,0.013,19.270,26.471,1.375
2020-08-05,2.210,14.011,0.851,1.062,30.892,0.693,2.437,0.433,33.103,0.771,0.212,0.013,19.120,26.437,1.374
2020-08-06,2.205,14.029,0.851,1.062,30.860,0.688,2.402,0.432,33.066,0.770,0.210,0.013,18.720,26.404,1.373
2020-08-07,2.200,14.047,0.851,1.062,30.828,0.682,2.368,0.431,33.029,0.769,0.208,0.013,19.020,26.371,1.372
2020-08-10,2.195,14.064,0.850,1.062,30.796,0.677,2.333,0.430,32.992,0.769,0.207,0.013,20.030,26.338,1.371
2020-08-11,2.190,14.082,0.850,1.062,30.764,0.671,2.298,0.430,32.955,0.768,0.205,0.013,20.540,26.304,1.370
2020-08-12,2.185,14.100,0.850,1.062,30.732,0.666,2.264,0.429,32.918,0.767,0.203,0.013,20.750,26.271,1.369
2020-08-13,2.180,14.117,0.849,1.062,30.700,0.660,2.229,0.428,32.881,0.767,0.202,0.013,20.200,26.238,1.368
2020-08-14,2.176,14.135,0.849,1.062,30.668,0.655,2.194,0.428,32.844,0.766,0.200,0.013,20.860,26.204,1.366
2020-08-17,2.171,14.153,0.849,1.061,30.636,0.650,2.159,0.427,32.807,0.765,0.198,0.013,20.860,26.171,1.365
2020-08-18,2.166,14.170,0.848,1.061,30.604,0.644,2.124,0.426,32.770,0.765,0.197,0.013,19.920,26.138,1.364
2020-08-19,2.161,14.188,0.848,1.061,30.572,0.639,2.090,0.425,32.733,0.764,0.195,0.013,19.540,26.105,1.363
2020-08-20,2.156,14.206,0.848,1.061,30.540,0.633,2.055,0.425,32.696,0.763,0.193,0.013,19.840,26.071,1.362
2020-08-21,2.151,14.223,0.847,1.061,30.508,0.628,2.020,0.424,32.659,0.763,0.192,0.013,19.740,26.038,1.361
2020-08-24,2.146,14.241,0.847,1.061,30.476,0.622,1.986,0.423,32.622,0.762,0.190,0.013,20.960,26.005,1.360
2020-08-25,2.141,14.259,0.847,1.061,30.444,0.617,1.951,0.422,32.585,0.761,0.188,0.013,21.000,25.972,1.359
2020-08-26,2.136,14.276,0.846,1.061,30.412,0.611,1.916,0.422,32.549,0.760,0.186,0.013,20.290,25.938,1.357
2020-08-27,2.131,14.294,0.846,1.061,30.380,0.606,1.881,0.421,32.512,0.760,0.185,0.013,20.670,25.905,1.356
2020-08-28,2.126,14.312,0.846,1.061,30.348,0.600,1.846,0.420,32.475,0.759,0.183,0.013,21.360,25.872,1.355
2020-08-31,2.121,14.329,0.845,1.061,30.316,0.595,1.812,0.419,32.438,0.758,0.181,0.013,20.760,25.839,1.354
2020-09-01,2.116,14.347,0.845,1.061,30.284,0.589,1.777,0.419,32.401,0.758,0.180,0.013,20.560,25.805,1.353
2020-09-02,2.111,14.365,0.845,1.061,30.252,0.584,1.742,0.418,32.364,0.757,0.178,0.013,20.750,25.772,1.356
2020-09-03,2.106,14.382,0.844,1.061,30.220,0.578,1.708,0.417,32.327,0.756,0.176,0.013,20.800,25.739,1.358
2020-09-04,2.101,14.400,0.844,1.061,30.188,0.573,1.673,0.416,32.290,0.756,0.175,0.013,21.490,25.706,1.361
2020-09-08,2.096,14.418,0.843,1.061,30.156,0.568,1.638,0.416,32.253,0.755,0.173,0.013,21.430,25.672,1.363
2020-09-09,2.091,14.435,0.843,1.061,30.125,0.562,1.603,0.415,32.216,0.754,0.171,0.013,21.070,25.639,1.366
2020-09-10,2.086,14.453,0.843,1.061,30.093,0.557,1.568,0.414,32.179,0.754,0.170,0.013,20.250,25.606,1.369
2020-09-11,2.081,14.470,0.842,1.061,30.061,0.551,1.534,0.414,32.142,0.753,0.168,0.013,19.620,25.572,1.371
2020-09-14,2.076,14.488,0.842,1.061,30.029,0.546,1.499,0.413,32.105,0.752,0.166,0.013,20.740,25.539,1.374
2020-09-15,2.071,14.506,0.842,1.061,29.997,0.540,1.464,0.412,32.068,0.752,0.165,0.013,21.740,25.506,1.377
2020-09-16,2.066,14.523,0.841,1.061,29.965,0.535,1.430,0.411,32.031,0.751,0.163,0.013,22.670,25.473,1.379
2020-09-17,2.061,14.541,0.841,1.061,29.933,0.529,1.395,0.411,31.994,0.750,0.161,0.013,21.990,25.439,1.382
2020-09-18,2.056,14.559,0.841,1.061,29.901,0.524,1.360,0.410,31.958,0.750,0.160,0.013,21.360,25.406,1.384
2020-09-21,2.051,14.576,0.840,1.061,29.869,0.518,1.325,0.409,31.921,0.749,0.158,0.013,19.840,25.373,1.387
2020-09-22,2.046,14.594,0.840,1.061,29.837,0.513,1.290,0.408,31.884,0.748,0.156,0.013,19.920,25.340,1.390
2020-09-23,2.041,14.612,0.840,1.061,29.805,0.507,1.256,0.408,31.847,0.747,0.154,0.013,19.240,25.306,1.392
2020-09-24,2.036,14.629,0.839,1.061,29.773,0.502,1.221,0.407,31.810,0.747,0.153,0.013,19.220,25.273,1.395
2020-09-25,2.031,14.647,0.839,1.061,29.741,0.496,1.186,0.406,31.773,0.746,0.151,0.013,19.450,25.240,1.398
2020-09-28,2.026,14.665,0.839,1.061,29.709,0.491,1.152,0.405,31.736,0.745,0.149,0.013,20.130,25.207,1.400
2020-09-29,2.021,14.682,0.838,1.061,29.677,0.485,1.117,0.405,31.699,0.745,0.148,0.013,19.580,25.173,1.403
2020-09-30,2.016,14.700,0.838,1.061,29.645,0.480,1.082,0.404,31.662,0.744,0.146,0.013,19.790,25.140,1.405
2020-10-01,2.039,14.611,0.839,1.062,29.671,0.486,1.081,0.405,31.711,0.745,0.148,0.013,20.540,25.165,1.408
2020-10-02,2.062,14.522,0.840,1.063,29.697,0.492,1.080,0.406,31.760,0.746,0.150,0.013,21.060,25.189,1.410
2020-10-05,2.084,14.434,0.842,1.064,29.723,0.497,1.079,0.407,31.808,0.747,0.152,0.013,21.230,25.214,1.411
2020-10-06,2.107,14.345,0.843,1.065,29.749,0.503,1.078,0.408,31.857,0.748,0.154,0.013,21.610,25.239,1.413
2020-10-07,2.130,14.256,0.844,1.066,29.775,0.509,1.077,0.409,31.906,0.748,0.156,0.013,21.930,25.264,1.415
2020-10-08,2.152,14.167,0.845,1.068,29.802,0.515,1.075,0.409,31.955,0.749,0.158,0.013,21.630,25.288,1.417
2020-10-09,2.175,14.079,0.847,1.069,29.828,0.520,1.074,0.410,32.004,0.750,0.160,0.013,20.910,25.313,1.418
2020-10-12,2.198,13.990,0.848,1.070,29.854,0.526,1.073,0.411,32.053,0.751,0.162,0.013,21.000,25.338,1.420
2020-10-13,2.221,13.901,0.849,1.071,29.880,0.532,1.072,0.412,32.101,0.752,0.164,0.013,20.320,25.363,1.422
2020-10-14,2.244,13.812,0.850,1.072,29.906,0.538,1.071,0.413,32.150,0.753,0.166,0.013,20.290,25.387,1.424
2020-10-15,2.266,13.724,0.851,1.073,29.932,0.544,1.070,0.414,32.199,0.754,0.167,0.013,20.110,25.412,1.425
2020-10-16,2.289,13.635,0.853,1.074,29.958,0.549,1.069,0.415,32.248,0.754,0.169,0.013,20.010,25.437,1.427
2020-10-19,2.312,13.546,0.854,1.075,29.984,0.555,1.068,0.416,32.297,0.755,0.171,0.013,19.730,25.462,1.429
2020-10-20,2.334,13.458,0.855,1.076,30.010,0.561,1.067,0.417,32.346,0.756,0.173,0.013,19.900,25.486,1.431
2020-10-21,2.357,13.369,0.856,1.077,30.036,0.567,1.066,0.418,32.394,0.757,0.175,0.013,19.820,25.511,1.432
2020-10-22,2.380,13.280,0.857,1.078,30.062,0.572,1.064,0.419,32.443,0.758,0.177,0.013,20.480,25.536,1.434
2020-10-23,2.403,13.191,0.859,1.080,30.089,0.578,1.063,0.419,32.492,0.759,0.179,0.013,20.650,25.560,1.436
2020-10-26,2.426,13.102,0.860,1.081,30.115,0.584,1.062,0.420,32.541,0.760,0.181,0.013,19.970,25.585,1.438
2020-10-27,2.448,13.014,0.861,1.082,30.141,0.590,1.061,0.421,32.590,0.761,0.183,0.013,19.140,25.610,1.439
2020-10-28,2.471,12.925,0.862,1.083,30.167,0.596,1.060,0.422,32.639,0.762,0.185,0.013,18.760,25.635,1.441
2020-10-29,2.494,12.836,0.864,1.084,30.193,0.601,1.059,0.423,32.687,0.762,0.187,0.013,19.580,25.659,1.443
2020-10-30,2.516,12.747,0.865,1.085,30.219,0.607,1.058,0.424,32.736,0.763,0.189,0.013,19.390,25.684,1.445
2020-11-02,2.539,12.659,0.866,1.086,30.245,0.613,1.057,0.425,32.785,0.764,0.191,0.013,19.980,25.709,1.446
2020-11-03,2.562,12.570,0.867,1.087,30.271,0.619,1.056,0.426,32.834,0.765,0.193,0.013,20.060,25.734,1.448
2020-11-04,2.585,12.481,0.868,1.088,30.297,0.625,1.055,0.427,32.883,0.766,0.195,0.013,19.230,25.758,1.450
2020-11-05,2.608,12.392,0.870,1.089,30.323,0.630,1.054,0.428,32.932,0.767,0.197,0.013,19.600,25.783,1.451
2020-11-06,2.630,12.304,0.871,1.091,30.350,0.636,1.052,0.428,32.980,0.768,0.199,0.013,19.100,25.808,1.453
2020-11-09,2.653,12.215,0.872,1.092,30.376,0.642,1.051,0.429,33.029,0.768,0.201,0.013,24.420,25.833,1.455
2020-11-10,2.676,12.126,0.873,1.093,30.402,0.648,1.050,0.430,33.078,0.769,0.203,0.013,24.340,25.857,1.457
2020-11-11,2.698,12.038,0.875,1.094,30.428,0.653,1.049,0.431,33.127,0.770,0.205,0.013,22.660,25.882,1.458
2020-11-12,2.721,11.949,0.876,1.095,30.454,0.659,1.048,0.432,33.176,0.771,0.207,0.013,21.350,25.907,1.460
2020-11-13,2.744,11.860,0.877,1.096,30.480,0.665,1.047,0.433,33.224,0.772,0.209,0.013,23.060,25.932,1.462
2020-11-16,2.767,11.771,0.878,1.097,30.506,0.671,1.046,0.434,33.273,0.773,0.210,0.013,24.380,25.956,1.464
2020-11-17,2.790,11.682,0.879,1.098,30.532,0.677,1.045,0.435,33.322,0.774,0.212,0.013,24.380,25.981,1.465
2020-11-18,2.812,11.594,0.881,1.099,30.558,0.682,1.044,0.436,33.371,0.775,0.214,0.013,23.650,26.006,1.467
2020-11-19,2.835,11.505,0.882,1.100,30.584,0.688,1.043,0.437,33.420,0.776,0.216,0.013,24.890,26.030,1.469
2020-11-20,2.858,11.416,0.883,1.101,30.610,0.694,1.042,0.438,33.469,0.776,0.218,0.013,25.040,26.055,1.471
2020-11-23,2.880,11.327,0.884,1.103,30.637,0.700,1.040,0.438,33.517,0.777,0.220,0.013,26.370,26.080,1.472
2020-11-24,2.903,11.239,0.886,1.104,30.663,0.705,1.039,0.439,33.566,0.778,0.222,0.013,27.410,26.105,1.474
2020-11-25,2.926,11.150,0.887,1.105,30.689,0.711,1.038,0.440,33.615,0.779,0.224,0.013,26.920,26.129,1.476
2020-11-27,2.949,11.061,0.888,1.106,30.715,0.717,1.037,0.441,33.664,0.780,0.226,0.013,26.410,26.154,1.478
2020-11-30,2.972,10.972,0.889,1.107,30.741,0.723,1.036,0.442,33.713,0.781,0.228,0.013,25.490,26.179,1.479
2020-12-01,2.994,10.884,0.890,1.108,30.767,0.729,1.035,0.443,33.762,0.782,0.230,0.013,26.240,26.204,1.481
2020-12-02,3.017,10.795,0.892,1.109,30.793,0.734,1.034,0.444,33.810,0.782,0.232,0.013,26.940,26.228,1.484
2020-12-03,3.040,10.706,0.893,1.110,30.819,0.740,1.033,0.445,33.859,0.783,0.234,0.013,27.670,26.253,1.487
2020-12-04,3.062,10.618,0.894,1.111,30.845,0.746,1.032,0.446,33.908,0.784,0.236,0.013,28.990,26.278,1.489
2020-12-07,3.085,10.529,0.895,1.112,30.871,0.752,1.031,0.447,33.957,0.785,0.238,0.013,27.590,26.303,1.492
2020-12-08,3.108,10.440,0.897,1.114,30.898,0.758,1.030,0.448,34.006,0.786,0.240,0.013,27.820,26.327,1.495
2020-12-09,3.131,10.351,0.898,1.115,30.924,0.763,1.028,0.448,34.055,0.787,0.242,0.013,28.050,26.352,1.498
2020-12-10,3.154,10.262,0.899,1.116,30.950,0.769,1.027,0.449,34.103,0.788,0.244,0.013,27.920,26.377,1.501
2020-12-11,3.176,10.174,0.900,1.117,30.976,0.775,1.026,0.450,34.152,0.789,0.246,0.013,27.140,26.401,1.504
2020-12-14,3.199,10.085,0.901,1.118,31.002,0.781,1.025,0.451,34.201,0.790,0.248,0.013,26.960,26.426,1.506
2020-12-15,3.222,9.996,0.903,1.119,31.028,0.786,1.024,0.452,34.250,0.790,0.250,0.013,27.710,26.451,1.509
2020-12-16,3.244,9.907,0.904,1.120,31.054,0.792,1.023,0.453,34.299,0.791,0.251,0.013,27.260,26.476,1.512
2020-12-17,3.267,9.819,0.905,1.121,31.080,0.798,1.022,0.454,34.348,0.792,0.253,0.013,27.490,26.500,1.515
2020-12-18,3.290,9.730,0.906,1.122,31.106,0.804,1.021,0.455,34.396,0.793,0.255,0.013,26.380,26.525,1.518
2020-12-21,3.313,9.641,0.907,1.123,31.132,0.810,1.020,0.456,34.445,0.794,0.257,0.013,25.830,26.550,1.521
2020-12-22,3.336,9.552,0.909,1.124,31.158,0.815,1.019,0.457,34.494,0.795,0.259,0.013,25.850,26.575,1.523
2020-12-23,3.358,9.464,0.910,1.126,31.185,0.821,1.017,0.457,34.543,0.796,0.261,0.013,25.830,26.599,1.526
2020-12-24,3.381,9.375,0.911,1.127,31.211,0.827,1.016,0.458,34.592,0.796,0.263,0.013,26.050,26.624,1.529
2020-12-28,3.404,9.286,0.912,1.128,31.237,0.833,1.015,0.459,34.641,0.797,0.265,0.013,26.390,26.649,1.532
2020-12-29,3.426,9.198,0.914,1.129,31.263,0.838,1.014,0.460,34.689,0.798,0.267,0.013,25.710,26.674,1.535
2020-12-30,3.449,9.109,0.915,1.130,31.289,0.844,1.013,0.461,34.738,0.799,0.269,0.013,25.920,26.698,1.538
2020-12-31,3.472,9.020,0.916,1.131,31.315,0.850,1.012,0.462,34.787,0.800,0.271,0.013,26.330,26.723,1.540
2021-01-04,3.473,9.016,0.918,1.133,31.308,0.858,1.011,0.464,34.781,0.802,0.274,0.013,27.200,26.714,1.543
2021-01-05,3.473,9.012,0.919,1.135,31.301,0.867,1.010,0.467,34.775,0.804,0.277,0.013,27.320,26.704,1.546
2021-01-06,3.474,9.009,0.921,1.136,31.294,0.875,1.008,0.469,34.769,0.807,0.280,0.013,27.950,26.695,1.549
2021-01-07,3.475,9.005,0.923,1.138,31.288,0.883,1.007,0.471,34.762,0.809,0.282,0.014,27.970,26.686,1.552
2021-01-08,3.476,9.001,0.924,1.140,31.281,0.892,1.006,0.474,34.756,0.811,0.285,0.014,28.410,26.677,1.555
2021-01-11,3.476,8.997,0.926,1.142,31.274,0.900,1.005,0.476,34.750,0.813,0.288,0.014,27.310,26.667,1.557
2021-01-12,3.477,8.994,0.927,1.144,31.267,0.909,1.003,0.478,34.744,0.816,0.291,0.014,28.060,26.658,1.560
2021-01-13,3.478,8.990,0.929,1.145,31.260,0.917,1.002,0.481,34.738,0.818,0.294,0.014,29.200,26.649,1.563
2021-01-14,3.478,8.986,0.931,1.147,31.253,0.925,1.001,0.483,34.732,0.820,0.297,0.014,31.190,26.639,1.566
2021-01-15,3.479,8.982,0.932,1.149,31.246,0.934,1.000,0.485,34.726,0.822,0.300,0.014,30.550,26.630,1.569
2021-01-19,3.480,8.979,0.934,1.151,31.239,0.942,0.998,0.488,34.719,0.825,0.303,0.014,30.440,26.621,1.572
2021-01-20,3.481,8.975,0.936,1.152,31.233,0.950,0.997,0.490,34.713,0.827,0.305,0.014,31.300,26.612,1.574
2021-01-21,3.481,8.971,0.937,1.154,31.226,0.959,0.996,0.492,34.707,0.829,0.308,0.014,31.050,26.602,1.577
2021-01-22,3.482,8.967,0.939,1.156,31.219,0.967,0.995,0.495,34.701,0.831,0.311,0.014,31.370,26.593,1.580
2021-01-25,3.483,8.963,0.941,1.158,31.212,0.975,0.993,0.497,34.695,0.833,0.314,0.014,32.020,26.584,1.583
2021-01-26,3.484,8.960,0.942,1.160,31.205,0.984,0.992,0.500,34.689,0.836,0.317,0.014,32.540,26.575,1.586
2021-01-27,3.484,8.956,0.944,1.161,31.198,0.992,0.991,0.502,34.682,0.838,0.320,0.014,31.750,26.565,1.589
2021-01-28,3.485,8.952,0.946,1.163,31.191,1.000,0.990,0.504,34.676,0.840,0.323,0.015,32.030,26.556,1.591
2021-01-29,3.486,8.948,0.947,1.165,31.184,1.009,0.988,0.507,34.670,0.842,0.326,0.015,30.530,26.547,1.594
2021-02-01,3.486,8.945,0.949,1.167,31.178,1.017,0.987,0.509,34.664,0.845,0.328,0.015,30.530,26.537,1.597
2021-02-02,3.487,8.941,0.950,1.169,31.171,1.026,0.986,0.511,34.658,0.847,0.331,0.015,30.370,26.528,1.598
2021-02-03,3.488,8.937,0.952,1.170,31.164,1.034,0.985,0.514,34.652,0.849,0.334,0.015,30.680,26.519,1.600
2021-02-04,3.489,8.933,0.954,1.172,31.157,1.042,0.983,0.516,34.646,0.851,0.337,0.015,31.260,26.510,1.601
2021-02-05,3.489,8.930,0.955,1.174,31.150,1.051,0.982,0.518,34.639,0.854,0.340,0.015,31.780,26.500,1.603
2021-02-08,3.490,8.926,0.957,1.176,31.143,1.059,0.981,0.521,34.633,0.856,0.343,0.015,32.500,26.491,1.604
2021-02-09,3.491,8.922,0.959,1.177,31.136,1.067,0.980,0.523,34.627,0.858,0.346,0.015,33.690,26.482,1.606
2021-02-10,3.491,8.918,0.960,1.179,31.130,1.076,0.978,0.525,34.621,0.860,0.348,0.015,34.890,26.472,1.607
2021-02-11,3.492,8.914,0.962,1.181,31.123,1.084,0.977,0.528,34.615,0.862,0.351,0.015,35.900,26.463,1.609
2021-02-12,3.493,8.911,0.964,1.183,31.116,1.092,0.976,0.530,34.609,0.865,0.354,0.015,35.890,26.454,1.610
2021-02-16,3.494,8.907,0.965,1.185,31.109,1.101,0.975,0.532,34.603,0.867,0.357,0.015,36.130,26.445,1.612
2021-02-17,3.494,8.903,0.967,1.186,31.102,1.109,0.973,0.535,34.596,0.869,0.360,0.015,35.560,26.435,1.613
2021-02-18,3.495,8.899,0.968,1.188,31.095,1.118,0.972,0.537,34.590,0.871,0.363,0.016,34.990,26.426,1.615
2021-02-19,3.496,8.896,0.970,1.190,31.088,1.126,0.971,0.539,34.584,0.874,0.366,0.016,35.950,26.417,1.616
2021-02-22,3.497,8.892,0.972,1.192,31.081,1.134,0.970,0.542,34.578,0.876,0.369,0.016,37.050,26.408,1.618
2021-02-23,3.497,8.888,0.973,1.194,31.075,1.143,0.968,0.544,34.572,0.878,0.371,0.016,37.820,26.398,1.619
2021-02-24,3.498,8.884,0.975,1.195,31.068,1.151,0.967,0.546,34.566,0.880,0.374,0.016,39.090,26.389,1.621
2021-02-25,3.499,8.880,0.977,1.197,31.061,1.159,0.966,0.549,34.560,0.882,0.377,0.016,37.720,26.380,1.622
2021-02-26,3.499,8.877,0.978,1.199,31.054,1.168,0.965,0.551,34.553,0.885,0.380,0.016,37.100,26.370,1.624
2021-03-01,3.500,8.873,0.980,1.201,31.047,1.176,0.963,0.553,34.547,0.887,0.383,0.016,37.420,26.361,1.625
2021-03-02,3.501,8.869,0.982,1.202,31.040,1.184,0.962,0.556,34.541,0.889,0.386,0.016,36.690,26.352,1.625
2021-03-03,3.502,8.865,0.983,1.204,31.033,1.193,0.961,0.558,34.535,0.891,0.389,0.016,37.450,26.343,1.625
2021-03-04,3.502,8.862,0.985,1.206,31.027,1.201,0.960,0.560,34.529,0.894,0.391,0.016,36.170,26.333,1.624
2021-03-05,3.503,8.858,0.986,1.208,31.020,1.210,0.958,0.563,34.523,0.896,0.394,0.016,36.520,26.324,1.624
2021-03-08,3.504,8.854,0.988,1.210,31.013,1.218,0.957,0.565,34.517,0.898,0.397,0.016,36.700,26.315,1.624
2021-03-09,3.504,8.850,0.990,1.211,31.006,1.226,0.956,0.567,34.510,0.900,0.400,0.016,36.470,26.305,1.624
2021-03-10,3.505,8.847,0.991,1.213,30.999,1.235,0.955,0.570,34.504,0.903,0.403,0.017,37.550,26.296,1.623
2021-03-11,3.506,8.843,0.993,1.215,30.992,1.243,0.953,0.572,34.498,0.905,0.406,0.017,38.060,26.287,1.623
2021-03-12,3.507,8.839,0.995,1.217,30.985,1.251,0.952,0.575,34.492,0.907,0.409,0.017,38.720,26.278,1.623
2021-03-15,3.507,8.835,0.996,1.219,30.978,1.260,0.951,0.577,34.486,0.909,0.412,0.017,39.750,26.268,1.623
2021-03-16,3.508,8.831,0.998,1.220,30.972,1.268,0.950,0.579,34.480,0.911,0.414,0.017,38.500,26.259,1.623
2021-03-17,3.509,8.828,1.000,1.222,30.965,1.276,0.948,0.582,34.473,0.914,0.417,0.017,38.840,26.250,1.622
2021-03-18,3.510,8.824,1.001,1.224,30.958,1.285,0.947,0.584,34.467,0.916,0.420,0.017,38.380,26.241,1.622
2021-03-19,3.510,8.820,1.003,1.226,30.951,1.293,0.946,0.586,34.461,0.918,0.423,0.017,38.330,26.231,1.622
2021-03-22,3.511,8.816,1.005,1.227,30.944,1.301,0.945,0.589,34.455,0.920,0.426,0.017,37.860,26.222,1.622
2021-03-23,3.512,8.813,1.006,1.229,30.937,1.310,0.943,0.591,34.449,0.923,0.429,0.017,36.270,26.213,1.622
2021-03-24,3.512,8.809,1.008,1.231,30.930,1.318,0.942,0.593,34.443,0.925,0.432,0.017,35.940,26.203,1.621
2021-03-25,3.513,8.805,1.009,1.233,30.923,1.327,0.941,0.596,34.437,0.927,0.435,0.017,37.330,26.194,1.621
2021-03-26,3.514,8.801,1.011,1.235,30.917,1.335,0.940,0.598,34.430,0.929,0.437,0.017,37.670,26.185,1.621
2021-03-29,3.515,8.798,1.013,1.236,30.910,1.343,0.938,0.600,34.424,0.932,0.440,0.017,37.390,26.176,1.621
2021-03-30,3.515,8.794,1.014,1.238,30.903,1.352,0.937,0.603,34.418,0.934,0.443,0.018,37.910,26.166,1.620
2021-03-31,3.516,8.790,1.016,1.240,30.896,1.360,0.936,0.605,34.412,0.936,0.446,0.018,37.380,26.157,1.620
2021-04-01,3.519,8.784,1.016,1.240,30.900,1.368,0.942,0.605,34.419,0.936,0.449,0.018,37.850,26.158,1.620
2021-04-05,3.522,8.777,1.016,1.240,30.903,1.377,0.947,0.605,34.425,0.936,0.451,0.018,37.800,26.159,1.621
2021-04-06,3.525,8.771,1.016,1.241,30.907,1.385,0.953,0.605,34.432,0.936,0.454,0.018,38.280,26.161,1.621
2021-04-07,3.528,8.765,1.017,1.241,30.910,1.393,0.959,0.605,34.438,0.936,0.457,0.018,38.020,26.162,1.622
2021-04-08,3.531,8.758,1.017,1.241,30.914,1.401,0.964,0.605,34.445,0.936,0.460,0.018,37.570,26.163,1.622
2021-04-09,3.534,8.752,1.017,1.241,30.917,1.410,0.970,0.605,34.452,0.936,0.462,0.018,38.090,26.164,1.623
2021-04-12,3.537,8.746,1.017,1.242,30.921,1.418,0.975,0.605,34.458,0.936,0.465,0.018,37.700,26.165,1.623
2021-04-13,3.540,8.739,1.017,1.242,30.924,1.426,0.981,0.605,34.465,0.936,0.468,0.018,37.260,26.167,1.624
2021-04-14,3.543,8.733,1.017,1.242,30.928,1.434,0.987,0.605,34.471,0.936,0.470,0.018,37.380,26.168,1.624
2021-04-15,3.546,8.727,1.017,1.242,30.932,1.443,0.992,0.605,34.478,0.936,0.473,0.018,37.650,26.169,1.625
2021-04-16,3.549,8.720,1.017,1.242,30.935,1.451,0.998,0.605,34.485,0.936,0.476,0.018,38.480,26.170,1.625
2021-04-19,3.552,8.714,1.018,1.243,30.939,1.459,1.004,0.605,34.491,0.936,0.479,0.018,38.300,26.171,1.626
2021-04-20,3.555,8.707,1.018,1.243,30.942,1.467,1.009,0.605,34.498,0.936,0.481,0.018,37.550,26.172,1.626
2021-04-21,3.558,8.701,1.018,1.243,30.946,1.476,1.015,0.605,34.504,0.936,0.484,0.018,38.650,26.174,1.627
2021-04-22,3.561,8.695,1.018,1.243,30.949,1.484,1.021,0.605,34.511,0.936,0.487,0.018,38.000,26.175,1.628
2021-04-23,3.565,8.688,1.018,1.244,30.953,1.492,1.026,0.605,34.518,0.937,0.489,0.018,38.420,26.176,1.628
2021-04-26,3.568,8.682,1.018,1.244,30.956,1.500,1.032,0.605,34.524,0.937,0.492,0.018,39.490,26.177,1.629
2021-04-27,3.571,8.676,1.018,1.244,30.960,1.509,1.037,0.605,34.531,0.937,0.495,0.018,40.210,26.178,1.629
2021-04-28,3.574,8.669,1.018,1.244,30.964,1.517,1.043,0.605,34.537,0.937,0.498,0.018,40.450,26.180,1.630
2021-04-29,3.577,8.663,1.019,1.244,30.967,1.525,1.049,0.605,34.544,0.937,0.500,0.018,40.530,26.181,1.630
2021-04-30,3.580,8.657,1.019,1.245,30.971,1.533,1.054,0.605,34.551,0.937,0.503,0.018,40.000,26.182,1.631
2021-05-03,3.583,8.650,1.019,1.245,30.974,1.542,1.060,0.605,34.557,0.937,0.506,0.018,40.480,26.183,1.631
2021-05-04,3.586,8.644,1.019,1.245,30.978,1.550,1.066,0.605,34.564,0.937,0.508,0.018,39.880,26.184,1.632
2021-05-05,3.589,8.638,1.019,1.245,30.981,1.558,1.071,0.605,34.570,0.937,0.511,0.018,39.730,26.186,1.632
2021-05-06,3.592,8.631,1.019,1.246,30.985,1.566,1.077,0.605,34.577,0.937,0.514,0.017,40.390,26.187,1.633
2021-05-07,3.595,8.625,1.019,1.246,30.988,1.575,1.083,0.605,34.584,0.937,0.517,0.017,41.050,26.188,1.633
2021-05-10,3.598,8.619,1.019,1.246,30.992,1.583,1.088,0.605,34.590,0.937,0.519,0.017,41.650,26.189,1.634
2021-05-11,3.601,8.612,1.020,1.246,30.996,1.591,1.094,0.605,34.597,0.937,0.522,0.017,40.300,26.190,1.634
2021-05-12,3.604,8.606,1.020,1.246,30.999,1.599,1.099,0.605,34.603,0.937,0.525,0.017,38.650,26.192,1.635
2021-05-13,3.607,8.600,1.020,1.247,31.003,1.608,1.105,0.605,34.610,0.937,0.527,0.017,38.770,26.193,1.636
2021-05-14,3.610,8.593,1.020,1.247,31.006,1.616,1.111,0.605,34.617,0.937,0.530,0.017,40.150,26.194,1.636
2021-05-17,3.613,8.587,1.020,1.247,31.010,1.624,1.116,0.605,34.623,0.937,0.533,0.017,40.170,26.195,1.637
2021-05-18,3.616,8.580,1.020,1.247,31.013,1.632,1.122,0.605,34.630,0.937,0.536,0.017,40.280,26.196,1.637
2021-05-19,3.619,8.574,1.020,1.248,31.017,1.641,1.128,0.605,34.637,0.937,0.538,0.017,40.180,26.197,1.638
2021-05-20,3.622,8.568,1.020,1.248,31.020,1.649,1.133,0.605,34.643,0.937,0.541,0.017,40.280,26.199,1.638
2021-05-21,3.625,8.561,1.021,1.248,31.024,1.657,1.139,0.605,34.650,0.937,0.544,0.017,40.210,26.200,1.639
2021-05-24,3.628,8.555,1.021,1.248,31.028,1.665,1.144,0.605,34.656,0.937,0.546,0.017,40.960,26.201,1.639
2021-05-25,3.631,8.549,1.021,1.248,31.031,1.674,1.150,0.605,34.663,0.937,0.549,0.017,40.880,26.202,1.640
2021-05-26,3.634,8.542,1.021,1.249,31.035,1.682,1.156,0.605,34.670,0.937,0.552,0.017,41.630,26.203,1.640
2021-05-27,3.637,8.536,1.021,1.249,31.038,1.690,1.161,0.605,34.676,0.937,0.555,0.017,42.160,26.205,1.641
2021-05-28,3.640,8.530,1.021,1.249,31.042,1.698,1.167,0.605,34.683,0.937,0.557,0.017,42.220,26.206,1.641
2021-06-01,3.643,8.523,1.021,1.249,31.045,1.707,1.173,0.605,34.689,0.937,0.560,0.017,44.090,26.207,1.642
2021-06-02,3.646,8.517,1.021,1.250,31.049,1.715,1.178,0.605,34.696,0.937,0.563,0.017,44.420,26.208,1.642
2021-06-03,3.649,8.511,1.022,1.250,31.052,1.723,1.184,0.605,34.703,0.937,0.565,0.017,44.050,26.209,1.642
2021-06-04,3.652,8.504,1.022,1.250,31.056,1.731,1.190,0.605,34.709,0.937,0.568,0.017,43.460,26.211,1.642
2021-06-07,3.655,8.498,1.022,1.250,31.060,1.740,1.195,0.605,34.716,0.937,0.571,0.017,44.030,26.212,1.642
2021-06-08,3.658,8.492,1.022,1.250,31.063,1.748,1.201,0.605,34.722,0.937,0.574,0.017,44.590,26.213,1.642
2021-06-09,3.662,8.485,1.022,1.251,31.067,1.756,1.206,0.605,34.729,0.938,0.576,0.017,44.550,26.214,1.642
2021-06-10,3.665,8.479,1.022,1.251,31.070,1.764,1.212,0.605,34.736,0.938,0.579,0.017,44.210,26.215,1.642
2021-06-11,3.668,8.473,1.022,1.251,31.074,1.773,1.218,0.605,34.742,0.938,0.582,0.017,44.110,26.217,1.642
2021-06-14,3.671,8.466,1.022,1.251,31.077,1.781,1.223,0.605,34.749,0.938,0.584,0.017,43.800,26.218,1.642
2021-06-15,3.674,8.460,1.023,1.252,31.081,1.789,1.229,0.605,34.755,0.938,0.587,0.017,43.140,26.219,1.642
2021-06-16,3.677,8.453,1.023,1.252,31.084,1.797,1.235,0.605,34.762,0.938,0.590,0.017,42.960,26.220,1.642
2021-06-17,3.680,8.447,1.023,1.252,31.088,1.806,1.240,0.605,34.769,0.938,0.593,0.017,42.280,26.221,1.642
2021-06-18,3.683,8.441,1.023,1.252,31.092,1.814,1.246,0.605,34.775,0.938,0.595,0.017,41.180,26.222,1.642
2021-06-21,3.686,8.434,1.023,1.252,31.095,1.822,1.252,0.605,34.782,0.938,0.598,0.017,43.210,26.224,1.642
2021-06-22,3.689,8.428,1.023,1.253,31.099,1.830,1.257,0.605,34.788,0.938,0.601,0.017,42.800,26.225,1.642
2021-06-23,3.692,8.422,1.023,1.253,31.102,1.839,1.263,0.605,34.795,0.938,0.603,0.017,43.440,26.226,1.642
2021-06-24,3.695,8.415,1.023,1.253,31.106,1.847,1.268,0.605,34.802,0.938,0.606,0.017,42.920,26.227,1.642
2021-06-25,3.698,8.409,1.024,1.253,31.109,1.855,1.274,0.605,34.808,0.938,0.609,0.017,43.070,26.228,1.642
2021-06-28,3.701,8.403,1.024,1.254,31.113,1.863,1.280,0.605,34.815,0.938,0.612,0.017,42.780,26.230,1.642
2021-06-29,3.704,8.396,1.024,1.254,31.116,1.872,1.285,0.605,34.821,0.938,0.614,0.017,43.040,26.231,1.642
2021-06-30,3.707,8.390,1.024,1.254,31.120,1.880,1.291,0.605,34.828,0.938,0.617,0.017,42.870,26.232,1.642
2021-07-01,3.710,8.380,1.024,1.255,31.104,1.883,1.278,0.605,34.814,0.938,0.618,0.017,43.230,26.222,1.642
2021-07-02,3.712,8.370,1.025,1.255,31.087,1.886,1.264,0.605,34.800,0.938,0.619,0.017,42.600,26.212,1.646
2021-07-06,3.715,8.360,1.025,1.256,31.071,1.889,1.251,0.605,34.787,0.938,0.620,0.017,41.940,26.202,1.651
2021-07-07,3.718,8.351,1.026,1.257,31.054,1.892,1.238,0.605,34.773,0.938,0.621,0.017,41.340,26.191,1.655
2021-07-08,3.720,8.341,1.026,1.257,31.038,1.895,1.224,0.606,34.759,0.938,0.622,0.017,41.110,26.181,1.660
2021-07-09,3.723,8.331,1.026,1.258,31.022,1.898,1.211,0.606,34.745,0.938,0.623,0.017,42.620,26.171,1.664
2021-07-12,3.725,8.321,1.027,1.259,31.005,1.901,1.198,0.606,34.732,0.937,0.624,0.017,42.810,26.161,1.669
2021-07-13,3.728,8.311,1.027,1.259,30.989,1.904,1.184,0.606,34.718,0.937,0.625,0.017,41.610,26.151,1.673
2021-07-14,3.731,8.301,1.028,1.260,30.972,1.907,1.171,0.606,34.704,0.937,0.626,0.017,41.880,26.141,1.678
2021-07-15,3.733,8.292,1.028,1.261,30.956,1.910,1.158,0.606,34.690,0.937,0.627,0.017,41.580,26.131,1.682
2021-07-16,3.736,8.282,1.028,1.261,30.940,1.913,1.144,0.606,34.676,0.937,0.628,0.017,40.910,26.121,1.687
2021-07-19,3.738,8.272,1.029,1.262,30.923,1.916,1.131,0.606,34.663,0.937,0.629,0.017,38.510,26.110,1.691
2021-07-20,3.741,8.262,1.029,1.263,30.907,1.919,1.118,0.606,34.649,0.937,0.630,0.018,41.280,26.100,1.696
2021-07-21,3.744,8.252,1.029,1.263,30.891,1.922,1.104,0.607,34.635,0.937,0.631,0.018,42.040,26.090,1.700
2021-07-22,3.746,8.242,1.030,1.264,30.874,1.925,1.091,0.607,34.621,0.937,0.632,0.018,41.110,26.080,1.705
2021-07-23,3.749,8.232,1.030,1.265,30.858,1.927,1.078,0.607,34.608,0.937,0.633,0.018,40.800,26.070,1.709
2021-07-26,3.752,8.223,1.031,1.265,30.841,1.930,1.064,0.607,34.594,0.937,0.634,0.018,41.740,26.060,1.714
2021-07-27,3.754,8.213,1.031,1.266,30.825,1.933,1.051,0.607,34.580,0.937,0.635,0.018,41.360,26.050,1.718
2021-07-28,3.757,8.203,1.031,1.267,30.809,1.936,1.038,0.607,34.566,0.937,0.636,0.018,41.150,26.040,1.723
2021-07-29,3.760,8.193,1.032,1.267,30.792,1.939,1.024,0.607,34.552,0.936,0.637,0.018,41.380,26.030,1.727
2021-07-30,3.762,8.183,1.032,1.268,30.776,1.942,1.011,0.607,34.539,0.936,0.638,0.018,41.580,26.019,1.732
2021-08-02,3.765,8.173,1.033,1.269,30.759,1.945,0.998,0.607,34.525,0.936,0.639,0.018,41.510,26.009,1.736
2021-08-03,3.767,8.164,1.033,1.269,30.743,1.948,0.984,0.608,34.511,0.936,0.640,0.018,42.570,25.999,1.741
2021-08-04,3.770,8.154,1.033,1.270,30.727,1.951,0.971,0.608,34.497,0.936,0.641,0.018,42.290,25.989,1.745
2021-08-05,3.773,8.144,1.034,1.271,30.710,1.954,0.958,0.608,34.483,0.936,0.642,0.018,44.040,25.979,1.750
2021-08-06,3.775,8.134,1.034,1.271,30.694,1.957,0.944,0.608,34.470,0.936,0.643,0.018,44.430,25.969,1.754
2021-08-09,3.778,8.124,1.035,1.272,30.677,1.960,0.931,0.608,34.456,0.936,0.644,0.018,43.660,25.959,1.759
2021-08-10,3.780,8.114,1.035,1.273,30.661,1.963,0.918,0.608,34.442,0.936,0.645,0.018,43.410,25.948,1.763
2021-08-11,3.783,8.105,1.035,1.273,30.645,1.966,0.904,0.608,34.428,0.936,0.646,0.018,43.870,25.938,1.768
2021-08-12,3.786,8.095,1.036,1.274,30.628,1.969,0.891,0.608,34.415,0.936,0.647,0.018,43.990,25.928,1.772
2021-08-13,3.788,8.085,1.036,1.275,30.612,1.972,0.878,0.608,34.401,0.936,0.648,0.018,43.930,25.918,1.777
2021-08-16,3.791,8.075,1.036,1.276,30.596,1.975,0.864,0.608,34.387,0.936,0.649,0.018,43.040,25.908,1.781
2021-08-17,3.794,8.065,1.037,1.276,30.579,1.978,0.851,0.609,34.373,0.935,0.649,0.018,42.100,25.898,1.786
2021-08-18,3.796,8.055,1.037,1.277,30.563,1.981,0.838,0.609,34.359,0.935,0.650,0.018,42.060,25.888,1.790
2021-08-19,3.799,8.045,1.038,1.278,30.546,1.984,0.825,0.609,34.346,0.935,0.651,0.018,42.210,25.878,1.795
2021-08-20,3.802,8.036,1.038,1.278,30.530,1.987,0.811,0.609,34.332,0.935,0.652,0.018,42.320,25.868,1.799
2021-08-23,3.804,8.026,1.038,1.279,30.514,1.990,0.798,0.609,34.318,0.935,0.653,0.018,42.540,25.857,1.804
2021-08-24,3.807,8.016,1.039,1.280,30.497,1.993,0.785,0.609,34.304,0.935,0.654,0.018,43.560,25.847,1.808
2021-08-25,3.809,8.006,1.039,1.280,30.481,1.996,0.771,0.609,34.291,0.935,0.655,0.018,43.560,25.837,1.813
2021-08-26,3.812,7.996,1.040,1.281,30.464,1.999,0.758,0.609,34.277,0.935,0.656,0.018,43.060,25.827,1.817
2021-08-27,3.815,7.986,1.040,1.282,30.448,2.002,0.745,0.609,34.263,0.935,0.657,0.018,43.930,25.817,1.822
2021-08-30,3.817,7.977,1.040,1.282,30.432,2.005,0.731,0.610,34.249,0.935,0.658,0.018,43.840,25.807,1.826
2021-08-31,3.820,7.967,1.041,1.283,30.415,2.008,0.718,0.610,34.235,0.935,0.659,0.018,44.180,25.797,1.831
2021-09-01,3.822,7.957,1.041,1.284,30.399,2.011,0.705,0.610,34.222,0.935,0.660,0.018,44.630,25.786,1.835
2021-09-02,3.825,7.947,1.042,1.284,30.382,2.014,0.691,0.610,34.208,0.934,0.661,0.018,44.830,25.776,1.834
2021-09-03,3.828,7.937,1.042,1.285,30.366,2.017,0.678,0.610,34.194,0.934,0.662,0.018,44.610,25.766,1.834
2021-09-07,3.830,7.927,1.042,1.286,30.350,2.020,0.665,0.610,34.180,0.934,0.663,0.018,44.230,25.756,1.833
2021-09-08,3.833,7.918,1.043,1.286,30.333,2.022,0.651,0.610,34.166,0.934,0.664,0.018,43.420,25.746,1.832
2021-09-09,3.836,7.908,1.043,1.287,30.317,2.025,0.638,0.610,34.153,0.934,0.665,0.018,42.930,25.736,1.832
2021-09-10,3.838,7.898,1.044,1.288,30.300,2.028,0.625,0.610,34.139,0.934,0.666,0.018,42.030,25.726,1.831
2021-09-13,3.841,7.888,1.044,1.288,30.284,2.031,0.611,0.611,34.125,0.934,0.667,0.018,43.090,25.716,1.830
2021-09-14,3.844,7.878,1.044,1.289,30.268,2.034,0.598,0.611,34.111,0.934,0.668,0.018,42.580,25.706,1.830
2021-09-15,3.846,7.868,1.045,1.290,30.251,2.037,0.585,0.611,34.098,0.934,0.669,0.018,43.100,25.695,1.829
2021-09-16,3.849,7.858,1.045,1.290,30.235,2.040,0.571,0.611,34.084,0.934,0.670,0.018,43.600,25.685,1.828
2021-09-17,3.851,7.849,1.045,1.291,30.219,2.043,0.558,0.611,34.070,0.934,0.671,0.018,43.140,25.675,1.828
2021-09-20,3.854,7.839,1.046,1.292,30.202,2.046,0.545,0.611,34.056,0.934,0.672,0.018,42.560,25.665,1.827
2021-09-21,3.857,7.829,1.046,1.292,30.186,2.049,0.531,0.611,34.042,0.934,0.673,0.018,42.850,25.655,1.826
2021-09-22,3.859,7.819,1.047,1.293,30.169,2.052,0.518,0.611,34.029,0.933,0.674,0.018,43.920,25.645,1.826
2021-09-23,3.862,7.809,1.047,1.294,30.153,2.055,0.505,0.611,34.015,0.933,0.675,0.018,44.400,25.635,1.825
2021-09-24,3.864,7.799,1.047,1.294,30.137,2.058,0.491,0.612,34.001,0.933,0.676,0.018,43.990,25.624,1.824
2021-09-27,3.867,7.790,1.048,1.295,30.120,2.061,0.478,0.612,33.987,0.933,0.677,0.018,44.080,25.614,1.824
2021-09-28,3.870,7.780,1.048,1.296,30.104,2.064,0.465,0.612,33.974,0.933,0.678,0.018,43.940,25.604,1.823
2021-09-29,3.872,7.770,1.049,1.296,30.087,2.067,0.451,0.612,33.960,0.933,0.679,0.018,43.990,25.594,1.822
2021-09-30,3.875,7.760,1.049,1.297,30.071,2.070,0.438,0.612,33.946,0.933,0.680,0.018,42.710,25.584,1.822
2021-10-01,3.875,7.760,1.049,1.297,30.069,2.062,0.440,0.612,33.943,0.933,0.677,0.018,43.750,25.580,1.821
2021-10-04,3.874,7.760,1.049,1.298,30.066,2.053,0.441,0.611,33.941,0.933,0.674,0.018,43.460,25.576,1.816
2021-10-05,3.874,7.760,1.049,1.298,30.064,2.045,0.442,0.611,33.938,0.933,0.672,0.018,43.170,25.572,1.811
2021-10-06,3.874,7.761,1.049,1.299,30.062,2.036,0.444,0.611,33.935,0.933,0.669,0.018,43.570,25.568,1.806
2021-10-07,3.873,7.761,1.050,1.299,30.060,2.028,0.446,0.610,33.933,0.933,0.666,0.018,44.030,25.563,1.801
2021-10-08,3.873,7.761,1.050,1.300,30.057,2.019,0.447,0.610,33.930,0.933,0.663,0.018,43.400,25.559,1.796
2021-10-11,3.873,7.761,1.050,1.300,30.055,2.011,0.448,0.610,33.928,0.933,0.661,0.018,43.580,25.555,1.792
2021-10-12,3.872,7.761,1.050,1.301,30.053,2.002,0.450,0.609,33.925,0.933,0.658,0.018,44.280,25.551,1.787
2021-10-13,3.872,7.761,1.050,1.301,30.050,1.994,0.452,0.609,33.922,0.933,0.655,0.018,45.070,25.547,1.782
2021-10-14,3.872,7.762,1.050,1.302,30.048,1.986,0.453,0.609,33.920,0.933,0.652,0.018,45.780,25.543,1.777
2021-10-15,3.871,7.762,1.050,1.302,30.046,1.977,0.454,0.609,33.917,0.933,0.650,0.018,46.070,25.539,1.772
2021-10-18,3.871,7.762,1.050,1.302,30.043,1.969,0.456,0.608,33.914,0.933,0.647,0.018,47.490,25.535,1.767
2021-10-19,3.871,7.762,1.050,1.303,30.041,1.960,0.458,0.608,33.912,0.933,0.644,0.018,46.940,25.531,1.762
2021-10-20,3.870,7.762,1.051,1.303,30.039,1.952,0.459,0.608,33.909,0.933,0.641,0.018,47.630,25.526,1.757
2021-10-21,3.870,7.762,1.051,1.304,30.037,1.943,0.460,0.607,33.906,0.933,0.639,0.018,47.300,25.522,1.752
2021-10-22,3.870,7.762,1.051,1.304,30.034,1.935,0.462,0.607,33.904,0.933,0.636,0.018,47.690,25.518,1.747
2021-10-25,3.869,7.763,1.051,1.305,30.032,1.927,0.464,0.607,33.901,0.933,0.633,0.018,48.250,25.514,1.743
2021-10-26,3.869,7.763,1.051,1.305,30.030,1.918,0.465,0.606,33.898,0.933,0.630,0.018,48.100,25.510,1.738
2021-10-27,3.868,7.763,1.051,1.306,30.027,1.910,0.466,0.606,33.896,0.933,0.627,0.018,47.290,25.506,1.733
2021-10-28,3.868,7.763,1.051,1.306,30.025,1.901,0.468,0.606,33.893,0.933,0.625,0.018,48.340,25.502,1.728
2021-10-29,3.868,7.763,1.051,1.307,30.023,1.893,0.470,0.605,33.891,0.933,0.622,0.018,48.160,25.498,1.723
2021-11-01,3.867,7.763,1.051,1.307,30.020,1.884,0.471,0.605,33.888,0.933,0.619,0.018,49.080,25.494,1.718
2021-11-02,3.867,7.764,1.052,1.307,30.018,1.876,0.473,0.605,33.885,0.933,0.616,0.018,52.240,25.489,1.721
2021-11-03,3.867,7.764,1.052,1.308,30.016,1.868,0.474,0.604,33.883,0.933,0.614,0.018,54.620,25.485,1.725
2021-11-04,3.866,7.764,1.052,1.308,30.014,1.859,0.476,0.604,33.880,0.933,0.611,0.018,54.450,25.481,1.728
2021-11-05,3.866,7.764,1.052,1.309,30.011,1.851,0.477,0.604,33.877,0.933,0.608,0.018,56.020,25.477,1.731
2021-11-08,3.866,7.764,1.052,1.309,30.009,1.842,0.479,0.604,33.875,0.933,0.605,0.018,55.000,25.473,1.735
2021-11-09,3.865,7.764,1.052,1.310,30.007,1.834,0.480,0.603,33.872,0.933,0.603,0.018,55.040,25.469,1.738
2021-11-10,3.865,7.765,1.052,1.310,30.004,1.825,0.482,0.603,33.869,0.933,0.600,0.018,53.880,25.465,1.741
2021-11-11,3.865,7.765,1.052,1.311,30.002,1.817,0.483,0.603,33.867,0.933,0.597,0.018,54.360,25.461,1.745
2021-11-12,3.864,7.765,1.052,1.311,30.000,1.808,0.485,0.602,33.864,0.933,0.594,0.018,54.150,25.457,1.748
2021-11-15,3.864,7.765,1.052,1.312,29.998,1.800,0.486,0.602,33.862,0.933,0.592,0.018,54.640,25.452,1.751
2021-11-16,3.864,7.765,1.053,1.312,29.995,1.792,0.488,0.602,33.859,0.932,0.589,0.018,54.170,25.448,1.755
2021-11-17,3.863,7.765,1.053,1.312,29.993,1.783,0.489,0.601,33.856,0.932,0.586,0.018,55.040,25.444,1.758
2021-11-18,3.863,7.765,1.053,1.313,29.991,1.775,0.490,0.601,33.854,0.932,0.583,0.018,55.660,25.440,1.761
2021-11-19,3.863,7.766,1.053,1.313,29.988,1.766,0.492,0.601,33.851,0.932,0.580,0.018,54.790,25.436,1.765
2021-11-22,3.862,7.766,1.053,1.314,29.986,1.758,0.494,0.600,33.848,0.932,0.578,0.018,55.200,25.432,1.768
2021-11-23,3.862,7.766,1.053,1.314,29.984,1.749,0.495,0.600,33.846,0.932,0.575,0.018,55.540,25.428,1.771
2021-11-24,3.862,7.766,1.053,1.315,29.981,1.741,0.496,0.600,33.843,0.932,0.572,0.018,55.540,25.424,1.775
2021-11-26,3.861,7.766,1.053,1.315,29.979,1.732,0.498,0.599,33.840,0.932,0.569,0.018,52.730,25.420,1.778
2021-11-29,3.861,7.766,1.053,1.316,29.977,1.724,0.500,0.599,33.838,0.932,0.567,0.018,52.550,25.416,1.781
2021-11-30,3.861,7.767,1.054,1.316,29.975,1.716,0.501,0.599,33.835,0.932,0.564,0.018,50.220,25.411,1.785
2021-12-01,3.860,7.767,1.054,1.316,29.972,1.707,0.503,0.599,33.832,0.932,0.561,0.018,48.540,25.407,1.788
2021-12-02,3.860,7.767,1.054,1.317,29.970,1.699,0.504,0.598,33.830,0.932,0.558,0.018,49.900,25.403,1.793
2021-12-03,3.860,7.767,1.054,1.317,29.968,1.690,0.506,0.598,33.827,0.932,0.556,0.018,49.020,25.399,1.798
2021-12-06,3.859,7.767,1.054,1.318,29.965,1.682,0.507,0.598,33.825,0.932,0.553,0.018,50.140,25.395,1.804
2021-12-07,3.859,7.767,1.054,1.318,29.963,1.673,0.509,0.597,33.822,0.932,0.550,0.018,51.340,25.391,1.809
2021-12-08,3.859,7.768,1.054,1.319,29.961,1.665,0.510,0.597,33.819,0.932,0.547,0.018,51.740,25.387,1.814
2021-12-09,3.858,7.768,1.054,1.319,29.958,1.657,0.512,0.597,33.817,0.932,0.544,0.018,50.020,25.383,1.819
2021-12-10,3.858,7.768,1.054,1.320,29.956,1.648,0.513,0.596,33.814,0.932,0.542,0.018,50.080,25.379,1.824
2021-12-13,3.857,7.768,1.055,1.320,29.954,1.640,0.515,0.596,33.811,0.932,0.539,0.018,49.650,25.374,1.829
2021-12-14,3.857,7.768,1.055,1.321,29.952,1.631,0.516,0.596,33.809,0.932,0.536,0.018,49.590,25.370,1.834
2021-12-15,3.857,7.768,1.055,1.321,29.949,1.623,0.518,0.595,33.806,0.932,0.533,0.018,49.960,25.366,1.840
2021-12-16,3.856,7.768,1.055,1.321,29.947,1.614,0.519,0.595,33.803,0.932,0.531,0.018,49.830,25.362,1.845
2021-12-17,3.856,7.769,1.055,1.322,29.945,1.606,0.521,0.595,33.801,0.932,0.528,0.018,49.530,25.358,1.850
2021-12-20,3.856,7.769,1.055,1.322,29.942,1.598,0.522,0.594,33.798,0.932,0.525,0.018,48.060,25.354,1.855
2021-12-21,3.855,7.769,1.055,1.323,29.940,1.589,0.524,0.594,33.795,0.932,0.522,0.018,50.760,25.350,1.860
2021-12-22,3.855,7.769,1.055,1.323,29.938,1.581,0.525,0.594,33.793,0.932,0.520,0.018,51.110,25.346,1.866
2021-12-23,3.855,7.769,1.055,1.324,29.935,1.572,0.527,0.594,33.790,0.932,0.517,0.018,51.080,25.342,1.871
2021-12-27,3.854,7.769,1.056,1.324,29.933,1.564,0.528,0.593,33.788,0.932,0.514,0.018,52.060,25.337,1.876
2021-12-28,3.854,7.770,1.056,1.325,29.931,1.555,0.530,0.593,33.785,0.932,0.511,0.018,51.840,25.333,1.881
2021-12-29,3.854,7.770,1.056,1.325,29.929,1.547,0.531,0.593,33.782,0.932,0.509,0.018,52.170,25.329,1.886
2021-12-30,3.853,7.770,1.056,1.326,29.926,1.538,0.533,0.592,33.780,0.932,0.506,0.018,52.590,25.325,1.891
2021-12-31,3.853,7.770,1.056,1.326,29.924,1.530,0.534,0.592,33.777,0.932,0.503,0.018,52.500,25.321,1.896
2022-01-03,3.851,7.773,1.056,1.326,29.921,1.526,0.534,0.592,33.772,0.932,0.502,0.018,52.680,25.319,1.902
2022-01-04,3.849,7.776,1.056,1.325,29.917,1.523,0.533,0.593,33.766,0.932,0.501,0.018,53.560,25.316,1.907
2022-01-05,3.847,7.779,1.056,1.325,29.914,1.519,0.533,0.593,33.761,0.933,0.499,0.018,52.920,25.314,1.912
2022-01-06,3.845,7.782,1.056,1.324,29.911,1.515,0.533,0.594,33.756,0.933,0.498,0.018,53.620,25.311,1.917
2022-01-07,3.843,7.785,1.056,1.324,29.907,1.511,0.532,0.594,33.751,0.933,0.497,0.018,52.990,25.309,1.922
2022-01-10,3.841,7.788,1.056,1.323,29.904,1.508,0.532,0.595,33.745,0.933,0.496,0.018,52.870,25.306,1.928
2022-01-11,3.839,7.791,1.056,1.323,29.901,1.504,0.532,0.595,33.740,0.933,0.494,0.018,53.180,25.304,1.933
2022-01-12,3.838,7.795,1.056,1.322,29.898,1.500,0.532,0.596,33.735,0.934,0.493,0.018,53.210,25.302,1.938
2022-01-13,3.836,7.798,1.056,1.322,29.894,1.497,0.531,0.596,33.730,0.934,0.492,0.018,53.560,25.299,1.943
2022-01-14,3.834,7.801,1.056,1.321,29.891,1.493,0.531,0.597,33.724,0.934,0.491,0.018,51.160,25.297,1.948
2022-01-18,3.832,7.804,1.056,1.321,29.888,1.489,0.531,0.597,33.719,0.934,0.490,0.018,50.570,25.294,1.953
2022-01-19,3.830,7.807,1.056,1.320,29.884,1.485,0.530,0.597,33.714,0.935,0.488,0.018,48.830,25.292,1.958
2022-01-20,3.828,7.810,1.056,1.320,29.881,1.482,0.530,0.598,33.709,0.935,0.487,0.018,48.450,25.289,1.964
2022-01-21,3.826,7.813,1.056,1.319,29.878,1.478,0.530,0.598,33.703,0.935,0.486,0.018,48.290,25.287,1.969
2022-01-24,3.824,7.816,1.056,1.319,29.874,1.474,0.529,0.599,33.698,0.935,0.485,0.018,48.010,25.284,1.974
2022-01-25,3.822,7.819,1.057,1.318,29.871,1.471,0.529,0.599,33.693,0.935,0.483,0.018,48.230,25.282,1.979
2022-01-26,3.820,7.822,1.057,1.318,29.868,1.467,0.529,0.600,33.688,0.936,0.482,0.018,47.840,25.280,1.984
2022-01-27,3.818,7.825,1.057,1.317,29.864,1.463,0.528,0.600,33.682,0.936,0.481,0.018,47.280,25.277,1.989
2022-01-28,3.816,7.828,1.057,1.317,29.861,1.460,0.528,0.601,33.677,0.936,0.480,0.018,48.110,25.275,1.995
2022-01-31,3.814,7.831,1.057,1.316,29.858,1.456,0.528,0.601,33.672,0.936,0.478,0.018,48.370,25.272,2.000
2022-02-01,3.812,7.834,1.057,1.316,29.855,1.452,0.528,0.601,33.667,0.936,0.477,0.018,48.420,25.270,2.005
2022-02-02,3.810,7.837,1.057,1.315,29.851,1.448,0.527,0.602,33.661,0.937,0.476,0.018,49.140,25.267,2.007
2022-02-03,3.808,7.840,1.057,1.315,29.848,1.445,0.527,0.602,33.656,0.937,0.475,0.018,47.830,25.265,2.009
2022-02-04,3.807,7.844,1.057,1.314,29.845,1.441,0.527,0.603,33.651,0.937,0.474,0.018,47.710,25.263,2.011
2022-02-07,3.805,7.847,1.057,1.314,29.841,1.437,0.526,0.603,33.646,0.937,0.472,0.018,48.940,25.260,2.014
2022-02-08,3.803,7.850,1.057,1.313,29.838,1.434,0.526,0.604,33.640,0.937,0.471,0.018,46.680,25.258,2.016
2022-02-09,3.801,7.853,1.057,1.313,29.835,1.430,0.526,0.604,33.635,0.938,0.470,0.018,47.020,25.255,2.018
2022-02-10,3.799,7.856,1.057,1.312,29.831,1.426,0.525,0.605,33.630,0.938,0.469,0.018,47.310,25.253,2.020
2022-02-11,3.797,7.859,1.057,1.312,29.828,1.422,0.525,0.605,33.625,0.938,0.467,0.018,46.610,25.250,2.022
2022-02-14,3.795,7.862,1.057,1.311,29.825,1.419,0.525,0.606,33.619,0.938,0.466,0.018,45.970,25.248,2.024
2022-02-15,3.793,7.865,1.057,1.311,29.822,1.415,0.525,0.606,33.614,0.938,0.465,0.018,46.440,25.246,2.027
2022-02-16,3.791,7.868,1.057,1.311,29.818,1.411,0.524,0.606,33.609,0.939,0.464,0.018,47.270,25.243,2.029
2022-02-17,3.789,7.871,1.057,1.310,29.815,1.408,0.524,0.607,33.603,0.939,0.463,0.018,47.210,25.241,2.031
2022-02-18,3.787,7.874,1.057,1.310,29.812,1.404,0.524,0.607,33.598,0.939,0.461,0.018,46.320,25.238,2.033
2022-02-22,3.785,7.877,1.057,1.309,29.808,1.400,0.523,0.608,33.593,0.939,0.460,0.018,45.360,25.236,2.035
2022-02-23,3.783,7.880,1.057,1.309,29.805,1.396,0.523,0.608,33.588,0.940,0.459,0.018,44.060,25.233,2.037
2022-02-24,3.781,7.883,1.057,1.308,29.802,1.393,0.523,0.609,33.582,0.940,0.458,0.018,45.290,25.231,2.040
2022-02-25,3.779,7.886,1.057,1.308,29.798,1.389,0.522,0.609,33.577,0.940,0.456,0.018,45.910,25.228,2.042
2022-02-28,3.778,7.890,1.057,1.307,29.795,1.385,0.522,0.610,33.572,0.940,0.455,0.018,45.200,25.226,2.044
2022-03-01,3.776,7.893,1.057,1.307,29.792,1.382,0.522,0.610,33.567,0.940,0.454,0.018,44.230,25.224,2.046
2022-03-02,3.774,7.896,1.057,1.306,29.788,1.378,0.521,0.611,33.561,0.941,0.453,0.018,45.600,25.221,2.067
2022-03-03,3.772,7.899,1.057,1.306,29.785,1.374,0.521,0.611,33.556,0.941,0.452,0.018,45.810,25.219,2.087
2022-03-04,3.770,7.902,1.057,1.305,29.782,1.370,0.521,0.611,33.551,0.941,0.450,0.018,44.980,25.216,2.108
2022-03-07,3.768,7.905,1.057,1.305,29.779,1.367,0.521,0.612,33.546,0.941,0.449,0.018,42.150,25.214,2.128
2022-03-08,3.766,7.908,1.057,1.304,29.775,1.363,0.520,0.612,33.540,0.941,0.448,0.018,43.180,25.211,2.149
2022-03-09,3.764,7.911,1.057,1.304,29.772,1.359,0.520,0.613,33.535,0.942,0.447,0.018,43.560,25.209,2.170
2022-03-10,3.762,7.914,1.058,1.303,29.769,1.356,0.520,0.613,33.530,0.942,0.445,0.018,43.580,25.207,2.190
2022-03-11,3.760,7.917,1.058,1.303,29.765,1.352,0.519,0.614,33.525,0.942,0.444,0.018,42.740,25.204,2.211
2022-03-14,3.758,7.920,1.058,1.302,29.762,1.348,0.519,0.614,33.519,0.942,0.443,0.018,42.120,25.202,2.231
2022-03-15,3.756,7.923,1.058,1.302,29.759,1.345,0.519,0.615,33.514,0.942,0.442,0.018,42.350,25.199,2.252
2022-03-16,3.754,7.926,1.058,1.301,29.755,1.341,0.518,0.615,33.509,0.943,0.440,0.018,43.160,25.197,2.273
2022-03-17,3.752,7.929,1.058,1.301,29.752,1.337,0.518,0.615,33.504,0.943,0.439,0.018,43.260,25.194,2.293
2022-03-18,3.750,7.932,1.058,1.300,29.749,1.333,0.518,0.616,33.498,0.943,0.438,0.018,42.990,25.192,2.314
2022-03-21,3.748,7.935,1.058,1.300,29.745,1.330,0.517,0.616,33.493,0.943,0.437,0.018,42.410,25.189,2.335
2022-03-22,3.747,7.939,1.058,1.299,29.742,1.326,0.517,0.617,33.488,0.944,0.436,0.018,43.650,25.187,2.355
2022-03-23,3.745,7.942,1.058,1.299,29.739,1.322,0.517,0.617,33.483,0.944,0.434,0.018,42.720,25.185,2.376
2022-03-24,3.743,7.945,1.058,1.298,29.736,1.319,0.517,0.618,33.477,0.944,0.433,0.018,42.760,25.182,2.396
2022-03-25,3.741,7.948,1.058,1.298,29.732,1.315,0.516,0.618,33.472,0.944,0.432,0.018,42.770,25.180,2.417
2022-03-28,3.739,7.951,1.058,1.297,29.729,1.311,0.516,0.619,33.467,0.944,0.431,0.018,43.290,25.177,2.438
2022-03-29,3.737,7.954,1.058,1.297,29.726,1.307,0.516,0.619,33.462,0.945,0.429,0.019,45.370,25.175,2.458
2022-03-30,3.735,7.957,1.058,1.296,29.722,1.304,0.515,0.620,33.456,0.945,0.428,0.019,44.290,25.172,2.479
2022-03-31,3.733,7.960,1.058,1.296,29.719,1.300,0.515,0.620,33.451,0.945,0.427,0.019,43.230,25.170,2.499
2022-04-01,3.730,7.967,1.058,1.296,29.716,1.303,0.515,0.620,33.445,0.945,0.428,0.019,43.680,25.165,2.520
2022-04-04,3.726,7.973,1.057,1.295,29.713,1.307,0.516,0.620,33.439,0.945,0.429,0.019,44.190,25.161,2.525
2022-04-05,3.723,7.980,1.057,1.295,29.711,1.310,0.516,0.620,33.433,0.945,0.430,0.019,42.890,25.156,2.529
2022-04-06,3.720,7.986,1.057,1.295,29.708,1.314,0.517,0.620,33.427,0.945,0.432,0.019,41.990,25.152,2.534
2022-04-07,3.717,7.993,1.056,1.295,29.705,1.317,0.517,0.621,33.421,0.945,0.433,0.019,41.220,25.147,2.538
2022-04-08,3.713,8.000,1.056,1.294,29.702,1.320,0.518,0.621,33.415,0.945,0.434,0.019,41.870,25.143,2.543
2022-04-11,3.710,8.006,1.055,1.294,29.700,1.324,0.518,0.621,33.409,0.945,0.435,0.019,41.640,25.138,2.547
2022-04-12,3.707,8.013,1.055,1.294,29.697,1.327,0.518,0.621,33.403,0.945,0.436,0.019,41.440,25.133,2.552
2022-04-13,3.704,8.020,1.055,1.294,29.694,1.330,0.519,0.621,33.397,0.945,0.437,0.019,41.900,25.129,2.556
2022-04-14,3.700,8.026,1.054,1.293,29.691,1.334,0.519,0.621,33.391,0.945,0.438,0.019,42.000,25.124,2.561
2022-04-18,3.697,8.033,1.054,1.293,29.689,1.337,0.520,0.621,33.385,0.944,0.439,0.019,42.000,25.120,2.566
2022-04-19,3.694,8.039,1.054,1.293,29.686,1.341,0.520,0.621,33.379,0.944,0.441,0.019,43.130,25.115,2.570
2022-04-20,3.691,8.046,1.053,1.293,29.683,1.344,0.520,0.621,33.373,0.944,0.442,0.019,43.550,25.110,2.575
2022-04-21,3.687,8.053,1.053,1.292,29.680,1.347,0.521,0.622,33.367,0.944,0.443,0.019,42.980,25.106,2.579
2022-04-22,3.684,8.059,1.052,1.292,29.678,1.351,0.521,0.622,33.361,0.944,0.444,0.019,41.340,25.101,2.584
2022-04-25,3.681,8.066,1.052,1.292,29.675,1.354,0.522,0.622,33.355,0.944,0.445,0.019,41.480,25.097,2.588
2022-04-26,3.678,8.072,1.052,1.292,29.672,1.358,0.522,0.622,33.349,0.944,0.446,0.019,40.770,25.092,2.593
2022-04-27,3.674,8.079,1.051,1.291,29.669,1.361,0.523,0.622,33.343,0.944,0.447,0.019,40.110,25.088,2.598
2022-04-28,3.671,8.086,1.051,1.291,29.667,1.364,0.523,0.622,33.337,0.944,0.448,0.019,40.860,25.083,2.602
2022-04-29,3.668,8.092,1.051,1.291,29.664,1.368,0.523,0.622,33.331,0.944,0.450,0.019,38.760,25.078,2.607
2022-05-02,3.665,8.099,1.050,1.291,29.661,1.371,0.524,0.622,33.325,0.944,0.451,0.019,38.380,25.074,2.611
2022-05-03,3.661,8.105,1.050,1.290,29.658,1.375,0.524,0.622,33.319,0.944,0.452,0.019,39.700,25.069,2.616
2022-05-04,3.658,8.112,1.049,1.290,29.656,1.378,0.525,0.623,33.313,0.944,0.453,0.019,40.920,25.065,2.620
2022-05-05,3.655,8.119,1.049,1.290,29.653,1.381,0.525,0.623,33.307,0.944,0.454,0.019,40.180,25.060,2.625
2022-05-06,3.652,8.125,1.049,1.290,29.650,1.385,0.525,0.623,33.301,0.944,0.455,0.019,39.880,25.055,2.629
2022-05-09,3.648,8.132,1.048,1.289,29.647,1.388,0.526,0.623,33.295,0.944,0.456,0.019,38.820,25.051,2.634
2022-05-10,3.645,8.139,1.048,1.289,29.645,1.391,0.526,0.623,33.289,0.944,0.457,0.019,39.110,25.046,2.639
2022-05-11,3.642,8.145,1.048,1.289,29.642,1.395,0.527,0.623,33.283,0.944,0.459,0.019,37.120,25.042,2.643
2022-05-12,3.639,8.152,1.047,1.289,29.639,1.398,0.527,0.623,33.277,0.944,0.460,0.019,37.970,25.037,2.648
2022-05-13,3.635,8.158,1.047,1.288,29.636,1.402,0.528,0.623,33.271,0.944,0.461,0.019,38.360,25.033,2.652
2022-05-16,3.632,8.165,1.046,1.288,29.634,1.405,0.528,0.624,33.265,0.943,0.462,0.019,38.390,25.028,2.657
2022-05-17,3.629,8.172,1.046,1.288,29.631,1.408,0.528,0.624,33.259,0.943,0.463,0.019,39.660,25.023,2.661
2022-05-18,3.625,8.178,1.046,1.287,29.628,1.412,0.529,0.624,33.253,0.943,0.464,0.019,37.330,25.019,2.666
2022-05-19,3.622,8.185,1.045,1.287,29.625,1.415,0.529,0.624,33.247,0.943,0.465,0.019,36.140,25.014,2.671
2022-05-20,3.619,8.191,1.045,1.287,29.622,1.419,0.530,0.624,33.241,0.943,0.467,0.019,35.750,25.010,2.675
2022-05-23,3.616,8.198,1.045,1.287,29.620,1.422,0.530,0.624,33.235,0.943,0.468,0.019,35.400,25.005,2.680
2022-05-24,3.612,8.205,1.044,1.286,29.617,1.425,0.531,0.624,33.229,0.943,0.469,0.019,35.420,25.001,2.684
2022-05-25,3.609,8.211,1.044,1.286,29.614,1.429,0.531,0.624,33.223,0.943,0.470,0.019,35.860,24.996,2.689
2022-05-26,3.606,8.218,1.044,1.286,29.611,1.432,0.531,0.624,33.217,0.943,0.471,0.019,36.800,24.991,2.693
2022-05-27,3.603,8.225,1.043,1.286,29.609,1.435,0.532,0.625,33.211,0.943,0.472,0.019,37.350,24.987,2.698
2022-05-31,3.599,8.231,1.043,1.285,29.606,1.439,0.532,0.625,33.205,0.943,0.473,0.019,37.660,24.982,2.702
2022-06-01,3.596,8.238,1.042,1.285,29.603,1.442,0.533,0.625,33.199,0.943,0.474,0.019,36.510,24.978,2.707
2022-06-02,3.593,8.244,1.042,1.285,29.600,1.446,0.533,0.625,33.193,0.943,0.476,0.019,36.890,24.973,2.718
2022-06-03,3.590,8.251,1.042,1.285,29.598,1.449,0.533,0.625,33.187,0.943,0.477,0.019,36.110,24.968,2.729
2022-06-06,3.586,8.258,1.041,1.284,29.595,1.452,0.534,0.625,33.181,0.943,0.478,0.019,36.000,24.964,2.740
2022-06-07,3.583,8.264,1.041,1.284,29.592,1.456,0.534,0.625,33.175,0.943,0.479,0.019,36.880,24.959,2.751
2022-06-08,3.580,8.271,1.041,1.284,29.589,1.459,0.535,0.625,33.169,0.943,0.480,0.019,35.430,24.955,2.762
2022-06-09,3.577,8.277,1.040,1.284,29.587,1.463,0.535,0.625,33.163,0.943,0.481,0.019,34.120,24.950,2.772
2022-06-10,3.573,8.284,1.040,1.283,29.584,1.466,0.536,0.626,33.157,0.943,0.482,0.019,33.260,24.946,2.783
2022-06-13,3.570,8.291,1.039,1.283,29.581,1.469,0.536,0.626,33.151,0.943,0.483,0.019,31.910,24.941,2.794
2022-06-14,3.567,8.297,1.039,1.283,29.578,1.473,0.536,0.626,33.145,0.943,0.485,0.019,31.700,24.936,2.805
2022-06-15,3.564,8.304,1.039,1.283,29.576,1.476,0.537,0.626,33.139,0.942,0.486,0.019,32.020,24.932,2.816
2022-06-16,3.560,8.310,1.038,1.282,29.573,1.480,0.537,0.626,33.133,0.942,0.487,0.019,31.080,24.927,2.827
2022-06-17,3.557,8.317,1.038,1.282,29.570,1.483,0.538,0.626,33.127,0.942,0.488,0.019,31.430,24.923,2.838
2022-06-21,3.554,8.324,1.038,1.282,29.567,1.486,0.538,0.626,33.121,0.942,0.489,0.019,31.720,24.918,2.849
2022-06-22,3.551,8.330,1.037,1.282,29.565,1.490,0.538,0.626,33.115,0.942,0.490,0.019,31.510,24.913,2.860
2022-06-23,3.547,8.337,1.037,1.281,29.562,1.493,0.539,0.626,33.109,0.942,0.491,0.019,31.760,24.909,2.871
2022-06-24,3.544,8.344,1.036,1.281,29.559,1.496,0.539,0.627,33.103,0.942,0.492,0.019,32.720,24.904,2.881
2022-06-27,3.541,8.350,1.036,1.281,29.556,1.500,0.540,0.627,33.097,0.942,0.494,0.019,32.880,24.900,2.892
2022-06-28,3.538,8.357,1.036,1.281,29.554,1.503,0.540,0.627,33.091,0.942,0.495,0.019,32.600,24.895,2.903
2022-06-29,3.534,8.363,1.035,1.280,29.551,1.507,0.541,0.627,33.085,0.942,0.496,0.019,31.940,24.891,2.914
2022-06-30,3.531,8.370,1.035,1.280,29.548,1.510,0.541,0.627,33.079,0.942,0.497,0.019,31.180,24.886,2.925
2022-07-01,3.530,8.371,1.035,1.281,29.544,1.512,0.542,0.627,33.075,0.942,0.498,0.019,31.310,24.882,2.936
2022-07-05,3.529,8.372,1.036,1.281,29.541,1.514,0.543,0.628,33.070,0.943,0.498,0.019,31.930,24.878,2.945
2022-07-06,3.528,8.373,1.036,1.282,29.537,1.517,0.544,0.628,33.066,0.943,0.499,0.019,31.560,24.874,2.954
2022-07-07,3.528,8.374,1.037,1.282,29.534,1.519,0.545,0.629,33.061,0.944,0.500,0.019,32.030,24.871,2.963
2022-07-08,3.527,8.375,1.037,1.283,29.530,1.521,0.546,0.629,33.057,0.944,0.500,0.019,31.970,24.867,2.972
2022-07-11,3.526,8.376,1.038,1.283,29.526,1.523,0.547,0.629,33.052,0.945,0.501,0.019,31.820,24.863,2.981
2022-07-12,3.525,8.377,1.038,1.284,29.523,1.525,0.548,0.630,33.048,0.945,0.502,0.019,31.940,24.859,2.990
2022-07-13,3.524,8.378,1.038,1.284,29.519,1.528,0.549,0.630,33.044,0.945,0.502,0.019,31.280,24.855,2.999
2022-07-14,3.523,8.378,1.039,1.285,29.516,1.530,0.550,0.631,33.039,0.946,0.503,0.019,30.760,24.851,3.008
2022-07-15,3.523,8.379,1.039,1.286,29.512,1.532,0.551,0.631,33.035,0.946,0.504,0.019,31.540,24.848,3.017
2022-07-18,3.522,8.380,1.040,1.286,29.508,1.534,0.551,0.631,33.030,0.947,0.504,0.019,32.280,24.844,3.026
2022-07-19,3.521,8.381,1.040,1.287,29.505,1.536,0.552,0.632,33.026,0.947,0.505,0.019,33.470,24.840,3.035
2022-07-20,3.520,8.382,1.041,1.287,29.501,1.538,0.553,0.632,33.021,0.947,0.506,0.019,33.860,24.836,3.044
2022-07-21,3.519,8.383,1.041,1.288,29.498,1.541,0.554,0.632,33.017,0.948,0.506,0.019,34.120,24.832,3.053
2022-07-22,3.518,8.384,1.042,1.288,29.494,1.543,0.555,0.633,33.012,0.948,0.507,0.019,33.930,24.828,3.062
2022-07-25,3.518,8.385,1.042,1.289,29.490,1.545,0.556,0.633,33.008,0.949,0.508,0.019,34.050,24.824,3.071
2022-07-26,3.517,8.386,1.042,1.290,29.487,1.547,0.557,0.634,33.004,0.949,0.508,0.019,33.570,24.821,3.080
2022-07-27,3.516,8.387,1.043,1.290,29.483,1.549,0.558,0.634,32.999,0.950,0.509,0.019,34.080,24.817,3.089
2022-07-28,3.515,8.388,1.043,1.291,29.480,1.552,0.559,0.634,32.995,0.950,0.509,0.019,35.170,24.813,3.098
2022-07-29,3.514,8.389,1.044,1.291,29.476,1.554,0.560,0.635,32.990,0.950,0.510,0.019,35.560,24.809,3.107
2022-08-01,3.513,8.390,1.044,1.292,29.473,1.556,0.561,0.635,32.986,0.951,0.511,0.019,35.550,24.805,3.116
2022-08-02,3.512,8.391,1.045,1.292,29.469,1.558,0.562,0.636,32.981,0.951,0.511,0.019,34.520,24.801,3.107
2022-08-03,3.512,8.392,1.045,1.293,29.465,1.560,0.563,0.636,32.977,0.952,0.512,0.019,35.000,24.798,3.097
2022-08-04,3.511,8.392,1.045,1.294,29.462,1.562,0.564,0.636,32.973,0.952,0.513,0.019,34.630,24.794,3.088
2022-08-05,3.510,8.393,1.046,1.294,29.458,1.565,0.565,0.637,32.968,0.953,0.513,0.019,34.860,24.790,3.079
2022-08-08,3.509,8.394,1.046,1.295,29.455,1.567,0.566,0.637,32.964,0.953,0.514,0.019,35.620,24.786,3.069
2022-08-09,3.508,8.395,1.047,1.295,29.451,1.569,0.567,0.638,32.959,0.953,0.515,0.019,35.350,24.782,3.060
2022-08-10,3.507,8.396,1.047,1.296,29.447,1.571,0.568,0.638,32.955,0.954,0.515,0.019,36.450,24.778,3.051
2022-08-11,3.507,8.397,1.048,1.296,29.444,1.573,0.569,0.638,32.950,0.954,0.516,0.019,37.330,24.775,3.042
2022-08-12,3.506,8.398,1.048,1.297,29.440,1.576,0.570,0.639,32.946,0.955,0.517,0.019,37.920,24.771,3.032
2022-08-15,3.505,8.399,1.049,1.297,29.437,1.578,0.571,0.639,32.941,0.955,0.517,0.019,37.070,24.767,3.023
2022-08-16,3.504,8.400,1.049,1.298,29.433,1.580,0.572,0.640,32.937,0.956,0.518,0.019,37.480,24.763,3.014
2022-08-17,3.503,8.401,1.049,1.299,29.429,1.582,0.572,0.640,32.933,0.956,0.519,0.019,36.930,24.759,3.004
2022-08-18,3.502,8.402,1.050,1.299,29.426,1.584,0.573,0.640,32.928,0.956,0.519,0.019,37.090,24.755,2.995
2022-08-19,3.501,8.403,1.050,1.300,29.422,1.587,0.574,0.641,32.924,0.957,0.520,0.019,36.330,24.751,2.986
2022-08-22,3.501,8.404,1.051,1.300,29.419,1.589,0.575,0.641,32.919,0.957,0.521,0.019,34.930,24.748,2.976
2022-08-23,3.500,8.405,1.051,1.301,29.415,1.591,0.576,0.641,32.915,0.958,0.521,0.019,34.970,24.744,2.967
2022-08-24,3.499,8.406,1.052,1.301,29.411,1.593,0.577,0.642,32.910,0.958,0.522,0.020,34.910,24.740,2.958
2022-08-25,3.498,8.407,1.052,1.302,29.408,1.595,0.578,0.642,32.906,0.958,0.523,0.020,35.430,24.736,2.949
2022-08-26,3.497,8.407,1.052,1.302,29.404,1.598,0.579,0.643,32.902,0.959,0.523,0.020,34.320,24.732,2.939
2022-08-29,3.496,8.408,1.053,1.303,29.401,1.600,0.580,0.643,32.897,0.959,0.524,0.020,33.920,24.728,2.930
2022-08-30,3.496,8.409,1.053,1.304,29.397,1.602,0.581,0.643,32.893,0.960,0.525,0.020,33.970,24.725,2.921
2022-08-31,3.495,8.410,1.054,1.304,29.393,1.604,0.582,0.644,32.888,0.960,0.525,0.020,33.380,24.721,2.911
2022-09-01,3.494,8.411,1.054,1.305,29.390,1.606,0.583,0.644,32.884,0.961,0.526,0.020,33.160,24.717,2.902
2022-09-02,3.493,8.412,1.055,1.305,29.386,1.608,0.584,0.645,32.879,0.961,0.527,0.020,32.900,24.713,2.918
2022-09-06,3.492,8.413,1.055,1.306,29.383,1.611,0.585,0.645,32.875,0.961,0.527,0.020,33.070,24.709,2.935
2022-09-07,3.491,8.414,1.056,1.306,29.379,1.613,0.586,0.645,32.870,0.962,0.528,0.020,33.860,24.705,2.951
2022-09-08,3.490,8.415,1.056,1.307,29.376,1.615,0.587,0.646,32.866,0.962,0.528,0.020,33.560,24.702,2.967
2022-09-09,3.490,8.416,1.056,1.308,29.372,1.617,0.588,0.646,32.862,0.963,0.529,0.020,33.960,24.698,2.984
2022-09-12,3.489,8.417,1.057,1.308,29.368,1.619,0.589,0.647,32.857,0.963,0.530,0.020,34.450,24.694,3.000
2022-09-13,3.488,8.418,1.057,1.309,29.365,1.622,0.590,0.647,32.853,0.964,0.530,0.020,32.860,24.690,3.016
2022-09-14,3.487,8.419,1.058,1.309,29.361,1.624,0.591,0.647,32.848,0.964,0.531,0.020,32.740,24.686,3.033
2022-09-15,3.486,8.420,1.058,1.310,29.358,1.626,0.592,0.648,32.844,0.964,0.532,0.020,32.580,24.682,3.049
2022-09-16,3.485,8.421,1.059,1.310,29.354,1.628,0.592,0.648,32.839,0.965,0.532,0.020,32.630,24.678,3.066
2022-09-19,3.485,8.422,1.059,1.311,29.350,1.630,0.593,0.648,32.835,0.965,0.533,0.020,32.820,24.675,3.082
2022-09-20,3.484,8.422,1.060,1.312,29.347,1.632,0.594,0.649,32.830,0.966,0.534,0.020,32.180,24.671,3.098
2022-09-21,3.483,8.423,1.060,1.312,29.343,1.635,0.595,0.649,32.826,0.966,0.534,0.020,31.300,24.667,3.115
2022-09-22,3.482,8.424,1.060,1.313,29.340,1.637,0.596,0.650,32.822,0.966,0.535,0.020,30.170,24.663,3.131
2022-09-23,3.481,8.425,1.061,1.313,29.336,1.639,0.597,0.650,32.817,0.967,0.536,0.020,29.510,24.659,3.147
2022-09-26,3.480,8.426,1.061,1.314,29.332,1.641,0.598,0.650,32.813,0.967,0.536,0.020,28.590,24.655,3.164
2022-09-27,3.480,8.427,1.062,1.314,29.329,1.643,0.599,0.651,32.808,0.968,0.537,0.020,29.140,24.652,3.180
2022-09-28,3.479,8.428,1.062,1.315,29.325,1.646,0.600,0.651,32.804,0.968,0.538,0.020,30.280,24.648,3.196
2022-09-29,3.478,8.429,1.063,1.315,29.322,1.648,0.601,0.652,32.799,0.969,0.538,0.020,29.170,24.644,3.213
2022-09-30,3.477,8.430,1.063,1.316,29.318,1.650,0.602,0.652,32.795,0.969,0.539,0.020,29.370,24.640,3.229
2022-10-03,3.479,8.425,1.064,1.317,29.319,1.656,0.602,0.653,32.798,0.970,0.541,0.020,29.820,24.645,3.246
2022-10-04,3.481,8.421,1.065,1.319,29.321,1.663,0.603,0.653,32.802,0.971,0.543,0.020,31.430,24.650,3.262
2022-10-05,3.483,8.416,1.066,1.320,29.322,1.669,0.603,0.654,32.805,0.971,0.545,0.020,31.400,24.655,3.278
2022-10-06,3.485,8.412,1.067,1.321,29.323,1.676,0.603,0.654,32.808,0.972,0.547,0.020,31.040,24.660,3.295
2022-10-07,3.488,8.407,1.068,1.323,29.324,1.682,0.604,0.655,32.812,0.973,0.550,0.020,30.340,24.665,3.311
2022-10-10,3.490,8.403,1.070,1.324,29.326,1.688,0.604,0.655,32.815,0.974,0.552,0.020,30.330,24.670,3.327
2022-10-11,3.492,8.398,1.071,1.325,29.327,1.695,0.604,0.656,32.819,0.975,0.554,0.020,31.080,24.675,3.344
2022-10-12,3.494,8.394,1.072,1.326,29.328,1.701,0.604,0.656,32.822,0.975,0.556,0.020,30.710,24.680,3.360
2022-10-13,3.496,8.389,1.073,1.328,29.330,1.708,0.605,0.657,32.825,0.976,0.558,0.020,31.410,24.685,3.376
2022-10-14,3.498,8.385,1.074,1.329,29.331,1.714,0.605,0.657,32.829,0.977,0.560,0.020,31.420,24.690,3.393
2022-10-17,3.500,8.380,1.075,1.330,29.332,1.720,0.605,0.658,32.832,0.978,0.562,0.020,32.500,24.695,3.409
2022-10-18,3.502,8.376,1.076,1.332,29.333,1.727,0.606,0.658,32.836,0.979,0.564,0.020,32.340,24.700,3.425
2022-10-19,3.504,8.371,1.077,1.333,29.335,1.733,0.606,0.659,32.839,0.980,0.566,0.020,32.140,24.705,3.442
2022-10-20,3.507,8.367,1.078,1.334,29.336,1.740,0.606,0.659,32.842,0.980,0.569,0.020,32.230,24.710,3.458
2022-10-21,3.509,8.362,1.079,1.336,29.337,1.746,0.607,0.660,32.846,0.981,0.571,0.020,33.120,24.715,3.474
2022-10-24,3.511,8.358,1.080,1.337,29.338,1.752,0.607,0.660,32.849,0.982,0.573,0.020,33.570,24.720,3.491
2022-10-25,3.513,8.353,1.082,1.338,29.340,1.759,0.607,0.661,32.852,0.983,0.575,0.020,34.700,24.725,3.507
2022-10-26,3.515,8.348,1.083,1.340,29.341,1.765,0.608,0.661,32.856,0.984,0.577,0.020,34.590,24.730,3.524
2022-10-27,3.517,8.344,1.084,1.341,29.342,1.772,0.608,0.662,32.859,0.984,0.579,0.020,34.880,24.735,3.540
2022-10-28,3.519,8.339,1.085,1.342,29.344,1.778,0.608,0.662,32.863,0.985,0.581,0.020,35.720,24.740,3.556
2022-10-31,3.521,8.335,1.086,1.344,29.345,1.785,0.609,0.663,32.866,0.986,0.583,0.020,35.730,24.745,3.573
2022-11-01,3.523,8.330,1.087,1.345,29.346,1.791,0.609,0.663,32.869,0.987,0.585,0.020,37.320,24.750,3.589
2022-11-02,3.526,8.326,1.088,1.346,29.347,1.797,0.609,0.664,32.873,0.988,0.588,0.020,36.590,24.755,3.620
2022-11-03,3.528,8.321,1.089,1.348,29.349,1.804,0.609,0.664,32.876,0.988,0.590,0.020,36.910,24.760,3.652
2022-11-04,3.530,8.317,1.090,1.349,29.350,1.810,0.610,0.665,32.879,0.989,0.592,0.020,37.890,24.765,3.683
2022-11-07,3.532,8.312,1.091,1.350,29.351,1.817,0.610,0.665,32.883,0.990,0.594,0.020,38.310,24.770,3.715
2022-11-08,3.534,8.308,1.093,1.351,29.353,1.823,0.610,0.666,32.886,0.991,0.596,0.020,37.840,24.775,3.746
2022-11-09,3.536,8.303,1.094,1.353,29.354,1.829,0.611,0.666,32.890,0.992,0.598,0.020,37.020,24.780,3.778
2022-11-10,3.538,8.299,1.095,1.354,29.355,1.836,0.611,0.667,32.893,0.993,0.600,0.020,39.350,24.785,3.809
2022-11-11,3.540,8.294,1.096,1.355,29.356,1.842,0.611,0.667,32.896,0.993,0.602,0.020,39.400,24.790,3.841
2022-11-14,3.542,8.290,1.097,1.357,29.358,1.849,0.612,0.668,32.900,0.994,0.604,0.020,38.530,24.795,3.872
2022-11-15,3.544,8.285,1.098,1.358,29.359,1.855,0.612,0.668,32.903,0.995,0.606,0.020,39.390,24.800,3.904
2022-11-16,3.547,8.280,1.099,1.359,29.360,1.861,0.612,0.669,32.906,0.996,0.609,0.020,37.890,24.805,3.935
2022-11-17,3.549,8.276,1.100,1.361,29.362,1.868,0.613,0.669,32.910,0.997,0.611,0.020,37.960,24.810,3.967
2022-11-18,3.551,8.271,1.101,1.362,29.363,1.874,0.613,0.670,32.913,0.997,0.613,0.020,38.650,24.815,3.998
2022-11-21,3.553,8.267,1.102,1.363,29.364,1.881,0.613,0.670,32.916,0.998,0.615,0.020,38.410,24.820,4.030
2022-11-22,3.555,8.262,1.103,1.365,29.365,1.887,0.614,0.671,32.920,0.999,0.617,0.020,39.130,24.825,4.061
2022-11-23,3.557,8.258,1.105,1.366,29.367,1.893,0.614,0.671,32.923,1.000,0.619,0.020,39.210,24.830,4.093
2022-11-25,3.559,8.253,1.106,1.367,29.368,1.900,0.614,0.672,32.927,1.001,0.621,0.020,39.570,24.835,4.124
2022-11-28,3.561,8.249,1.107,1.368,29.369,1.906,0.614,0.672,32.930,1.001,0.623,0.020,37.950,24.840,4.156
2022-11-29,3.563,8.244,1.108,1.370,29.371,1.913,0.615,0.673,32.933,1.002,0.625,0.020,38.510,24.845,4.187
2022-11-30,3.566,8.240,1.109,1.371,29.372,1.919,0.615,0.673,32.937,1.003,0.628,0.020,39.150,24.850,4.219
2022-12-01,3.568,8.235,1.110,1.372,29.373,1.925,0.615,0.674,32.940,1.004,0.630,0.020,39.010,24.855,4.250
2022-12-02,3.570,8.231,1.111,1.374,29.374,1.932,0.616,0.674,32.944,1.005,0.632,0.020,39.120,24.860,4.249
2022-12-05,3.572,8.226,1.112,1.375,29.376,1.938,0.616,0.675,32.947,1.006,0.634,0.020,38.580,24.865,4.248
2022-12-06,3.574,8.222,1.113,1.376,29.377,1.945,0.616,0.675,32.950,1.006,0.636,0.020,38.770,24.870,4.247
2022-12-07,3.576,8.217,1.114,1.378,29.378,1.951,0.617,0.676,32.954,1.007,0.638,0.020,39.030,24.875,4.246
2022-12-08,3.578,8.212,1.116,1.379,29.380,1.958,0.617,0.676,32.957,1.008,0.640,0.021,38.390,24.880,4.245
2022-12-09,3.580,8.208,1.117,1.380,29.381,1.964,0.617,0.677,32.960,1.009,0.642,0.021,38.270,24.885,4.244
2022-12-12,3.582,8.203,1.118,1.382,29.382,1.970,0.618,0.677,32.964,1.010,0.644,0.021,38.890,24.890,4.244
2022-12-13,3.585,8.199,1.119,1.383,29.383,1.977,0.618,0.678,32.967,1.010,0.647,0.021,39.420,24.895,4.243
2022-12-14,3.587,8.194,1.120,1.384,29.385,1.983,0.618,0.678,32.970,1.011,0.649,0.021,39.240,24.900,4.242
2022-12-15,3.589,8.190,1.121,1.386,29.386,1.990,0.619,0.679,32.974,1.012,0.651,0.021,38.750,24.905,4.241
2022-12-16,3.591,8.185,1.122,1.387,29.387,1.996,0.619,0.679,32.977,1.013,0.653,0.021,38.130,24.910,4.240
2022-12-19,3.593,8.181,1.123,1.388,29.388,2.002,0.619,0.680,32.981,1.014,0.655,0.021,37.900,24.915,4.239
2022-12-20,3.595,8.176,1.124,1.390,29.390,2.009,0.619,0.680,32.984,1.014,0.657,0.021,37.920,24.920,4.238
2022-12-21,3.597,8.172,1.125,1.391,29.391,2.015,0.620,0.681,32.987,1.015,0.659,0.021,38.210,24.925,4.237
2022-12-22,3.599,8.167,1.126,1.392,29.392,2.022,0.620,0.681,32.991,1.016,0.661,0.021,38.140,24.930,4.236
2022-12-23,3.601,8.163,1.128,1.393,29.394,2.028,0.620,0.682,32.994,1.017,0.663,0.021,38.650,24.935,4.235
2022-12-27,3.604,8.158,1.129,1.395,29.395,2.034,0.621,0.682,32.998,1.018,0.666,0.021,38.720,24.940,4.234
2022-12-28,3.606,8.154,1.130,1.396,29.396,2.041,0.621,0.683,33.001,1.019,0.668,0.021,37.720,24.945,4.233
2022-12-29,3.608,8.149,1.131,1.397,29.397,2.047,0.621,0.683,33.004,1.019,0.670,0.021,38.460,24.950,4.232
2022-12-30,3.610,8.145,1.132,1.399,29.399,2.054,0.622,0.684,33.008,1.020,0.672,0.021,38.510,24.955,4.231
2022-12-31,3.612,8.140,1.133,1.400,29.400,2.060,0.622,0.684,33.011,1.021,0.674,0.021,38.470,24.960,4.230
2023-01-03,3.609,8.148,1.133,1.399,29.407,2.049,0.631,0.684,33.016,1.020,0.670,0.021,38.430,24.970,4.230
2023-01-04,3.607,8.156,1.132,1.398,29.414,2.038,0.639,0.683,33.020,1.020,0.667,0.021,39.610,24.980,4.229
2023-01-05,3.604,8.164,1.132,1.398,29.422,2.027,0.648,0.683,33.025,1.019,0.663,0.021,38.390,24.990,4.228
2023-01-06,3.602,8.172,1.131,1.397,29.429,2.016,0.656,0.683,33.030,1.019,0.660,0.021,38.870,24.999,4.227
2023-01-09,3.599,8.180,1.131,1.396,29.436,2.005,0.665,0.682,33.034,1.018,0.656,0.021,38.690,25.009,4.226
2023-01-10,3.597,8.188,1.130,1.395,29.443,1.994,0.674,0.682,33.039,1.018,0.653,0.021,38.200,25.019,4.225
2023-01-11,3.594,8.196,1.130,1.394,29.450,1.983,0.682,0.682,33.043,1.017,0.649,0.021,39.680,25.029,4.224
2023-01-12,3.591,8.205,1.130,1.394,29.457,1.972,0.691,0.681,33.048,1.016,0.645,0.021,41.190,25.039,4.223
2023-01-13,3.589,8.213,1.129,1.393,29.465,1.961,0.699,0.681,33.053,1.016,0.642,0.021,41.060,25.049,4.222
2023-01-17,3.586,8.221,1.129,1.392,29.472,1.950,0.708,0.681,33.057,1.015,0.638,0.021,40.880,25.058,4.221
2023-01-18,3.584,8.229,1.128,1.391,29.479,1.939,0.717,0.680,33.062,1.015,0.635,0.021,39.970,25.068,4.220
2023-01-19,3.581,8.237,1.128,1.391,29.486,1.928,0.725,0.680,33.067,1.014,0.631,0.021,39.540,25.078,4.219
2023-01-20,3.579,8.245,1.127,1.390,29.493,1.917,0.734,0.680,33.071,1.013,0.627,0.021,40.430,25.088,4.218
2023-01-23,3.576,8.253,1.127,1.389,29.500,1.906,0.742,0.679,33.076,1.013,0.624,0.021,40.860,25.098,4.218
2023-01-24,3.574,8.261,1.126,1.388,29.508,1.895,0.751,0.679,33.080,1.012,0.620,0.021,41.020,25.108,4.217
2023-01-25,3.571,8.269,1.126,1.387,29.515,1.885,0.760,0.679,33.085,1.012,0.617,0.021,40.930,25.117,4.216
2023-01-26,3.568,8.277,1.126,1.387,29.522,1.874,0.768,0.678,33.090,1.011,0.613,0.020,41.300,25.127,4.215
2023-01-27,3.566,8.285,1.125,1.386,29.529,1.863,0.777,0.678,33.094,1.011,0.610,0.020,42.050,25.137,4.214
2023-01-30,3.563,8.293,1.125,1.385,29.536,1.852,0.785,0.678,33.099,1.010,0.606,0.020,41.180,25.147,4.213
2023-01-31,3.561,8.301,1.124,1.384,29.544,1.841,0.794,0.677,33.104,1.009,0.602,0.020,42.000,25.157,4.212
2023-02-01,3.558,8.309,1.124,1.383,29.551,1.830,0.803,0.677,33.108,1.009,0.599,0.020,42.150,25.167,4.211
2023-02-02,3.556,8.317,1.123,1.383,29.558,1.819,0.811,0.677,33.113,1.008,0.595,0.020,43.090,25.176,4.171
2023-02-03,3.553,8.325,1.123,1.382,29.565,1.808,0.820,0.676,33.117,1.008,0.592,0.020,42.440,25.186,4.130
2023-02-06,3.550,8.334,1.123,1.381,29.572,1.797,0.828,0.676,33.122,1.007,0.588,0.020,42.060,25.196,4.090
2023-02-07,3.548,8.342,1.122,1.380,29.579,1.786,0.837,0.676,33.127,1.006,0.584,0.020,41.160,25.206,4.050
2023-02-08,3.545,8.350,1.122,1.379,29.587,1.775,0.846,0.675,33.131,1.006,0.581,0.020,40.620,25.216,4.010
2023-02-09,3.543,8.358,1.121,1.379,29.594,1.764,0.854,0.675,33.136,1.005,0.577,0.020,40.680,25.226,3.969
2023-02-10,3.540,8.366,1.121,1.378,29.601,1.753,0.863,0.675,33.141,1.005,0.574,0.020,40.660,25.235,3.929
2023-02-13,3.538,8.374,1.120,1.377,29.608,1.742,0.871,0.674,33.145,1.004,0.570,0.020,41.120,25.245,3.889
2023-02-14,3.535,8.382,1.120,1.376,29.615,1.731,0.880,0.674,33.150,1.004,0.567,0.020,41.000,25.255,3.849
2023-02-15,3.532,8.390,1.120,1.376,29.622,1.720,0.888,0.674,33.154,1.003,0.563,0.020,41.040,25.265,3.808
2023-02-16,3.530,8.398,1.119,1.375,29.630,1.709,0.897,0.673,33.159,1.002,0.559,0.020,40.660,25.275,3.768
2023-02-17,3.527,8.406,1.119,1.374,29.637,1.698,0.906,0.673,33.164,1.002,0.556,0.020,40.430,25.285,3.728
2023-02-21,3.525,8.414,1.118,1.373,29.644,1.687,0.914,0.672,33.168,1.001,0.552,0.020,39.440,25.295,3.688
2023-02-22,3.522,8.422,1.118,1.372,29.651,1.676,0.923,0.672,33.173,1.001,0.549,0.020,39.590,25.304,3.647
2023-02-23,3.520,8.430,1.117,1.372,29.658,1.665,0.931,0.672,33.178,1.000,0.545,0.020,39.990,25.314,3.607
2023-02-24,3.517,8.438,1.117,1.371,29.666,1.654,0.940,0.671,33.182,1.000,0.542,0.020,39.830,25.324,3.567
2023-02-27,3.515,8.446,1.116,1.370,29.673,1.643,0.949,0.671,33.187,0.999,0.538,0.020,40.060,25.334,3.527
2023-02-28,3.512,8.455,1.116,1.369,29.680,1.632,0.957,0.671,33.192,0.998,0.534,0.020,39.920,25.344,3.486
2023-03-01,3.509,8.463,1.116,1.368,29.687,1.621,0.966,0.670,33.196,0.998,0.531,0.020,39.640,25.354,3.446
2023-03-02,3.507,8.471,1.115,1.368,29.694,1.610,0.974,0.670,33.201,0.997,0.527,0.020,40.170,25.363,3.427
2023-03-03,3.504,8.479,1.115,1.367,29.701,1.599,0.983,0.670,33.205,0.997,0.524,0.020,40.570,25.373,3.409
2023-03-06,3.502,8.487,1.114,1.366,29.709,1.588,0.992,0.669,33.210,0.996,0.520,0.020,40.490,25.383,3.390
2023-03-07,3.499,8.495,1.114,1.365,29.716,1.577,1.000,0.669,33.215,0.995,0.516,0.020,39.430,25.393,3.372
2023-03-08,3.497,8.503,1.113,1.364,29.723,1.566,1.009,0.669,33.219,0.995,0.513,0.020,39.950,25.403,3.353
2023-03-09,3.494,8.511,1.113,1.364,29.730,1.555,1.017,0.668,33.224,0.994,0.509,0.020,38.350,25.413,3.335
2023-03-10,3.491,8.519,1.113,1.363,29.737,1.545,1.026,0.668,33.229,0.994,0.506,0.020,36.460,25.422,3.316
2023-03-13,3.489,8.527,1.112,1.362,29.745,1.534,1.035,0.668,33.233,0.993,0.502,0.020,36.430,25.432,3.297
2023-03-14,3.486,8.535,1.112,1.361,29.752,1.523,1.043,0.667,33.238,0.993,0.499,0.020,36.680,25.442,3.279
2023-03-15,3.484,8.543,1.111,1.360,29.759,1.512,1.052,0.667,33.242,0.992,0.495,0.020,35.860,25.452,3.260
2023-03-16,3.481,8.551,1.111,1.360,29.766,1.501,1.060,0.667,33.247,0.991,0.491,0.020,35.700,25.462,3.242
2023-03-17,3.479,8.559,1.110,1.359,29.773,1.490,1.069,0.666,33.252,0.991,0.488,0.020,34.100,25.472,3.223
2023-03-20,3.476,8.567,1.110,1.358,29.780,1.479,1.078,0.666,33.256,0.990,0.484,0.020,35.020,25.481,3.205
2023-03-21,3.474,8.575,1.109,1.357,29.788,1.468,1.086,0.666,33.261,0.990,0.481,0.020,35.680,25.491,3.186
2023-03-22,3.471,8.584,1.109,1.357,29.795,1.457,1.095,0.665,33.266,0.989,0.477,0.020,34.100,25.501,3.167
2023-03-23,3.468,8.592,1.109,1.356,29.802,1.446,1.103,0.665,33.270,0.988,0.473,0.020,33.470,25.511,3.149
2023-03-24,3.466,8.600,1.108,1.355,29.809,1.435,1.112,0.665,33.275,0.988,0.470,0.020,33.830,25.521,3.130
2023-03-27,3.463,8.608,1.108,1.354,29.816,1.424,1.121,0.664,33.279,0.987,0.466,0.020,33.770,25.531,3.112
2023-03-28,3.461,8.616,1.107,1.353,29.823,1.413,1.129,0.664,33.284,0.987,0.463,0.020,34.050,25.540,3.093
2023-03-29,3.458,8.624,1.107,1.353,29.831,1.402,1.138,0.664,33.289,0.986,0.459,0.020,34.850,25.550,3.075
2023-03-30,3.456,8.632,1.106,1.352,29.838,1.391,1.146,0.663,33.293,0.986,0.456,0.020,35.170,25.560,3.056
2023-03-31,3.453,8.640,1.106,1.351,29.845,1.380,1.155,0.663,33.298,0.985,0.452,0.020,36.610,25.570,3.037
2023-04-03,3.451,8.645,1.106,1.351,29.840,1.382,1.150,0.663,33.290,0.985,0.453,0.020,36.780,25.561,3.019
2023-04-04,3.448,8.650,1.106,1.352,29.834,1.384,1.145,0.663,33.283,0.985,0.453,0.020,36.420,25.551,3.000
2023-04-05,3.446,8.655,1.106,1.352,29.829,1.385,1.140,0.663,33.275,0.986,0.454,0.020,35.970,25.542,2.982
2023-04-06,3.443,8.659,1.107,1.352,29.824,1.387,1.134,0.663,33.267,0.986,0.454,0.020,35.920,25.533,2.963
2023-04-10,3.441,8.664,1.107,1.353,29.819,1.389,1.129,0.663,33.259,0.986,0.455,0.020,35.850,25.523,2.945
2023-04-11,3.438,8.669,1.107,1.353,29.813,1.391,1.124,0.663,33.252,0.986,0.455,0.020,36.040,25.514,2.926
2023-04-12,3.436,8.674,1.107,1.353,29.808,1.392,1.119,0.662,33.244,0.986,0.456,0.020,35.830,25.505,2.907
2023-04-13,3.433,8.679,1.107,1.353,29.803,1.394,1.114,0.662,33.236,0.987,0.456,0.020,35.640,25.495,2.889
2023-04-14,3.431,8.684,1.107,1.354,29.798,1.396,1.109,0.662,33.228,0.987,0.457,0.020,35.190,25.486,2.870
2023-04-17,3.428,8.688,1.108,1.354,29.792,1.398,1.104,0.662,33.221,0.987,0.457,0.020,36.430,25.476,2.852
2023-04-18,3.426,8.693,1.108,1.354,29.787,1.400,1.099,0.662,33.213,0.987,0.458,0.020,36.420,25.467,2.833
2023-04-19,3.424,8.698,1.108,1.355,29.782,1.401,1.093,0.662,33.205,0.987,0.459,0.020,36.660,25.458,2.815
2023-04-20,3.421,8.703,1.108,1.355,29.776,1.403,1.088,0.662,33.198,0.988,0.459,0.020,36.240,25.448,2.796
2023-04-21,3.419,8.708,1.108,1.355,29.771,1.405,1.083,0.662,33.190,0.988,0.460,0.020,36.210,25.439,2.777
2023-04-24,3.416,8.713,1.108,1.356,29.766,1.407,1.078,0.662,33.182,0.988,0.460,0.020,36.070,25.430,2.759
2023-04-25,3.414,8.717,1.109,1.356,29.761,1.408,1.073,0.662,33.174,0.988,0.461,0.020,35.740,25.420,2.740
2023-04-26,3.411,8.722,1.109,1.356,29.755,1.410,1.068,0.662,33.167,0.988,0.461,0.020,35.450,25.411,2.722
2023-04-27,3.409,8.727,1.109,1.357,29.750,1.412,1.063,0.662,33.159,0.988,0.462,0.020,36.190,25.402,2.703
2023-04-28,3.406,8.732,1.109,1.357,29.745,1.414,1.058,0.661,33.151,0.989,0.462,0.020,37.080,25.392,2.685
2023-05-01,3.404,8.737,1.109,1.357,29.740,1.415,1.052,0.661,33.143,0.989,0.463,0.020,37.130,25.383,2.666
2023-05-02,3.402,8.742,1.109,1.357,29.734,1.417,1.047,0.661,33.136,0.989,0.464,0.020,36.660,25.374,2.646
2023-05-03,3.399,8.746,1.110,1.358,29.729,1.419,1.042,0.661,33.128,0.989,0.464,0.020,35.200,25.364,2.625
2023-05-04,3.397,8.751,1.110,1.358,29.724,1.421,1.037,0.661,33.120,0.989,0.465,0.020,35.290,25.355,2.605
2023-05-05,3.394,8.756,1.110,1.358,29.718,1.423,1.032,0.661,33.113,0.990,0.465,0.020,35.840,25.345,2.585
2023-05-08,3.392,8.761,1.110,1.359,29.713,1.424,1.027,0.661,33.105,0.990,0.466,0.020,35.340,25.336,2.564
2023-05-09,3.389,8.766,1.110,1.359,29.708,1.426,1.022,0.661,33.097,0.990,0.466,0.020,34.840,25.327,2.544
2023-05-10,3.387,8.771,1.110,1.359,29.703,1.428,1.017,0.661,33.089,0.990,0.467,0.020,34.860,25.317,2.524
2023-05-11,3.384,8.775,1.111,1.360,29.697,1.430,1.011,0.661,33.082,0.990,0.467,0.020,34.760,25.308,2.503
2023-05-12,3.382,8.780,1.111,1.360,29.692,1.431,1.006,0.661,33.074,0.991,0.468,0.020,34.800,25.299,2.483
2023-05-15,3.379,8.785,1.111,1.360,29.687,1.433,1.001,0.661,33.066,0.991,0.468,0.020,34.990,25.289,2.463
2023-05-16,3.377,8.790,1.111,1.360,29.682,1.435,0.996,0.661,33.058,0.991,0.469,0.020,33.940,25.280,2.442
2023-05-17,3.375,8.795,1.111,1.361,29.676,1.437,0.991,0.660,33.051,0.991,0.470,0.020,34.780,25.271,2.422
2023-05-18,3.372,8.800,1.111,1.361,29.671,1.439,0.986,0.660,33.043,0.991,0.470,0.020,34.530,25.261,2.402
2023-05-19,3.370,8.805,1.111,1.361,29.666,1.440,0.981,0.660,33.035,0.992,0.471,0.020,34.470,25.252,2.382
2023-05-22,3.367,8.809,1.112,1.362,29.660,1.442,0.975,0.660,33.028,0.992,0.471,0.020,34.680,25.243,2.361
2023-05-23,3.365,8.814,1.112,1.362,29.655,1.444,0.970,0.660,33.020,0.992,0.472,0.020,34.070,25.233,2.341
2023-05-24,3.362,8.819,1.112,1.362,29.650,1.446,0.965,0.660,33.012,0.992,0.472,0.020,33.430,25.224,2.321
2023-05-25,3.360,8.824,1.112,1.363,29.645,1.447,0.960,0.660,33.004,0.992,0.473,0.020,33.130,25.215,2.300
2023-05-26,3.357,8.829,1.112,1.363,29.639,1.449,0.955,0.660,32.997,0.993,0.473,0.020,33.490,25.205,2.280
2023-05-30,3.355,8.834,1.112,1.363,29.634,1.451,0.950,0.660,32.989,0.993,0.474,0.020,33.870,25.196,2.260
2023-05-31,3.352,8.838,1.113,1.364,29.629,1.453,0.945,0.660,32.981,0.993,0.474,0.020,34.400,25.186,2.239
2023-06-01,3.350,8.843,1.113,1.364,29.623,1.455,0.940,0.660,32.974,0.993,0.475,0.020,33.830,25.177,2.219
2023-06-02,3.348,8.848,1.113,1.364,29.618,1.456,0.934,0.660,32.966,0.993,0.476,0.020,34.850,25.168,2.215
2023-06-05,3.345,8.853,1.113,1.364,29.613,1.458,0.929,0.659,32.958,0.994,0.476,0.020,34.860,25.158,2.210
2023-06-06,3.343,8.858,1.113,1.365,29.608,1.460,0.924,0.659,32.950,0.994,0.477,0.020,35.720,25.149,2.206
2023-06-07,3.340,8.863,1.113,1.365,29.602,1.462,0.919,0.659,32.943,0.994,0.477,0.020,36.870,25.140,2.202
2023-06-08,3.338,8.867,1.114,1.365,29.597,1.463,0.914,0.659,32.935,0.994,0.478,0.020,35.900,25.130,2.198
2023-06-09,3.335,8.872,1.114,1.366,29.592,1.465,0.909,0.659,32.927,0.994,0.478,0.020,36.220,25.121,2.193
2023-06-12,3.333,8.877,1.114,1.366,29.587,1.467,0.904,0.659,32.919,0.994,0.479,0.020,35.980,25.112,2.189
2023-06-13,3.330,8.882,1.114,1.366,29.581,1.469,0.899,0.659,32.912,0.995,0.479,0.020,36.310,25.102,2.185
2023-06-14,3.328,8.887,1.114,1.367,29.576,1.470,0.893,0.659,32.904,0.995,0.480,0.020,36.290,25.093,2.180
2023-06-15,3.326,8.892,1.114,1.367,29.571,1.472,0.888,0.659,32.896,0.995,0.481,0.020,36.290,25.084,2.176
2023-06-16,3.323,8.896,1.115,1.367,29.565,1.474,0.883,0.659,32.889,0.995,0.481,0.020,36.900,25.074,2.172
2023-06-20,3.321,8.901,1.115,1.368,29.560,1.476,0.878,0.659,32.881,0.995,0.482,0.020,36.230,25.065,2.167
2023-06-21,3.318,8.906,1.115,1.368,29.555,1.478,0.873,0.659,32.873,0.996,0.482,0.020,36.230,25.055,2.163
2023-06-22,3.316,8.911,1.115,1.368,29.550,1.479,0.868,0.658,32.865,0.996,0.483,0.020,35.690,25.046,2.159
2023-06-23,3.313,8.916,1.115,1.368,29.544,1.481,0.863,0.658,32.858,0.996,0.483,0.020,35.250,25.037,2.155
2023-06-26,3.311,8.921,1.115,1.369,29.539,1.483,0.858,0.658,32.850,0.996,0.484,0.020,36.340,25.027,2.150
2023-06-27,3.308,8.925,1.116,1.369,29.534,1.485,0.852,0.658,32.842,0.996,0.484,0.020,37.000,25.018,2.146
2023-06-28,3.306,8.930,1.116,1.369,29.529,1.486,0.847,0.658,32.834,0.997,0.485,0.020,36.900,25.009,2.142
2023-06-29,3.303,8.935,1.116,1.370,29.523,1.488,0.842,0.658,32.827,0.997,0.485,0.020,37.550,24.999,2.137
2023-06-30,3.301,8.940,1.116,1.370,29.518,1.490,0.837,0.658,32.819,0.997,0.486,0.020,37.780,24.990,2.133
2023-07-03,3.303,8.936,1.116,1.371,29.519,1.495,0.836,0.659,32.821,0.997,0.488,0.020,38.290,24.989,2.129
2023-07-05,3.304,8.932,1.117,1.371,29.519,1.500,0.835,0.659,32.824,0.998,0.489,0.020,38.670,24.988,2.125
2023-07-06,3.306,8.927,1.117,1.372,29.520,1.505,0.834,0.660,32.826,0.998,0.491,0.020,38.960,24.987,2.120
2023-07-07,3.308,8.923,1.117,1.373,29.520,1.511,0.833,0.660,32.828,0.999,0.493,0.020,38.780,24.985,2.116
2023-07-10,3.310,8.919,1.118,1.373,29.521,1.516,0.832,0.661,32.830,0.999,0.494,0.020,39.570,24.984,2.112
2023-07-11,3.311,8.915,1.118,1.374,29.521,1.521,0.831,0.661,32.833,1.000,0.496,0.020,40.240,24.983,2.107
2023-07-12,3.313,8.910,1.118,1.374,29.522,1.526,0.830,0.662,32.835,1.000,0.498,0.020,40.060,24.982,2.103
2023-07-13,3.315,8.906,1.118,1.375,29.522,1.531,0.828,0.662,32.837,1.001,0.500,0.020,39.860,24.981,2.099
2023-07-14,3.316,8.902,1.119,1.376,29.523,1.536,0.827,0.663,32.840,1.001,0.501,0.020,39.680,24.980,2.095
2023-07-17,3.318,8.898,1.119,1.376,29.524,1.542,0.826,0.664,32.842,1.002,0.503,0.020,39.800,24.979,2.090
2023-07-18,3.320,8.894,1.119,1.377,29.524,1.547,0.825,0.664,32.844,1.002,0.505,0.020,39.760,24.977,2.086
2023-07-19,3.321,8.889,1.120,1.378,29.525,1.552,0.824,0.665,32.846,1.003,0.506,0.020,40.370,24.976,2.082
2023-07-20,3.323,8.885,1.120,1.378,29.525,1.557,0.823,0.665,32.849,1.003,0.508,0.020,40.490,24.975,2.077
2023-07-21,3.325,8.881,1.120,1.379,29.526,1.562,0.822,0.666,32.851,1.004,0.510,0.020,40.450,24.974,2.073
2023-07-24,3.327,8.877,1.121,1.380,29.526,1.567,0.821,0.666,32.853,1.004,0.511,0.020,40.700,24.973,2.069
2023-07-25,3.328,8.872,1.121,1.380,29.527,1.572,0.820,0.667,32.856,1.005,0.513,0.020,40.470,24.972,2.064
2023-07-26,3.330,8.868,1.121,1.381,29.528,1.578,0.819,0.668,32.858,1.005,0.515,0.020,40.620,24.971,2.060
2023-07-27,3.332,8.864,1.122,1.382,29.528,1.583,0.818,0.668,32.860,1.006,0.516,0.020,40.240,24.969,2.056
2023-07-28,3.333,8.860,1.122,1.382,29.529,1.588,0.817,0.669,32.862,1.006,0.518,0.020,40.720,24.968,2.052
2023-07-31,3.335,8.856,1.122,1.383,29.529,1.593,0.816,0.669,32.865,1.007,0.520,0.020,40.760,24.967,2.047
2023-08-01,3.337,8.851,1.123,1.383,29.530,1.598,0.815,0.670,32.867,1.007,0.521,0.020,41.040,24.966,2.043
2023-08-02,3.338,8.847,1.123,1.384,29.530,1.603,0.814,0.670,32.869,1.008,0.523,0.020,40.590,24.965,2.044
2023-08-03,3.340,8.843,1.123,1.385,29.531,1.609,0.813,0.671,32.871,1.008,0.525,0.020,38.730,24.964,2.045
2023-08-04,3.342,8.839,1.124,1.385,29.532,1.614,0.812,0.672,32.874,1.009,0.526,0.020,38.700,24.963,2.046
2023-08-07,3.344,8.835,1.124,1.386,29.532,1.619,0.810,0.672,32.876,1.009,0.528,0.020,39.150,24.961,2.047
2023-08-08,3.345,8.830,1.124,1.387,29.533,1.624,0.809,0.673,32.878,1.010,0.530,0.020,38.930,24.960,2.048
2023-08-09,3.347,8.826,1.124,1.387,29.533,1.629,0.808,0.673,32.881,1.010,0.532,0.020,38.870,24.959,2.049
2023-08-10,3.349,8.822,1.125,1.388,29.534,1.634,0.807,0.674,32.883,1.011,0.533,0.020,38.880,24.958,2.050
2023-08-11,3.350,8.818,1.125,1.389,29.534,1.640,0.806,0.674,32.885,1.011,0.535,0.021,38.890,24.957,2.051
2023-08-14,3.352,8.813,1.125,1.389,29.535,1.645,0.805,0.675,32.887,1.012,0.537,0.021,38.940,24.956,2.052
2023-08-15,3.354,8.809,1.126,1.390,29.535,1.650,0.804,0.675,32.890,1.012,0.538,0.021,38.560,24.955,2.053
2023-08-16,3.356,8.805,1.126,1.390,29.536,1.655,0.803,0.676,32.892,1.012,0.540,0.021,37.820,24.954,2.054
2023-08-17,3.357,8.801,1.126,1.391,29.537,1.660,0.802,0.677,32.894,1.013,0.542,0.021,37.350,24.952,2.054
2023-08-18,3.359,8.797,1.127,1.392,29.537,1.665,0.801,0.677,32.897,1.013,0.543,0.021,37.820,24.951,2.055
2023-08-21,3.361,8.792,1.127,1.392,29.538,1.670,0.800,0.678,32.899,1.014,0.545,0.021,36.880,24.950,2.056
2023-08-22,3.362,8.788,1.127,1.393,29.538,1.676,0.799,0.678,32.901,1.014,0.547,0.021,36.290,24.949,2.057
2023-08-23,3.364,8.784,1.128,1.394,29.539,1.681,0.798,0.679,32.903,1.015,0.548,0.021,36.520,24.948,2.058
2023-08-24,3.366,8.780,1.128,1.394,29.539,1.686,0.797,0.679,32.906,1.015,0.550,0.021,36.200,24.947,2.059
2023-08-25,3.367,8.775,1.128,1.395,29.540,1.691,0.796,0.680,32.908,1.016,0.552,0.021,36.230,24.946,2.060
2023-08-28,3.369,8.771,1.128,1.396,29.540,1.696,0.794,0.680,32.910,1.016,0.554,0.021,36.530,24.944,2.061
2023-08-29,3.371,8.767,1.129,1.396,29.541,1.701,0.793,0.681,32.913,1.017,0.555,0.021,37.140,24.943,2.062
2023-08-30,3.373,8.763,1.129,1.397,29.542,1.707,0.792,0.682,32.915,1.017,0.557,0.021,37.140,24.942,2.063
2023-08-31,3.374,8.759,1.129,1.398,29.542,1.712,0.791,0.682,32.917,1.018,0.559,0.021,37.130,24.941,2.064
2023-09-01,3.376,8.754,1.130,1.398,29.543,1.717,0.790,0.683,32.919,1.018,0.560,0.021,37.590,24.940,2.065
2023-09-05,3.378,8.750,1.130,1.399,29.543,1.722,0.789,0.683,32.922,1.019,0.562,0.021,37.600,24.939,2.067
2023-09-06,3.379,8.746,1.130,1.399,29.544,1.727,0.788,0.684,32.924,1.019,0.564,0.021,37.870,24.938,2.068
2023-09-07,3.381,8.742,1.131,1.400,29.544,1.732,0.787,0.684,32.926,1.020,0.565,0.021,37.440,24.936,2.070
2023-09-08,3.383,8.738,1.131,1.401,29.545,1.738,0.786,0.685,32.928,1.020,0.567,0.021,37.500,24.935,2.072
2023-09-11,3.384,8.733,1.131,1.401,29.546,1.743,0.785,0.686,32.931,1.021,0.569,0.021,37.540,24.934,2.073
2023-09-12,3.386,8.729,1.132,1.402,29.546,1.748,0.784,0.686,32.933,1.021,0.570,0.021,37.780,24.933,2.075
2023-09-13,3.388,8.725,1.132,1.403,29.547,1.753,0.783,0.687,32.935,1.022,0.572,0.021,37.550,24.932,2.077
2023-09-14,3.390,8.721,1.132,1.403,29.547,1.758,0.782,0.687,32.938,1.022,0.574,0.021,38.400,24.931,2.079
2023-09-15,3.391,8.716,1.133,1.404,29.548,1.763,0.781,0.688,32.940,1.023,0.575,0.021,38.080,24.930,2.080
2023-09-18,3.393,8.712,1.133,1.405,29.548,1.768,0.780,0.688,32.942,1.023,0.577,0.021,37.380,24.928,2.082
2023-09-19,3.395,8.708,1.133,1.405,29.549,1.774,0.779,0.689,32.944,1.024,0.579,0.021,37.380,24.927,2.084
2023-09-20,3.396,8.704,1.134,1.406,29.550,1.779,0.778,0.690,32.947,1.024,0.580,0.021,37.220,24.926,2.085
2023-09-21,3.398,8.700,1.134,1.407,29.550,1.784,0.776,0.690,32.949,1.025,0.582,0.021,36.520,24.925,2.087
2023-09-22,3.400,8.695,1.134,1.407,29.551,1.789,0.775,0.691,32.951,1.025,0.584,0.021,36.540,24.924,2.089
2023-09-25,3.401,8.691,1.134,1.408,29.551,1.794,0.774,0.691,32.954,1.026,0.586,0.021,36.680,24.923,2.090
2023-09-26,3.403,8.687,1.135,1.408,29.552,1.799,0.773,0.692,32.956,1.026,0.587,0.021,35.710,24.922,2.092
2023-09-27,3.405,8.683,1.135,1.409,29.552,1.805,0.772,0.692,32.958,1.027,0.589,0.021,35.400,24.920,2.094
2023-09-28,3.407,8.678,1.135,1.410,29.553,1.810,0.771,0.693,32.960,1.027,0.591,0.021,35.600,24.919,2.096
2023-09-29,3.408,8.674,1.136,1.410,29.553,1.815,0.770,0.693,32.963,1.028,0.592,0.021,35.340,24.918,2.097
2023-09-30,3.410,8.670,1.136,1.411,29.554,1.820,0.769,0.694,32.965,1.028,0.594,0.021,34.765,24.917,2.099
2023-10-02,3.411,8.672,1.138,1.413,29.573,1.827,0.791,0.696,32.986,1.030,0.596,0.021,34.190,24.934,2.101
2023-10-03,3.413,8.675,1.140,1.415,29.593,1.835,0.813,0.697,33.006,1.031,0.599,0.021,33.780,24.952,2.102
2023-10-04,3.414,8.677,1.142,1.416,29.612,1.842,0.835,0.699,33.027,1.033,0.601,0.021,34.130,24.969,2.104
2023-10-05,3.415,8.679,1.144,1.418,29.631,1.849,0.856,0.700,33.047,1.034,0.604,0.021,34.160,24.987,2.106
2023-10-06,3.416,8.682,1.147,1.420,29.651,1.857,0.878,0.702,33.068,1.036,0.606,0.021,34.120,25.004,2.107
2023-10-09,3.418,8.684,1.149,1.422,29.670,1.864,0.900,0.703,33.089,1.038,0.608,0.021,34.460,25.022,2.109
2023-10-10,3.419,8.686,1.151,1.424,29.689,1.871,0.922,0.705,33.109,1.039,0.611,0.021,34.690,25.039,2.111
2023-10-11,3.420,8.689,1.153,1.426,29.709,1.879,0.944,0.706,33.130,1.041,0.613,0.021,35.400,25.056,2.113
2023-10-12,3.422,8.691,1.155,1.427,29.728,1.886,0.966,0.708,33.150,1.042,0.616,0.021,35.080,25.074,2.114
2023-10-13,3.423,8.693,1.157,1.429,29.747,1.893,0.988,0.709,33.171,1.044,0.618,0.021,34.980,25.091,2.116
2023-10-16,3.424,8.696,1.159,1.431,29.767,1.901,1.010,0.711,33.192,1.046,0.620,0.021,35.400,25.109,2.118
2023-10-17,3.425,8.698,1.162,1.433,29.786,1.908,1.032,0.712,33.212,1.047,0.623,0.021,36.000,25.126,2.119
2023-10-18,3.427,8.700,1.164,1.435,29.805,1.915,1.053,0.714,33.233,1.049,0.625,0.021,35.480,25.144,2.121
2023-10-19,3.428,8.703,1.166,1.436,29.825,1.923,1.075,0.715,33.254,1.051,0.627,0.022,34.810,25.161,2.123
2023-10-20,3.429,8.705,1.168,1.438,29.844,1.930,1.097,0.717,33.274,1.052,0.630,0.022,34.690,25.179,2.124
2023-10-23,3.431,8.708,1.170,1.440,29.864,1.938,1.119,0.718,33.295,1.054,0.632,0.022,34.380,25.196,2.126
2023-10-24,3.432,8.710,1.172,1.442,29.883,1.945,1.141,0.720,33.315,1.055,0.635,0.022,34.630,25.213,2.128
2023-10-25,3.433,8.712,1.174,1.444,29.902,1.952,1.163,0.722,33.336,1.057,0.637,0.022,34.310,25.231,2.130
2023-10-26,3.434,8.715,1.176,1.445,29.922,1.960,1.185,0.723,33.357,1.059,0.639,0.022,34.750,25.248,2.131
2023-10-27,3.436,8.717,1.178,1.447,29.941,1.967,1.206,0.725,33.377,1.060,0.642,0.022,34.160,25.266,2.133
2023-10-30,3.437,8.719,1.181,1.449,29.960,1.974,1.228,0.726,33.398,1.062,0.644,0.022,34.420,25.283,2.135
2023-10-31,3.438,8.722,1.183,1.451,29.980,1.982,1.250,0.728,33.418,1.063,0.647,0.022,35.910,25.301,2.136
2023-11-01,3.439,8.724,1.185,1.453,29.999,1.989,1.272,0.729,33.439,1.065,0.649,0.022,36.760,25.318,2.138
2023-11-02,3.441,8.726,1.187,1.454,30.018,1.996,1.294,0.731,33.460,1.067,0.651,0.022,37.860,25.336,2.156
2023-11-03,3.442,8.729,1.189,1.456,30.038,2.004,1.316,0.732,33.480,1.068,0.654,0.022,38.530,25.353,2.173
2023-11-06,3.443,8.731,1.191,1.458,30.057,2.011,1.338,0.734,33.501,1.070,0.656,0.022,38.260,25.370,2.191
2023-11-07,3.445,8.733,1.193,1.460,30.076,2.018,1.360,0.735,33.521,1.071,0.659,0.022,37.660,25.388,2.208
2023-11-08,3.446,8.736,1.196,1.462,30.096,2.026,1.382,0.737,33.542,1.073,0.661,0.022,37.730,25.405,2.226
2023-11-09,3.447,8.738,1.198,1.464,30.115,2.033,1.403,0.738,33.563,1.075,0.663,0.022,37.190,25.423,2.243
2023-11-10,3.448,8.740,1.200,1.465,30.134,2.040,1.425,0.740,33.583,1.076,0.666,0.022,37.690,25.440,2.261
2023-11-13,3.450,8.743,1.202,1.467,30.154,2.048,1.447,0.741,33.604,1.078,0.668,0.022,37.760,25.458,2.279
2023-11-14,3.451,8.745,1.204,1.469,30.173,2.055,1.469,0.743,33.624,1.080,0.670,0.022,39.480,25.475,2.296
2023-11-15,3.452,8.747,1.206,1.471,30.192,2.062,1.491,0.745,33.645,1.081,0.673,0.022,39.390,25.492,2.314
2023-11-16,3.454,8.750,1.208,1.473,30.212,2.070,1.513,0.746,33.666,1.083,0.675,0.022,39.350,25.510,2.331
2023-11-17,3.455,8.752,1.210,1.474,30.231,2.077,1.535,0.748,33.686,1.084,0.678,0.022,39.770,25.527,2.349
2023-11-20,3.456,8.754,1.212,1.476,30.250,2.084,1.556,0.749,33.707,1.086,0.680,0.022,40.120,25.545,2.366
2023-11-21,3.457,8.757,1.215,1.478,30.270,2.092,1.578,0.751,33.728,1.088,0.682,0.022,39.790,25.562,2.384
2023-11-22,3.459,8.759,1.217,1.480,30.289,2.099,1.600,0.752,33.748,1.089,0.685,0.022,39.580,25.580,2.402
2023-11-24,3.460,8.761,1.219,1.482,30.308,2.106,1.622,0.754,33.769,1.091,0.687,0.022,39.490,25.597,2.419
2023-11-27,3.461,8.764,1.221,1.484,30.328,2.114,1.644,0.755,33.789,1.092,0.690,0.022,39.780,25.614,2.437
2023-11-28,3.463,8.766,1.223,1.485,30.347,2.121,1.666,0.757,33.810,1.094,0.692,0.022,39.900,25.632,2.454
2023-11-29,3.464,8.768,1.225,1.487,30.366,2.128,1.688,0.758,33.831,1.096,0.694,0.022,40.120,25.649,2.472
2023-11-30,3.465,8.771,1.227,1.489,30.386,2.136,1.710,0.760,33.851,1.097,0.697,0.022,40.820,25.667,2.489
2023-12-01,3.466,8.773,1.230,1.491,30.405,2.143,1.732,0.761,33.872,1.099,0.699,0.022,42.100,25.684,2.507
2023-12-04,3.468,8.775,1.232,1.493,30.424,2.150,1.753,0.763,33.892,1.100,0.702,0.022,42.760,25.702,2.519
2023-12-05,3.469,8.778,1.234,1.494,30.444,2.158,1.775,0.764,33.913,1.102,0.704,0.023,42.740,25.719,2.530
2023-12-06,3.470,8.780,1.236,1.496,30.463,2.165,1.797,0.766,33.934,1.104,0.706,0.023,43.050,25.737,2.542
2023-12-07,3.472,8.782,1.238,1.498,30.482,2.172,1.819,0.768,33.954,1.105,0.709,0.023,42.930,25.754,2.554
2023-12-08,3.473,8.785,1.240,1.500,30.502,2.180,1.841,0.769,33.975,1.107,0.711,0.023,43.430,25.771,2.565
2023-12-11,3.474,8.787,1.242,1.502,30.521,2.187,1.863,0.771,33.995,1.108,0.714,0.023,44.050,25.789,2.577
2023-12-12,3.475,8.790,1.244,1.503,30.541,2.195,1.885,0.772,34.016,1.110,0.716,0.023,43.950,25.806,2.589
2023-12-13,3.477,8.792,1.246,1.505,30.560,2.202,1.906,0.774,34.037,1.112,0.718,0.023,45.510,25.824,2.600
2023-12-14,3.478,8.794,1.249,1.507,30.579,2.209,1.928,0.775,34.057,1.113,0.721,0.023,47.900,25.841,2.612
2023-12-15,3.479,8.797,1.251,1.509,30.599,2.217,1.950,0.777,34.078,1.115,0.723,0.023,47.170,25.859,2.623
2023-12-18,3.480,8.799,1.253,1.511,30.618,2.224,1.972,0.778,34.099,1.117,0.725,0.023,46.940,25.876,2.635
2023-12-19,3.482,8.801,1.255,1.512,30.637,2.231,1.994,0.780,34.119,1.118,0.728,0.023,47.440,25.894,2.647
2023-12-20,3.483,8.804,1.257,1.514,30.657,2.239,2.016,0.781,34.140,1.120,0.730,0.023,47.100,25.911,2.658
2023-12-21,3.484,8.806,1.259,1.516,30.676,2.246,2.038,0.783,34.160,1.121,0.733,0.023,46.480,25.928,2.670
2023-12-22,3.486,8.808,1.261,1.518,30.695,2.253,2.060,0.784,34.181,1.123,0.735,0.023,46.500,25.946,2.682
2023-12-26,3.487,8.811,1.264,1.520,30.715,2.261,2.082,0.786,34.202,1.125,0.737,0.023,46.950,25.963,2.693
2023-12-27,3.488,8.813,1.266,1.522,30.734,2.268,2.103,0.787,34.222,1.126,0.740,0.023,46.950,25.981,2.705
2023-12-28,3.489,8.815,1.268,1.523,30.753,2.275,2.125,0.789,34.243,1.128,0.742,0.023,47.150,25.998,2.717
2023-12-29,3.491,8.818,1.270,1.525,30.773,2.283,2.147,0.790,34.263,1.129,0.745,0.023,46.620,26.016,2.728
2023-12-31,3.492,8.820,1.272,1.527,30.792,2.290,2.169,0.792,34.284,1.131,0.747,0.023,46.620,26.033,2.740
2024-01-02,3.494,8.813,1.271,1.526,30.781,2.289,2.175,0.791,34.275,1.130,0.747,0.023,46.620,26.025,2.752
2024-01-03,3.495,8.806,1.269,1.524,30.770,2.289,2.181,0.790,34.265,1.129,0.747,0.023,45.660,26.016,2.763
2024-01-04,3.496,8.800,1.268,1.523,30.759,2.288,2.187,0.789,34.256,1.128,0.746,0.023,45.710,26.008,2.775
2024-01-05,3.498,8.793,1.266,1.522,30.748,2.287,2.194,0.788,34.246,1.126,0.746,0.023,45.840,26.000,2.786
2024-01-08,3.500,8.786,1.265,1.520,30.737,2.287,2.200,0.787,34.237,1.125,0.746,0.023,46.380,25.992,2.798
2024-01-09,3.501,8.779,1.263,1.519,30.726,2.286,2.206,0.786,34.227,1.124,0.746,0.023,46.330,25.983,2.810
2024-01-10,3.502,8.773,1.262,1.518,30.715,2.285,2.212,0.786,34.218,1.123,0.745,0.023,47.150,25.975,2.821
2024-01-11,3.504,8.766,1.260,1.516,30.704,2.285,2.218,0.785,34.208,1.122,0.745,0.023,47.060,25.967,2.833
2024-01-12,3.506,8.759,1.259,1.515,30.693,2.284,2.224,0.784,34.199,1.121,0.745,0.023,47.790,25.958,2.845
2024-01-16,3.507,8.752,1.257,1.513,30.682,2.284,2.231,0.783,34.189,1.120,0.745,0.023,47.430,25.950,2.856
2024-01-17,3.508,8.745,1.256,1.512,30.671,2.283,2.237,0.782,34.180,1.118,0.744,0.023,46.320,25.942,2.868
2024-01-18,3.510,8.739,1.255,1.511,30.660,2.282,2.243,0.781,34.170,1.117,0.744,0.023,46.220,25.934,2.880
2024-01-19,3.512,8.732,1.253,1.509,30.649,2.282,2.249,0.780,34.161,1.116,0.744,0.023,46.160,25.925,2.891
2024-01-22,3.513,8.725,1.252,1.508,30.638,2.281,2.255,0.779,34.151,1.115,0.744,0.023,46.290,25.917,2.903
2024-01-23,3.514,8.718,1.250,1.507,30.627,2.280,2.261,0.778,34.142,1.114,0.743,0.023,46.480,25.909,2.914
2024-01-24,3.516,8.712,1.249,1.505,30.617,2.280,2.268,0.777,34.133,1.113,0.743,0.023,46.110,25.900,2.926
2024-01-25,3.518,8.705,1.247,1.504,30.606,2.279,2.274,0.776,34.123,1.112,0.743,0.023,46.550,25.892,2.938
2024-01-26,3.519,8.698,1.246,1.503,30.595,2.278,2.280,0.775,34.114,1.110,0.743,0.023,46.270,25.884,2.949
2024-01-29,3.520,8.691,1.244,1.501,30.584,2.278,2.286,0.775,34.104,1.109,0.742,0.023,46.190,25.875,2.961
2024-01-30,3.522,8.685,1.243,1.500,30.573,2.277,2.292,0.774,34.095,1.108,0.742,0.023,45.380,25.867,2.973
2024-01-31,3.524,8.678,1.242,1.499,30.562,2.276,2.298,0.773,34.085,1.107,0.742,0.023,45.170,25.859,2.984
2024-02-01,3.525,8.671,1.240,1.497,30.551,2.276,2.305,0.772,34.076,1.106,0.742,0.023,45.430,25.851,2.996
2024-02-02,3.526,8.664,1.239,1.496,30.540,2.275,2.311,0.771,34.066,1.105,0.741,0.023,44.960,25.842,2.996
2024-02-05,3.528,8.657,1.237,1.494,30.529,2.275,2.317,0.770,34.057,1.104,0.741,0.023,44.580,25.834,2.996
2024-02-06,3.530,8.651,1.236,1.493,30.518,2.274,2.323,0.769,34.047,1.102,0.741,0.023,46.730,25.826,2.995
2024-02-07,3.531,8.644,1.234,1.492,30.507,2.273,2.329,0.768,34.038,1.101,0.741,0.023,46.750,25.817,2.995
2024-02-08,3.532,8.637,1.233,1.490,30.496,2.273,2.335,0.767,34.028,1.100,0.740,0.023,46.960,25.809,2.995
2024-02-09,3.534,8.630,1.231,1.489,30.485,2.272,2.342,0.766,34.019,1.099,0.740,0.023,47.890,25.801,2.995
2024-02-12,3.536,8.624,1.230,1.488,30.474,2.271,2.348,0.765,34.009,1.098,0.740,0.022,47.490,25.793,2.995
2024-02-13,3.537,8.617,1.228,1.486,30.463,2.271,2.354,0.764,34.000,1.097,0.740,0.022,46.770,25.784,2.994
2024-02-14,3.538,8.610,1.227,1.485,30.452,2.270,2.360,0.764,33.990,1.096,0.739,0.022,46.560,25.776,2.994
2024-02-15,3.540,8.603,1.226,1.484,30.441,2.269,2.366,0.763,33.981,1.094,0.739,0.022,48.230,25.768,2.994
2024-02-16,3.542,8.596,1.224,1.482,30.430,2.269,2.372,0.762,33.972,1.093,0.739,0.022,48.870,25.759,2.994
2024-02-20,3.543,8.590,1.223,1.481,30.419,2.268,2.378,0.761,33.962,1.092,0.739,0.022,48.530,25.751,2.994
2024-02-21,3.544,8.583,1.221,1.480,30.408,2.267,2.385,0.760,33.953,1.091,0.739,0.022,48.980,25.743,2.993
2024-02-22,3.546,8.576,1.220,1.478,30.397,2.267,2.391,0.759,33.943,1.090,0.738,0.022,49.380,25.735,2.993
2024-02-23,3.548,8.569,1.218,1.477,30.386,2.266,2.397,0.758,33.934,1.089,0.738,0.022,49.000,25.726,2.993
2024-02-26,3.549,8.563,1.217,1.476,30.375,2.265,2.403,0.757,33.924,1.087,0.738,0.022,48.730,25.718,2.993
2024-02-27,3.550,8.556,1.215,1.474,30.364,2.265,2.409,0.756,33.915,1.086,0.738,0.022,48.790,25.710,2.993
2024-02-28,3.552,8.549,1.214,1.473,30.353,2.264,2.415,0.755,33.905,1.085,0.737,0.022,48.840,25.701,2.992
2024-02-29,3.554,8.542,1.212,1.471,30.342,2.264,2.422,0.754,33.896,1.084,0.737,0.022,48.280,25.693,2.992
2024-03-01,3.555,8.535,1.211,1.470,30.331,2.263,2.428,0.753,33.886,1.083,0.737,0.022,49.030,25.685,2.992
2024-03-04,3.556,8.529,1.210,1.469,30.320,2.262,2.434,0.752,33.877,1.082,0.737,0.022,49.670,25.677,2.986
2024-03-05,3.558,8.522,1.208,1.467,30.309,2.262,2.440,0.752,33.867,1.081,0.736,0.022,48.840,25.668,2.980
2024-03-06,3.560,8.515,1.207,1.466,30.298,2.261,2.446,0.751,33.858,1.079,0.736,0.022,49.640,25.660,2.974
2024-03-07,3.561,8.508,1.205,1.465,30.287,2.260,2.452,0.750,33.848,1.078,0.736,0.022,48.790,25.652,2.968
2024-03-08,3.562,8.502,1.204,1.463,30.277,2.260,2.459,0.749,33.839,1.077,0.736,0.022,49.200,25.643,2.962
2024-03-11,3.564,8.495,1.202,1.462,30.266,2.259,2.465,0.748,33.830,1.076,0.735,0.022,48.820,25.635,2.955
2024-03-12,3.566,8.488,1.201,1.461,30.255,2.258,2.471,0.747,33.820,1.075,0.735,0.022,49.080,25.627,2.949
2024-03-13,3.567,8.481,1.199,1.459,30.244,2.258,2.477,0.746,33.811,1.074,0.735,0.022,49.370,25.618,2.943
2024-03-14,3.568,8.475,1.198,1.458,30.233,2.257,2.483,0.745,33.801,1.073,0.735,0.022,48.680,25.610,2.937
2024-03-15,3.570,8.468,1.197,1.457,30.222,2.256,2.489,0.744,33.792,1.071,0.734,0.022,49.140,25.602,2.931
2024-03-18,3.572,8.461,1.195,1.455,30.211,2.256,2.496,0.743,33.782,1.070,0.734,0.022,49.520,25.594,2.925
2024-03-19,3.573,8.454,1.194,1.454,30.200,2.255,2.502,0.742,33.773,1.069,0.734,0.022,50.220,25.585,2.919
2024-03-20,3.574,8.447,1.192,1.452,30.189,2.255,2.508,0.741,33.763,1.068,0.734,0.022,50.650,25.577,2.913
2024-03-21,3.576,8.441,1.191,1.451,30.178,2.254,2.514,0.741,33.754,1.067,0.733,0.022,50.780,25.569,2.907
2024-03-22,3.578,8.434,1.189,1.450,30.167,2.253,2.520,0.740,33.744,1.066,0.733,0.022,49.490,25.560,2.901
2024-03-25,3.579,8.427,1.188,1.448,30.156,2.253,2.526,0.739,33.735,1.065,0.733,0.022,49.230,25.552,2.894
2024-03-26,3.580,8.420,1.186,1.447,30.145,2.252,2.533,0.738,33.725,1.063,0.733,0.022,49.110,25.544,2.888
2024-03-27,3.582,8.414,1.185,1.446,30.134,2.251,2.539,0.737,33.716,1.062,0.732,0.022,50.300,25.536,2.882
2024-03-28,3.584,8.407,1.183,1.444,30.123,2.251,2.545,0.736,33.706,1.061,0.732,0.022,51.000,25.527,2.876
2024-03-31,3.585,8.400,1.182,1.443,30.112,2.250,2.551,0.735,33.697,1.060,0.732,0.022,50.520,25.519,2.870
2024-04-01,3.582,8.407,1.182,1.443,30.110,2.238,2.551,0.735,33.692,1.060,0.728,0.022,50.040,25.515,2.864
2024-04-02,3.579,8.413,1.183,1.443,30.108,2.227,2.550,0.736,33.687,1.061,0.725,0.022,48.920,25.512,2.856
2024-04-03,3.576,8.420,1.183,1.444,30.106,2.215,2.550,0.736,33.682,1.061,0.721,0.022,48.820,25.508,2.849
2024-04-04,3.573,8.426,1.184,1.444,30.104,2.204,2.550,0.736,33.677,1.062,0.717,0.022,48.240,25.505,2.842
2024-04-05,3.570,8.433,1.184,1.444,30.102,2.192,2.550,0.736,33.672,1.062,0.713,0.022,48.950,25.501,2.834
2024-04-08,3.567,8.439,1.184,1.444,30.100,2.181,2.549,0.737,33.667,1.063,0.710,0.022,49.020,25.497,2.826
2024-04-09,3.565,8.446,1.185,1.445,30.097,2.169,2.549,0.737,33.662,1.063,0.706,0.022,48.970,25.494,2.819
2024-04-10,3.562,8.452,1.185,1.445,30.095,2.158,2.549,0.737,33.657,1.063,0.702,0.022,47.450,25.490,2.811
2024-04-11,3.559,8.459,1.185,1.445,30.093,2.146,2.549,0.738,33.652,1.064,0.698,0.022,47.880,25.487,2.804
2024-04-12,3.556,8.466,1.186,1.445,30.091,2.134,2.548,0.738,33.647,1.064,0.695,0.022,47.210,25.483,2.796
2024-04-15,3.553,8.472,1.186,1.446,30.089,2.123,2.548,0.738,33.642,1.065,0.691,0.022,46.420,25.479,2.789
2024-04-16,3.550,8.479,1.186,1.446,30.087,2.111,2.548,0.739,33.637,1.065,0.687,0.022,45.760,25.476,2.782
2024-04-17,3.547,8.485,1.187,1.446,30.085,2.100,2.548,0.739,33.632,1.065,0.683,0.022,45.950,25.472,2.774
2024-04-18,3.544,8.492,1.187,1.446,30.083,2.088,2.547,0.739,33.627,1.066,0.680,0.022,45.770,25.468,2.766
2024-04-19,3.541,8.498,1.188,1.447,30.081,2.077,2.547,0.739,33.622,1.066,0.676,0.022,45.790,25.465,2.759
2024-04-22,3.538,8.505,1.188,1.447,30.079,2.065,2.547,0.740,33.617,1.067,0.672,0.022,46.430,25.461,2.752
2024-04-23,3.535,8.512,1.188,1.447,30.077,2.053,2.546,0.740,33.612,1.067,0.669,0.022,46.880,25.458,2.744
2024-04-24,3.532,8.518,1.189,1.447,30.075,2.042,2.546,0.740,33.607,1.068,0.665,0.022,46.560,25.454,2.736
2024-04-25,3.529,8.525,1.189,1.447,30.073,2.030,2.546,0.741,33.602,1.068,0.661,0.022,46.540,25.450,2.729
2024-04-26,3.527,8.531,1.190,1.448,30.070,2.019,2.546,0.741,33.597,1.068,0.657,0.022,46.410,25.447,2.722
2024-04-29,3.524,8.538,1.190,1.448,30.068,2.007,2.545,0.741,33.592,1.069,0.654,0.022,47.220,25.443,2.714
2024-04-30,3.521,8.544,1.190,1.448,30.066,1.996,2.545,0.742,33.587,1.069,0.650,0.022,45.820,25.440,2.706
2024-05-01,3.518,8.551,1.191,1.448,30.064,1.984,2.545,0.742,33.582,1.070,0.646,0.022,45.700,25.436,2.699
2024-05-02,3.515,8.558,1.191,1.449,30.062,1.972,2.545,0.742,33.577,1.070,0.642,0.022,46.090,25.432,2.708
2024-05-03,3.512,8.564,1.191,1.449,30.060,1.961,2.544,0.742,33.572,1.071,0.639,0.022,46.600,25.429,2.717
2024-05-06,3.509,8.571,1.192,1.449,30.058,1.949,2.544,0.743,33.567,1.071,0.635,0.022,47.090,25.425,2.726
2024-05-07,3.506,8.577,1.192,1.449,30.056,1.938,2.544,0.743,33.562,1.071,0.631,0.022,48.240,25.422,2.735
2024-05-08,3.503,8.584,1.192,1.450,30.054,1.926,2.544,0.743,33.557,1.072,0.627,0.022,48.210,25.418,2.744
2024-05-09,3.500,8.590,1.193,1.450,30.052,1.915,2.543,0.744,33.552,1.072,0.624,0.022,48.620,25.414,2.753
2024-05-10,3.497,8.597,1.193,1.450,30.050,1.903,2.543,0.744,33.547,1.073,0.620,0.022,48.160,25.411,2.762
2024-05-13,3.494,8.603,1.194,1.450,30.048,1.892,2.543,0.744,33.542,1.073,0.616,0.022,47.920,25.407,2.772
2024-05-14,3.492,8.610,1.194,1.450,30.045,1.880,2.542,0.744,33.537,1.074,0.612,0.022,48.760,25.404,2.781
2024-05-15,3.489,8.617,1.194,1.451,30.043,1.868,2.542,0.745,33.532,1.074,0.609,0.022,48.990,25.400,2.790
2024-05-16,3.486,8.623,1.195,1.451,30.041,1.857,2.542,0.745,33.527,1.074,0.605,0.022,48.470,25.396,2.799
2024-05-17,3.483,8.630,1.195,1.451,30.039,1.845,2.542,0.745,33.522,1.075,0.601,0.022,48.510,25.393,2.808
2024-05-20,3.480,8.636,1.196,1.451,30.037,1.834,2.541,0.746,33.517,1.075,0.598,0.022,47.720,25.389,2.817
2024-05-21,3.477,8.643,1.196,1.452,30.035,1.822,2.541,0.746,33.512,1.076,0.594,0.022,48.240,25.385,2.826
2024-05-22,3.474,8.649,1.196,1.452,30.033,1.811,2.541,0.746,33.507,1.076,0.590,0.022,47.660,25.382,2.835
2024-05-23,3.471,8.656,1.197,1.452,30.031,1.799,2.541,0.747,33.502,1.076,0.586,0.022,47.160,25.378,2.844
2024-05-24,3.468,8.662,1.197,1.452,30.029,1.788,2.540,0.747,33.497,1.077,0.583,0.022,48.210,25.375,2.853
2024-05-28,3.465,8.669,1.197,1.453,30.027,1.776,2.540,0.747,33.492,1.077,0.579,0.022,47.990,25.371,2.862
2024-05-29,3.462,8.676,1.198,1.453,30.025,1.764,2.540,0.747,33.487,1.078,0.575,0.022,47.960,25.367,2.871
2024-05-30,3.459,8.682,1.198,1.453,30.023,1.753,2.540,0.748,33.482,1.078,0.571,0.022,48.400,25.364,2.880
2024-05-31,3.456,8.689,1.198,1.453,30.021,1.741,2.539,0.748,33.477,1.079,0.568,0.022,49.330,25.360,2.890
2024-06-03,3.454,8.695,1.199,1.454,30.018,1.730,2.539,0.748,33.472,1.079,0.564,0.022,49.430,25.357,2.899
2024-06-04,3.451,8.702,1.199,1.454,30.016,1.718,2.539,0.749,33.467,1.079,0.560,0.022,49.710,25.353,2.908
2024-06-05,3.448,8.708,1.200,1.454,30.014,1.707,2.539,0.749,33.462,1.080,0.556,0.022,50.030,25.349,2.917
2024-06-06,3.445,8.715,1.200,1.454,30.012,1.695,2.538,0.749,33.457,1.080,0.553,0.022,50.140,25.346,2.926
2024-06-07,3.442,8.722,1.200,1.454,30.010,1.683,2.538,0.750,33.452,1.081,0.549,0.022,49.490,25.342,2.935
2024-06-10,3.439,8.728,1.201,1.455,30.008,1.672,2.538,0.750,33.447,1.081,0.545,0.022,49.570,25.339,2.944
2024-06-11,3.436,8.735,1.201,1.455,30.006,1.660,2.537,0.750,33.442,1.082,0.542,0.022,49.160,25.335,2.953
2024-06-12,3.433,8.741,1.202,1.455,30.004,1.649,2.537,0.750,33.437,1.082,0.538,0.022,49.940,25.331,2.962
2024-06-13,3.430,8.748,1.202,1.455,30.002,1.637,2.537,0.751,33.432,1.082,0.534,0.022,49.520,25.328,2.971
2024-06-14,3.427,8.754,1.202,1.456,30.000,1.626,2.537,0.751,33.427,1.083,0.530,0.022,48.520,25.324,2.980
2024-06-17,3.424,8.761,1.203,1.456,29.998,1.614,2.536,0.751,33.422,1.083,0.527,0.022,48.150,25.320,2.989
2024-06-18,3.421,8.768,1.203,1.456,29.996,1.602,2.536,0.752,33.417,1.084,0.523,0.022,47.900,25.317,2.998
2024-06-20,3.418,8.774,1.203,1.456,29.994,1.591,2.536,0.752,33.412,1.084,0.519,0.023,47.680,25.313,3.007
2024-06-21,3.416,8.781,1.204,1.457,29.991,1.579,2.536,0.752,33.407,1.084,0.515,0.023,47.650,25.310,3.016
2024-06-24,3.413,8.787,1.204,1.457,29.989,1.568,2.535,0.753,33.402,1.085,0.512,0.023,49.050,25.306,3.026
2024-06-25,3.410,8.794,1.204,1.457,29.987,1.556,2.535,0.753,33.397,1.085,0.508,0.023,48.210,25.302,3.035
2024-06-26,3.407,8.800,1.205,1.457,29.985,1.545,2.535,0.753,33.392,1.086,0.504,0.023,48.120,25.299,3.044
2024-06-27,3.404,8.807,1.205,1.458,29.983,1.533,2.535,0.753,33.387,1.086,0.500,0.023,48.840,25.295,3.053
2024-06-28,3.401,8.813,1.206,1.458,29.981,1.522,2.534,0.754,33.382,1.087,0.497,0.023,49.490,25.292,3.062
2024-06-30,3.398,8.820,1.206,1.458,29.979,1.510,2.534,0.754,33.377,1.087,0.493,0.023,48.640,25.288,3.071
2024-07-01,3.394,8.832,1.206,1.458,29.981,1.509,2.533,0.754,33.375,1.087,0.493,0.023,47.790,25.290,3.080
2024-07-02,3.390,8.844,1.207,1.459,29.984,1.508,2.532,0.754,33.374,1.088,0.492,0.023,48.200,25.292,3.086
2024-07-03,3.386,8.857,1.207,1.459,29.986,1.508,2.531,0.755,33.372,1.088,0.492,0.023,48.360,25.294,3.091
2024-07-05,3.382,8.869,1.207,1.459,29.989,1.507,2.530,0.755,33.371,1.088,0.492,0.023,47.650,25.296,3.097
2024-07-08,3.378,8.881,1.207,1.460,29.991,1.506,2.529,0.755,33.369,1.089,0.492,0.023,47.900,25.298,3.103
2024-07-09,3.374,8.893,1.208,1.460,29.994,1.505,2.528,0.755,33.368,1.089,0.491,0.023,48.130,25.300,3.108
2024-07-10,3.370,8.905,1.208,1.461,29.996,1.505,2.527,0.756,33.366,1.090,0.491,0.023,48.410,25.302,3.114
2024-07-11,3.366,8.918,1.208,1.461,29.999,1.504,2.526,0.756,33.364,1.090,0.491,0.023,48.530,25.304,3.119
2024-07-12,3.362,8.930,1.208,1.461,30.001,1.503,2.525,0.756,33.363,1.090,0.490,0.023,48.750,25.306,3.125
2024-07-15,3.358,8.942,1.209,1.462,30.004,1.502,2.524,0.756,33.361,1.091,0.490,0.023,48.940,25.308,3.131
2024-07-16,3.353,8.954,1.209,1.462,30.006,1.501,2.523,0.756,33.360,1.091,0.490,0.023,49.420,25.310,3.136
2024-07-17,3.349,8.966,1.209,1.462,30.009,1.501,2.522,0.757,33.358,1.091,0.490,0.023,50.520,25.312,3.142
2024-07-18,3.345,8.978,1.209,1.463,30.011,1.500,2.521,0.757,33.356,1.092,0.489,0.023,49.940,25.314,3.148
2024-07-19,3.341,8.991,1.210,1.463,30.014,1.499,2.520,0.757,33.355,1.092,0.489,0.023,50.050,25.316,3.153
2024-07-22,3.337,9.003,1.210,1.463,30.016,1.498,2.519,0.757,33.353,1.092,0.489,0.023,51.450,25.318,3.159
2024-07-23,3.333,9.015,1.210,1.464,30.018,1.498,2.518,0.758,33.352,1.093,0.488,0.023,51.150,25.320,3.165
2024-07-24,3.329,9.027,1.211,1.464,30.021,1.497,2.517,0.758,33.350,1.093,0.488,0.023,48.890,25.323,3.170
2024-07-25,3.325,9.039,1.211,1.464,30.023,1.496,2.516,0.758,33.349,1.093,0.488,0.023,48.700,25.325,3.176
2024-07-26,3.321,9.052,1.211,1.465,30.026,1.495,2.515,0.758,33.347,1.094,0.488,0.023,49.720,25.327,3.181
2024-07-29,3.317,9.064,1.211,1.465,30.028,1.494,2.514,0.758,33.345,1.094,0.487,0.023,49.850,25.329,3.187
2024-07-30,3.313,9.076,1.212,1.466,30.031,1.494,2.513,0.759,33.344,1.095,0.487,0.023,50.490,25.331,3.193
2024-07-31,3.309,9.088,1.212,1.466,30.033,1.493,2.512,0.759,33.342,1.095,0.487,0.023,50.050,25.333,3.198
2024-08-01,3.305,9.100,1.212,1.466,30.036,1.492,2.511,0.759,33.341,1.095,0.487,0.023,50.050,25.335,3.204
2024-08-02,3.301,9.112,1.212,1.467,30.038,1.491,2.510,0.759,33.339,1.096,0.486,0.023,49.270,25.337,3.208
2024-08-05,3.297,9.125,1.213,1.467,30.041,1.490,2.509,0.759,33.338,1.096,0.486,0.023,48.290,25.339,3.212
2024-08-06,3.293,9.137,1.213,1.467,30.043,1.490,2.508,0.760,33.336,1.096,0.486,0.023,50.730,25.341,3.216
2024-08-07,3.289,9.149,1.213,1.468,30.046,1.489,2.507,0.760,33.334,1.097,0.485,0.023,49.880,25.343,3.220
2024-08-08,3.285,9.161,1.213,1.468,30.048,1.488,2.506,0.760,33.333,1.097,0.485,0.023,50.610,25.345,3.224
2024-08-09,3.281,9.173,1.214,1.468,30.051,1.487,2.505,0.760,33.331,1.097,0.485,0.023,51.750,25.347,3.228
2024-08-12,3.277,9.186,1.214,1.469,30.053,1.487,2.504,0.761,33.330,1.098,0.485,0.023,49.930,25.349,3.232
2024-08-13,3.273,9.198,1.214,1.469,30.056,1.486,2.503,0.761,33.328,1.098,0.484,0.023,50.850,25.351,3.236
2024-08-14,3.268,9.210,1.215,1.470,30.058,1.485,2.502,0.761,33.326,1.098,0.484,0.023,51.150,25.353,3.240
2024-08-15,3.264,9.222,1.215,1.470,30.060,1.484,2.501,0.761,33.325,1.099,0.484,0.023,51.490,25.355,3.244
2024-08-16,3.260,9.234,1.215,1.470,30.063,1.483,2.500,0.761,33.323,1.099,0.483,0.023,51.110,25.357,3.247
2024-08-19,3.256,9.247,1.215,1.471,30.065,1.483,2.499,0.762,33.322,1.100,0.483,0.023,52.150,25.359,3.251
2024-08-20,3.252,9.259,1.216,1.471,30.068,1.482,2.498,0.762,33.320,1.100,0.483,0.023,51.990,25.361,3.255
2024-08-21,3.248,9.271,1.216,1.471,30.070,1.481,2.497,0.762,33.319,1.100,0.483,0.023,52.560,25.363,3.259
2024-08-22,3.244,9.283,1.216,1.472,30.073,1.480,2.496,0.762,33.317,1.101,0.482,0.023,52.910,25.365,3.263
2024-08-23,3.240,9.295,1.216,1.472,30.075,1.480,2.495,0.763,33.315,1.101,0.482,0.023,54.310,25.367,3.267
2024-08-26,3.236,9.308,1.217,1.472,30.078,1.479,2.494,0.763,33.314,1.101,0.482,0.023,54.590,25.369,3.271
2024-08-27,3.232,9.320,1.217,1.473,30.080,1.478,2.493,0.763,33.312,1.102,0.481,0.023,54.810,25.371,3.275
2024-08-28,3.228,9.332,1.217,1.473,30.083,1.477,2.492,0.763,33.311,1.102,0.481,0.023,54.700,25.373,3.279
2024-08-29,3.224,9.344,1.217,1.473,30.085,1.476,2.491,0.763,33.309,1.102,0.481,0.023,53.980,25.375,3.283
2024-08-30,3.220,9.356,1.218,1.474,30.088,1.476,2.490,0.764,33.308,1.103,0.481,0.023,54.580,25.377,3.287
2024-09-03,3.216,9.368,1.218,1.474,30.090,1.475,2.489,0.764,33.306,1.103,0.480,0.023,53.460,25.379,3.291
2024-09-04,3.212,9.381,1.218,1.475,30.093,1.474,2.488,0.764,33.304,1.104,0.480,0.023,53.840,25.381,3.295
2024-09-05,3.208,9.393,1.218,1.475,30.095,1.473,2.487,0.764,33.303,1.104,0.480,0.023,53.550,25.383,3.299
2024-09-06,3.204,9.405,1.219,1.475,30.098,1.472,2.486,0.764,33.301,1.104,0.480,0.023,53.650,25.386,3.303
2024-09-09,3.200,9.417,1.219,1.476,30.100,1.472,2.485,0.765,33.300,1.105,0.479,0.023,52.810,25.388,3.307
2024-09-10,3.196,9.429,1.219,1.476,30.102,1.471,2.484,0.765,33.298,1.105,0.479,0.023,53.480,25.390,3.311
2024-09-11,3.192,9.442,1.220,1.476,30.105,1.470,2.483,0.765,33.297,1.105,0.479,0.023,53.290,25.392,3.315
2024-09-12,3.188,9.454,1.220,1.477,30.107,1.469,2.482,0.765,33.295,1.106,0.478,0.023,53.410,25.394,3.319
2024-09-13,3.184,9.466,1.220,1.477,30.110,1.469,2.481,0.766,33.293,1.106,0.478,0.023,53.500,25.396,3.323
2024-09-16,3.179,9.478,1.220,1.477,30.112,1.468,2.480,0.766,33.292,1.106,0.478,0.023,53.780,25.398,3.327
2024-09-17,3.175,9.490,1.221,1.478,30.115,1.467,2.479,0.766,33.290,1.107,0.478,0.023,53.600,25.400,3.330
2024-09-18,3.171,9.502,1.221,1.478,30.117,1.466,2.478,0.766,33.289,1.107,0.477,0.023,53.600,25.402,3.334
2024-09-19,3.167,9.515,1.221,1.478,30.120,1.465,2.477,0.766,33.287,1.107,0.477,0.023,54.490,25.404,3.338
2024-09-20,3.163,9.527,1.221,1.479,30.122,1.465,2.476,0.767,33.285,1.108,0.477,0.023,54.320,25.406,3.342
2024-09-23,3.159,9.539,1.222,1.479,30.125,1.464,2.475,0.767,33.284,1.108,0.476,0.023,54.840,25.408,3.346
2024-09-24,3.155,9.551,1.222,1.480,30.127,1.463,2.474,0.767,33.282,1.109,0.476,0.023,55.480,25.410,3.350
2024-09-25,3.151,9.563,1.222,1.480,30.130,1.462,2.473,0.767,33.281,1.109,0.476,0.023,55.150,25.412,3.354
2024-09-26,3.147,9.576,1.222,1.480,30.132,1.462,2.472,0.768,33.279,1.109,0.476,0.023,54.280,25.414,3.358
2024-09-27,3.143,9.588,1.223,1.481,30.135,1.461,2.471,0.768,33.278,1.110,0.475,0.023,54.700,25.416,3.362
2024-09-30,3.139,9.600,1.223,1.481,30.137,1.460,2.470,0.768,33.276,1.110,0.475,0.023,55.130,25.418,3.366
2024-10-01,3.143,9.583,1.224,1.483,30.119,1.469,2.453,0.769,33.262,1.111,0.478,0.023,55.290,25.400,3.370
2024-10-02,3.148,9.565,1.226,1.484,30.101,1.478,2.437,0.770,33.249,1.113,0.481,0.023,54.960,25.382,3.382
2024-10-03,3.152,9.548,1.227,1.486,30.083,1.487,2.420,0.771,33.235,1.114,0.484,0.023,54.900,25.364,3.394
2024-10-04,3.156,9.531,1.228,1.487,30.065,1.496,2.403,0.772,33.222,1.115,0.487,0.023,55.300,25.346,3.406
2024-10-07,3.161,9.513,1.230,1.489,30.047,1.505,2.386,0.773,33.208,1.117,0.490,0.023,54.620,25.328,3.419
2024-10-08,3.165,9.496,1.231,1.490,30.030,1.514,2.370,0.774,33.194,1.118,0.493,0.023,54.530,25.310,3.431
2024-10-09,3.169,9.479,1.233,1.492,30.012,1.523,2.353,0.775,33.181,1.119,0.496,0.023,55.190,25.292,3.443
2024-10-10,3.173,9.461,1.234,1.494,29.994,1.532,2.336,0.776,33.167,1.121,0.499,0.023,54.730,25.274,3.455
2024-10-11,3.178,9.444,1.235,1.495,29.976,1.542,2.320,0.778,33.154,1.122,0.502,0.023,55.690,25.256,3.467
2024-10-14,3.182,9.427,1.237,1.497,29.958,1.551,2.303,0.779,33.140,1.123,0.505,0.024,55.980,25.238,3.479
2024-10-15,3.186,9.409,1.238,1.498,29.940,1.560,2.286,0.780,33.126,1.125,0.508,0.024,56.950,25.220,3.491
2024-10-16,3.191,9.392,1.239,1.500,29.922,1.569,2.269,0.781,33.113,1.126,0.511,0.024,57.080,25.202,3.503
2024-10-17,3.195,9.375,1.241,1.502,29.904,1.578,2.253,0.782,33.099,1.127,0.514,0.024,56.860,25.184,3.516
2024-10-18,3.199,9.357,1.242,1.503,29.886,1.587,2.236,0.783,33.086,1.129,0.517,0.024,57.690,25.166,3.528
2024-10-21,3.204,9.340,1.243,1.505,29.868,1.596,2.219,0.784,33.072,1.130,0.520,0.024,56.810,25.148,3.540
2024-10-22,3.208,9.322,1.245,1.506,29.850,1.605,2.202,0.785,33.058,1.132,0.523,0.024,57.020,25.130,3.552
2024-10-23,3.212,9.305,1.246,1.508,29.833,1.614,2.186,0.786,33.045,1.133,0.526,0.024,56.680,25.111,3.564
2024-10-24,3.217,9.288,1.247,1.509,29.815,1.623,2.169,0.787,33.031,1.134,0.529,0.024,56.550,25.093,3.576
2024-10-25,3.221,9.270,1.249,1.511,29.797,1.632,2.152,0.788,33.018,1.136,0.532,0.024,55.610,25.075,3.588
2024-10-28,3.225,9.253,1.250,1.513,29.779,1.641,2.136,0.789,33.004,1.137,0.535,0.024,56.260,25.057,3.600
2024-10-29,3.230,9.236,1.252,1.514,29.761,1.650,2.119,0.790,32.991,1.138,0.538,0.024,56.080,25.039,3.613
2024-10-30,3.234,9.218,1.253,1.516,29.743,1.659,2.102,0.791,32.977,1.140,0.541,0.024,56.110,25.021,3.625
2024-10-31,3.238,9.201,1.254,1.517,29.725,1.668,2.085,0.792,32.963,1.141,0.544,0.024,55.150,25.003,3.637
2024-11-01,3.242,9.184,1.256,1.519,29.707,1.678,2.069,0.794,32.950,1.142,0.547,0.024,54.690,24.985,3.649
2024-11-04,3.247,9.166,1.257,1.520,29.689,1.687,2.052,0.795,32.936,1.144,0.550,0.024,56.140,24.967,3.649
2024-11-05,3.251,9.149,1.258,1.522,29.671,1.696,2.035,0.796,32.923,1.145,0.553,0.024,56.870,24.949,3.649
2024-11-06,3.255,9.132,1.260,1.524,29.654,1.705,2.019,0.797,32.909,1.146,0.556,0.024,56.610,24.931,3.649
2024-11-07,3.260,9.114,1.261,1.525,29.636,1.714,2.002,0.798,32.895,1.148,0.559,0.024,57.310,24.913,3.649
2024-11-08,3.264,9.097,1.262,1.527,29.618,1.723,1.985,0.799,32.882,1.149,0.562,0.024,58.380,24.895,3.649
2024-11-11,3.268,9.080,1.264,1.528,29.600,1.732,1.968,0.800,32.868,1.150,0.565,0.024,59.130,24.877,3.649
2024-11-12,3.273,9.062,1.265,1.530,29.582,1.741,1.952,0.801,32.855,1.152,0.568,0.024,58.120,24.859,3.649
2024-11-13,3.277,9.045,1.267,1.532,29.564,1.750,1.935,0.802,32.841,1.153,0.571,0.024,58.430,24.841,3.649
2024-11-14,3.281,9.028,1.268,1.533,29.546,1.759,1.918,0.803,32.827,1.154,0.574,0.024,58.150,24.823,3.649
2024-11-15,3.286,9.010,1.269,1.535,29.528,1.768,1.902,0.804,32.814,1.156,0.577,0.025,58.790,24.805,3.649
2024-11-18,3.290,8.993,1.271,1.536,29.510,1.777,1.885,0.805,32.800,1.157,0.580,0.025,58.970,24.787,3.649
2024-11-19,3.294,8.976,1.272,1.538,29.492,1.786,1.868,0.806,32.787,1.158,0.583,0.025,59.090,24.769,3.649
2024-11-20,3.299,8.958,1.273,1.539,29.474,1.795,1.851,0.807,32.773,1.160,0.586,0.025,58.990,24.751,3.649
2024-11-21,3.303,8.941,1.275,1.541,29.457,1.804,1.835,0.808,32.759,1.161,0.589,0.025,59.280,24.733,3.649
2024-11-22,3.307,8.924,1.276,1.543,29.439,1.813,1.818,0.809,32.746,1.162,0.592,0.025,59.070,24.715,3.649
2024-11-25,3.312,8.906,1.277,1.544,29.421,1.822,1.801,0.810,32.732,1.164,0.595,0.025,58.730,24.697,3.649
2024-11-26,3.316,8.889,1.279,1.546,29.403,1.832,1.785,0.812,32.719,1.165,0.598,0.025,59.830,24.679,3.649
2024-11-27,3.320,8.872,1.280,1.547,29.385,1.841,1.768,0.813,32.705,1.166,0.601,0.025,59.920,24.661,3.649
2024-11-29,3.324,8.854,1.281,1.549,29.367,1.850,1.751,0.814,32.691,1.168,0.604,0.025,59.870,24.643,3.649
2024-12-02,3.329,8.837,1.283,1.550,29.349,1.859,1.734,0.815,32.678,1.169,0.607,0.025,59.140,24.625,3.649
2024-12-03,3.333,8.820,1.284,1.552,29.331,1.868,1.718,0.816,32.664,1.170,0.610,0.025,58.900,24.607,3.649
2024-12-04,3.337,8.802,1.286,1.554,29.313,1.877,1.701,0.817,32.651,1.172,0.613,0.025,59.190,24.589,3.649
2024-12-05,3.342,8.785,1.287,1.555,29.295,1.886,1.684,0.818,32.637,1.173,0.616,0.025,59.310,24.571,3.649
2024-12-06,3.346,8.768,1.288,1.557,29.278,1.895,1.668,0.819,32.624,1.174,0.619,0.025,59.950,24.552,3.649
2024-12-09,3.350,8.750,1.290,1.558,29.260,1.904,1.651,0.820,32.610,1.176,0.622,0.025,59.390,24.534,3.649
2024-12-10,3.355,8.733,1.291,1.560,29.242,1.913,1.634,0.821,32.596,1.177,0.625,0.025,58.450,24.516,3.649
2024-12-11,3.359,8.715,1.292,1.561,29.224,1.922,1.617,0.822,32.583,1.179,0.628,0.025,57.600,24.498,3.649
2024-12-12,3.363,8.698,1.294,1.563,29.206,1.931,1.601,0.823,32.569,1.180,0.631,0.025,57.780,24.480,3.649
2024-12-13,3.368,8.681,1.295,1.565,29.188,1.940,1.584,0.824,32.556,1.181,0.634,0.025,58.570,24.462,3.649
2024-12-16,3.372,8.663,1.296,1.566,29.170,1.949,1.567,0.825,32.542,1.183,0.637,0.025,59.330,24.444,3.649
2024-12-17,3.376,8.646,1.298,1.568,29.152,1.958,1.550,0.826,32.528,1.184,0.640,0.025,58.680,24.426,3.649
2024-12-18,3.380,8.629,1.299,1.569,29.134,1.968,1.534,0.828,32.515,1.185,0.643,0.025,55.930,24.408,3.649
2024-12-19,3.385,8.611,1.300,1.571,29.116,1.977,1.517,0.829,32.501,1.187,0.646,0.026,55.200,24.390,3.649
2024-12-20,3.389,8.594,1.302,1.573,29.098,1.986,1.500,0.830,32.488,1.188,0.649,0.026,55.960,24.372,3.649
2024-12-23,3.393,8.577,1.303,1.574,29.081,1.995,1.484,0.831,32.474,1.189,0.652,0.026,55.890,24.354,3.649
2024-12-24,3.398,8.559,1.305,1.576,29.063,2.004,1.467,0.832,32.460,1.191,0.655,0.026,56.530,24.336,3.649
2024-12-26,3.402,8.542,1.306,1.577,29.045,2.013,1.450,0.833,32.447,1.192,0.658,0.026,56.680,24.318,3.649
2024-12-27,3.406,8.525,1.307,1.579,29.027,2.022,1.433,0.834,32.433,1.193,0.661,0.026,56.090,24.300,3.649
2024-12-30,3.411,8.507,1.309,1.580,29.009,2.031,1.417,0.835,32.420,1.195,0.664,0.026,55.720,24.282,3.649
2024-12-31,3.415,8.490,1.310,1.582,28.991,2.040,1.400,0.836,32.406,1.196,0.667,0.026,56.160,24.264,3.649
2025-01-02,3.415,8.490,1.310,1.582,28.991,2.040,1.400,0.836,32.406,1.196,0.667,0.026,56.590,24.264,3.649
2025-01-03,3.415,8.490,1.310,1.582,28.991,2.040,1.400,0.836,32.406,1.196,0.667,0.026,57.420,24.264,3.649
2025-01-06,3.415,8.490,1.310,1.582,28.991,2.040,1.400,0.836,32.406,1.196,0.667,0.026,56.870,24.264,3.649
2025-01-07,3.415,8.490,1.310,1.582,28.991,2.040,1.400,0.836,32.406,1.196,0.667,0.026,56.800,24.264,3.649
2025-01-08,3.415,8.490,1.310,1.582,28.991,2.040,1.400,0.836,32.406,1.196,0.667,0.026,56.970,24.264,3.649
2025-01-10,3.415,8.490,1.310,1.582,28.991,2.040,1.400,0.836,32.406,1.196,0.667,0.026,55.750,24.264,3.649
2025-01-13,3.415,8.490,1.310,1.582,28.991,2.040,1.400,0.836,32.406,1.196,0.667,0.026,56.350,24.264,3.649
2025-01-14,3.415,8.490,1.310,1.582,28.991,2.040,1.400,0.836,32.406,1.196,0.667,0.026,56.600,24.264,3.649
2025-01-15,3.415,8.490,1.310,1.582,28.991,2.040,1.400,0.836,32.406,1.196,0.667,0.026,56.010,24.264,3.649
2025-01-16,3.415,8.490,1.310,1.582,28.991,2.040,1.400,0.836,32.406,1.196,0.667,0.026,56.320,24.264,3.649
2025-01-17,3.415,8.490,1.310,1.582,28.991,2.040,1.400,0.836,32.406,1.196,0.667,0.026,56.790,24.264,3.649
2025-01-21,3.415,8.490,1.310,1.582,28.991,2.040,1.400,0.836,32.406,1.196,0.667,0.026,57.380,24.264,3.649
2025-01-22,3.415,8.490,1.310,1.582,28.991,2.040,1.400,0.836,32.406,1.196,0.667,0.026,56.380,24.264,3.649
2025-01-23,3.415,8.490,1.310,1.582,28.991,2.040,1.400,0.836,32.406,1.196,0.667,0.026,57.020,24.264,3.649
2025-01-24,3.415,8.490,1.310,1.582,28.991,2.040,1.400,0.836,32.406,1.196,0.667,0.026,56.820,24.264,3.649
2025-01-27,3.415,8.490,1.310,1.582,28.991,2.040,1.400,0.836,32.406,1.196,0.667,0.026,57.620,24.264,3.649
2025-01-28,3.415,8.490,1.310,1.582,28.991,2.040,1.400,0.836,32.406,1.196,0.667,0.026,57.270,24.264,3.649
2025-01-29,3.415,8.490,1.310,1.582,28.991,2.040,1.400,0.836,32.406,1.196,0.667,0.026,56.620,24.264,3.649
2025-01-30,3.415,8.490,1.310,1.582,28.991,2.040,1.400,0.836,32.406,1.196,0.667,0.026,57.320,24.264,3.649
2025-01-31,3.415,8.490,1.310,1.582,28.991,2.040,1.400,0.836,32.406,1.196,0.667,0.026,56.700,24.264,3.649
2025-02-03,3.415,8.490,1.310,1.582,28.991,2.040,1.400,0.836,32.406,1.196,0.667,0.026,56.550,24.264,3.649
2025-02-04,3.415,8.490,1.310,1.582,28.991,2.040,1.400,0.836,32.406,1.196,0.667,0.026,56.530,24.264,3.649
2025-02-05,3.415,8.490,1.310,1.582,28.991,2.040,1.400,0.836,32.406,1.196,0.667,0.026,58.410,24.264,3.649
2025-02-06,3.415,8.490,1.310,1.582,28.991,2.040,1.400,0.836,32.406,1.196,0.667,0.026,58.750,24.264,3.649
2025-02-07,3.415,8.490,1.310,1.582,28.991,2.040,1.400,0.836,32.406,1.196,0.667,0.026,58.680,24.264,3.649
2025-02-10,3.415,8.490,1.310,1.582,28.991,2.040,1.400,0.836,32.406,1.196,0.667,0.026,58.880,24.264,3.649
2025-02-11,3.415,8.490,1.310,1.582,28.991,2.040,1.400,0.836,32.406,1.196,0.667,0.026,60.130,24.264,3.649
2025-02-12,3.415,8.490,1.310,1.582,28.991,2.040,1.400,0.836,32.406,1.196,0.667,0.026,59.960,24.264,3.649
2025-02-13,3.415,8.490,1.310,1.582,28.991,2.040,1.400,0.836,32.406,1.196,0.667,0.026,60.730,24.264,3.649
2025-02-14,3.415,8.490,1.310,1.582,28.991,2.040,1.400,0.836,32.406,1.196,0.667,0.026,60.340,24.264,3.649
2025-02-18,3.415,8.490,1.310,1.582,28.991,2.040,1.400,0.836,32.406,1.196,0.667,0.026,60.670,24.264,3.649
2025-02-19,3.415,8.490,1.310,1.582,28.991,2.040,1.400,0.836,32.406,1.196,0.667,0.026,60.630,24.264,3.649
2025-02-20,3.415,8.490,1.310,1.582,28.991,2.040,1.400,0.836,32.406,1.196,0.667,0.026,60.890,24.264,3.649
2025-02-21,3.415,8.490,1.310,1.582,28.991,2.040,1.400,0.836,32.406,1.196,0.667,0.026,59.940,24.264,3.649
2025-02-24,3.415,8.490,1.310,1.582,28.991,2.040,1.400,0.836,32.406,1.196,0.667,0.026,60.210,24.264,3.649
2025-02-25,3.415,8.490,1.310,1.582,28.991,2.040,1.400,0.836,32.406,1.196,0.667,0.026,59.940,24.264,3.649
2025-02-26,3.415,8.490,1.310,1.582,28.991,2.040,1.400,0.836,32.406,1.196,0.667,0.026,60.080,24.264,3.649
2025-02-27,3.415,8.490,1.310,1.582,28.991,2.040,1.400,0.836,32.406,1.196,0.667,0.026,59.540,24.264,3.649
2025-02-28,3.415,8.490,1.310,1.582,28.991,2.040,1.400,0.836,32.406,1.196,0.667,0.026,60.680,24.264,3.649
2025-03-03,3.415,8.490,1.310,1.582,28.991,2.040,1.400,0.836,32.406,1.196,0.667,0.026,61.230,24.264,3.649
2025-03-04,3.415,8.490,1.310,1.582,28.991,2.040,1.400,0.836,32.406,1.196,0.667,0.026,59.860,24.264,3.649
2025-03-05,3.415,8.490,1.310,1.582,28.991,2.040,1.400,0.836,32.406,1.196,0.667,0.026,59.800,24.264,3.649
2025-03-06,3.415,8.490,1.310,1.582,28.991,2.040,1.400,0.836,32.406,1.196,0.667,0.026,56.920,24.264,3.649
2025-03-07,3.415,8.490,1.310,1.582,28.991,2.040,1.400,0.836,32.406,1.196,0.667,0.026,55.800,24.264,3.649
2025-03-10,3.415,8.490,1.310,1.582,28.991,2.040,1.400,0.836,32.406,1.196,0.667,0.026,53.900,24.264,3.649
2025-03-11,3.415,8.490,1.310,1.582,28.991,2.040,1.400,0.836,32.406,1.196,0.667,0.026,53.310,24.264,3.649
2025-03-12,3.415,8.490,1.310,1.582,28.991,2.040,1.400,0.836,32.406,1.196,0.667,0.026,54.080,24.264,3.649
2025-03-13,3.415,8.490,1.310,1.582,28.991,2.040,1.400,0.836,32.406,1.196,0.667,0.026,52.010,24.264,3.649
2025-03-14,3.415,8.490,1.310,1.582,28.991,2.040,1.400,0.836,32.406,1.196,0.667,0.026,52.570,24.264,3.649
2025-03-17,3.415,8.490,1.310,1.582,28.991,2.040,1.400,0.836,32.406,1.196,0.667,0.026,54.410,24.264,3.649
2025-03-18,3.415,8.490,1.310,1.582,28.991,2.040,1.400,0.836,32.406,1.196,0.667,0.026,53.740,24.264,3.649
2025-03-19,3.415,8.490,1.310,1.582,28.991,2.040,1.400,0.836,32.406,1.196,0.667,0.026,53.740,24.264,3.649
2025-03-20,3.415,8.490,1.310,1.582,28.991,2.040,1.400,0.836,32.406,1.196,0.667,0.026,53.630,24.264,3.649
