date,v1,longtermdebt,totalshareholderequity,netincome,grossprofit,cap_rate,assets,NOI,cashonhand,debttoequityratio,revenue,totalliabilities,ebitda,eps,cpi
2017-02-01,6.230,7.613,1.998,-0.027,0.041,0.005,9.729,0.044,0.198,3.914,0.235,7.731,0.126,,1.464
2017-02-02,6.300,7.569,2.038,-0.028,0.044,0.004,9.725,0.043,0.198,3.858,0.235,7.687,0.125,,1.461
2017-02-03,6.430,7.524,2.078,-0.028,0.046,0.004,9.722,0.043,0.198,3.802,0.235,7.643,0.125,,1.458
2017-02-06,6.460,7.480,2.119,-0.028,0.049,0.004,9.718,0.042,0.197,3.746,0.235,7.599,0.124,,1.455
2017-02-07,6.480,7.436,2.160,-0.029,0.051,0.004,9.715,0.041,0.197,3.690,0.235,7.555,0.123,,1.451
2017-02-08,6.490,7.392,2.200,-0.029,0.053,0.004,9.711,0.040,0.197,3.634,0.236,7.511,0.122,,1.448
2017-02-09,6.510,7.348,2.240,-0.030,0.056,0.004,9.708,0.040,0.197,3.578,0.236,7.468,0.122,,1.445
2017-02-10,6.550,7.304,2.281,-0.030,0.058,0.004,9.705,0.039,0.197,3.522,0.236,7.424,0.121,,1.442
2017-02-13,6.540,7.260,2.322,-0.030,0.060,0.004,9.701,0.038,0.197,3.466,0.236,7.380,0.120,,1.439
2017-02-14,6.550,7.215,2.362,-0.031,0.063,0.004,9.698,0.037,0.197,3.410,0.236,7.336,0.119,,1.436
2017-02-15,6.520,7.171,2.402,-0.031,0.065,0.004,9.694,0.036,0.196,3.355,0.236,7.292,0.118,,1.432
2017-02-16,6.530,7.127,2.443,-0.031,0.068,0.004,9.691,0.036,0.196,3.299,0.236,7.248,0.118,,1.429
2017-02-17,6.590,7.083,2.484,-0.032,0.070,0.004,9.687,0.035,0.196,3.243,0.236,7.204,0.117,,1.426
2017-02-21,6.690,7.039,2.524,-0.032,0.072,0.003,9.684,0.034,0.196,3.187,0.236,7.160,0.116,,1.423
2017-02-22,6.720,6.994,2.564,-0.032,0.075,0.003,9.681,0.033,0.196,3.131,0.236,7.116,0.115,,1.420
2017-02-23,6.730,6.950,2.605,-0.033,0.077,0.003,9.677,0.032,0.196,3.075,0.237,7.072,0.114,,1.417
2017-02-24,6.730,6.906,2.646,-0.033,0.079,0.003,9.674,0.032,0.196,3.019,0.237,7.028,0.114,,1.413
2017-02-27,6.800,6.862,2.686,-0.033,0.082,0.003,9.670,0.031,0.195,2.963,0.237,6.984,0.113,,1.410
2017-02-28,6.790,6.818,2.726,-0.034,0.084,0.003,9.667,0.030,0.195,2.907,0.237,6.940,0.112,,1.407
2017-03-01,6.710,6.774,2.767,-0.034,0.087,0.003,9.663,0.029,0.195,2.851,0.237,6.896,0.111,,1.404
2017-03-02,6.770,6.730,2.808,-0.034,0.089,0.003,9.660,0.028,0.195,2.795,0.237,6.852,0.110,,1.404
2017-03-03,6.800,6.685,2.848,-0.035,0.091,0.003,9.657,0.028,0.195,2.739,0.237,6.809,0.110,,1.404
2017-03-06,6.830,6.641,2.888,-0.035,0.094,0.003,9.653,0.027,0.195,2.683,0.237,6.765,0.109,,1.405
2017-03-07,6.800,6.597,2.929,-0.036,0.096,0.003,9.650,0.026,0.195,2.627,0.237,6.721,0.108,,1.405
2017-03-08,6.720,6.553,2.970,-0.036,0.099,0.003,9.646,0.025,0.194,2.571,0.237,6.677,0.107,,1.405
2017-03-09,6.620,6.509,3.010,-0.036,0.101,0.003,9.643,0.025,0.194,2.515,0.237,6.633,0.107,,1.405
2017-03-10,6.670,6.464,3.050,-0.037,0.103,0.002,9.639,0.024,0.194,2.459,0.238,6.589,0.106,,1.406
2017-03-13,6.660,6.420,3.091,-0.037,0.106,0.002,9.636,0.023,0.194,2.403,0.238,6.545,0.105,,1.406
2017-03-14,6.620,6.376,3.132,-0.037,0.108,0.002,9.633,0.022,0.194,2.347,0.238,6.501,0.104,,1.406
2017-03-15,6.710,6.332,3.172,-0.038,0.110,0.002,9.629,0.021,0.194,2.291,0.238,6.457,0.103,,1.406
2017-03-16,6.690,6.288,3.212,-0.038,0.113,0.002,9.626,0.021,0.194,2.235,0.238,6.413,0.103,,1.407
2017-03-17,6.730,6.244,3.253,-0.038,0.115,0.002,9.622,0.020,0.193,2.180,0.238,6.369,0.102,,1.407
2017-03-20,6.710,6.200,3.294,-0.039,0.118,0.002,9.619,0.019,0.193,2.124,0.238,6.325,0.101,,1.407
2017-03-21,6.670,6.155,3.334,-0.039,0.120,0.002,9.615,0.018,0.193,2.068,0.238,6.281,0.100,,1.407
2017-03-22,6.700,6.111,3.374,-0.040,0.122,0.002,9.612,0.017,0.193,2.012,0.238,6.238,0.100,,1.408
2017-03-23,6.700,6.067,3.415,-0.040,0.125,0.002,9.609,0.017,0.193,1.956,0.238,6.194,0.099,,1.408
2017-03-24,6.730,6.023,3.456,-0.040,0.127,0.002,9.605,0.016,0.193,1.900,0.239,6.150,0.098,,1.408
2017-03-27,6.710,5.979,3.496,-0.041,0.129,0.002,9.602,0.015,0.193,1.844,0.239,6.106,0.097,,1.408
2017-03-28,6.740,5.934,3.536,-0.041,0.132,0.001,9.598,0.014,0.192,1.788,0.239,6.062,0.096,,1.409
2017-03-29,6.760,5.890,3.577,-0.041,0.134,0.001,9.595,0.014,0.192,1.732,0.239,6.018,0.096,,1.409
2017-03-30,6.780,5.846,3.617,-0.042,0.137,0.001,9.591,0.013,0.192,1.676,0.239,5.974,0.095,,1.409
2017-03-31,6.800,5.802,3.658,-0.042,0.139,0.001,9.588,0.012,0.192,1.620,0.239,5.930,0.094,$-0.08,1.409
2017-04-03,6.740,5.801,3.658,-0.041,0.139,0.001,9.587,0.013,0.191,1.620,0.239,5.929,0.095,,1.409
2017-04-04,6.720,5.800,3.658,-0.040,0.139,0.001,9.586,0.013,0.191,1.620,0.239,5.928,0.095,,1.410
2017-04-05,6.730,5.799,3.657,-0.040,0.139,0.001,9.585,0.014,0.190,1.620,0.239,5.927,0.096,,1.410
2017-04-06,6.770,5.798,3.657,-0.039,0.139,0.002,9.584,0.015,0.190,1.619,0.239,5.927,0.096,,1.410
2017-04-07,6.740,5.797,3.657,-0.038,0.139,0.002,9.583,0.015,0.189,1.619,0.239,5.926,0.097,,1.410
2017-04-10,6.750,5.796,3.657,-0.037,0.139,0.002,9.581,0.016,0.189,1.619,0.239,5.925,0.097,,1.411
2017-04-11,6.720,5.794,3.656,-0.037,0.139,0.002,9.580,0.017,0.188,1.619,0.239,5.924,0.098,,1.411
2017-04-12,6.720,5.793,3.656,-0.036,0.139,0.002,9.579,0.017,0.188,1.619,0.239,5.923,0.098,,1.411
2017-04-13,6.640,5.792,3.656,-0.035,0.139,0.002,9.578,0.018,0.187,1.619,0.239,5.922,0.099,,1.411
2017-04-17,6.760,5.791,3.656,-0.034,0.139,0.002,9.577,0.019,0.187,1.618,0.239,5.921,0.100,,1.412
2017-04-18,6.790,5.790,3.656,-0.034,0.139,0.002,9.576,0.019,0.186,1.618,0.240,5.920,0.100,,1.412
2017-04-19,6.780,5.789,3.655,-0.033,0.139,0.002,9.575,0.020,0.186,1.618,0.240,5.920,0.101,,1.412
2017-04-20,6.700,5.788,3.655,-0.032,0.139,0.002,9.574,0.021,0.185,1.618,0.240,5.919,0.101,,1.412
2017-04-21,6.750,5.787,3.655,-0.031,0.139,0.002,9.573,0.021,0.185,1.618,0.240,5.918,0.102,,1.413
2017-04-24,6.750,5.786,3.655,-0.031,0.139,0.002,9.572,0.022,0.184,1.618,0.240,5.917,0.102,,1.413
2017-04-25,6.770,5.785,3.654,-0.030,0.139,0.002,9.570,0.023,0.184,1.617,0.240,5.916,0.103,,1.413
2017-04-26,6.760,5.784,3.654,-0.029,0.139,0.002,9.569,0.023,0.183,1.617,0.240,5.915,0.103,,1.413
2017-04-27,6.730,5.783,3.654,-0.028,0.139,0.003,9.568,0.024,0.183,1.617,0.240,5.914,0.104,,1.414
2017-04-28,6.720,5.781,3.654,-0.028,0.139,0.003,9.567,0.025,0.182,1.617,0.240,5.913,0.105,,1.414
2017-05-01,6.760,5.780,3.654,-0.027,0.139,0.003,9.566,0.025,0.182,1.617,0.240,5.913,0.105,,1.414
2017-05-02,6.710,5.779,3.653,-0.026,0.139,0.003,9.565,0.026,0.181,1.617,0.240,5.912,0.106,,1.410
2017-05-03,6.700,5.778,3.653,-0.025,0.139,0.003,9.564,0.027,0.180,1.617,0.240,5.911,0.106,,1.407
2017-05-04,6.610,5.777,3.653,-0.024,0.139,0.003,9.563,0.027,0.180,1.616,0.240,5.910,0.107,,1.403
2017-05-05,6.630,5.776,3.653,-0.024,0.139,0.003,9.562,0.028,0.179,1.616,0.240,5.909,0.107,,1.399
2017-05-08,6.630,5.775,3.652,-0.023,0.139,0.003,9.561,0.029,0.179,1.616,0.240,5.908,0.108,,1.395
2017-05-09,6.690,5.774,3.652,-0.022,0.139,0.003,9.560,0.029,0.178,1.616,0.240,5.907,0.108,,1.392
2017-05-10,6.760,5.773,3.652,-0.021,0.139,0.003,9.558,0.030,0.178,1.616,0.240,5.906,0.109,,1.388
2017-05-11,6.830,5.772,3.652,-0.021,0.139,0.003,9.557,0.031,0.177,1.616,0.240,5.906,0.110,,1.384
2017-05-12,6.790,5.771,3.652,-0.020,0.139,0.003,9.556,0.031,0.177,1.615,0.240,5.905,0.110,,1.380
2017-05-15,6.830,5.770,3.651,-0.019,0.139,0.003,9.555,0.032,0.176,1.615,0.240,5.904,0.111,,1.377
2017-05-16,6.660,5.769,3.651,-0.018,0.139,0.003,9.554,0.033,0.176,1.615,0.240,5.903,0.111,,1.373
2017-05-17,6.720,5.767,3.651,-0.018,0.140,0.003,9.553,0.033,0.175,1.615,0.241,5.902,0.112,,1.369
2017-05-18,6.750,5.766,3.651,-0.017,0.140,0.004,9.552,0.034,0.175,1.615,0.241,5.901,0.112,,1.366
2017-05-19,6.790,5.765,3.650,-0.016,0.140,0.004,9.551,0.035,0.174,1.615,0.241,5.900,0.113,,1.362
2017-05-22,6.760,5.764,3.650,-0.015,0.140,0.004,9.550,0.035,0.174,1.614,0.241,5.899,0.113,,1.358
2017-05-23,6.720,5.763,3.650,-0.015,0.140,0.004,9.549,0.036,0.173,1.614,0.241,5.899,0.114,,1.354
2017-05-24,6.750,5.762,3.650,-0.014,0.140,0.004,9.547,0.037,0.173,1.614,0.241,5.898,0.115,,1.351
2017-05-25,6.610,5.761,3.650,-0.013,0.140,0.004,9.546,0.037,0.172,1.614,0.241,5.897,0.115,,1.347
2017-05-26,6.610,5.760,3.649,-0.012,0.140,0.004,9.545,0.038,0.172,1.614,0.241,5.896,0.116,,1.343
2017-05-30,6.660,5.759,3.649,-0.012,0.140,0.004,9.544,0.039,0.171,1.614,0.241,5.895,0.116,,1.339
2017-05-31,6.710,5.758,3.649,-0.011,0.140,0.004,9.543,0.039,0.171,1.613,0.241,5.894,0.117,,1.336
2017-06-01,6.760,5.757,3.649,-0.010,0.140,0.004,9.542,0.040,0.170,1.613,0.241,5.893,0.117,,1.332
2017-06-02,6.840,5.756,3.648,-0.009,0.140,0.004,9.541,0.041,0.169,1.613,0.241,5.892,0.118,,1.333
2017-06-05,6.730,5.755,3.648,-0.008,0.140,0.004,9.540,0.041,0.169,1.613,0.241,5.892,0.118,,1.334
2017-06-06,6.710,5.753,3.648,-0.008,0.140,0.004,9.539,0.042,0.168,1.613,0.241,5.891,0.119,,1.334
2017-06-07,6.640,5.752,3.648,-0.007,0.140,0.004,9.538,0.043,0.168,1.613,0.241,5.890,0.120,,1.335
2017-06-08,6.600,5.751,3.648,-0.006,0.140,0.005,9.537,0.043,0.167,1.613,0.241,5.889,0.120,,1.336
2017-06-09,6.670,5.750,3.647,-0.005,0.140,0.005,9.535,0.044,0.167,1.612,0.241,5.888,0.121,,1.337
2017-06-12,6.690,5.749,3.647,-0.005,0.140,0.005,9.534,0.045,0.166,1.612,0.241,5.887,0.121,,1.338
2017-06-13,6.680,5.748,3.647,-0.004,0.140,0.005,9.533,0.045,0.166,1.612,0.241,5.886,0.122,,1.339
2017-06-14,6.700,5.747,3.647,-0.003,0.140,0.005,9.532,0.046,0.165,1.612,0.241,5.885,0.122,,1.340
2017-06-15,6.690,5.746,3.646,-0.002,0.140,0.005,9.531,0.047,0.165,1.612,0.241,5.885,0.123,,1.340
2017-06-16,6.620,5.745,3.646,-0.002,0.140,0.005,9.530,0.047,0.164,1.612,0.242,5.884,0.123,,1.341
2017-06-19,6.740,5.744,3.646,-0.001,0.140,0.005,9.529,0.048,0.164,1.611,0.242,5.883,0.124,,1.342
2017-06-20,6.660,5.743,3.646,-0.000,0.140,0.005,9.528,0.049,0.163,1.611,0.242,5.882,0.125,,1.343
2017-06-21,6.640,5.742,3.646,0.001,0.140,0.005,9.527,0.049,0.163,1.611,0.242,5.881,0.125,,1.344
2017-06-22,6.680,5.740,3.645,0.001,0.140,0.005,9.526,0.050,0.162,1.611,0.242,5.880,0.126,,1.344
2017-06-23,6.770,5.739,3.645,0.002,0.140,0.005,9.524,0.051,0.162,1.611,0.242,5.879,0.126,,1.345
2017-06-26,6.750,5.738,3.645,0.003,0.140,0.005,9.523,0.051,0.161,1.611,0.242,5.878,0.127,,1.346
2017-06-27,6.720,5.737,3.645,0.004,0.140,0.005,9.522,0.052,0.161,1.610,0.242,5.878,0.127,,1.347
2017-06-28,6.720,5.736,3.644,0.004,0.140,0.006,9.521,0.053,0.160,1.610,0.242,5.877,0.128,,1.348
2017-06-29,6.640,5.735,3.644,0.005,0.140,0.006,9.520,0.053,0.160,1.610,0.242,5.876,0.128,,1.349
2017-06-30,6.740,5.734,3.644,0.006,0.140,0.006,9.519,0.054,0.159,1.610,0.242,5.875,0.129,$0.02,1.350
2017-07-03,6.750,5.734,3.643,0.006,0.140,0.006,9.519,0.054,0.159,1.610,0.242,5.876,0.129,,1.350
2017-07-05,6.760,5.734,3.643,0.005,0.140,0.006,9.519,0.053,0.158,1.611,0.242,5.876,0.128,,1.351
2017-07-06,6.630,5.734,3.642,0.005,0.140,0.006,9.519,0.053,0.158,1.611,0.242,5.877,0.128,,1.352
2017-07-07,6.680,5.734,3.641,0.004,0.140,0.006,9.519,0.052,0.157,1.612,0.242,5.878,0.127,,1.353
2017-07-10,6.680,5.734,3.641,0.004,0.140,0.005,9.519,0.052,0.157,1.612,0.242,5.879,0.127,,1.354
2017-07-11,6.680,5.734,3.640,0.003,0.140,0.005,9.520,0.052,0.157,1.613,0.242,5.880,0.127,,1.354
2017-07-12,6.700,5.734,3.639,0.003,0.140,0.005,9.520,0.051,0.156,1.613,0.242,5.880,0.126,,1.355
2017-07-13,6.700,5.734,3.639,0.002,0.140,0.005,9.520,0.051,0.156,1.614,0.242,5.881,0.126,,1.356
2017-07-14,6.710,5.734,3.638,0.002,0.140,0.005,9.520,0.051,0.155,1.614,0.242,5.882,0.125,,1.357
2017-07-17,6.740,5.734,3.637,0.001,0.140,0.005,9.520,0.050,0.155,1.615,0.242,5.882,0.125,,1.358
2017-07-18,6.690,5.734,3.637,0.001,0.140,0.005,9.520,0.050,0.155,1.615,0.242,5.883,0.125,,1.359
2017-07-19,6.750,5.734,3.636,0.001,0.140,0.005,9.520,0.050,0.154,1.616,0.242,5.884,0.124,,1.360
2017-07-20,6.750,5.734,3.635,0.000,0.140,0.005,9.520,0.049,0.154,1.616,0.242,5.885,0.124,,1.360
2017-07-21,6.770,5.734,3.635,-0.000,0.140,0.005,9.520,0.049,0.154,1.617,0.242,5.886,0.124,,1.361
2017-07-24,6.780,5.734,3.634,-0.001,0.140,0.005,9.520,0.048,0.153,1.617,0.242,5.886,0.123,,1.362
2017-07-25,6.740,5.734,3.634,-0.001,0.140,0.005,9.520,0.048,0.153,1.618,0.242,5.887,0.123,,1.363
2017-07-26,6.680,5.734,3.633,-0.002,0.140,0.005,9.521,0.048,0.152,1.618,0.243,5.888,0.122,,1.364
2017-07-27,6.630,5.734,3.632,-0.002,0.140,0.005,9.521,0.047,0.152,1.618,0.243,5.888,0.122,,1.364
2017-07-28,6.650,5.734,3.632,-0.003,0.140,0.005,9.521,0.047,0.152,1.619,0.243,5.889,0.122,,1.365
2017-07-31,6.640,5.734,3.631,-0.003,0.140,0.005,9.521,0.046,0.151,1.619,0.243,5.890,0.121,,1.366
2017-08-01,6.690,5.734,3.630,-0.004,0.140,0.005,9.521,0.046,0.151,1.620,0.243,5.891,0.121,,1.367
2017-08-02,6.610,5.734,3.630,-0.004,0.140,0.005,9.521,0.046,0.150,1.620,0.243,5.892,0.120,,1.369
2017-08-03,6.570,5.734,3.629,-0.004,0.140,0.005,9.521,0.045,0.150,1.621,0.243,5.892,0.120,,1.372
2017-08-04,6.590,5.734,3.628,-0.005,0.140,0.005,9.521,0.045,0.150,1.621,0.243,5.893,0.120,,1.374
2017-08-07,6.580,5.734,3.628,-0.005,0.140,0.005,9.521,0.045,0.149,1.622,0.243,5.894,0.119,,1.377
2017-08-08,6.490,5.734,3.627,-0.006,0.140,0.005,9.521,0.044,0.149,1.622,0.243,5.894,0.119,,1.379
2017-08-09,6.540,5.734,3.626,-0.006,0.140,0.005,9.522,0.044,0.148,1.623,0.243,5.895,0.118,,1.381
2017-08-10,6.800,5.734,3.626,-0.007,0.140,0.005,9.522,0.044,0.148,1.623,0.243,5.896,0.118,,1.384
2017-08-11,6.830,5.734,3.625,-0.007,0.140,0.005,9.522,0.043,0.148,1.624,0.243,5.897,0.118,,1.386
2017-08-14,7.170,5.734,3.624,-0.008,0.140,0.004,9.522,0.043,0.147,1.624,0.243,5.898,0.117,,1.389
2017-08-15,7.150,5.734,3.624,-0.008,0.140,0.004,9.522,0.042,0.147,1.625,0.243,5.898,0.117,,1.391
2017-08-16,7.270,5.733,3.623,-0.008,0.140,0.004,9.522,0.042,0.147,1.625,0.243,5.899,0.116,,1.393
2017-08-17,7.330,5.733,3.622,-0.009,0.139,0.004,9.522,0.042,0.146,1.625,0.243,5.900,0.116,,1.396
2017-08-18,7.270,5.733,3.622,-0.009,0.139,0.004,9.522,0.041,0.146,1.626,0.243,5.900,0.116,,1.398
2017-08-21,7.260,5.733,3.621,-0.010,0.139,0.004,9.522,0.041,0.145,1.626,0.243,5.901,0.115,,1.400
2017-08-22,7.210,5.733,3.620,-0.010,0.139,0.004,9.522,0.040,0.145,1.627,0.243,5.902,0.115,,1.403
2017-08-23,7.230,5.733,3.620,-0.011,0.139,0.004,9.522,0.040,0.145,1.627,0.243,5.903,0.115,,1.405
2017-08-24,7.130,5.733,3.619,-0.011,0.139,0.004,9.523,0.040,0.144,1.628,0.243,5.904,0.114,,1.408
2017-08-25,7.130,5.733,3.618,-0.012,0.139,0.004,9.523,0.039,0.144,1.628,0.243,5.904,0.114,,1.410
2017-08-28,7.120,5.733,3.618,-0.012,0.139,0.004,9.523,0.039,0.143,1.629,0.243,5.905,0.113,,1.412
2017-08-29,7.060,5.733,3.617,-0.013,0.139,0.004,9.523,0.039,0.143,1.629,0.243,5.906,0.113,,1.415
2017-08-30,7.170,5.733,3.616,-0.013,0.139,0.004,9.523,0.038,0.143,1.630,0.243,5.906,0.113,,1.417
2017-08-31,7.210,5.733,3.616,-0.013,0.139,0.004,9.523,0.038,0.142,1.630,0.243,5.907,0.112,,1.420
2017-09-01,7.250,5.733,3.615,-0.014,0.139,0.004,9.523,0.038,0.142,1.631,0.243,5.908,0.112,,1.422
2017-09-05,7.140,5.733,3.614,-0.014,0.139,0.004,9.523,0.037,0.141,1.631,0.243,5.909,0.111,,1.424
2017-09-06,7.040,5.733,3.614,-0.015,0.139,0.004,9.523,0.037,0.141,1.632,0.243,5.910,0.111,,1.426
2017-09-07,6.950,5.733,3.613,-0.015,0.139,0.004,9.523,0.036,0.141,1.632,0.243,5.910,0.111,,1.428
2017-09-08,6.960,5.733,3.612,-0.016,0.139,0.004,9.524,0.036,0.140,1.632,0.244,5.911,0.110,,1.430
2017-09-11,7.140,5.733,3.612,-0.016,0.139,0.004,9.524,0.036,0.140,1.633,0.244,5.912,0.110,,1.432
2017-09-12,7.030,5.733,3.611,-0.017,0.139,0.004,9.524,0.035,0.139,1.633,0.244,5.912,0.109,,1.434
2017-09-13,6.910,5.733,3.611,-0.017,0.139,0.004,9.524,0.035,0.139,1.634,0.244,5.913,0.109,,1.436
2017-09-14,6.910,5.733,3.610,-0.018,0.139,0.004,9.524,0.034,0.139,1.634,0.244,5.914,0.109,,1.438
2017-09-15,6.980,5.733,3.609,-0.018,0.139,0.004,9.524,0.034,0.138,1.635,0.244,5.915,0.108,,1.440
2017-09-18,7.070,5.733,3.609,-0.018,0.139,0.004,9.524,0.034,0.138,1.635,0.244,5.916,0.108,,1.442
2017-09-19,7.170,5.733,3.608,-0.019,0.139,0.004,9.524,0.033,0.138,1.636,0.244,5.916,0.108,,1.443
2017-09-20,7.000,5.733,3.607,-0.019,0.139,0.003,9.524,0.033,0.137,1.636,0.244,5.917,0.107,,1.445
2017-09-21,7.030,5.733,3.607,-0.020,0.139,0.003,9.524,0.033,0.137,1.637,0.244,5.918,0.107,,1.447
2017-09-22,6.900,5.733,3.606,-0.020,0.139,0.003,9.524,0.032,0.136,1.637,0.244,5.918,0.106,,1.449
2017-09-25,7.010,5.733,3.605,-0.021,0.139,0.003,9.525,0.032,0.136,1.638,0.244,5.919,0.106,,1.451
2017-09-26,7.000,5.733,3.605,-0.021,0.139,0.003,9.525,0.032,0.136,1.638,0.244,5.920,0.106,,1.453
2017-09-27,7.060,5.733,3.604,-0.022,0.139,0.003,9.525,0.031,0.135,1.639,0.244,5.921,0.105,,1.455
2017-09-28,6.990,5.733,3.603,-0.022,0.139,0.003,9.525,0.031,0.135,1.639,0.244,5.922,0.105,,1.457
2017-09-29,7.060,5.733,3.603,-0.023,0.139,0.003,9.525,0.030,0.134,1.640,0.244,5.922,0.104,,1.459
2017-09-30,7.430,5.733,3.602,-0.023,0.139,0.003,9.525,0.030,0.134,1.640,0.244,5.923,0.104,$-0.07,1.461
2017-10-02,7.800,5.797,3.681,-0.023,0.140,0.003,9.668,0.030,0.135,1.632,0.245,5.987,0.104,,1.463
2017-10-03,7.680,5.860,3.760,-0.024,0.141,0.003,9.811,0.030,0.135,1.625,0.247,6.051,0.105,,1.465
2017-10-04,7.750,5.924,3.839,-0.024,0.142,0.003,9.954,0.030,0.136,1.618,0.248,6.116,0.106,,1.467
2017-10-05,7.720,5.987,3.918,-0.024,0.143,0.003,10.097,0.030,0.137,1.610,0.249,6.180,0.106,,1.469
2017-10-06,7.590,6.051,3.996,-0.025,0.144,0.003,10.241,0.029,0.138,1.602,0.251,6.244,0.106,,1.471
2017-10-09,7.610,6.114,4.075,-0.025,0.145,0.003,10.384,0.029,0.138,1.595,0.252,6.308,0.107,,1.473
2017-10-10,7.700,6.178,4.154,-0.026,0.146,0.003,10.527,0.029,0.139,1.588,0.253,6.373,0.108,,1.475
2017-10-11,7.680,6.241,4.233,-0.026,0.147,0.003,10.670,0.029,0.140,1.580,0.255,6.437,0.108,,1.477
2017-10-12,7.670,6.305,4.312,-0.026,0.148,0.003,10.813,0.029,0.140,1.572,0.256,6.501,0.108,,1.479
2017-10-13,7.680,6.368,4.391,-0.027,0.149,0.003,10.956,0.029,0.141,1.565,0.257,6.565,0.109,,1.481
2017-10-16,7.680,6.432,4.470,-0.027,0.150,0.003,11.099,0.029,0.142,1.557,0.259,6.630,0.110,,1.483
2017-10-17,7.690,6.495,4.548,-0.027,0.151,0.003,11.242,0.029,0.143,1.550,0.260,6.694,0.110,,1.485
2017-10-18,7.740,6.559,4.627,-0.028,0.152,0.003,11.385,0.029,0.143,1.542,0.261,6.758,0.110,,1.486
2017-10-19,7.720,6.622,4.706,-0.028,0.153,0.003,11.529,0.028,0.144,1.535,0.263,6.822,0.111,,1.488
2017-10-20,7.780,6.686,4.785,-0.028,0.154,0.003,11.672,0.028,0.145,1.527,0.264,6.887,0.112,,1.490
2017-10-23,7.690,6.749,4.864,-0.029,0.155,0.003,11.815,0.028,0.146,1.520,0.266,6.951,0.112,,1.492
2017-10-24,7.700,6.813,4.943,-0.029,0.155,0.003,11.958,0.028,0.146,1.512,0.267,7.015,0.112,,1.494
2017-10-25,7.740,6.876,5.022,-0.029,0.156,0.003,12.101,0.028,0.147,1.505,0.268,7.079,0.113,,1.496
2017-10-26,7.720,6.940,5.101,-0.030,0.157,0.003,12.244,0.028,0.148,1.497,0.270,7.143,0.114,,1.498
2017-10-27,7.790,7.003,5.180,-0.030,0.158,0.003,12.387,0.028,0.148,1.490,0.271,7.208,0.114,,1.500
2017-10-30,7.760,7.067,5.258,-0.031,0.159,0.003,12.530,0.028,0.149,1.482,0.272,7.272,0.114,,1.502
2017-10-31,7.660,7.130,5.337,-0.031,0.160,0.002,12.673,0.028,0.150,1.475,0.274,7.336,0.115,,1.504
2017-11-01,7.690,7.194,5.416,-0.031,0.161,0.002,12.817,0.027,0.151,1.467,0.275,7.400,0.116,,1.506
2017-11-02,7.880,7.257,5.495,-0.032,0.162,0.002,12.960,0.027,0.151,1.460,0.276,7.465,0.116,,1.521
2017-11-03,7.750,7.321,5.574,-0.032,0.163,0.002,13.103,0.027,0.152,1.452,0.278,7.529,0.116,,1.535
2017-11-06,7.850,7.384,5.653,-0.032,0.164,0.002,13.246,0.027,0.153,1.445,0.279,7.593,0.117,,1.550
2017-11-07,7.870,7.448,5.732,-0.033,0.165,0.002,13.389,0.027,0.153,1.438,0.280,7.657,0.118,,1.565
2017-11-08,7.860,7.511,5.810,-0.033,0.166,0.002,13.532,0.027,0.154,1.430,0.282,7.722,0.118,,1.580
2017-11-09,7.910,7.575,5.889,-0.033,0.167,0.002,13.675,0.027,0.155,1.422,0.283,7.786,0.119,,1.594
2017-11-10,8.050,7.638,5.968,-0.034,0.168,0.002,13.818,0.027,0.156,1.415,0.284,7.850,0.119,,1.609
2017-11-13,8.000,7.702,6.047,-0.034,0.169,0.002,13.961,0.027,0.156,1.408,0.286,7.914,0.120,,1.624
2017-11-14,7.980,7.765,6.126,-0.034,0.170,0.002,14.105,0.026,0.157,1.400,0.287,7.978,0.120,,1.638
2017-11-15,7.810,7.829,6.205,-0.035,0.171,0.002,14.248,0.026,0.158,1.392,0.288,8.043,0.120,,1.653
2017-11-16,7.870,7.893,6.284,-0.035,0.172,0.002,14.391,0.026,0.158,1.385,0.290,8.107,0.121,,1.668
2017-11-17,7.750,7.956,6.363,-0.036,0.173,0.002,14.534,0.026,0.159,1.378,0.291,8.171,0.122,,1.683
2017-11-20,7.750,8.020,6.442,-0.036,0.174,0.002,14.677,0.026,0.160,1.370,0.292,8.235,0.122,,1.697
2017-11-21,7.930,8.083,6.520,-0.036,0.175,0.002,14.820,0.026,0.161,1.362,0.294,8.300,0.122,,1.712
2017-11-22,7.980,8.147,6.599,-0.037,0.176,0.002,14.963,0.026,0.161,1.355,0.295,8.364,0.123,,1.727
2017-11-24,8.030,8.210,6.678,-0.037,0.177,0.002,15.106,0.026,0.162,1.348,0.296,8.428,0.124,,1.741
2017-11-27,7.940,8.274,6.757,-0.037,0.178,0.002,15.249,0.026,0.163,1.340,0.298,8.492,0.124,,1.756
2017-11-28,7.830,8.337,6.836,-0.038,0.179,0.002,15.392,0.026,0.163,1.332,0.299,8.557,0.124,,1.771
2017-11-29,7.980,8.401,6.915,-0.038,0.180,0.002,15.536,0.025,0.164,1.325,0.300,8.621,0.125,,1.786
2017-11-30,7.990,8.464,6.994,-0.038,0.181,0.002,15.679,0.025,0.165,1.318,0.302,8.685,0.126,,1.800
2017-12-01,7.980,8.528,7.072,-0.039,0.182,0.002,15.822,0.025,0.166,1.310,0.303,8.749,0.126,,1.815
2017-12-04,7.970,8.591,7.151,-0.039,0.183,0.002,15.965,0.025,0.166,1.302,0.304,8.814,0.126,,1.814
2017-12-05,7.830,8.655,7.230,-0.040,0.184,0.002,16.108,0.025,0.167,1.295,0.306,8.878,0.127,,1.812
2017-12-06,7.840,8.718,7.309,-0.040,0.185,0.002,16.251,0.025,0.168,1.287,0.307,8.942,0.128,,1.811
2017-12-07,7.890,8.782,7.388,-0.040,0.186,0.002,16.394,0.025,0.168,1.280,0.308,9.006,0.128,,1.809
2017-12-08,8.030,8.845,7.467,-0.041,0.186,0.002,16.537,0.025,0.169,1.272,0.310,9.070,0.128,,1.808
2017-12-11,8.030,8.909,7.546,-0.041,0.187,0.002,16.680,0.025,0.170,1.265,0.311,9.135,0.129,,1.806
2017-12-12,8.040,8.972,7.625,-0.041,0.188,0.002,16.824,0.024,0.171,1.257,0.313,9.199,0.130,,1.805
2017-12-13,8.040,9.036,7.704,-0.042,0.189,0.002,16.967,0.024,0.171,1.250,0.314,9.263,0.130,,1.804
2017-12-14,8.060,9.099,7.782,-0.042,0.190,0.002,17.110,0.024,0.172,1.242,0.315,9.327,0.130,,1.802
2017-12-15,8.180,9.163,7.861,-0.042,0.191,0.002,17.253,0.024,0.173,1.235,0.317,9.392,0.131,,1.801
2017-12-18,8.150,9.226,7.940,-0.043,0.192,0.002,17.396,0.024,0.174,1.227,0.318,9.456,0.132,,1.799
2017-12-19,8.030,9.290,8.019,-0.043,0.193,0.001,17.539,0.024,0.174,1.220,0.319,9.520,0.132,,1.798
2017-12-20,7.920,9.353,8.098,-0.043,0.194,0.001,17.682,0.024,0.175,1.212,0.321,9.584,0.132,,1.796
2017-12-21,7.950,9.417,8.177,-0.044,0.195,0.001,17.825,0.024,0.176,1.205,0.322,9.649,0.133,,1.795
2017-12-22,7.910,9.480,8.256,-0.044,0.196,0.001,17.968,0.024,0.176,1.198,0.323,9.713,0.134,,1.794
2017-12-26,7.930,9.544,8.334,-0.045,0.197,0.001,18.112,0.023,0.177,1.190,0.325,9.777,0.134,,1.792
2017-12-27,7.940,9.607,8.413,-0.045,0.198,0.001,18.255,0.023,0.178,1.182,0.326,9.841,0.134,,1.791
2017-12-28,8.010,9.671,8.492,-0.045,0.199,0.001,18.398,0.023,0.179,1.175,0.327,9.906,0.135,,1.789
2017-12-29,8.000,9.734,8.571,-0.046,0.200,0.001,18.541,0.023,0.179,1.168,0.329,9.970,0.136,,1.788
2017-12-31,10.105,9.798,8.650,-0.046,0.201,0.001,18.684,0.023,0.180,1.160,0.330,10.034,0.136,$-0.13,1.786
2018-01-02,12.210,9.798,8.650,-0.046,0.202,0.001,18.684,0.024,0.179,1.160,0.332,10.034,0.137,,1.785
2018-01-03,12.200,9.798,8.650,-0.045,0.202,0.001,18.684,0.024,0.179,1.160,0.333,10.035,0.139,,1.784
2018-01-04,11.980,9.798,8.649,-0.045,0.203,0.001,18.685,0.025,0.178,1.160,0.335,10.035,0.140,,1.782
2018-01-05,11.980,9.798,8.649,-0.044,0.204,0.001,18.685,0.026,0.177,1.161,0.336,10.036,0.141,,1.781
2018-01-08,12.010,9.798,8.649,-0.044,0.205,0.001,18.685,0.027,0.176,1.161,0.338,10.036,0.143,,1.779
2018-01-09,11.860,9.799,8.649,-0.043,0.205,0.001,18.685,0.027,0.176,1.161,0.339,10.037,0.144,,1.778
2018-01-10,11.890,9.799,8.649,-0.043,0.206,0.001,18.685,0.028,0.175,1.161,0.341,10.037,0.146,,1.776
2018-01-11,11.880,9.799,8.648,-0.042,0.207,0.002,18.686,0.029,0.174,1.161,0.342,10.037,0.147,,1.775
2018-01-12,11.800,9.799,8.648,-0.042,0.208,0.002,18.686,0.029,0.173,1.161,0.344,10.038,0.148,,1.774
2018-01-16,11.850,9.799,8.648,-0.041,0.208,0.002,18.686,0.030,0.173,1.162,0.345,10.038,0.150,,1.772
2018-01-17,11.700,9.799,8.648,-0.041,0.209,0.002,18.686,0.031,0.172,1.162,0.347,10.039,0.151,,1.771
2018-01-18,11.620,9.799,8.647,-0.040,0.210,0.002,18.686,0.032,0.171,1.162,0.348,10.039,0.152,,1.769
2018-01-19,11.530,9.799,8.647,-0.040,0.210,0.002,18.687,0.032,0.171,1.162,0.350,10.039,0.154,,1.768
2018-01-22,11.660,9.799,8.647,-0.039,0.211,0.002,18.687,0.033,0.170,1.162,0.351,10.040,0.155,,1.766
2018-01-23,11.900,9.799,8.647,-0.039,0.212,0.002,18.687,0.034,0.169,1.162,0.353,10.040,0.157,,1.765
2018-01-24,11.740,9.800,8.647,-0.039,0.213,0.002,18.687,0.034,0.168,1.163,0.354,10.041,0.158,,1.764
2018-01-25,11.730,9.800,8.646,-0.038,0.213,0.002,18.687,0.035,0.168,1.163,0.356,10.041,0.159,,1.762
2018-01-26,11.710,9.800,8.646,-0.038,0.214,0.002,18.687,0.036,0.167,1.163,0.357,10.042,0.161,,1.761
2018-01-29,11.520,9.800,8.646,-0.037,0.215,0.002,18.688,0.036,0.166,1.163,0.359,10.042,0.162,,1.759
2018-01-30,11.430,9.800,8.646,-0.037,0.216,0.002,18.688,0.037,0.165,1.163,0.360,10.042,0.163,,1.758
2018-01-31,11.690,9.800,8.646,-0.036,0.216,0.002,18.688,0.038,0.165,1.163,0.362,10.043,0.165,,1.756
2018-02-01,11.460,9.800,8.645,-0.036,0.217,0.002,18.688,0.039,0.164,1.164,0.363,10.043,0.166,,1.755
2018-02-02,11.470,9.800,8.645,-0.035,0.218,0.002,18.688,0.039,0.163,1.164,0.365,10.044,0.168,,1.759
2018-02-05,11.010,9.800,8.645,-0.035,0.218,0.002,18.689,0.040,0.163,1.164,0.366,10.044,0.169,,1.763
2018-02-06,11.040,9.800,8.645,-0.034,0.219,0.002,18.689,0.041,0.162,1.164,0.368,10.044,0.170,,1.767
2018-02-07,11.010,9.801,8.645,-0.034,0.220,0.002,18.689,0.041,0.161,1.164,0.369,10.045,0.172,,1.771
2018-02-08,10.680,9.801,8.644,-0.033,0.221,0.002,18.689,0.042,0.160,1.164,0.371,10.045,0.173,,1.775
2018-02-09,10.890,9.801,8.644,-0.033,0.221,0.002,18.689,0.043,0.160,1.165,0.372,10.046,0.174,,1.779
2018-02-12,10.910,9.801,8.644,-0.032,0.222,0.002,18.690,0.044,0.159,1.165,0.374,10.046,0.176,,1.783
2018-02-13,10.940,9.801,8.644,-0.032,0.223,0.002,18.690,0.044,0.158,1.165,0.375,10.047,0.177,,1.787
2018-02-14,11.080,9.801,8.644,-0.032,0.224,0.002,18.690,0.045,0.158,1.165,0.377,10.047,0.179,,1.791
2018-02-15,11.180,9.801,8.643,-0.031,0.224,0.002,18.690,0.046,0.157,1.165,0.379,10.047,0.180,,1.795
2018-02-16,11.180,9.801,8.643,-0.031,0.225,0.002,18.690,0.046,0.156,1.165,0.380,10.048,0.181,,1.799
2018-02-20,11.050,9.801,8.643,-0.030,0.226,0.003,18.691,0.047,0.155,1.165,0.382,10.048,0.183,,1.803
2018-02-21,10.830,9.801,8.643,-0.030,0.226,0.003,18.691,0.048,0.155,1.166,0.383,10.049,0.184,,1.807
2018-02-22,11.270,9.801,8.642,-0.029,0.227,0.003,18.691,0.049,0.154,1.166,0.385,10.049,0.185,,1.811
2018-02-23,11.410,9.802,8.642,-0.029,0.228,0.003,18.691,0.049,0.153,1.166,0.386,10.050,0.187,,1.815
2018-02-26,11.400,9.802,8.642,-0.028,0.229,0.003,18.691,0.050,0.152,1.166,0.388,10.050,0.188,,1.819
2018-02-27,11.180,9.802,8.642,-0.028,0.229,0.003,18.692,0.051,0.152,1.166,0.389,10.050,0.189,,1.823
2018-02-28,11.300,9.802,8.642,-0.027,0.230,0.003,18.692,0.051,0.151,1.166,0.391,10.051,0.191,,1.827
2018-03-01,11.390,9.802,8.641,-0.027,0.231,0.003,18.692,0.052,0.150,1.167,0.392,10.051,0.192,,1.831
2018-03-02,11.430,9.802,8.641,-0.026,0.231,0.003,18.692,0.053,0.150,1.167,0.394,10.052,0.194,,1.835
2018-03-05,11.460,9.802,8.641,-0.026,0.232,0.003,18.692,0.054,0.149,1.167,0.395,10.052,0.195,,1.838
2018-03-06,11.490,9.802,8.641,-0.025,0.233,0.003,18.693,0.054,0.148,1.167,0.397,10.052,0.196,,1.842
2018-03-07,11.630,9.802,8.641,-0.025,0.234,0.003,18.693,0.055,0.147,1.167,0.398,10.053,0.198,,1.846
2018-03-08,11.720,9.802,8.640,-0.024,0.234,0.003,18.693,0.056,0.147,1.167,0.400,10.053,0.199,,1.849
2018-03-09,11.780,9.803,8.640,-0.024,0.235,0.003,18.693,0.056,0.146,1.168,0.401,10.054,0.200,,1.853
2018-03-12,11.790,9.803,8.640,-0.024,0.236,0.003,18.693,0.057,0.145,1.168,0.403,10.054,0.202,,1.856
2018-03-13,11.780,9.803,8.640,-0.023,0.237,0.003,18.693,0.058,0.144,1.168,0.404,10.055,0.203,,1.860
2018-03-14,11.750,9.803,8.640,-0.023,0.237,0.003,18.694,0.058,0.144,1.168,0.406,10.055,0.205,,1.864
2018-03-15,11.760,9.803,8.639,-0.022,0.238,0.003,18.694,0.059,0.143,1.168,0.407,10.055,0.206,,1.867
2018-03-16,11.840,9.803,8.639,-0.022,0.239,0.003,18.694,0.060,0.142,1.168,0.409,10.056,0.207,,1.871
2018-03-19,11.740,9.803,8.639,-0.021,0.239,0.003,18.694,0.061,0.142,1.169,0.410,10.056,0.209,,1.875
2018-03-20,11.600,9.803,8.639,-0.021,0.240,0.003,18.694,0.061,0.141,1.169,0.412,10.057,0.210,,1.878
2018-03-21,11.540,9.803,8.638,-0.020,0.241,0.003,18.695,0.062,0.140,1.169,0.413,10.057,0.211,,1.882
2018-03-22,11.470,9.803,8.638,-0.020,0.242,0.003,18.695,0.063,0.139,1.169,0.415,10.057,0.213,,1.885
2018-03-23,11.380,9.804,8.638,-0.019,0.242,0.003,18.695,0.063,0.139,1.169,0.416,10.058,0.214,,1.889
2018-03-26,11.540,9.804,8.638,-0.019,0.243,0.003,18.695,0.064,0.138,1.169,0.418,10.058,0.216,,1.893
2018-03-27,11.670,9.804,8.638,-0.018,0.244,0.003,18.695,0.065,0.137,1.170,0.419,10.059,0.217,,1.896
2018-03-28,11.780,9.804,8.637,-0.018,0.245,0.004,18.696,0.066,0.136,1.170,0.421,10.059,0.218,,1.900
2018-03-29,11.860,9.804,8.637,-0.017,0.245,0.004,18.696,0.066,0.136,1.170,0.422,10.060,0.220,,1.904
2018-03-31,11.805,9.804,8.637,-0.017,0.246,0.004,18.696,0.067,0.135,1.170,0.424,10.060,0.221,$-0.03,1.907
2018-04-02,11.750,9.804,8.636,-0.017,0.246,0.004,18.696,0.067,0.135,1.170,0.424,10.060,0.221,,1.911
2018-04-03,11.840,9.804,8.635,-0.017,0.246,0.004,18.695,0.067,0.136,1.170,0.424,10.061,0.221,,1.914
2018-04-04,11.880,9.805,8.635,-0.017,0.246,0.004,18.695,0.067,0.136,1.170,0.424,10.061,0.222,,1.918
2018-04-05,11.780,9.805,8.634,-0.017,0.246,0.004,18.694,0.068,0.137,1.171,0.424,10.061,0.222,,1.922
2018-04-06,11.760,9.805,8.633,-0.017,0.247,0.004,18.694,0.068,0.137,1.171,0.425,10.062,0.222,,1.925
2018-04-09,11.740,9.805,8.632,-0.017,0.247,0.004,18.693,0.068,0.138,1.171,0.425,10.062,0.222,,1.929
2018-04-10,11.840,9.805,8.631,-0.017,0.247,0.004,18.693,0.068,0.138,1.171,0.425,10.062,0.223,,1.933
2018-04-11,11.800,9.805,8.630,-0.017,0.247,0.004,18.692,0.068,0.139,1.171,0.425,10.063,0.223,,1.936
2018-04-12,11.730,9.806,8.630,-0.017,0.247,0.004,18.692,0.068,0.139,1.171,0.425,10.063,0.223,,1.940
2018-04-13,11.750,9.806,8.629,-0.017,0.247,0.004,18.691,0.069,0.140,1.172,0.425,10.063,0.223,,1.943
2018-04-16,11.830,9.806,8.628,-0.016,0.247,0.004,18.691,0.069,0.140,1.172,0.425,10.064,0.223,,1.947
2018-04-17,11.950,9.806,8.627,-0.016,0.247,0.004,18.690,0.069,0.141,1.172,0.425,10.064,0.224,,1.951
2018-04-18,11.960,9.806,8.626,-0.016,0.247,0.004,18.690,0.069,0.141,1.172,0.426,10.064,0.224,,1.954
2018-04-19,11.720,9.806,8.626,-0.016,0.248,0.004,18.689,0.069,0.142,1.172,0.426,10.065,0.224,,1.958
2018-04-20,11.750,9.807,8.625,-0.016,0.248,0.004,18.689,0.069,0.142,1.172,0.426,10.065,0.224,,1.962
2018-04-23,11.770,9.807,8.624,-0.016,0.248,0.004,18.688,0.069,0.143,1.172,0.426,10.065,0.224,,1.965
2018-04-24,11.910,9.807,8.623,-0.016,0.248,0.004,18.688,0.070,0.143,1.173,0.426,10.066,0.225,,1.969
2018-04-25,11.960,9.807,8.622,-0.016,0.248,0.004,18.687,0.070,0.144,1.173,0.426,10.066,0.225,,1.972
2018-04-26,12.010,9.807,8.622,-0.016,0.248,0.004,18.687,0.070,0.144,1.173,0.426,10.066,0.225,,1.976
2018-04-27,12.090,9.807,8.621,-0.016,0.248,0.004,18.686,0.070,0.145,1.173,0.426,10.067,0.225,,1.980
2018-04-30,12.040,9.808,8.620,-0.016,0.248,0.004,18.686,0.070,0.145,1.173,0.427,10.067,0.226,,1.983
2018-05-01,12.130,9.808,8.619,-0.016,0.248,0.004,18.686,0.070,0.146,1.173,0.427,10.067,0.226,,1.987
2018-05-02,12.110,9.808,8.618,-0.016,0.248,0.004,18.685,0.071,0.146,1.174,0.427,10.068,0.226,,1.971
2018-05-03,12.070,9.808,8.617,-0.016,0.249,0.004,18.685,0.071,0.147,1.174,0.427,10.068,0.226,,1.954
2018-05-04,12.250,9.808,8.617,-0.016,0.249,0.004,18.684,0.071,0.147,1.174,0.427,10.068,0.226,,1.938
2018-05-07,12.250,9.808,8.616,-0.016,0.249,0.004,18.684,0.071,0.148,1.174,0.427,10.069,0.227,,1.922
2018-05-08,12.230,9.809,8.615,-0.016,0.249,0.004,18.683,0.071,0.148,1.174,0.427,10.069,0.227,,1.905
2018-05-09,12.350,9.809,8.614,-0.016,0.249,0.004,18.683,0.071,0.149,1.174,0.427,10.069,0.227,,1.889
2018-05-10,12.330,9.809,8.613,-0.016,0.249,0.004,18.682,0.071,0.149,1.174,0.428,10.070,0.227,,1.873
2018-05-11,12.330,9.809,8.613,-0.016,0.249,0.004,18.682,0.072,0.150,1.175,0.428,10.070,0.227,,1.856
2018-05-14,12.110,9.809,8.612,-0.016,0.249,0.004,18.681,0.072,0.150,1.175,0.428,10.070,0.228,,1.840
2018-05-15,11.620,9.809,8.611,-0.016,0.249,0.004,18.681,0.072,0.151,1.175,0.428,10.071,0.228,,1.824
2018-05-16,11.550,9.810,8.610,-0.015,0.250,0.004,18.680,0.072,0.151,1.175,0.428,10.071,0.228,,1.807
2018-05-17,11.520,9.810,8.609,-0.015,0.250,0.004,18.680,0.072,0.152,1.175,0.428,10.072,0.228,,1.791
2018-05-18,11.440,9.810,8.608,-0.015,0.250,0.004,18.679,0.072,0.152,1.175,0.428,10.072,0.229,,1.775
2018-05-21,11.410,9.810,8.608,-0.015,0.250,0.004,18.679,0.073,0.153,1.176,0.428,10.072,0.229,,1.759
2018-05-22,11.330,9.810,8.607,-0.015,0.250,0.004,18.678,0.073,0.153,1.176,0.429,10.073,0.229,,1.742
2018-05-23,11.370,9.810,8.606,-0.015,0.250,0.004,18.678,0.073,0.154,1.176,0.429,10.073,0.229,,1.726
2018-05-24,11.390,9.811,8.605,-0.015,0.250,0.004,18.677,0.073,0.154,1.176,0.429,10.073,0.229,,1.710
2018-05-25,11.360,9.811,8.604,-0.015,0.250,0.004,18.677,0.073,0.155,1.176,0.429,10.074,0.230,,1.693
2018-05-29,11.390,9.811,8.604,-0.015,0.250,0.004,18.676,0.073,0.155,1.176,0.429,10.074,0.230,,1.677
2018-05-30,11.670,9.811,8.603,-0.015,0.251,0.004,18.676,0.073,0.156,1.176,0.429,10.074,0.230,,1.661
2018-05-31,11.460,9.811,8.602,-0.015,0.251,0.004,18.675,0.074,0.156,1.177,0.429,10.075,0.230,,1.644
2018-06-01,11.490,9.811,8.601,-0.015,0.251,0.004,18.675,0.074,0.157,1.177,0.429,10.075,0.230,,1.628
2018-06-04,11.630,9.812,8.600,-0.015,0.251,0.004,18.675,0.074,0.157,1.177,0.430,10.075,0.231,,1.628
2018-06-05,11.480,9.812,8.599,-0.015,0.251,0.004,18.674,0.074,0.158,1.177,0.430,10.076,0.231,,1.628
2018-06-06,11.380,9.812,8.599,-0.015,0.251,0.004,18.674,0.074,0.158,1.177,0.430,10.076,0.231,,1.628
2018-06-07,11.570,9.812,8.598,-0.015,0.251,0.004,18.673,0.074,0.159,1.177,0.430,10.076,0.231,,1.627
2018-06-08,11.530,9.812,8.597,-0.015,0.251,0.004,18.673,0.075,0.159,1.178,0.430,10.077,0.232,,1.627
2018-06-11,11.520,9.812,8.596,-0.015,0.251,0.004,18.672,0.075,0.160,1.178,0.430,10.077,0.232,,1.627
2018-06-12,11.530,9.813,8.595,-0.015,0.251,0.004,18.672,0.075,0.160,1.178,0.430,10.077,0.232,,1.627
2018-06-13,11.530,9.813,8.595,-0.015,0.252,0.004,18.671,0.075,0.161,1.178,0.430,10.078,0.232,,1.627
2018-06-14,11.670,9.813,8.594,-0.015,0.252,0.004,18.671,0.075,0.161,1.178,0.431,10.078,0.232,,1.627
2018-06-15,11.660,9.813,8.593,-0.015,0.252,0.004,18.670,0.075,0.162,1.178,0.431,10.078,0.233,,1.627
2018-06-18,11.700,9.813,8.592,-0.014,0.252,0.004,18.670,0.075,0.162,1.178,0.431,10.079,0.233,,1.626
2018-06-19,11.580,9.813,8.591,-0.014,0.252,0.004,18.669,0.076,0.163,1.179,0.431,10.079,0.233,,1.626
2018-06-20,11.740,9.814,8.591,-0.014,0.252,0.004,18.669,0.076,0.163,1.179,0.431,10.079,0.233,,1.626
2018-06-21,11.770,9.814,8.590,-0.014,0.252,0.004,18.668,0.076,0.164,1.179,0.431,10.080,0.233,,1.626
2018-06-22,11.760,9.814,8.589,-0.014,0.252,0.004,18.668,0.076,0.164,1.179,0.431,10.080,0.234,,1.626
2018-06-25,11.840,9.814,8.588,-0.014,0.252,0.004,18.667,0.076,0.165,1.179,0.431,10.080,0.234,,1.626
2018-06-26,11.950,9.814,8.587,-0.014,0.253,0.004,18.667,0.076,0.165,1.179,0.432,10.081,0.234,,1.626
2018-06-27,11.880,9.814,8.586,-0.014,0.253,0.004,18.666,0.077,0.166,1.180,0.432,10.081,0.234,,1.625
2018-06-28,11.990,9.815,8.586,-0.014,0.253,0.004,18.666,0.077,0.166,1.180,0.432,10.081,0.235,,1.625
2018-06-29,12.000,9.815,8.585,-0.014,0.253,0.004,18.665,0.077,0.167,1.180,0.432,10.082,0.235,,1.625
2018-06-30,11.930,9.815,8.584,-0.014,0.253,0.004,18.665,0.077,0.167,1.180,0.432,10.082,0.235,$-0.03,1.625
2018-07-02,11.860,9.812,8.584,-0.014,0.253,0.004,18.662,0.077,0.166,1.180,0.432,10.079,0.235,,1.625
2018-07-03,12.010,9.808,8.583,-0.014,0.253,0.004,18.659,0.077,0.166,1.179,0.432,10.077,0.235,,1.625
2018-07-05,12.010,9.805,8.583,-0.013,0.253,0.004,18.656,0.077,0.165,1.179,0.432,10.074,0.235,,1.625
2018-07-06,12.050,9.802,8.583,-0.013,0.253,0.004,18.653,0.077,0.165,1.179,0.432,10.071,0.235,,1.625
2018-07-09,12.060,9.799,8.583,-0.013,0.253,0.004,18.650,0.078,0.164,1.178,0.432,10.069,0.235,,1.624
2018-07-10,12.050,9.795,8.582,-0.013,0.253,0.004,18.647,0.078,0.164,1.178,0.432,10.066,0.235,,1.624
2018-07-11,12.100,9.792,8.582,-0.012,0.252,0.004,18.644,0.078,0.163,1.178,0.432,10.063,0.235,,1.624
2018-07-12,12.190,9.789,8.582,-0.012,0.252,0.004,18.642,0.078,0.162,1.178,0.432,10.061,0.235,,1.624
2018-07-13,12.160,9.786,8.581,-0.012,0.252,0.004,18.639,0.078,0.162,1.177,0.432,10.058,0.235,,1.624
2018-07-16,12.110,9.782,8.581,-0.012,0.252,0.004,18.636,0.078,0.161,1.177,0.432,10.055,0.235,,1.624
2018-07-17,12.060,9.779,8.581,-0.011,0.252,0.004,18.633,0.078,0.161,1.177,0.432,10.053,0.235,,1.624
2018-07-18,12.210,9.776,8.580,-0.011,0.252,0.004,18.630,0.078,0.160,1.176,0.432,10.050,0.235,,1.623
2018-07-19,12.270,9.773,8.580,-0.011,0.252,0.004,18.627,0.078,0.159,1.176,0.432,10.047,0.235,,1.623
2018-07-20,12.250,9.769,8.580,-0.011,0.252,0.004,18.624,0.079,0.159,1.176,0.432,10.045,0.235,,1.623
2018-07-23,12.210,9.766,8.580,-0.010,0.252,0.004,18.621,0.079,0.158,1.175,0.432,10.042,0.235,,1.623
2018-07-24,11.970,9.763,8.579,-0.010,0.252,0.004,18.618,0.079,0.158,1.175,0.432,10.040,0.235,,1.623
2018-07-25,11.970,9.759,8.579,-0.010,0.252,0.004,18.615,0.079,0.157,1.175,0.433,10.037,0.235,,1.623
2018-07-26,12.110,9.756,8.579,-0.010,0.252,0.004,18.612,0.079,0.157,1.174,0.433,10.034,0.235,,1.623
2018-07-27,12.000,9.753,8.578,-0.010,0.252,0.004,18.609,0.079,0.156,1.174,0.433,10.032,0.235,,1.622
2018-07-30,11.970,9.750,8.578,-0.009,0.251,0.004,18.606,0.079,0.155,1.174,0.433,10.029,0.235,,1.622
2018-07-31,12.030,9.746,8.578,-0.009,0.251,0.004,18.603,0.079,0.155,1.173,0.433,10.026,0.235,,1.622
2018-08-01,12.060,9.743,8.577,-0.009,0.251,0.004,18.600,0.079,0.154,1.173,0.433,10.024,0.235,,1.622
2018-08-02,12.090,9.740,8.577,-0.009,0.251,0.004,18.597,0.080,0.154,1.173,0.433,10.021,0.235,,1.623
2018-08-03,12.220,9.737,8.577,-0.008,0.251,0.004,18.594,0.080,0.153,1.172,0.433,10.018,0.235,,1.624
2018-08-06,12.260,9.733,8.577,-0.008,0.251,0.004,18.592,0.080,0.153,1.172,0.433,10.016,0.235,,1.625
2018-08-07,12.280,9.730,8.576,-0.008,0.251,0.004,18.589,0.080,0.152,1.172,0.433,10.013,0.235,,1.626
2018-08-08,12.260,9.727,8.576,-0.008,0.251,0.004,18.586,0.080,0.151,1.172,0.433,10.010,0.235,,1.626
2018-08-09,12.400,9.724,8.576,-0.007,0.251,0.004,18.583,0.080,0.151,1.171,0.433,10.008,0.235,,1.627
2018-08-10,12.150,9.720,8.575,-0.007,0.251,0.004,18.580,0.080,0.150,1.171,0.433,10.005,0.235,,1.628
2018-08-13,11.950,9.717,8.575,-0.007,0.251,0.004,18.577,0.080,0.150,1.171,0.433,10.002,0.235,,1.629
2018-08-14,11.790,9.714,8.575,-0.007,0.251,0.004,18.574,0.080,0.149,1.170,0.433,10.000,0.235,,1.630
2018-08-15,11.830,9.710,8.574,-0.007,0.250,0.004,18.571,0.080,0.149,1.170,0.433,9.997,0.236,,1.631
2018-08-16,12.090,9.707,8.574,-0.006,0.250,0.004,18.568,0.081,0.148,1.170,0.433,9.994,0.236,,1.632
2018-08-17,12.080,9.704,8.574,-0.006,0.250,0.004,18.565,0.081,0.147,1.169,0.433,9.992,0.236,,1.633
2018-08-20,12.040,9.701,8.574,-0.006,0.250,0.004,18.562,0.081,0.147,1.169,0.433,9.989,0.236,,1.633
2018-08-21,11.970,9.697,8.573,-0.006,0.250,0.004,18.559,0.081,0.146,1.169,0.433,9.986,0.236,,1.634
2018-08-22,11.920,9.694,8.573,-0.005,0.250,0.004,18.556,0.081,0.146,1.168,0.433,9.984,0.236,,1.635
2018-08-23,12.120,9.691,8.573,-0.005,0.250,0.004,18.553,0.081,0.145,1.168,0.433,9.981,0.236,,1.636
2018-08-24,12.100,9.688,8.572,-0.005,0.250,0.004,18.550,0.081,0.144,1.168,0.433,9.978,0.236,,1.637
2018-08-27,12.010,9.684,8.572,-0.005,0.250,0.004,18.548,0.081,0.144,1.168,0.433,9.976,0.236,,1.638
2018-08-28,12.220,9.681,8.572,-0.004,0.250,0.004,18.545,0.081,0.143,1.167,0.433,9.973,0.236,,1.639
2018-08-29,12.180,9.678,8.572,-0.004,0.250,0.004,18.542,0.082,0.143,1.167,0.433,9.970,0.236,,1.640
2018-08-30,12.180,9.675,8.571,-0.004,0.250,0.004,18.539,0.082,0.142,1.167,0.433,9.968,0.236,,1.641
2018-08-31,12.170,9.671,8.571,-0.004,0.250,0.004,18.536,0.082,0.142,1.166,0.433,9.965,0.236,,1.641
2018-09-04,12.060,9.668,8.571,-0.003,0.249,0.004,18.533,0.082,0.141,1.166,0.433,9.962,0.236,,1.642
2018-09-05,12.100,9.665,8.570,-0.003,0.249,0.004,18.530,0.082,0.140,1.166,0.433,9.960,0.236,,1.643
2018-09-06,12.140,9.662,8.570,-0.003,0.249,0.004,18.527,0.082,0.140,1.165,0.433,9.957,0.236,,1.644
2018-09-07,12.160,9.658,8.570,-0.003,0.249,0.004,18.524,0.082,0.139,1.165,0.434,9.955,0.236,,1.645
2018-09-10,12.240,9.655,8.569,-0.003,0.249,0.004,18.521,0.082,0.139,1.165,0.434,9.952,0.236,,1.646
2018-09-11,12.380,9.652,8.569,-0.002,0.249,0.004,18.518,0.082,0.138,1.164,0.434,9.949,0.236,,1.647
2018-09-12,12.220,9.648,8.569,-0.002,0.249,0.004,18.515,0.083,0.138,1.164,0.434,9.947,0.236,,1.648
2018-09-13,12.390,9.645,8.569,-0.002,0.249,0.004,18.512,0.083,0.137,1.164,0.434,9.944,0.236,,1.649
2018-09-14,12.270,9.642,8.568,-0.002,0.249,0.004,18.509,0.083,0.136,1.163,0.434,9.941,0.236,,1.649
2018-09-17,12.340,9.639,8.568,-0.001,0.249,0.004,18.506,0.083,0.136,1.163,0.434,9.939,0.236,,1.650
2018-09-18,12.320,9.635,8.568,-0.001,0.249,0.004,18.503,0.083,0.135,1.163,0.434,9.936,0.236,,1.651
2018-09-19,12.190,9.632,8.567,-0.001,0.249,0.004,18.500,0.083,0.135,1.162,0.434,9.933,0.236,,1.652
2018-09-20,12.310,9.629,8.567,-0.001,0.249,0.005,18.498,0.083,0.134,1.162,0.434,9.931,0.236,,1.653
2018-09-21,12.460,9.626,8.567,-0.000,0.248,0.005,18.495,0.083,0.133,1.162,0.434,9.928,0.236,,1.654
2018-09-24,12.150,9.622,8.566,-0.000,0.248,0.005,18.492,0.083,0.133,1.162,0.434,9.925,0.236,,1.655
2018-09-25,12.120,9.619,8.566,0.000,0.248,0.005,18.489,0.084,0.132,1.161,0.434,9.923,0.236,,1.656
2018-09-26,11.830,9.616,8.566,0.000,0.248,0.005,18.486,0.084,0.132,1.161,0.434,9.920,0.236,,1.656
2018-09-27,11.830,9.613,8.566,0.001,0.248,0.005,18.483,0.084,0.131,1.161,0.434,9.917,0.236,,1.657
2018-09-28,11.930,9.609,8.565,0.001,0.248,0.005,18.480,0.084,0.131,1.160,0.434,9.915,0.236,,1.658
2018-09-30,11.880,9.606,8.565,0.001,0.248,0.005,18.477,0.084,0.130,1.160,0.434,9.912,0.236,$0.00,1.659
2018-10-01,11.830,9.603,8.562,0.001,0.248,0.005,18.470,0.084,0.130,1.160,0.434,9.909,0.236,,1.660
2018-10-02,11.830,9.599,8.559,0.002,0.248,0.005,18.464,0.084,0.130,1.160,0.434,9.905,0.236,,1.657
2018-10-03,11.700,9.596,8.556,0.002,0.248,0.005,18.457,0.084,0.131,1.160,0.434,9.902,0.236,,1.654
2018-10-04,11.560,9.593,8.553,0.003,0.249,0.005,18.451,0.085,0.131,1.160,0.434,9.898,0.236,,1.652
2018-10-05,11.500,9.590,8.549,0.003,0.249,0.005,18.444,0.085,0.131,1.160,0.434,9.895,0.236,,1.649
2018-10-08,11.640,9.586,8.546,0.003,0.249,0.005,18.438,0.085,0.131,1.160,0.434,9.891,0.236,,1.646
2018-10-09,11.650,9.583,8.543,0.004,0.249,0.005,18.431,0.085,0.132,1.160,0.434,9.888,0.236,,1.643
2018-10-10,11.430,9.580,8.540,0.004,0.249,0.005,18.424,0.085,0.132,1.160,0.434,9.884,0.236,,1.641
2018-10-11,11.020,9.576,8.537,0.004,0.249,0.005,18.418,0.085,0.132,1.160,0.434,9.881,0.236,,1.638
2018-10-12,10.980,9.573,8.534,0.005,0.249,0.005,18.411,0.085,0.132,1.160,0.434,9.877,0.236,,1.635
2018-10-15,11.140,9.570,8.531,0.005,0.249,0.005,18.405,0.086,0.133,1.160,0.434,9.874,0.236,,1.632
2018-10-16,11.350,9.567,8.528,0.006,0.250,0.005,18.398,0.086,0.133,1.160,0.434,9.870,0.236,,1.629
2018-10-17,11.330,9.563,8.525,0.006,0.250,0.005,18.392,0.086,0.133,1.160,0.434,9.867,0.236,,1.627
2018-10-18,11.390,9.560,8.521,0.006,0.250,0.005,18.385,0.086,0.133,1.160,0.434,9.864,0.236,,1.624
2018-10-19,11.390,9.557,8.518,0.007,0.250,0.005,18.378,0.086,0.134,1.160,0.434,9.860,0.236,,1.621
2018-10-22,11.300,9.553,8.515,0.007,0.250,0.005,18.372,0.086,0.134,1.160,0.434,9.857,0.237,,1.618
2018-10-23,11.440,9.550,8.512,0.007,0.250,0.005,18.365,0.086,0.134,1.160,0.434,9.853,0.237,,1.615
2018-10-24,11.460,9.547,8.509,0.008,0.250,0.005,18.359,0.087,0.134,1.160,0.434,9.850,0.237,,1.613
2018-10-25,11.440,9.544,8.506,0.008,0.250,0.005,18.352,0.087,0.135,1.160,0.434,9.846,0.237,,1.610
2018-10-26,11.380,9.540,8.503,0.009,0.251,0.005,18.346,0.087,0.135,1.160,0.434,9.843,0.237,,1.607
2018-10-29,11.630,9.537,8.500,0.009,0.251,0.005,18.339,0.087,0.135,1.160,0.434,9.839,0.237,,1.604
2018-10-30,11.510,9.534,8.497,0.009,0.251,0.005,18.332,0.087,0.135,1.160,0.434,9.836,0.237,,1.602
2018-10-31,11.390,9.530,8.493,0.010,0.251,0.005,18.326,0.087,0.135,1.160,0.434,9.832,0.237,,1.599
2018-11-01,11.370,9.527,8.490,0.010,0.251,0.005,18.319,0.087,0.136,1.160,0.434,9.829,0.237,,1.596
2018-11-02,11.050,9.524,8.487,0.011,0.251,0.005,18.313,0.088,0.136,1.160,0.434,9.825,0.237,,1.595
2018-11-05,10.790,9.521,8.484,0.011,0.251,0.005,18.306,0.088,0.136,1.160,0.434,9.822,0.237,,1.595
2018-11-06,10.940,9.517,8.481,0.011,0.251,0.005,18.300,0.088,0.136,1.160,0.434,9.819,0.237,,1.594
2018-11-07,11.090,9.514,8.478,0.012,0.252,0.005,18.293,0.088,0.137,1.160,0.434,9.815,0.237,,1.593
2018-11-08,11.280,9.511,8.475,0.012,0.252,0.005,18.286,0.088,0.137,1.160,0.434,9.812,0.237,,1.593
2018-11-09,11.300,9.507,8.472,0.012,0.252,0.005,18.280,0.088,0.137,1.160,0.434,9.808,0.237,,1.592
2018-11-12,11.270,9.504,8.469,0.013,0.252,0.005,18.273,0.088,0.137,1.160,0.434,9.805,0.237,,1.592
2018-11-13,11.270,9.501,8.465,0.013,0.252,0.005,18.267,0.089,0.138,1.160,0.433,9.801,0.237,,1.591
2018-11-14,11.120,9.498,8.462,0.014,0.252,0.005,18.260,0.089,0.138,1.160,0.433,9.798,0.237,,1.590
2018-11-15,10.980,9.494,8.459,0.014,0.252,0.005,18.254,0.089,0.138,1.160,0.433,9.794,0.237,,1.590
2018-11-16,10.880,9.491,8.456,0.014,0.252,0.005,18.247,0.089,0.138,1.160,0.433,9.791,0.237,,1.589
2018-11-19,10.890,9.488,8.453,0.015,0.253,0.005,18.240,0.089,0.139,1.160,0.433,9.787,0.237,,1.588
2018-11-20,10.780,9.484,8.450,0.015,0.253,0.005,18.234,0.089,0.139,1.160,0.433,9.784,0.237,,1.588
2018-11-21,10.840,9.481,8.447,0.015,0.253,0.005,18.227,0.089,0.139,1.160,0.433,9.781,0.237,,1.587
2018-11-23,10.840,9.478,8.444,0.016,0.253,0.005,18.221,0.090,0.139,1.160,0.433,9.777,0.237,,1.586
2018-11-26,10.900,9.475,8.441,0.016,0.253,0.005,18.214,0.090,0.140,1.160,0.433,9.774,0.237,,1.586
2018-11-27,11.060,9.471,8.437,0.017,0.253,0.005,18.208,0.090,0.140,1.160,0.433,9.770,0.237,,1.585
2018-11-28,11.200,9.468,8.434,0.017,0.253,0.005,18.201,0.090,0.140,1.160,0.433,9.767,0.237,,1.584
2018-11-29,11.130,9.465,8.431,0.017,0.253,0.005,18.194,0.090,0.140,1.160,0.433,9.763,0.237,,1.584
2018-11-30,11.170,9.461,8.428,0.018,0.254,0.005,18.188,0.090,0.140,1.160,0.433,9.760,0.237,,1.583
2018-12-03,11.190,9.458,8.425,0.018,0.254,0.005,18.181,0.090,0.141,1.160,0.433,9.756,0.237,,1.583
2018-12-04,11.050,9.455,8.422,0.019,0.254,0.005,18.175,0.091,0.141,1.160,0.433,9.753,0.237,,1.582
2018-12-06,11.370,9.452,8.419,0.019,0.254,0.005,18.168,0.091,0.141,1.160,0.433,9.749,0.237,,1.581
2018-12-07,11.330,9.448,8.416,0.019,0.254,0.005,18.162,0.091,0.141,1.160,0.433,9.746,0.238,,1.581
2018-12-10,11.300,9.445,8.413,0.020,0.254,0.005,18.155,0.091,0.142,1.160,0.433,9.742,0.238,,1.580
2018-12-11,11.250,9.442,8.409,0.020,0.254,0.005,18.148,0.091,0.142,1.160,0.433,9.739,0.238,,1.579
2018-12-12,11.060,9.438,8.406,0.020,0.254,0.005,18.142,0.091,0.142,1.160,0.433,9.736,0.238,,1.579
2018-12-13,11.180,9.435,8.403,0.021,0.255,0.005,18.135,0.091,0.142,1.160,0.433,9.732,0.238,,1.578
2018-12-14,11.120,9.432,8.400,0.021,0.255,0.005,18.129,0.092,0.143,1.160,0.433,9.729,0.238,,1.577
2018-12-17,10.800,9.429,8.397,0.022,0.255,0.005,18.122,0.092,0.143,1.160,0.433,9.725,0.238,,1.577
2018-12-18,10.860,9.425,8.394,0.022,0.255,0.005,18.116,0.092,0.143,1.160,0.433,9.722,0.238,,1.576
2018-12-19,10.740,9.422,8.391,0.022,0.255,0.005,18.109,0.092,0.143,1.160,0.433,9.718,0.238,,1.576
2018-12-20,10.620,9.419,8.388,0.023,0.255,0.005,18.102,0.092,0.144,1.160,0.433,9.715,0.238,,1.575
2018-12-21,10.430,9.415,8.385,0.023,0.255,0.005,18.096,0.092,0.144,1.160,0.433,9.711,0.238,,1.574
2018-12-24,10.110,9.412,8.381,0.023,0.255,0.005,18.089,0.092,0.144,1.160,0.433,9.708,0.238,,1.574
2018-12-26,10.430,9.409,8.378,0.024,0.256,0.005,18.083,0.093,0.144,1.160,0.433,9.704,0.238,,1.573
2018-12-27,10.470,9.406,8.375,0.024,0.256,0.005,18.076,0.093,0.145,1.160,0.433,9.701,0.238,,1.572
2018-12-28,10.410,9.402,8.372,0.025,0.256,0.005,18.070,0.093,0.145,1.160,0.433,9.697,0.238,,1.572
2018-12-31,10.450,9.399,8.369,0.025,0.256,0.005,18.063,0.093,0.145,1.160,0.433,9.694,0.238,$0.05,1.571
2019-01-02,10.270,9.396,8.367,0.025,0.256,0.005,18.060,0.093,0.145,1.160,0.433,9.693,0.238,,1.570
2019-01-03,10.340,9.394,8.364,0.025,0.256,0.005,18.056,0.093,0.145,1.160,0.433,9.692,0.238,,1.570
2019-01-04,10.380,9.391,8.362,0.025,0.256,0.005,18.053,0.093,0.144,1.160,0.433,9.691,0.238,,1.569
2019-01-07,10.320,9.388,8.359,0.025,0.256,0.005,18.050,0.093,0.144,1.161,0.433,9.690,0.238,,1.569
2019-01-08,10.520,9.386,8.357,0.025,0.256,0.005,18.046,0.093,0.144,1.161,0.433,9.689,0.238,,1.568
2019-01-09,10.460,9.383,8.355,0.025,0.256,0.005,18.043,0.093,0.144,1.161,0.433,9.688,0.238,,1.567
2019-01-10,10.600,9.380,8.352,0.025,0.256,0.005,18.039,0.093,0.143,1.161,0.433,9.687,0.239,,1.567
2019-01-11,10.710,9.377,8.350,0.024,0.257,0.005,18.036,0.093,0.143,1.161,0.433,9.686,0.239,,1.566
2019-01-14,10.640,9.375,8.348,0.024,0.257,0.005,18.033,0.093,0.143,1.161,0.433,9.685,0.239,,1.565
2019-01-15,10.690,9.372,8.345,0.024,0.257,0.005,18.029,0.093,0.143,1.162,0.433,9.684,0.239,,1.565
2019-01-16,10.820,9.369,8.343,0.024,0.257,0.005,18.026,0.093,0.143,1.162,0.434,9.683,0.239,,1.564
2019-01-17,11.060,9.367,8.340,0.024,0.257,0.005,18.023,0.093,0.142,1.162,0.434,9.682,0.239,,1.563
2019-01-18,11.080,9.364,8.338,0.024,0.257,0.005,18.019,0.093,0.142,1.162,0.434,9.681,0.239,,1.563
2019-01-22,10.990,9.361,8.336,0.024,0.257,0.005,18.016,0.093,0.142,1.162,0.434,9.680,0.239,,1.562
2019-01-23,11.000,9.359,8.333,0.024,0.257,0.005,18.012,0.093,0.142,1.162,0.434,9.679,0.239,,1.561
2019-01-24,11.040,9.356,8.331,0.024,0.257,0.005,18.009,0.093,0.141,1.163,0.434,9.678,0.239,,1.561
2019-01-25,11.270,9.353,8.328,0.024,0.257,0.005,18.006,0.093,0.141,1.163,0.434,9.677,0.239,,1.560
2019-01-28,11.450,9.351,8.326,0.024,0.257,0.005,18.002,0.093,0.141,1.163,0.434,9.676,0.239,,1.560
2019-01-29,11.610,9.348,8.324,0.024,0.257,0.005,17.999,0.093,0.141,1.163,0.434,9.675,0.240,,1.559
2019-01-30,11.640,9.345,8.321,0.024,0.257,0.005,17.996,0.093,0.140,1.163,0.434,9.674,0.240,,1.558
2019-01-31,11.730,9.342,8.319,0.024,0.257,0.005,17.992,0.093,0.140,1.163,0.434,9.673,0.240,,1.558
2019-02-01,11.750,9.340,8.316,0.024,0.257,0.005,17.989,0.093,0.140,1.164,0.434,9.672,0.240,,1.557
2019-02-04,11.950,9.337,8.314,0.024,0.257,0.005,17.985,0.093,0.140,1.164,0.434,9.671,0.240,,1.556
2019-02-05,11.960,9.334,8.312,0.023,0.258,0.005,17.982,0.093,0.140,1.164,0.434,9.670,0.240,,1.556
2019-02-06,11.730,9.332,8.309,0.023,0.258,0.005,17.979,0.093,0.139,1.164,0.434,9.669,0.240,,1.555
2019-02-07,11.790,9.329,8.307,0.023,0.258,0.005,17.975,0.093,0.139,1.164,0.434,9.668,0.240,,1.554
2019-02-08,11.900,9.326,8.305,0.023,0.258,0.005,17.972,0.093,0.139,1.164,0.434,9.667,0.240,,1.554
2019-02-11,11.950,9.324,8.302,0.023,0.258,0.005,17.969,0.093,0.139,1.165,0.434,9.666,0.240,,1.553
2019-02-12,11.910,9.321,8.300,0.023,0.258,0.005,17.965,0.093,0.138,1.165,0.434,9.665,0.240,,1.552
2019-02-13,11.960,9.318,8.297,0.023,0.258,0.005,17.962,0.093,0.138,1.165,0.434,9.664,0.240,,1.552
2019-02-14,11.860,9.315,8.295,0.023,0.258,0.005,17.958,0.094,0.138,1.165,0.434,9.663,0.240,,1.551
2019-02-15,12.260,9.313,8.293,0.023,0.258,0.005,17.955,0.094,0.138,1.165,0.435,9.662,0.241,,1.550
2019-02-19,12.320,9.310,8.290,0.023,0.258,0.005,17.952,0.094,0.138,1.165,0.435,9.661,0.241,,1.549
2019-02-20,12.110,9.307,8.288,0.023,0.258,0.005,17.948,0.094,0.137,1.165,0.435,9.660,0.241,,1.549
2019-02-21,12.110,9.305,8.285,0.023,0.258,0.005,17.945,0.094,0.137,1.166,0.435,9.659,0.241,,1.548
2019-02-22,12.020,9.302,8.283,0.023,0.258,0.005,17.942,0.094,0.137,1.166,0.435,9.658,0.241,,1.547
2019-02-25,11.990,9.299,8.281,0.023,0.258,0.005,17.938,0.094,0.137,1.166,0.435,9.657,0.241,,1.547
2019-02-26,12.010,9.297,8.278,0.023,0.258,0.005,17.935,0.094,0.136,1.166,0.435,9.656,0.241,,1.546
2019-02-27,12.020,9.294,8.276,0.022,0.259,0.005,17.932,0.094,0.136,1.166,0.435,9.655,0.241,,1.545
2019-02-28,11.990,9.291,8.274,0.022,0.259,0.005,17.928,0.094,0.136,1.166,0.435,9.654,0.241,,1.545
2019-03-01,11.880,9.289,8.271,0.022,0.259,0.005,17.925,0.094,0.136,1.167,0.435,9.653,0.241,,1.544
2019-03-04,12.090,9.286,8.269,0.022,0.259,0.005,17.921,0.094,0.136,1.167,0.435,9.652,0.241,,1.540
2019-03-05,12.130,9.283,8.266,0.022,0.259,0.005,17.918,0.094,0.135,1.167,0.435,9.651,0.241,,1.537
2019-03-06,12.180,9.280,8.264,0.022,0.259,0.005,17.915,0.094,0.135,1.167,0.435,9.650,0.242,,1.533
2019-03-07,12.170,9.278,8.262,0.022,0.259,0.005,17.911,0.094,0.135,1.167,0.435,9.649,0.242,,1.529
2019-03-08,12.220,9.275,8.259,0.022,0.259,0.005,17.908,0.094,0.135,1.167,0.435,9.648,0.242,,1.526
2019-03-11,12.270,9.272,8.257,0.022,0.259,0.005,17.905,0.094,0.134,1.168,0.435,9.647,0.242,,1.522
2019-03-12,12.260,9.270,8.254,0.022,0.259,0.005,17.901,0.094,0.134,1.168,0.435,9.646,0.242,,1.518
2019-03-13,12.330,9.267,8.252,0.022,0.259,0.005,17.898,0.094,0.134,1.168,0.435,9.645,0.242,,1.515
2019-03-14,12.440,9.264,8.250,0.022,0.259,0.005,17.894,0.094,0.134,1.168,0.435,9.644,0.242,,1.511
2019-03-15,12.440,9.262,8.247,0.022,0.259,0.005,17.891,0.094,0.133,1.168,0.435,9.643,0.242,,1.507
2019-03-18,12.270,9.259,8.245,0.022,0.259,0.005,17.888,0.094,0.133,1.168,0.436,9.642,0.242,,1.504
2019-03-19,12.150,9.256,8.242,0.022,0.259,0.005,17.884,0.094,0.133,1.169,0.436,9.641,0.242,,1.500
2019-03-20,12.150,9.254,8.240,0.022,0.259,0.005,17.881,0.094,0.133,1.169,0.436,9.640,0.242,,1.496
2019-03-21,12.440,9.251,8.238,0.021,0.260,0.005,17.878,0.094,0.133,1.169,0.436,9.639,0.242,,1.492
2019-03-22,12.530,9.248,8.235,0.021,0.260,0.005,17.874,0.094,0.132,1.169,0.436,9.638,0.243,,1.489
2019-03-25,12.550,9.245,8.233,0.021,0.260,0.005,17.871,0.094,0.132,1.169,0.436,9.637,0.243,,1.485
2019-03-26,12.690,9.243,8.231,0.021,0.260,0.005,17.867,0.094,0.132,1.169,0.436,9.636,0.243,,1.481
2019-03-27,12.590,9.240,8.228,0.021,0.260,0.005,17.864,0.094,0.132,1.170,0.436,9.635,0.243,,1.478
2019-03-28,12.610,9.237,8.226,0.021,0.260,0.005,17.861,0.094,0.131,1.170,0.436,9.634,0.243,,1.474
2019-03-29,12.690,9.235,8.223,0.021,0.260,0.005,17.857,0.094,0.131,1.170,0.436,9.633,0.243,,1.470
2019-03-31,12.730,9.232,8.221,0.021,0.260,0.005,17.854,0.094,0.131,1.170,0.436,9.632,0.243,$0.04,1.467
2019-04-01,12.770,9.230,8.218,0.021,0.260,0.005,17.852,0.094,0.130,1.170,0.436,9.633,0.243,,1.463
2019-04-02,12.820,9.228,8.215,0.022,0.260,0.005,17.850,0.094,0.129,1.171,0.436,9.633,0.243,,1.458
2019-04-03,12.850,9.227,8.212,0.022,0.260,0.005,17.847,0.095,0.128,1.171,0.436,9.634,0.244,,1.453
2019-04-04,12.830,9.225,8.210,0.022,0.260,0.005,17.845,0.095,0.128,1.172,0.436,9.635,0.244,,1.449
2019-04-05,12.870,9.223,8.207,0.022,0.260,0.005,17.843,0.095,0.127,1.172,0.436,9.636,0.244,,1.444
2019-04-08,12.790,9.221,8.204,0.023,0.260,0.005,17.841,0.095,0.126,1.173,0.437,9.636,0.244,,1.439
2019-04-09,12.640,9.219,8.201,0.023,0.260,0.005,17.839,0.096,0.125,1.173,0.437,9.637,0.244,,1.434
2019-04-10,12.730,9.218,8.198,0.023,0.260,0.005,17.836,0.096,0.124,1.174,0.437,9.638,0.245,,1.429
2019-04-11,12.860,9.216,8.195,0.024,0.260,0.005,17.834,0.096,0.123,1.174,0.437,9.638,0.245,,1.425
2019-04-12,13.060,9.214,8.192,0.024,0.260,0.005,17.832,0.096,0.123,1.175,0.437,9.639,0.245,,1.420
2019-04-15,13.100,9.212,8.189,0.024,0.260,0.005,17.830,0.096,0.122,1.175,0.437,9.640,0.245,,1.415
2019-04-16,12.790,9.210,8.187,0.024,0.260,0.005,17.828,0.097,0.121,1.176,0.437,9.640,0.245,,1.410
2019-04-17,12.690,9.209,8.184,0.025,0.260,0.005,17.826,0.097,0.120,1.176,0.437,9.641,0.246,,1.405
2019-04-18,12.810,9.207,8.181,0.025,0.260,0.005,17.823,0.097,0.119,1.177,0.437,9.642,0.246,,1.400
2019-04-22,12.600,9.205,8.178,0.025,0.260,0.005,17.821,0.097,0.118,1.177,0.437,9.643,0.246,,1.396
2019-04-23,12.750,9.203,8.175,0.026,0.260,0.005,17.819,0.098,0.118,1.178,0.438,9.643,0.246,,1.391
2019-04-24,12.940,9.201,8.172,0.026,0.260,0.005,17.817,0.098,0.117,1.178,0.438,9.644,0.246,,1.386
2019-04-25,13.010,9.200,8.169,0.026,0.260,0.005,17.815,0.098,0.116,1.178,0.438,9.645,0.247,,1.381
2019-04-26,13.130,9.198,8.166,0.026,0.260,0.006,17.812,0.098,0.115,1.179,0.438,9.645,0.247,,1.376
2019-04-29,12.990,9.196,8.164,0.027,0.260,0.006,17.810,0.098,0.114,1.179,0.438,9.646,0.247,,1.372
2019-04-30,13.050,9.194,8.161,0.027,0.260,0.006,17.808,0.099,0.113,1.180,0.438,9.647,0.247,,1.367
2019-05-01,13.010,9.192,8.158,0.027,0.260,0.006,17.806,0.099,0.112,1.180,0.438,9.647,0.247,,1.362
2019-05-02,13.000,9.191,8.155,0.027,0.260,0.006,17.804,0.099,0.112,1.181,0.438,9.648,0.248,,1.359
2019-05-03,13.070,9.189,8.152,0.028,0.260,0.006,17.801,0.099,0.111,1.181,0.438,9.649,0.248,,1.356
2019-05-06,13.050,9.187,8.149,0.028,0.260,0.006,17.799,0.099,0.110,1.182,0.438,9.650,0.248,,1.354
2019-05-07,12.920,9.185,8.146,0.028,0.260,0.006,17.797,0.100,0.109,1.182,0.438,9.650,0.248,,1.351
2019-05-08,12.830,9.183,8.143,0.029,0.260,0.006,17.795,0.100,0.108,1.183,0.439,9.651,0.248,,1.348
2019-05-09,12.960,9.182,8.141,0.029,0.260,0.006,17.793,0.100,0.107,1.183,0.439,9.652,0.249,,1.345
2019-05-10,13.140,9.180,8.138,0.029,0.260,0.006,17.791,0.100,0.107,1.184,0.439,9.652,0.249,,1.343
2019-05-13,13.040,9.178,8.135,0.029,0.260,0.006,17.788,0.101,0.106,1.184,0.439,9.653,0.249,,1.340
2019-05-14,13.000,9.176,8.132,0.030,0.260,0.006,17.786,0.101,0.105,1.185,0.439,9.654,0.249,,1.337
2019-05-15,13.110,9.174,8.129,0.030,0.260,0.006,17.784,0.101,0.104,1.185,0.439,9.654,0.250,,1.334
2019-05-16,13.290,9.173,8.126,0.030,0.259,0.006,17.782,0.101,0.103,1.185,0.439,9.655,0.250,,1.332
2019-05-17,13.310,9.171,8.123,0.031,0.259,0.006,17.780,0.101,0.102,1.186,0.439,9.656,0.250,,1.329
2019-05-20,13.200,9.169,8.120,0.031,0.259,0.006,17.777,0.102,0.101,1.186,0.439,9.657,0.250,,1.326
2019-05-21,13.360,9.167,8.118,0.031,0.259,0.006,17.775,0.102,0.101,1.187,0.439,9.657,0.250,,1.323
2019-05-22,13.350,9.166,8.115,0.031,0.259,0.006,17.773,0.102,0.100,1.187,0.439,9.658,0.251,,1.320
2019-05-23,13.410,9.164,8.112,0.032,0.259,0.006,17.771,0.102,0.099,1.188,0.440,9.659,0.251,,1.318
2019-05-24,13.530,9.162,8.109,0.032,0.259,0.006,17.769,0.103,0.098,1.188,0.440,9.659,0.251,,1.315
2019-05-28,13.340,9.160,8.106,0.032,0.259,0.006,17.766,0.103,0.097,1.189,0.440,9.660,0.251,,1.312
2019-05-29,13.270,9.158,8.103,0.033,0.259,0.006,17.764,0.103,0.096,1.189,0.440,9.661,0.251,,1.309
2019-05-30,13.350,9.157,8.100,0.033,0.259,0.006,17.762,0.103,0.096,1.190,0.440,9.662,0.252,,1.307
2019-05-31,13.460,9.155,8.097,0.033,0.259,0.006,17.760,0.103,0.095,1.190,0.440,9.662,0.252,,1.304
2019-06-03,13.550,9.153,8.094,0.033,0.259,0.006,17.758,0.104,0.094,1.191,0.440,9.663,0.252,,1.301
2019-06-04,13.700,9.151,8.092,0.034,0.259,0.006,17.756,0.104,0.093,1.191,0.440,9.664,0.252,,1.298
2019-06-05,13.820,9.149,8.089,0.034,0.259,0.006,17.753,0.104,0.092,1.192,0.440,9.664,0.252,,1.296
2019-06-06,13.960,9.148,8.086,0.034,0.259,0.006,17.751,0.104,0.091,1.192,0.440,9.665,0.253,,1.293
2019-06-07,13.990,9.146,8.083,0.034,0.259,0.006,17.749,0.104,0.090,1.192,0.440,9.666,0.253,,1.290
2019-06-10,14.070,9.144,8.080,0.035,0.259,0.006,17.747,0.105,0.090,1.193,0.441,9.666,0.253,,1.287
2019-06-11,14.150,9.142,8.077,0.035,0.259,0.006,17.745,0.105,0.089,1.193,0.441,9.667,0.253,,1.285
2019-06-12,14.160,9.140,8.074,0.035,0.259,0.006,17.742,0.105,0.088,1.194,0.441,9.668,0.253,,1.282
2019-06-13,14.220,9.139,8.072,0.036,0.259,0.006,17.740,0.105,0.087,1.194,0.441,9.669,0.254,,1.279
2019-06-14,14.340,9.137,8.069,0.036,0.259,0.006,17.738,0.106,0.086,1.195,0.441,9.669,0.254,,1.276
2019-06-17,14.430,9.135,8.066,0.036,0.259,0.006,17.736,0.106,0.085,1.195,0.441,9.670,0.254,,1.273
2019-06-18,14.440,9.133,8.063,0.036,0.259,0.006,17.734,0.106,0.085,1.196,0.441,9.671,0.254,,1.271
2019-06-19,14.570,9.131,8.060,0.037,0.259,0.006,17.731,0.106,0.084,1.196,0.441,9.671,0.254,,1.268
2019-06-20,14.530,9.130,8.057,0.037,0.259,0.006,17.729,0.106,0.083,1.197,0.441,9.672,0.255,,1.265
2019-06-21,14.260,9.128,8.054,0.037,0.259,0.006,17.727,0.107,0.082,1.197,0.441,9.673,0.255,,1.262
2019-06-24,14.170,9.126,8.051,0.038,0.259,0.006,17.725,0.107,0.081,1.198,0.442,9.673,0.255,,1.260
2019-06-25,14.210,9.124,8.049,0.038,0.259,0.006,17.723,0.107,0.080,1.198,0.442,9.674,0.255,,1.257
2019-06-26,13.880,9.122,8.046,0.038,0.259,0.006,17.721,0.107,0.080,1.199,0.442,9.675,0.255,,1.254
2019-06-27,13.930,9.121,8.043,0.038,0.259,0.006,17.718,0.108,0.079,1.199,0.442,9.676,0.256,,1.251
2019-06-28,14.040,9.119,8.040,0.039,0.259,0.006,17.716,0.108,0.078,1.200,0.442,9.676,0.256,,1.249
2019-06-30,14.235,9.117,8.037,0.039,0.259,0.006,17.714,0.108,0.077,1.200,0.442,9.677,0.256,$0.07,1.246
2019-07-01,14.430,9.112,8.039,0.039,0.259,0.006,17.713,0.108,0.077,1.199,0.442,9.674,0.256,,1.243
2019-07-02,14.650,9.107,8.041,0.039,0.259,0.006,17.712,0.108,0.077,1.199,0.442,9.671,0.256,,1.242
2019-07-03,14.780,9.102,8.044,0.039,0.259,0.006,17.711,0.108,0.077,1.198,0.442,9.668,0.255,,1.241
2019-07-05,14.730,9.098,8.046,0.039,0.259,0.006,17.711,0.107,0.077,1.198,0.442,9.665,0.255,,1.240
2019-07-08,14.850,9.093,8.048,0.039,0.258,0.006,17.710,0.107,0.077,1.197,0.442,9.662,0.255,,1.239
2019-07-09,15.030,9.088,8.050,0.039,0.258,0.006,17.709,0.107,0.077,1.196,0.442,9.659,0.255,,1.238
2019-07-10,15.070,9.083,8.052,0.038,0.258,0.006,17.708,0.107,0.078,1.196,0.442,9.656,0.255,,1.236
2019-07-11,14.970,9.078,8.055,0.038,0.258,0.006,17.707,0.107,0.078,1.195,0.442,9.653,0.254,,1.235
2019-07-12,15.010,9.073,8.057,0.038,0.258,0.006,17.706,0.107,0.078,1.194,0.442,9.650,0.254,,1.234
2019-07-15,15.060,9.068,8.059,0.038,0.258,0.006,17.706,0.106,0.078,1.194,0.442,9.647,0.254,,1.233
2019-07-16,15.040,9.063,8.061,0.038,0.258,0.006,17.705,0.106,0.078,1.193,0.442,9.644,0.254,,1.232
2019-07-17,14.970,9.058,8.063,0.038,0.258,0.006,17.704,0.106,0.078,1.192,0.442,9.641,0.254,,1.231
2019-07-18,14.900,9.054,8.065,0.038,0.258,0.006,17.703,0.106,0.078,1.192,0.442,9.638,0.254,,1.230
2019-07-19,14.540,9.049,8.068,0.038,0.257,0.006,17.702,0.106,0.078,1.191,0.442,9.635,0.253,,1.229
2019-07-22,14.610,9.044,8.070,0.038,0.257,0.006,17.701,0.106,0.078,1.191,0.442,9.632,0.253,,1.228
2019-07-23,14.730,9.039,8.072,0.038,0.257,0.006,17.700,0.106,0.078,1.190,0.442,9.629,0.253,,1.227
2019-07-24,14.620,9.034,8.074,0.038,0.257,0.006,17.700,0.105,0.078,1.189,0.442,9.626,0.253,,1.226
2019-07-25,14.680,9.029,8.076,0.038,0.257,0.006,17.699,0.105,0.078,1.189,0.442,9.623,0.253,,1.224
2019-07-26,14.720,9.024,8.079,0.038,0.257,0.006,17.698,0.105,0.078,1.188,0.442,9.620,0.252,,1.223
2019-07-29,14.830,9.020,8.081,0.037,0.257,0.006,17.697,0.105,0.079,1.188,0.442,9.617,0.252,,1.222
2019-07-30,14.930,9.015,8.083,0.037,0.257,0.006,17.696,0.105,0.079,1.187,0.442,9.614,0.252,,1.221
2019-07-31,14.770,9.010,8.085,0.037,0.257,0.006,17.695,0.105,0.079,1.186,0.442,9.611,0.252,,1.220
2019-08-01,14.760,9.005,8.087,0.037,0.256,0.006,17.695,0.104,0.079,1.186,0.442,9.608,0.252,,1.219
2019-08-02,14.880,9.000,8.090,0.037,0.256,0.006,17.694,0.104,0.079,1.185,0.442,9.605,0.252,,1.221
2019-08-05,14.580,8.995,8.092,0.037,0.256,0.006,17.693,0.104,0.079,1.184,0.442,9.602,0.251,,1.222
2019-08-06,14.720,8.990,8.094,0.037,0.256,0.006,17.692,0.104,0.079,1.184,0.442,9.599,0.251,,1.224
2019-08-07,14.840,8.985,8.096,0.037,0.256,0.006,17.691,0.104,0.079,1.183,0.442,9.596,0.251,,1.225
2019-08-08,14.980,8.981,8.098,0.037,0.256,0.006,17.690,0.104,0.079,1.182,0.442,9.593,0.251,,1.227
2019-08-09,14.980,8.976,8.100,0.037,0.256,0.006,17.690,0.103,0.079,1.182,0.442,9.590,0.251,,1.228
2019-08-12,14.950,8.971,8.103,0.037,0.256,0.006,17.689,0.103,0.079,1.181,0.442,9.587,0.250,,1.230
2019-08-13,14.990,8.966,8.105,0.037,0.256,0.006,17.688,0.103,0.079,1.181,0.442,9.584,0.250,,1.231
2019-08-14,14.850,8.961,8.107,0.037,0.256,0.006,17.687,0.103,0.080,1.180,0.442,9.580,0.250,,1.233
2019-08-15,14.980,8.956,8.109,0.036,0.255,0.006,17.686,0.103,0.080,1.179,0.443,9.577,0.250,,1.234
2019-08-16,15.230,8.951,8.111,0.036,0.255,0.006,17.685,0.103,0.080,1.179,0.443,9.574,0.250,,1.236
2019-08-19,15.370,8.946,8.114,0.036,0.255,0.006,17.684,0.103,0.080,1.178,0.443,9.571,0.249,,1.237
2019-08-20,15.290,8.942,8.116,0.036,0.255,0.006,17.684,0.102,0.080,1.178,0.443,9.568,0.249,,1.239
2019-08-21,15.360,8.937,8.118,0.036,0.255,0.006,17.683,0.102,0.080,1.177,0.443,9.565,0.249,,1.240
2019-08-22,15.610,8.932,8.120,0.036,0.255,0.006,17.682,0.102,0.080,1.176,0.443,9.562,0.249,,1.242
2019-08-23,15.370,8.927,8.122,0.036,0.255,0.006,17.681,0.102,0.080,1.176,0.443,9.559,0.249,,1.243
2019-08-26,15.610,8.922,8.124,0.036,0.255,0.006,17.680,0.102,0.080,1.175,0.443,9.556,0.248,,1.245
2019-08-27,15.630,8.917,8.127,0.036,0.255,0.006,17.679,0.102,0.080,1.174,0.443,9.553,0.248,,1.246
2019-08-28,15.460,8.912,8.129,0.036,0.254,0.006,17.679,0.101,0.080,1.174,0.443,9.550,0.248,,1.248
2019-08-29,15.560,8.907,8.131,0.036,0.254,0.006,17.678,0.101,0.080,1.173,0.443,9.547,0.248,,1.249
2019-08-30,15.470,8.902,8.133,0.036,0.254,0.006,17.677,0.101,0.080,1.172,0.443,9.544,0.248,,1.251
2019-09-03,15.670,8.898,8.135,0.035,0.254,0.006,17.676,0.101,0.081,1.172,0.443,9.541,0.248,,1.252
2019-09-04,15.620,8.893,8.138,0.035,0.254,0.006,17.675,0.101,0.081,1.171,0.443,9.538,0.247,,1.254
2019-09-05,15.390,8.888,8.140,0.035,0.254,0.006,17.674,0.101,0.081,1.171,0.443,9.535,0.247,,1.255
2019-09-06,15.480,8.883,8.142,0.035,0.254,0.006,17.674,0.100,0.081,1.170,0.443,9.532,0.247,,1.256
2019-09-09,15.250,8.878,8.144,0.035,0.254,0.006,17.673,0.100,0.081,1.169,0.443,9.529,0.247,,1.258
2019-09-10,15.040,8.873,8.146,0.035,0.254,0.006,17.672,0.100,0.081,1.169,0.443,9.526,0.247,,1.260
2019-09-11,14.940,8.868,8.149,0.035,0.253,0.006,17.671,0.100,0.081,1.168,0.443,9.523,0.246,,1.261
2019-09-12,15.030,8.864,8.151,0.035,0.253,0.006,17.670,0.100,0.081,1.168,0.443,9.520,0.246,,1.262
2019-09-13,14.980,8.859,8.153,0.035,0.253,0.006,17.669,0.100,0.081,1.167,0.443,9.517,0.246,,1.264
2019-09-16,15.160,8.854,8.155,0.035,0.253,0.006,17.668,0.100,0.081,1.166,0.443,9.514,0.246,,1.266
2019-09-17,15.320,8.849,8.157,0.035,0.253,0.006,17.668,0.099,0.081,1.166,0.443,9.511,0.246,,1.267
2019-09-18,15.330,8.844,8.159,0.035,0.253,0.006,17.667,0.099,0.081,1.165,0.443,9.508,0.246,,1.268
2019-09-19,15.580,8.839,8.162,0.035,0.253,0.006,17.666,0.099,0.081,1.164,0.443,9.505,0.245,,1.270
2019-09-20,15.730,8.834,8.164,0.034,0.253,0.006,17.665,0.099,0.082,1.164,0.443,9.502,0.245,,1.272
2019-09-23,15.510,8.829,8.166,0.034,0.253,0.006,17.664,0.099,0.082,1.163,0.443,9.499,0.245,,1.273
2019-09-24,15.630,8.824,8.168,0.034,0.252,0.006,17.663,0.099,0.082,1.162,0.443,9.496,0.245,,1.274
2019-09-25,15.810,8.820,8.170,0.034,0.252,0.006,17.663,0.098,0.082,1.162,0.443,9.493,0.245,,1.276
2019-09-26,15.980,8.815,8.173,0.034,0.252,0.006,17.662,0.098,0.082,1.161,0.443,9.490,0.244,,1.278
2019-09-27,15.920,8.810,8.175,0.034,0.252,0.006,17.661,0.098,0.082,1.161,0.443,9.487,0.244,,1.279
2019-09-30,15.920,8.805,8.177,0.034,0.252,0.006,17.660,0.098,0.082,1.160,0.443,9.484,0.244,$0.06,1.280
2019-10-01,15.750,8.802,8.178,0.034,0.252,0.006,17.656,0.098,0.082,1.159,0.443,9.478,0.244,,1.282
2019-10-02,15.830,8.799,8.180,0.035,0.252,0.006,17.652,0.098,0.082,1.158,0.443,9.473,0.244,,1.287
2019-10-03,15.880,8.796,8.181,0.035,0.252,0.006,17.647,0.098,0.082,1.157,0.443,9.467,0.244,,1.293
2019-10-04,15.980,8.793,8.183,0.035,0.253,0.006,17.643,0.098,0.083,1.156,0.443,9.462,0.245,,1.298
2019-10-07,15.900,8.790,8.184,0.035,0.253,0.006,17.639,0.099,0.083,1.155,0.443,9.456,0.245,,1.303
2019-10-08,15.780,8.787,8.185,0.036,0.253,0.006,17.635,0.099,0.083,1.154,0.443,9.451,0.245,,1.309
2019-10-09,16.040,8.784,8.187,0.036,0.253,0.006,17.631,0.099,0.083,1.153,0.443,9.445,0.245,,1.314
2019-10-10,16.120,8.781,8.188,0.036,0.253,0.006,17.627,0.099,0.083,1.152,0.443,9.439,0.245,,1.319
2019-10-11,16.070,8.778,8.190,0.037,0.253,0.006,17.622,0.099,0.083,1.152,0.443,9.434,0.245,,1.325
2019-10-14,16.060,8.775,8.191,0.037,0.254,0.006,17.618,0.099,0.084,1.151,0.443,9.428,0.246,,1.330
2019-10-15,16.160,8.772,8.192,0.037,0.254,0.006,17.614,0.099,0.084,1.150,0.443,9.423,0.246,,1.335
2019-10-16,16.190,8.769,8.194,0.037,0.254,0.006,17.610,0.100,0.084,1.149,0.443,9.417,0.246,,1.341
2019-10-17,16.150,8.766,8.195,0.038,0.254,0.006,17.606,0.100,0.084,1.148,0.443,9.411,0.246,,1.346
2019-10-18,16.400,8.763,8.196,0.038,0.254,0.006,17.602,0.100,0.084,1.147,0.443,9.406,0.246,,1.352
2019-10-21,16.520,8.760,8.198,0.038,0.254,0.006,17.597,0.100,0.084,1.146,0.443,9.400,0.246,,1.357
2019-10-22,16.330,8.758,8.199,0.038,0.254,0.006,17.593,0.100,0.084,1.145,0.443,9.395,0.246,,1.362
2019-10-23,16.380,8.755,8.201,0.039,0.255,0.006,17.589,0.100,0.085,1.144,0.443,9.389,0.247,,1.368
2019-10-24,16.410,8.752,8.202,0.039,0.255,0.006,17.585,0.100,0.085,1.143,0.443,9.384,0.247,,1.373
2019-10-25,16.410,8.749,8.203,0.039,0.255,0.006,17.581,0.100,0.085,1.142,0.443,9.378,0.247,,1.378
2019-10-28,16.350,8.746,8.205,0.040,0.255,0.006,17.577,0.100,0.085,1.141,0.443,9.372,0.247,,1.384
2019-10-29,16.360,8.743,8.206,0.040,0.255,0.006,17.572,0.101,0.085,1.140,0.443,9.367,0.247,,1.389
2019-10-30,16.180,8.740,8.208,0.040,0.255,0.006,17.568,0.101,0.085,1.139,0.443,9.361,0.247,,1.394
2019-10-31,16.360,8.737,8.209,0.040,0.256,0.006,17.564,0.101,0.086,1.138,0.443,9.356,0.248,,1.400
2019-11-01,16.380,8.734,8.210,0.041,0.256,0.006,17.560,0.101,0.086,1.138,0.443,9.350,0.248,,1.405
2019-11-04,16.150,8.731,8.212,0.041,0.256,0.006,17.556,0.101,0.086,1.137,0.443,9.345,0.248,,1.411
2019-11-05,15.740,8.728,8.213,0.041,0.256,0.006,17.552,0.101,0.086,1.136,0.443,9.339,0.248,,1.417
2019-11-06,15.940,8.725,8.215,0.042,0.256,0.006,17.547,0.101,0.086,1.135,0.443,9.333,0.248,,1.423
2019-11-07,15.680,8.722,8.216,0.042,0.256,0.006,17.543,0.102,0.086,1.134,0.443,9.328,0.248,,1.429
2019-11-08,15.680,8.719,8.217,0.042,0.257,0.006,17.539,0.102,0.087,1.133,0.443,9.322,0.249,,1.435
2019-11-11,15.650,8.716,8.219,0.042,0.257,0.006,17.535,0.102,0.087,1.132,0.443,9.317,0.249,,1.441
2019-11-12,15.550,8.713,8.220,0.043,0.257,0.006,17.531,0.102,0.087,1.131,0.443,9.311,0.249,,1.447
2019-11-13,15.850,8.710,8.221,0.043,0.257,0.006,17.526,0.102,0.087,1.130,0.444,9.306,0.249,,1.453
2019-11-14,15.940,8.707,8.223,0.043,0.257,0.006,17.522,0.102,0.087,1.129,0.444,9.300,0.249,,1.459
2019-11-15,15.930,8.704,8.224,0.044,0.257,0.006,17.518,0.102,0.087,1.128,0.444,9.294,0.249,,1.465
2019-11-18,15.930,8.701,8.226,0.044,0.257,0.006,17.514,0.102,0.087,1.127,0.444,9.289,0.249,,1.471
2019-11-19,15.900,8.698,8.227,0.044,0.258,0.006,17.510,0.102,0.088,1.126,0.444,9.283,0.250,,1.477
2019-11-20,15.970,8.695,8.228,0.044,0.258,0.006,17.506,0.103,0.088,1.125,0.444,9.278,0.250,,1.482
2019-11-21,15.580,8.692,8.230,0.045,0.258,0.006,17.501,0.103,0.088,1.124,0.444,9.272,0.250,,1.488
2019-11-22,15.750,8.689,8.231,0.045,0.258,0.006,17.497,0.103,0.088,1.123,0.444,9.266,0.250,,1.494
2019-11-25,16.010,8.686,8.233,0.045,0.258,0.006,17.493,0.103,0.088,1.122,0.444,9.261,0.250,,1.500
2019-11-26,16.200,8.683,8.234,0.046,0.258,0.006,17.489,0.103,0.088,1.122,0.444,9.255,0.250,,1.506
2019-11-27,16.120,8.680,8.235,0.046,0.259,0.006,17.485,0.103,0.089,1.121,0.444,9.250,0.251,,1.512
2019-11-29,16.220,8.677,8.237,0.046,0.259,0.006,17.481,0.103,0.089,1.120,0.444,9.244,0.251,,1.518
2019-12-02,16.030,8.674,8.238,0.046,0.259,0.006,17.476,0.104,0.089,1.119,0.444,9.239,0.251,,1.524
2019-12-03,15.980,8.671,8.240,0.047,0.259,0.006,17.472,0.104,0.089,1.118,0.444,9.233,0.251,,1.530
2019-12-04,16.010,8.668,8.241,0.047,0.259,0.006,17.468,0.104,0.089,1.117,0.444,9.227,0.251,,1.536
2019-12-05,15.840,8.665,8.242,0.047,0.259,0.006,17.464,0.104,0.089,1.116,0.444,9.222,0.251,,1.542
2019-12-06,15.950,8.662,8.244,0.048,0.260,0.006,17.460,0.104,0.090,1.115,0.444,9.216,0.252,,1.548
2019-12-09,16.010,8.660,8.245,0.048,0.260,0.006,17.456,0.104,0.090,1.114,0.444,9.211,0.252,,1.554
2019-12-10,15.870,8.657,8.247,0.048,0.260,0.006,17.451,0.104,0.090,1.113,0.444,9.205,0.252,,1.560
2019-12-11,15.650,8.654,8.248,0.048,0.260,0.006,17.447,0.104,0.090,1.112,0.444,9.200,0.252,,1.566
2019-12-12,15.300,8.651,8.249,0.049,0.260,0.006,17.443,0.104,0.090,1.111,0.444,9.194,0.252,,1.572
2019-12-13,15.420,8.648,8.251,0.049,0.260,0.006,17.439,0.105,0.090,1.110,0.444,9.188,0.252,,1.578
2019-12-16,15.500,8.645,8.252,0.049,0.260,0.006,17.435,0.105,0.090,1.109,0.444,9.183,0.252,,1.584
2019-12-17,15.240,8.642,8.253,0.049,0.261,0.006,17.431,0.105,0.091,1.108,0.444,9.177,0.253,,1.590
2019-12-18,15.330,8.639,8.255,0.050,0.261,0.006,17.426,0.105,0.091,1.108,0.444,9.172,0.253,,1.596
2019-12-19,15.530,8.636,8.256,0.050,0.261,0.006,17.422,0.105,0.091,1.107,0.444,9.166,0.253,,1.602
2019-12-20,15.660,8.633,8.258,0.050,0.261,0.006,17.418,0.105,0.091,1.106,0.444,9.160,0.253,,1.608
2019-12-23,15.500,8.630,8.259,0.051,0.261,0.006,17.414,0.105,0.091,1.105,0.444,9.155,0.253,,1.614
2019-12-24,15.510,8.627,8.260,0.051,0.261,0.006,17.410,0.106,0.091,1.104,0.444,9.149,0.253,,1.620
2019-12-26,15.630,8.624,8.262,0.051,0.262,0.006,17.406,0.106,0.092,1.103,0.444,9.144,0.254,,1.626
2019-12-27,15.680,8.621,8.263,0.051,0.262,0.006,17.401,0.106,0.092,1.102,0.444,9.138,0.254,,1.632
2019-12-30,15.810,8.618,8.265,0.052,0.262,0.006,17.397,0.106,0.092,1.101,0.444,9.133,0.254,,1.637
2019-12-31,15.920,8.615,8.266,0.052,0.262,0.006,17.393,0.106,0.092,1.100,0.444,9.127,0.254,$0.10,1.643
2020-01-02,15.990,8.618,8.261,0.052,0.262,0.006,17.396,0.106,0.095,1.102,0.444,9.135,0.254,,1.649
2020-01-03,16.320,8.621,8.256,0.052,0.262,0.006,17.399,0.106,0.099,1.104,0.444,9.143,0.254,,1.655
2020-01-06,16.380,8.623,8.251,0.052,0.262,0.006,17.403,0.106,0.102,1.105,0.444,9.152,0.254,,1.661
2020-01-07,16.030,8.626,8.246,0.052,0.262,0.006,17.406,0.107,0.105,1.107,0.444,9.160,0.255,,1.667
2020-01-08,16.190,8.629,8.241,0.052,0.263,0.006,17.409,0.107,0.109,1.109,0.444,9.168,0.255,,1.673
2020-01-09,16.180,8.632,8.236,0.052,0.263,0.006,17.412,0.107,0.112,1.111,0.445,9.176,0.255,,1.679
2020-01-10,16.310,8.635,8.231,0.052,0.263,0.006,17.416,0.107,0.115,1.112,0.445,9.184,0.255,,1.685
2020-01-13,16.380,8.637,8.226,0.052,0.263,0.006,17.419,0.107,0.118,1.114,0.445,9.193,0.255,,1.691
2020-01-14,16.210,8.640,8.221,0.052,0.263,0.006,17.422,0.107,0.122,1.116,0.445,9.201,0.255,,1.697
2020-01-15,16.330,8.643,8.216,0.052,0.263,0.006,17.425,0.108,0.125,1.118,0.445,9.209,0.255,,1.703
2020-01-16,16.560,8.646,8.211,0.052,0.263,0.006,17.428,0.108,0.128,1.120,0.445,9.217,0.256,,1.709
2020-01-17,16.540,8.649,8.206,0.052,0.263,0.006,17.432,0.108,0.132,1.121,0.445,9.225,0.256,,1.715
2020-01-21,16.770,8.651,8.201,0.052,0.263,0.006,17.435,0.108,0.135,1.123,0.445,9.234,0.256,,1.721
2020-01-22,16.900,8.654,8.196,0.052,0.264,0.006,17.438,0.108,0.138,1.125,0.445,9.242,0.256,,1.727
2020-01-23,17.010,8.657,8.191,0.052,0.264,0.006,17.441,0.108,0.142,1.127,0.445,9.250,0.256,,1.733
2020-01-24,17.000,8.660,8.187,0.051,0.264,0.006,17.445,0.109,0.145,1.128,0.446,9.258,0.256,,1.739
2020-01-27,16.930,8.663,8.182,0.051,0.264,0.006,17.448,0.109,0.148,1.130,0.446,9.266,0.256,,1.745
2020-01-28,16.980,8.666,8.177,0.051,0.264,0.006,17.451,0.109,0.152,1.132,0.446,9.274,0.257,,1.751
2020-01-29,16.990,8.668,8.172,0.051,0.264,0.006,17.454,0.109,0.155,1.134,0.446,9.283,0.257,,1.757
2020-01-30,17.100,8.671,8.167,0.051,0.264,0.006,17.458,0.109,0.158,1.135,0.446,9.291,0.257,,1.763
2020-01-31,17.070,8.674,8.162,0.051,0.264,0.006,17.461,0.109,0.161,1.137,0.446,9.299,0.257,,1.769
2020-02-03,17.040,8.677,8.157,0.051,0.264,0.006,17.464,0.110,0.165,1.139,0.446,9.307,0.257,,1.775
2020-02-04,17.220,8.680,8.152,0.051,0.265,0.006,17.467,0.110,0.168,1.141,0.446,9.315,0.257,,1.781
2020-02-05,17.040,8.682,8.147,0.051,0.265,0.006,17.470,0.110,0.171,1.143,0.446,9.324,0.257,,1.787
2020-02-06,17.120,8.685,8.142,0.051,0.265,0.006,17.474,0.110,0.175,1.144,0.446,9.332,0.258,,1.792
2020-02-07,17.100,8.688,8.137,0.051,0.265,0.006,17.477,0.110,0.178,1.146,0.447,9.340,0.258,,1.798
2020-02-10,17.320,8.691,8.132,0.051,0.265,0.006,17.480,0.110,0.181,1.148,0.447,9.348,0.258,,1.804
2020-02-11,17.130,8.694,8.127,0.051,0.265,0.006,17.483,0.111,0.185,1.150,0.447,9.356,0.258,,1.810
2020-02-12,17.260,8.696,8.122,0.051,0.265,0.006,17.487,0.111,0.188,1.151,0.447,9.365,0.258,,1.816
2020-02-13,17.550,8.699,8.117,0.051,0.265,0.006,17.490,0.111,0.191,1.153,0.447,9.373,0.258,,1.822
2020-02-14,17.660,8.702,8.112,0.051,0.266,0.006,17.493,0.111,0.194,1.155,0.447,9.381,0.258,,1.828
2020-02-18,17.690,8.705,8.107,0.051,0.266,0.006,17.496,0.111,0.198,1.157,0.447,9.389,0.259,,1.834
2020-02-19,17.240,8.708,8.102,0.051,0.266,0.006,17.499,0.111,0.201,1.159,0.447,9.397,0.259,,1.840
2020-02-20,17.110,8.710,8.097,0.051,0.266,0.006,17.503,0.111,0.204,1.160,0.447,9.406,0.259,,1.846
2020-02-21,17.030,8.713,8.092,0.051,0.266,0.006,17.506,0.112,0.208,1.162,0.447,9.414,0.259,,1.852
2020-02-24,16.950,8.716,8.087,0.051,0.266,0.006,17.509,0.112,0.211,1.164,0.447,9.422,0.259,,1.858
2020-02-25,16.520,8.719,8.082,0.051,0.266,0.006,17.512,0.112,0.214,1.166,0.448,9.430,0.259,,1.864
2020-02-26,16.060,8.722,8.077,0.051,0.266,0.006,17.516,0.112,0.218,1.167,0.448,9.438,0.260,,1.870
2020-02-27,15.700,8.724,8.072,0.051,0.266,0.006,17.519,0.112,0.221,1.169,0.448,9.447,0.260,,1.876
2020-02-28,15.570,8.727,8.067,0.051,0.267,0.006,17.522,0.112,0.224,1.171,0.448,9.455,0.260,,1.882
2020-03-02,16.200,8.730,8.062,0.051,0.267,0.006,17.525,0.113,0.228,1.173,0.448,9.463,0.260,,1.888
2020-03-03,16.170,8.733,8.057,0.051,0.267,0.006,17.528,0.113,0.231,1.175,0.448,9.471,0.260,,1.894
2020-03-04,16.670,8.736,8.052,0.051,0.267,0.006,17.532,0.113,0.234,1.176,0.448,9.479,0.260,,1.900
2020-03-05,16.390,8.738,8.047,0.051,0.267,0.006,17.535,0.113,0.237,1.178,0.448,9.488,0.260,,1.906
2020-03-06,16.030,8.741,8.042,0.051,0.267,0.006,17.538,0.113,0.241,1.180,0.448,9.496,0.261,,1.912
2020-03-09,14.890,8.744,8.037,0.051,0.267,0.006,17.541,0.113,0.244,1.182,0.448,9.504,0.261,,1.918
2020-03-10,15.440,8.747,8.033,0.050,0.267,0.006,17.545,0.114,0.247,1.183,0.449,9.512,0.261,,1.924
2020-03-11,14.630,8.750,8.028,0.050,0.267,0.006,17.548,0.114,0.251,1.185,0.449,9.520,0.261,,1.930
2020-03-12,13.930,8.753,8.023,0.050,0.268,0.006,17.551,0.114,0.254,1.187,0.449,9.528,0.261,,1.936
2020-03-13,14.680,8.755,8.018,0.050,0.268,0.006,17.554,0.114,0.257,1.189,0.449,9.537,0.261,,1.942
2020-03-16,11.220,8.758,8.013,0.050,0.268,0.007,17.558,0.114,0.261,1.190,0.449,9.545,0.261,,1.947
2020-03-17,11.990,8.761,8.008,0.050,0.268,0.007,17.561,0.114,0.264,1.192,0.449,9.553,0.262,,1.953
2020-03-18,10.470,8.764,8.003,0.050,0.268,0.007,17.564,0.115,0.267,1.194,0.449,9.561,0.262,,1.959
2020-03-19,10.040,8.767,7.998,0.050,0.268,0.007,17.567,0.115,0.271,1.196,0.449,9.569,0.262,,1.965
2020-03-20,9.330,8.769,7.993,0.050,0.268,0.007,17.570,0.115,0.274,1.198,0.449,9.578,0.262,,1.971
2020-03-23,8.750,8.772,7.988,0.050,0.268,0.007,17.574,0.115,0.277,1.199,0.449,9.586,0.262,,1.977
2020-03-24,9.840,8.775,7.983,0.050,0.268,0.007,17.577,0.115,0.280,1.201,0.450,9.594,0.262,,1.983
2020-03-25,10.240,8.778,7.978,0.050,0.269,0.007,17.580,0.115,0.284,1.203,0.450,9.602,0.262,,1.989
2020-03-26,10.810,8.781,7.973,0.050,0.269,0.007,17.583,0.116,0.287,1.205,0.450,9.610,0.263,,1.995
2020-03-27,11.290,8.783,7.968,0.050,0.269,0.007,17.587,0.116,0.290,1.206,0.450,9.619,0.263,,2.001
2020-03-30,11.500,8.786,7.963,0.050,0.269,0.007,17.590,0.116,0.294,1.208,0.450,9.627,0.263,,2.007
2020-03-31,11.590,8.789,7.958,0.050,0.269,0.007,17.593,0.116,0.297,1.210,0.450,9.635,0.263,$0.09,2.013
2020-04-01,11.130,8.785,7.964,0.050,0.269,0.007,17.595,0.116,0.301,1.209,0.450,9.631,0.263,,2.019
2020-04-02,11.220,8.780,7.970,0.050,0.269,0.007,17.598,0.116,0.306,1.207,0.450,9.628,0.263,,2.001
2020-04-03,10.630,8.776,7.976,0.050,0.269,0.007,17.600,0.116,0.310,1.206,0.450,9.624,0.263,,1.983
2020-04-06,11.770,8.771,7.983,0.050,0.269,0.007,17.603,0.116,0.314,1.205,0.450,9.620,0.263,,1.965
2020-04-07,11.850,8.767,7.989,0.049,0.269,0.007,17.605,0.116,0.319,1.204,0.450,9.617,0.263,,1.947
2020-04-08,12.650,8.762,7.995,0.049,0.269,0.007,17.608,0.116,0.323,1.202,0.450,9.613,0.263,,1.929
2020-04-09,13.340,8.758,8.001,0.049,0.269,0.007,17.610,0.116,0.328,1.201,0.450,9.609,0.263,,1.911
2020-04-13,12.980,8.753,8.007,0.049,0.269,0.007,17.612,0.116,0.332,1.200,0.450,9.605,0.263,,1.893
2020-04-14,13.280,8.749,8.013,0.049,0.269,0.007,17.615,0.116,0.336,1.199,0.450,9.602,0.263,,1.875
2020-04-15,13.070,8.744,8.019,0.049,0.269,0.007,17.617,0.116,0.341,1.197,0.450,9.598,0.263,,1.857
2020-04-16,12.530,8.740,8.025,0.049,0.269,0.007,17.620,0.116,0.345,1.196,0.450,9.594,0.263,,1.839
2020-04-17,13.070,8.735,8.032,0.049,0.269,0.007,17.622,0.116,0.349,1.195,0.450,9.591,0.263,,1.820
2020-04-20,12.210,8.731,8.038,0.049,0.269,0.007,17.625,0.116,0.354,1.193,0.450,9.587,0.263,,1.802
2020-04-21,11.610,8.726,8.044,0.048,0.269,0.007,17.627,0.116,0.358,1.192,0.450,9.583,0.263,,1.784
2020-04-22,12.120,8.722,8.050,0.048,0.269,0.007,17.629,0.116,0.362,1.191,0.450,9.580,0.263,,1.766
2020-04-23,11.850,8.717,8.056,0.048,0.269,0.007,17.632,0.116,0.367,1.190,0.450,9.576,0.264,,1.748
2020-04-24,11.950,8.713,8.062,0.048,0.269,0.007,17.634,0.116,0.371,1.188,0.450,9.572,0.264,,1.730
2020-04-27,12.390,8.708,8.068,0.048,0.269,0.007,17.637,0.116,0.376,1.187,0.450,9.568,0.264,,1.712
2020-04-28,12.510,8.704,8.074,0.048,0.269,0.007,17.639,0.116,0.380,1.186,0.450,9.565,0.264,,1.694
2020-04-29,13.120,8.699,8.081,0.048,0.269,0.007,17.642,0.116,0.384,1.185,0.450,9.561,0.264,,1.676
2020-04-30,12.980,8.695,8.087,0.048,0.269,0.007,17.644,0.116,0.389,1.183,0.450,9.557,0.264,,1.658
2020-05-01,12.550,8.690,8.093,0.048,0.269,0.007,17.646,0.116,0.393,1.182,0.450,9.554,0.264,,1.640
2020-05-04,12.510,8.686,8.099,0.047,0.269,0.007,17.649,0.116,0.397,1.181,0.450,9.550,0.264,,1.636
2020-05-05,12.900,8.681,8.105,0.047,0.269,0.007,17.651,0.116,0.402,1.180,0.450,9.546,0.264,,1.631
2020-05-06,12.650,8.677,8.111,0.047,0.269,0.007,17.654,0.116,0.406,1.178,0.450,9.543,0.264,,1.627
2020-05-07,13.510,8.672,8.117,0.047,0.269,0.007,17.656,0.116,0.410,1.177,0.450,9.539,0.264,,1.623
2020-05-08,13.680,8.668,8.123,0.047,0.269,0.007,17.659,0.116,0.415,1.176,0.450,9.535,0.264,,1.618
2020-05-11,13.900,8.663,8.130,0.047,0.269,0.007,17.661,0.116,0.419,1.174,0.450,9.531,0.264,,1.614
2020-05-12,13.240,8.659,8.136,0.047,0.269,0.007,17.663,0.116,0.424,1.173,0.450,9.528,0.264,,1.610
2020-05-13,13.160,8.654,8.142,0.047,0.269,0.007,17.666,0.116,0.428,1.172,0.450,9.524,0.264,,1.606
2020-05-14,13.180,8.650,8.148,0.047,0.269,0.007,17.668,0.116,0.432,1.171,0.450,9.520,0.264,,1.601
2020-05-15,13.230,8.645,8.154,0.046,0.268,0.007,17.671,0.117,0.437,1.169,0.450,9.517,0.264,,1.597
2020-05-18,13.950,8.641,8.160,0.046,0.268,0.007,17.673,0.117,0.441,1.168,0.450,9.513,0.264,,1.593
2020-05-19,13.850,8.636,8.166,0.046,0.268,0.007,17.676,0.117,0.445,1.167,0.450,9.509,0.264,,1.588
2020-05-20,13.560,8.632,8.172,0.046,0.268,0.007,17.678,0.117,0.450,1.166,0.450,9.506,0.264,,1.584
2020-05-21,13.850,8.627,8.179,0.046,0.268,0.007,17.680,0.117,0.454,1.164,0.450,9.502,0.264,,1.580
2020-05-22,13.970,8.623,8.185,0.046,0.268,0.007,17.683,0.117,0.459,1.163,0.450,9.498,0.264,,1.576
2020-05-26,14.340,8.618,8.191,0.046,0.268,0.007,17.685,0.117,0.463,1.162,0.450,9.494,0.264,,1.571
2020-05-27,14.420,8.614,8.197,0.046,0.268,0.007,17.688,0.117,0.467,1.160,0.450,9.491,0.264,,1.567
2020-05-28,14.380,8.609,8.203,0.046,0.268,0.007,17.690,0.117,0.472,1.159,0.450,9.487,0.264,,1.563
2020-05-29,14.430,8.605,8.209,0.045,0.268,0.007,17.693,0.117,0.476,1.158,0.450,9.483,0.264,,1.558
2020-06-01,15.320,8.600,8.215,0.045,0.268,0.007,17.695,0.117,0.480,1.157,0.450,9.480,0.264,,1.554
2020-06-02,15.140,8.596,8.221,0.045,0.268,0.007,17.697,0.117,0.485,1.155,0.450,9.476,0.264,,1.547
2020-06-03,15.270,8.591,8.228,0.045,0.268,0.007,17.700,0.117,0.489,1.154,0.450,9.472,0.264,,1.540
2020-06-04,15.220,8.587,8.234,0.045,0.268,0.007,17.702,0.117,0.493,1.153,0.450,9.469,0.264,,1.533
2020-06-05,15.730,8.582,8.240,0.045,0.268,0.007,17.705,0.117,0.498,1.152,0.450,9.465,0.264,,1.526
2020-06-08,16.030,8.578,8.246,0.045,0.268,0.007,17.707,0.117,0.502,1.150,0.450,9.461,0.264,,1.519
2020-06-09,15.620,8.573,8.252,0.045,0.268,0.007,17.710,0.117,0.507,1.149,0.450,9.457,0.265,,1.512
2020-06-10,15.130,8.569,8.258,0.045,0.268,0.007,17.712,0.117,0.511,1.148,0.450,9.454,0.265,,1.505
2020-06-11,14.440,8.564,8.264,0.044,0.268,0.007,17.714,0.117,0.515,1.147,0.450,9.450,0.265,,1.498
2020-06-12,15.190,8.560,8.270,0.044,0.268,0.007,17.717,0.117,0.520,1.145,0.450,9.446,0.265,,1.491
2020-06-15,15.570,8.555,8.277,0.044,0.268,0.007,17.719,0.117,0.524,1.144,0.450,9.443,0.265,,1.484
2020-06-16,15.840,8.551,8.283,0.044,0.268,0.007,17.722,0.117,0.528,1.143,0.450,9.439,0.265,,1.478
2020-06-17,15.590,8.546,8.289,0.044,0.268,0.007,17.724,0.117,0.533,1.141,0.450,9.435,0.265,,1.471
2020-06-18,15.560,8.542,8.295,0.044,0.268,0.007,17.727,0.117,0.537,1.140,0.450,9.432,0.265,,1.464
2020-06-19,15.280,8.537,8.301,0.044,0.268,0.007,17.729,0.117,0.541,1.139,0.450,9.428,0.265,,1.457
2020-06-22,15.450,8.533,8.307,0.044,0.268,0.007,17.731,0.117,0.546,1.138,0.450,9.424,0.265,,1.450
2020-06-23,15.340,8.528,8.313,0.044,0.268,0.007,17.734,0.117,0.550,1.136,0.450,9.420,0.265,,1.443
2020-06-24,14.970,8.524,8.319,0.043,0.268,0.007,17.736,0.117,0.555,1.135,0.450,9.417,0.265,,1.436
2020-06-25,15.260,8.519,8.326,0.043,0.268,0.007,17.739,0.117,0.559,1.134,0.450,9.413,0.265,,1.429
2020-06-26,14.940,8.515,8.332,0.043,0.268,0.007,17.741,0.117,0.563,1.133,0.450,9.409,0.265,,1.422
2020-06-29,14.870,8.510,8.338,0.043,0.268,0.007,17.744,0.117,0.568,1.131,0.450,9.406,0.265,,1.415
2020-06-30,15.110,8.506,8.344,0.043,0.268,0.007,17.746,0.117,0.572,1.130,0.450,9.402,0.265,$0.08,1.408
2020-07-01,15.920,8.506,8.344,0.043,0.268,0.007,17.746,0.117,0.572,1.130,0.450,9.402,0.265,,1.401
2020-07-02,15.830,8.505,8.344,0.043,0.268,0.007,17.746,0.117,0.572,1.130,0.450,9.403,0.265,,1.400
2020-07-06,15.740,8.505,8.343,0.043,0.268,0.007,17.746,0.117,0.571,1.130,0.450,9.403,0.265,,1.399
2020-07-07,15.390,8.505,8.343,0.042,0.268,0.007,17.746,0.116,0.571,1.130,0.451,9.403,0.264,,1.398
2020-07-08,15.460,8.504,8.343,0.042,0.268,0.007,17.746,0.116,0.571,1.130,0.451,9.403,0.264,,1.397
2020-07-09,15.340,8.504,8.343,0.042,0.268,0.007,17.746,0.116,0.571,1.130,0.451,9.404,0.264,,1.395
2020-07-10,15.440,8.504,8.343,0.042,0.268,0.007,17.747,0.116,0.571,1.130,0.451,9.404,0.264,,1.394
2020-07-13,15.180,8.504,8.342,0.042,0.268,0.007,17.747,0.116,0.570,1.130,0.451,9.404,0.264,,1.393
2020-07-14,15.290,8.503,8.342,0.042,0.268,0.007,17.747,0.116,0.570,1.130,0.451,9.404,0.264,,1.392
2020-07-15,15.470,8.503,8.342,0.041,0.268,0.007,17.747,0.116,0.570,1.130,0.451,9.405,0.263,,1.391
2020-07-16,15.350,8.503,8.342,0.041,0.268,0.007,17.747,0.116,0.570,1.130,0.452,9.405,0.263,,1.390
2020-07-17,15.710,8.502,8.342,0.041,0.268,0.007,17.747,0.116,0.570,1.130,0.452,9.405,0.263,,1.389
2020-07-20,15.540,8.502,8.341,0.041,0.268,0.007,17.747,0.115,0.570,1.130,0.452,9.405,0.263,,1.388
2020-07-21,15.510,8.502,8.341,0.041,0.268,0.006,17.747,0.115,0.569,1.130,0.452,9.406,0.263,,1.386
2020-07-22,15.920,8.501,8.341,0.041,0.268,0.006,17.747,0.115,0.569,1.130,0.452,9.406,0.263,,1.385
2020-07-23,15.670,8.501,8.341,0.040,0.268,0.006,17.747,0.115,0.569,1.130,0.452,9.406,0.262,,1.384
2020-07-24,15.430,8.501,8.341,0.040,0.267,0.006,17.747,0.115,0.569,1.130,0.452,9.407,0.262,,1.383
2020-07-27,15.700,8.500,8.340,0.040,0.267,0.006,17.747,0.115,0.569,1.130,0.453,9.407,0.262,,1.382
2020-07-28,15.990,8.500,8.340,0.040,0.267,0.006,17.747,0.115,0.568,1.130,0.453,9.407,0.262,,1.381
2020-07-29,16.450,8.500,8.340,0.040,0.267,0.006,17.748,0.114,0.568,1.130,0.453,9.407,0.262,,1.380
2020-07-30,16.720,8.499,8.340,0.040,0.267,0.006,17.748,0.114,0.568,1.130,0.453,9.408,0.262,,1.379
2020-07-31,16.720,8.499,8.340,0.040,0.267,0.006,17.748,0.114,0.568,1.130,0.453,9.408,0.262,,1.378
2020-08-03,16.630,8.499,8.339,0.039,0.267,0.006,17.748,0.114,0.568,1.130,0.453,9.408,0.261,,1.376
2020-08-04,16.630,8.498,8.339,0.039,0.267,0.006,17.748,0.114,0.568,1.130,0.453,9.408,0.261,,1.375
2020-08-05,16.490,8.498,8.339,0.039,0.267,0.006,17.748,0.114,0.567,1.130,0.454,9.409,0.261,,1.374
2020-08-06,16.440,8.498,8.339,0.039,0.267,0.006,17.748,0.114,0.567,1.130,0.454,9.409,0.261,,1.373
2020-08-07,16.930,8.498,8.339,0.039,0.267,0.006,17.748,0.114,0.567,1.130,0.454,9.409,0.261,,1.372
2020-08-10,16.830,8.497,8.338,0.039,0.267,0.006,17.748,0.114,0.567,1.130,0.454,9.409,0.261,,1.371
2020-08-11,16.460,8.497,8.338,0.038,0.267,0.006,17.748,0.113,0.567,1.130,0.454,9.410,0.260,,1.370
2020-08-12,16.730,8.497,8.338,0.038,0.267,0.006,17.748,0.113,0.566,1.130,0.454,9.410,0.260,,1.369
2020-08-13,16.360,8.496,8.338,0.038,0.267,0.006,17.748,0.113,0.566,1.130,0.454,9.410,0.260,,1.368
2020-08-14,16.070,8.496,8.337,0.038,0.267,0.006,17.748,0.113,0.566,1.130,0.454,9.410,0.260,,1.366
2020-08-17,16.590,8.496,8.337,0.038,0.267,0.006,17.749,0.113,0.566,1.130,0.455,9.411,0.260,,1.365
2020-08-18,16.400,8.495,8.337,0.038,0.267,0.006,17.749,0.113,0.566,1.130,0.455,9.411,0.260,,1.364
2020-08-19,16.090,8.495,8.337,0.038,0.267,0.006,17.749,0.113,0.565,1.130,0.455,9.411,0.260,,1.363
2020-08-20,16.120,8.495,8.337,0.037,0.267,0.006,17.749,0.112,0.565,1.130,0.455,9.412,0.259,,1.362
2020-08-21,16.310,8.494,8.336,0.037,0.267,0.006,17.749,0.112,0.565,1.130,0.455,9.412,0.259,,1.361
2020-08-24,16.320,8.494,8.336,0.037,0.267,0.006,17.749,0.112,0.565,1.130,0.455,9.412,0.259,,1.360
2020-08-25,16.220,8.494,8.336,0.037,0.267,0.006,17.749,0.112,0.565,1.130,0.455,9.412,0.259,,1.359
2020-08-26,15.980,8.494,8.336,0.037,0.267,0.006,17.749,0.112,0.564,1.130,0.456,9.413,0.259,,1.357
2020-08-27,16.160,8.493,8.336,0.037,0.267,0.006,17.749,0.112,0.564,1.130,0.456,9.413,0.259,,1.356
2020-08-28,16.070,8.493,8.335,0.036,0.267,0.006,17.749,0.112,0.564,1.130,0.456,9.413,0.258,,1.355
2020-08-31,16.050,8.493,8.335,0.036,0.267,0.006,17.749,0.112,0.564,1.130,0.456,9.413,0.258,,1.354
2020-09-01,16.130,8.492,8.335,0.036,0.267,0.006,17.749,0.112,0.564,1.130,0.456,9.414,0.258,,1.353
2020-09-02,16.450,8.492,8.335,0.036,0.267,0.006,17.750,0.111,0.564,1.130,0.456,9.414,0.258,,1.356
2020-09-03,16.160,8.492,8.335,0.036,0.267,0.006,17.750,0.111,0.563,1.130,0.456,9.414,0.258,,1.358
2020-09-04,16.070,8.491,8.334,0.036,0.267,0.006,17.750,0.111,0.563,1.130,0.457,9.414,0.258,,1.361
2020-09-08,15.800,8.491,8.334,0.036,0.266,0.006,17.750,0.111,0.563,1.130,0.457,9.415,0.258,,1.363
2020-09-09,16.290,8.491,8.334,0.035,0.266,0.006,17.750,0.111,0.563,1.130,0.457,9.415,0.257,,1.366
2020-09-10,15.930,8.490,8.334,0.035,0.266,0.006,17.750,0.111,0.563,1.130,0.457,9.415,0.257,,1.369
2020-09-11,15.970,8.490,8.334,0.035,0.266,0.006,17.750,0.111,0.562,1.130,0.457,9.416,0.257,,1.371
2020-09-14,16.350,8.490,8.333,0.035,0.266,0.006,17.750,0.110,0.562,1.130,0.457,9.416,0.257,,1.374
2020-09-15,16.210,8.489,8.333,0.035,0.266,0.006,17.750,0.110,0.562,1.130,0.457,9.416,0.257,,1.377
2020-09-16,16.220,8.489,8.333,0.035,0.266,0.006,17.750,0.110,0.562,1.130,0.458,9.416,0.257,,1.379
2020-09-17,16.050,8.489,8.333,0.034,0.266,0.006,17.750,0.110,0.562,1.130,0.458,9.417,0.256,,1.382
2020-09-18,15.880,8.488,8.333,0.034,0.266,0.006,17.750,0.110,0.562,1.130,0.458,9.417,0.256,,1.384
2020-09-21,15.460,8.488,8.332,0.034,0.266,0.006,17.750,0.110,0.561,1.130,0.458,9.417,0.256,,1.387
2020-09-22,15.540,8.488,8.332,0.034,0.266,0.006,17.751,0.110,0.561,1.130,0.458,9.417,0.256,,1.390
2020-09-23,14.820,8.488,8.332,0.034,0.266,0.006,17.751,0.110,0.561,1.130,0.458,9.418,0.256,,1.392
2020-09-24,15.110,8.487,8.332,0.034,0.266,0.006,17.751,0.110,0.561,1.130,0.458,9.418,0.256,,1.395
2020-09-25,15.460,8.487,8.332,0.033,0.266,0.006,17.751,0.109,0.561,1.130,0.459,9.418,0.255,,1.398
2020-09-28,16.000,8.487,8.331,0.033,0.266,0.006,17.751,0.109,0.560,1.130,0.459,9.418,0.255,,1.400
2020-09-29,15.700,8.486,8.331,0.033,0.266,0.006,17.751,0.109,0.560,1.130,0.459,9.419,0.255,,1.403
2020-09-30,15.690,8.486,8.331,0.033,0.266,0.006,17.751,0.109,0.560,1.130,0.459,9.419,0.255,$0.06,1.405
2020-10-01,15.940,8.481,8.335,0.034,0.266,0.006,17.747,0.109,0.555,1.129,0.459,9.412,0.255,,1.408
2020-10-02,16.240,8.477,8.338,0.034,0.266,0.006,17.743,0.110,0.549,1.128,0.459,9.404,0.255,,1.410
2020-10-05,16.350,8.472,8.342,0.035,0.267,0.006,17.740,0.110,0.544,1.126,0.459,9.397,0.256,,1.411
2020-10-06,16.290,8.467,8.345,0.035,0.267,0.006,17.736,0.110,0.538,1.125,0.459,9.390,0.256,,1.413
2020-10-07,16.190,8.463,8.349,0.036,0.267,0.006,17.732,0.110,0.533,1.124,0.459,9.382,0.256,,1.415
2020-10-08,16.550,8.458,8.352,0.037,0.267,0.006,17.728,0.111,0.527,1.122,0.459,9.375,0.256,,1.417
2020-10-09,16.410,8.454,8.356,0.037,0.268,0.006,17.724,0.111,0.522,1.121,0.460,9.368,0.256,,1.418
2020-10-12,16.450,8.449,8.359,0.038,0.268,0.006,17.720,0.111,0.517,1.120,0.460,9.360,0.257,,1.420
2020-10-13,16.000,8.444,8.363,0.038,0.268,0.006,17.717,0.111,0.511,1.119,0.460,9.353,0.257,,1.422
2020-10-14,15.780,8.440,8.366,0.039,0.268,0.006,17.713,0.112,0.506,1.118,0.460,9.346,0.257,,1.424
2020-10-15,15.760,8.435,8.370,0.040,0.269,0.006,17.709,0.112,0.500,1.116,0.460,9.338,0.257,,1.425
2020-10-16,15.480,8.430,8.373,0.040,0.269,0.006,17.705,0.112,0.495,1.115,0.460,9.331,0.257,,1.427
2020-10-19,15.330,8.426,8.377,0.041,0.269,0.006,17.701,0.112,0.490,1.114,0.460,9.324,0.258,,1.429
2020-10-20,15.480,8.421,8.380,0.041,0.269,0.006,17.697,0.113,0.484,1.112,0.460,9.316,0.258,,1.431
2020-10-21,15.570,8.416,8.384,0.042,0.270,0.006,17.694,0.113,0.479,1.111,0.460,9.309,0.258,,1.432
2020-10-22,15.950,8.412,8.387,0.042,0.270,0.006,17.690,0.113,0.473,1.110,0.460,9.302,0.258,,1.434
2020-10-23,16.100,8.407,8.391,0.043,0.270,0.006,17.686,0.114,0.468,1.109,0.460,9.294,0.258,,1.436
2020-10-26,15.870,8.402,8.394,0.044,0.270,0.006,17.682,0.114,0.462,1.108,0.460,9.287,0.259,,1.438
2020-10-27,15.540,8.398,8.398,0.044,0.270,0.006,17.678,0.114,0.457,1.106,0.460,9.280,0.259,,1.439
2020-10-28,15.140,8.393,8.401,0.045,0.271,0.006,17.674,0.114,0.452,1.105,0.461,9.272,0.259,,1.441
2020-10-29,15.180,8.389,8.405,0.045,0.271,0.006,17.671,0.115,0.446,1.104,0.461,9.265,0.259,,1.443
2020-10-30,15.100,8.384,8.408,0.046,0.271,0.007,17.667,0.115,0.441,1.102,0.461,9.258,0.259,,1.445
2020-11-02,15.320,8.379,8.412,0.047,0.271,0.007,17.663,0.115,0.435,1.101,0.461,9.250,0.260,,1.446
2020-11-03,15.510,8.375,8.415,0.047,0.272,0.007,17.659,0.115,0.430,1.100,0.461,9.243,0.260,,1.448
2020-11-04,15.970,8.370,8.419,0.048,0.272,0.007,17.655,0.116,0.424,1.099,0.461,9.236,0.260,,1.450
2020-11-05,16.050,8.365,8.422,0.048,0.272,0.007,17.651,0.116,0.419,1.098,0.461,9.228,0.260,,1.451
2020-11-06,16.050,8.361,8.426,0.049,0.272,0.007,17.648,0.116,0.414,1.096,0.461,9.221,0.260,,1.453
2020-11-09,15.280,8.356,8.429,0.050,0.273,0.007,17.644,0.116,0.408,1.095,0.461,9.214,0.261,,1.455
2020-11-10,15.540,8.351,8.433,0.050,0.273,0.007,17.640,0.117,0.403,1.094,0.461,9.206,0.261,,1.457
2020-11-11,16.090,8.347,8.436,0.051,0.273,0.007,17.636,0.117,0.397,1.092,0.461,9.199,0.261,,1.458
2020-11-12,15.920,8.342,8.440,0.051,0.273,0.007,17.632,0.117,0.392,1.091,0.461,9.192,0.261,,1.460
2020-11-13,16.160,8.338,8.444,0.052,0.274,0.007,17.629,0.118,0.386,1.090,0.462,9.184,0.262,,1.462
2020-11-16,16.130,8.333,8.447,0.053,0.274,0.007,17.625,0.118,0.381,1.089,0.462,9.177,0.262,,1.464
2020-11-17,15.950,8.328,8.451,0.053,0.274,0.007,17.621,0.118,0.376,1.088,0.462,9.170,0.262,,1.465
2020-11-18,15.670,8.324,8.454,0.054,0.274,0.007,17.617,0.118,0.370,1.086,0.462,9.163,0.262,,1.467
2020-11-19,15.560,8.319,8.458,0.054,0.274,0.007,17.613,0.119,0.365,1.085,0.462,9.155,0.262,,1.469
2020-11-20,15.650,8.314,8.461,0.055,0.275,0.007,17.609,0.119,0.359,1.084,0.462,9.148,0.263,,1.471
2020-11-23,15.590,8.310,8.465,0.056,0.275,0.007,17.606,0.119,0.354,1.082,0.462,9.141,0.263,,1.472
2020-11-24,15.840,8.305,8.468,0.056,0.275,0.007,17.602,0.119,0.349,1.081,0.462,9.133,0.263,,1.474
2020-11-25,16.200,8.300,8.472,0.057,0.275,0.007,17.598,0.120,0.343,1.080,0.462,9.126,0.263,,1.476
2020-11-27,15.930,8.296,8.475,0.057,0.276,0.007,17.594,0.120,0.338,1.079,0.462,9.119,0.263,,1.478
2020-11-30,15.830,8.291,8.479,0.058,0.276,0.007,17.590,0.120,0.332,1.078,0.462,9.111,0.264,,1.479
2020-12-01,16.200,8.286,8.482,0.059,0.276,0.007,17.586,0.120,0.327,1.076,0.462,9.104,0.264,,1.481
2020-12-02,16.000,8.282,8.486,0.059,0.276,0.007,17.583,0.121,0.321,1.075,0.462,9.097,0.264,,1.484
2020-12-03,16.280,8.277,8.489,0.060,0.277,0.007,17.579,0.121,0.316,1.074,0.463,9.089,0.264,,1.487
2020-12-04,16.750,8.273,8.493,0.060,0.277,0.007,17.575,0.121,0.311,1.072,0.463,9.082,0.264,,1.489
2020-12-07,16.420,8.268,8.496,0.061,0.277,0.007,17.571,0.121,0.305,1.071,0.463,9.075,0.265,,1.492
2020-12-08,16.320,8.263,8.500,0.062,0.277,0.007,17.567,0.122,0.300,1.070,0.463,9.067,0.265,,1.495
2020-12-09,16.170,8.259,8.503,0.062,0.277,0.007,17.563,0.122,0.294,1.069,0.463,9.060,0.265,,1.498
2020-12-10,16.020,8.254,8.507,0.063,0.278,0.007,17.560,0.122,0.289,1.068,0.463,9.053,0.265,,1.501
2020-12-11,16.040,8.249,8.510,0.063,0.278,0.007,17.556,0.123,0.283,1.066,0.463,9.045,0.265,,1.504
2020-12-14,15.940,8.245,8.514,0.064,0.278,0.007,17.552,0.123,0.278,1.065,0.463,9.038,0.266,,1.506
2020-12-15,16.250,8.240,8.517,0.064,0.278,0.007,17.548,0.123,0.273,1.064,0.463,9.031,0.266,,1.509
2020-12-16,16.170,8.235,8.521,0.065,0.279,0.007,17.544,0.123,0.267,1.062,0.463,9.023,0.266,,1.512
2020-12-17,16.220,8.231,8.524,0.066,0.279,0.007,17.540,0.124,0.262,1.061,0.463,9.016,0.266,,1.515
2020-12-18,15.720,8.226,8.528,0.066,0.279,0.007,17.537,0.124,0.256,1.060,0.463,9.009,0.266,,1.518
2020-12-21,15.890,8.221,8.531,0.067,0.279,0.007,17.533,0.124,0.251,1.059,0.463,9.001,0.267,,1.521
2020-12-22,16.080,8.217,8.535,0.067,0.280,0.007,17.529,0.124,0.246,1.058,0.464,8.994,0.267,,1.523
2020-12-23,15.870,8.212,8.538,0.068,0.280,0.007,17.525,0.125,0.240,1.056,0.464,8.987,0.267,,1.526
2020-12-24,16.130,8.208,8.542,0.069,0.280,0.007,17.521,0.125,0.235,1.055,0.464,8.979,0.267,,1.529
2020-12-28,16.250,8.203,8.545,0.069,0.280,0.007,17.517,0.125,0.229,1.054,0.464,8.972,0.267,,1.532
2020-12-29,16.130,8.198,8.549,0.070,0.281,0.007,17.514,0.125,0.224,1.052,0.464,8.965,0.268,,1.535
2020-12-30,16.360,8.194,8.552,0.070,0.281,0.007,17.510,0.126,0.218,1.051,0.464,8.957,0.268,,1.538
2020-12-31,16.450,8.189,8.556,0.071,0.281,0.007,17.506,0.126,0.213,1.050,0.464,8.950,0.268,$0.12,1.540
2021-01-04,16.220,8.189,8.557,0.071,0.281,0.007,17.506,0.126,0.213,1.050,0.464,8.948,0.268,,1.543
2021-01-05,16.470,8.189,8.558,0.071,0.281,0.007,17.505,0.126,0.212,1.049,0.464,8.947,0.268,,1.546
2021-01-06,16.510,8.189,8.560,0.070,0.281,0.007,17.505,0.126,0.212,1.049,0.465,8.945,0.269,,1.549
2021-01-07,16.420,8.189,8.561,0.070,0.282,0.007,17.505,0.126,0.211,1.049,0.465,8.944,0.269,,1.552
2021-01-08,16.640,8.189,8.562,0.070,0.282,0.007,17.505,0.126,0.211,1.048,0.465,8.942,0.269,,1.555
2021-01-11,16.480,8.188,8.563,0.070,0.282,0.007,17.504,0.126,0.210,1.048,0.465,8.941,0.269,,1.557
2021-01-12,16.300,8.188,8.565,0.069,0.282,0.007,17.504,0.126,0.210,1.048,0.465,8.939,0.269,,1.560
2021-01-13,16.240,8.188,8.566,0.069,0.282,0.007,17.504,0.126,0.210,1.047,0.465,8.938,0.270,,1.563
2021-01-14,16.430,8.188,8.567,0.069,0.282,0.007,17.504,0.126,0.209,1.047,0.466,8.936,0.270,,1.566
2021-01-15,16.790,8.188,8.568,0.069,0.283,0.007,17.503,0.126,0.209,1.047,0.466,8.935,0.270,,1.569
2021-01-19,16.700,8.188,8.570,0.068,0.283,0.007,17.503,0.127,0.208,1.046,0.466,8.933,0.270,,1.572
2021-01-20,17.040,8.188,8.571,0.068,0.283,0.007,17.503,0.127,0.208,1.046,0.466,8.932,0.271,,1.574
2021-01-21,17.070,8.188,8.572,0.068,0.283,0.007,17.503,0.127,0.207,1.046,0.466,8.930,0.271,,1.577
2021-01-22,17.030,8.188,8.573,0.068,0.283,0.007,17.502,0.127,0.207,1.045,0.467,8.929,0.271,,1.580
2021-01-25,16.830,8.188,8.575,0.068,0.283,0.007,17.502,0.127,0.207,1.045,0.467,8.927,0.271,,1.583
2021-01-26,16.880,8.187,8.576,0.067,0.284,0.007,17.502,0.127,0.206,1.045,0.467,8.926,0.271,,1.586
2021-01-27,16.290,8.187,8.577,0.067,0.284,0.007,17.502,0.127,0.206,1.044,0.467,8.924,0.272,,1.589
2021-01-28,16.460,8.187,8.578,0.067,0.284,0.007,17.501,0.127,0.205,1.044,0.467,8.923,0.272,,1.591
2021-01-29,16.730,8.187,8.580,0.067,0.284,0.007,17.501,0.127,0.205,1.044,0.467,8.921,0.272,,1.594
2021-02-01,17.260,8.187,8.581,0.066,0.284,0.007,17.501,0.127,0.204,1.043,0.468,8.920,0.272,,1.597
2021-02-02,17.170,8.187,8.582,0.066,0.284,0.007,17.500,0.127,0.204,1.043,0.468,8.918,0.272,,1.598
2021-02-03,17.020,8.187,8.583,0.066,0.285,0.007,17.500,0.127,0.204,1.043,0.468,8.917,0.273,,1.600
2021-02-04,17.080,8.187,8.585,0.066,0.285,0.007,17.500,0.127,0.203,1.042,0.468,8.915,0.273,,1.601
2021-02-05,17.030,8.187,8.586,0.065,0.285,0.007,17.500,0.127,0.203,1.042,0.468,8.914,0.273,,1.603
2021-02-08,17.070,8.187,8.587,0.065,0.285,0.007,17.499,0.127,0.202,1.042,0.469,8.912,0.273,,1.604
2021-02-09,17.290,8.186,8.588,0.065,0.285,0.007,17.499,0.127,0.202,1.041,0.469,8.911,0.274,,1.606
2021-02-10,17.330,8.186,8.590,0.065,0.285,0.007,17.499,0.127,0.201,1.041,0.469,8.909,0.274,,1.607
2021-02-11,17.490,8.186,8.591,0.065,0.286,0.007,17.499,0.127,0.201,1.041,0.469,8.908,0.274,,1.609
2021-02-12,17.590,8.186,8.592,0.064,0.286,0.007,17.498,0.127,0.201,1.040,0.469,8.906,0.274,,1.610
2021-02-16,17.540,8.186,8.593,0.064,0.286,0.007,17.498,0.127,0.200,1.040,0.469,8.905,0.274,,1.612
2021-02-17,17.220,8.186,8.595,0.064,0.286,0.007,17.498,0.128,0.200,1.040,0.470,8.903,0.275,,1.613
2021-02-18,16.900,8.186,8.596,0.064,0.286,0.007,17.498,0.128,0.199,1.040,0.470,8.902,0.275,,1.615
2021-02-19,17.010,8.186,8.597,0.063,0.286,0.007,17.497,0.128,0.199,1.039,0.470,8.900,0.275,,1.616
2021-02-22,16.740,8.186,8.598,0.063,0.287,0.007,17.497,0.128,0.199,1.039,0.470,8.899,0.275,,1.618
2021-02-23,16.940,8.186,8.600,0.063,0.287,0.007,17.497,0.128,0.198,1.039,0.470,8.897,0.275,,1.619
2021-02-24,16.950,8.185,8.601,0.063,0.287,0.007,17.497,0.128,0.198,1.038,0.470,8.896,0.276,,1.621
2021-02-25,16.860,8.185,8.602,0.063,0.287,0.007,17.496,0.128,0.197,1.038,0.471,8.894,0.276,,1.622
2021-02-26,16.530,8.185,8.603,0.062,0.287,0.007,17.496,0.128,0.197,1.038,0.471,8.893,0.276,,1.624
2021-03-01,16.640,8.185,8.605,0.062,0.287,0.007,17.496,0.128,0.196,1.037,0.471,8.891,0.276,,1.625
2021-03-02,16.620,8.185,8.606,0.062,0.288,0.007,17.496,0.128,0.196,1.037,0.471,8.890,0.277,,1.625
2021-03-03,16.260,8.185,8.607,0.062,0.288,0.007,17.495,0.128,0.196,1.037,0.471,8.888,0.277,,1.625
2021-03-04,16.140,8.185,8.608,0.061,0.288,0.007,17.495,0.128,0.195,1.036,0.472,8.887,0.277,,1.624
2021-03-05,16.120,8.185,8.610,0.061,0.288,0.007,17.495,0.128,0.195,1.036,0.472,8.885,0.277,,1.624
2021-03-08,16.160,8.185,8.611,0.061,0.288,0.007,17.494,0.128,0.194,1.036,0.472,8.884,0.277,,1.624
2021-03-09,16.390,8.185,8.612,0.061,0.288,0.007,17.494,0.128,0.194,1.035,0.472,8.882,0.278,,1.624
2021-03-10,16.620,8.184,8.613,0.060,0.289,0.007,17.494,0.128,0.193,1.035,0.472,8.881,0.278,,1.623
2021-03-11,16.860,8.184,8.615,0.060,0.289,0.007,17.494,0.128,0.193,1.035,0.472,8.879,0.278,,1.623
2021-03-12,17.500,8.184,8.616,0.060,0.289,0.007,17.493,0.128,0.193,1.034,0.473,8.878,0.278,,1.623
2021-03-15,17.790,8.184,8.617,0.060,0.289,0.007,17.493,0.128,0.192,1.034,0.473,8.876,0.278,,1.623
2021-03-16,17.660,8.184,8.618,0.060,0.289,0.007,17.493,0.128,0.192,1.034,0.473,8.875,0.279,,1.623
2021-03-17,17.580,8.184,8.620,0.059,0.289,0.007,17.493,0.129,0.191,1.033,0.473,8.873,0.279,,1.622
2021-03-18,17.640,8.184,8.621,0.059,0.290,0.007,17.492,0.129,0.191,1.033,0.473,8.872,0.279,,1.622
2021-03-19,17.370,8.184,8.622,0.059,0.290,0.007,17.492,0.129,0.190,1.033,0.474,8.870,0.279,,1.622
2021-03-22,17.640,8.184,8.623,0.059,0.290,0.007,17.492,0.129,0.190,1.032,0.474,8.869,0.280,,1.622
2021-03-23,17.620,8.184,8.625,0.058,0.290,0.007,17.492,0.129,0.190,1.032,0.474,8.867,0.280,,1.622
2021-03-24,17.650,8.183,8.626,0.058,0.290,0.007,17.491,0.129,0.189,1.032,0.474,8.866,0.280,,1.621
2021-03-25,17.970,8.183,8.627,0.058,0.290,0.007,17.491,0.129,0.189,1.031,0.474,8.864,0.280,,1.621
2021-03-26,18.330,8.183,8.628,0.058,0.291,0.007,17.491,0.129,0.188,1.031,0.474,8.863,0.280,,1.621
2021-03-29,18.270,8.183,8.630,0.057,0.291,0.007,17.491,0.129,0.188,1.031,0.475,8.861,0.281,,1.621
2021-03-30,18.300,8.183,8.631,0.057,0.291,0.007,17.490,0.129,0.187,1.030,0.475,8.860,0.281,,1.620
2021-03-31,18.150,8.183,8.632,0.057,0.291,0.007,17.490,0.129,0.187,1.030,0.475,8.858,0.281,$0.10,1.620
2021-04-01,18.550,8.183,8.632,0.057,0.291,0.007,17.490,0.129,0.186,1.030,0.475,8.858,0.281,,1.620
2021-04-05,18.370,8.183,8.632,0.057,0.291,0.007,17.490,0.129,0.185,1.030,0.476,8.858,0.281,,1.621
2021-04-06,18.660,8.183,8.631,0.057,0.291,0.007,17.490,0.129,0.184,1.030,0.476,8.858,0.281,,1.621
2021-04-07,18.470,8.183,8.631,0.057,0.292,0.007,17.490,0.129,0.183,1.030,0.476,8.858,0.281,,1.622
2021-04-08,18.420,8.183,8.631,0.057,0.292,0.007,17.490,0.129,0.182,1.030,0.476,8.859,0.281,,1.622
2021-04-09,18.380,8.182,8.631,0.057,0.292,0.007,17.490,0.129,0.181,1.030,0.477,8.859,0.281,,1.623
2021-04-12,18.460,8.182,8.631,0.057,0.292,0.007,17.489,0.129,0.180,1.030,0.477,8.859,0.281,,1.623
2021-04-13,18.580,8.182,8.630,0.057,0.292,0.007,17.489,0.129,0.179,1.030,0.477,8.859,0.282,,1.624
2021-04-14,18.500,8.182,8.630,0.057,0.292,0.007,17.489,0.129,0.178,1.030,0.477,8.859,0.282,,1.624
2021-04-15,18.780,8.182,8.630,0.057,0.292,0.007,17.489,0.129,0.177,1.030,0.478,8.859,0.282,,1.625
2021-04-16,18.930,8.182,8.630,0.058,0.292,0.007,17.489,0.130,0.176,1.030,0.478,8.859,0.282,,1.625
2021-04-19,19.100,8.182,8.630,0.058,0.293,0.007,17.489,0.130,0.175,1.030,0.478,8.859,0.282,,1.626
2021-04-20,19.300,8.182,8.630,0.058,0.293,0.007,17.489,0.130,0.174,1.030,0.479,8.859,0.282,,1.626
2021-04-21,19.220,8.182,8.629,0.058,0.293,0.007,17.489,0.130,0.173,1.030,0.479,8.860,0.282,,1.627
2021-04-22,19.210,8.182,8.629,0.058,0.293,0.007,17.489,0.130,0.172,1.030,0.479,8.860,0.282,,1.628
2021-04-23,19.280,8.181,8.629,0.058,0.293,0.007,17.489,0.130,0.172,1.030,0.479,8.860,0.282,,1.628
2021-04-26,19.220,8.181,8.629,0.058,0.293,0.007,17.489,0.130,0.171,1.030,0.480,8.860,0.282,,1.629
2021-04-27,19.260,8.181,8.629,0.058,0.293,0.007,17.489,0.130,0.170,1.030,0.480,8.860,0.282,,1.629
2021-04-28,19.390,8.181,8.628,0.058,0.293,0.007,17.488,0.130,0.169,1.030,0.480,8.860,0.282,,1.630
2021-04-29,19.720,8.181,8.628,0.058,0.294,0.007,17.488,0.130,0.168,1.030,0.480,8.860,0.282,,1.630
2021-04-30,19.910,8.181,8.628,0.058,0.294,0.007,17.488,0.130,0.167,1.030,0.481,8.860,0.282,,1.631
2021-05-03,19.730,8.181,8.628,0.058,0.294,0.007,17.488,0.130,0.166,1.030,0.481,8.860,0.282,,1.631
2021-05-04,19.800,8.181,8.628,0.058,0.294,0.007,17.488,0.130,0.165,1.030,0.481,8.861,0.282,,1.632
2021-05-05,19.470,8.181,8.627,0.058,0.294,0.007,17.488,0.130,0.164,1.030,0.481,8.861,0.283,,1.632
2021-05-06,19.830,8.181,8.627,0.058,0.294,0.007,17.488,0.130,0.163,1.030,0.482,8.861,0.283,,1.633
2021-05-07,19.890,8.181,8.627,0.058,0.294,0.007,17.488,0.130,0.162,1.030,0.482,8.861,0.283,,1.633
2021-05-10,19.970,8.180,8.627,0.058,0.294,0.007,17.488,0.130,0.161,1.030,0.482,8.861,0.283,,1.634
2021-05-11,19.920,8.180,8.627,0.058,0.295,0.007,17.488,0.130,0.160,1.030,0.483,8.861,0.283,,1.634
2021-05-12,19.450,8.180,8.626,0.058,0.295,0.007,17.488,0.130,0.159,1.030,0.483,8.861,0.283,,1.635
2021-05-13,19.680,8.180,8.626,0.058,0.295,0.007,17.488,0.130,0.158,1.030,0.483,8.861,0.283,,1.636
2021-05-14,19.940,8.180,8.626,0.058,0.295,0.007,17.488,0.130,0.157,1.030,0.483,8.861,0.283,,1.636
2021-05-17,19.970,8.180,8.626,0.059,0.295,0.007,17.487,0.131,0.156,1.030,0.484,8.862,0.283,,1.637
2021-05-18,19.910,8.180,8.626,0.059,0.295,0.007,17.487,0.131,0.155,1.030,0.484,8.862,0.283,,1.637
2021-05-19,19.850,8.180,8.626,0.059,0.295,0.007,17.487,0.131,0.154,1.030,0.484,8.862,0.283,,1.638
2021-05-20,20.220,8.180,8.625,0.059,0.295,0.007,17.487,0.131,0.153,1.030,0.484,8.862,0.283,,1.638
2021-05-21,20.070,8.180,8.625,0.059,0.296,0.007,17.487,0.131,0.152,1.030,0.485,8.862,0.283,,1.639
2021-05-24,20.470,8.179,8.625,0.059,0.296,0.007,17.487,0.131,0.151,1.030,0.485,8.862,0.283,,1.639
2021-05-25,20.550,8.179,8.625,0.059,0.296,0.007,17.487,0.131,0.150,1.030,0.485,8.862,0.283,,1.640
2021-05-26,20.550,8.179,8.625,0.059,0.296,0.007,17.487,0.131,0.149,1.030,0.486,8.862,0.283,,1.640
2021-05-27,20.380,8.179,8.624,0.059,0.296,0.007,17.487,0.131,0.148,1.030,0.486,8.862,0.284,,1.641
2021-05-28,20.600,8.179,8.624,0.059,0.296,0.007,17.487,0.131,0.147,1.030,0.486,8.863,0.284,,1.641
2021-06-01,20.760,8.179,8.624,0.059,0.296,0.007,17.487,0.131,0.146,1.030,0.486,8.863,0.284,,1.642
2021-06-02,20.960,8.179,8.624,0.059,0.296,0.007,17.487,0.131,0.145,1.030,0.487,8.863,0.284,,1.642
2021-06-03,20.880,8.179,8.624,0.059,0.297,0.007,17.487,0.131,0.144,1.030,0.487,8.863,0.284,,1.642
2021-06-04,20.960,8.179,8.623,0.059,0.297,0.007,17.486,0.131,0.143,1.030,0.487,8.863,0.284,,1.642
2021-06-07,21.270,8.179,8.623,0.059,0.297,0.008,17.486,0.131,0.142,1.030,0.487,8.863,0.284,,1.642
2021-06-08,21.230,8.179,8.623,0.059,0.297,0.008,17.486,0.131,0.141,1.030,0.488,8.863,0.284,,1.642
2021-06-09,21.270,8.178,8.623,0.059,0.297,0.008,17.486,0.131,0.141,1.030,0.488,8.863,0.284,,1.642
2021-06-10,21.550,8.178,8.623,0.059,0.297,0.008,17.486,0.131,0.140,1.030,0.488,8.863,0.284,,1.642
2021-06-11,21.420,8.178,8.622,0.059,0.297,0.008,17.486,0.131,0.139,1.030,0.488,8.864,0.284,,1.642
2021-06-14,21.470,8.178,8.622,0.059,0.297,0.008,17.486,0.131,0.138,1.030,0.489,8.864,0.284,,1.642
2021-06-15,21.250,8.178,8.622,0.059,0.298,0.008,17.486,0.131,0.137,1.030,0.489,8.864,0.284,,1.642
2021-06-16,21.100,8.178,8.622,0.060,0.298,0.008,17.486,0.132,0.136,1.030,0.489,8.864,0.284,,1.642
2021-06-17,21.250,8.178,8.622,0.060,0.298,0.008,17.486,0.132,0.135,1.030,0.490,8.864,0.284,,1.642
2021-06-18,20.740,8.178,8.622,0.060,0.298,0.008,17.486,0.132,0.134,1.030,0.490,8.864,0.284,,1.642
2021-06-21,21.310,8.178,8.621,0.060,0.298,0.008,17.486,0.132,0.133,1.030,0.490,8.864,0.285,,1.642
2021-06-22,21.230,8.178,8.621,0.060,0.298,0.008,17.485,0.132,0.132,1.030,0.490,8.864,0.285,,1.642
2021-06-23,21.360,8.177,8.621,0.060,0.298,0.008,17.485,0.132,0.131,1.030,0.491,8.864,0.285,,1.642
2021-06-24,21.320,8.177,8.621,0.060,0.298,0.008,17.485,0.132,0.130,1.030,0.491,8.865,0.285,,1.642
2021-06-25,21.550,8.177,8.621,0.060,0.299,0.008,17.485,0.132,0.129,1.030,0.491,8.865,0.285,,1.642
2021-06-28,21.420,8.177,8.620,0.060,0.299,0.008,17.485,0.132,0.128,1.030,0.491,8.865,0.285,,1.642
2021-06-29,21.310,8.177,8.620,0.060,0.299,0.008,17.485,0.132,0.127,1.030,0.492,8.865,0.285,,1.642
2021-06-30,21.180,8.177,8.620,0.060,0.299,0.008,17.485,0.132,0.126,1.030,0.492,8.865,0.285,$0.11,1.642
2021-07-01,21.660,8.159,8.634,0.060,0.299,0.008,17.497,0.132,0.133,1.028,0.492,8.863,0.285,,1.642
2021-07-02,21.850,8.142,8.648,0.060,0.299,0.008,17.509,0.132,0.140,1.027,0.493,8.861,0.285,,1.646
2021-07-06,22.370,8.124,8.662,0.060,0.299,0.008,17.521,0.132,0.147,1.025,0.493,8.859,0.285,,1.651
2021-07-07,22.500,8.106,8.676,0.061,0.300,0.008,17.533,0.132,0.154,1.023,0.493,8.856,0.285,,1.655
2021-07-08,22.720,8.089,8.691,0.061,0.300,0.008,17.545,0.132,0.161,1.021,0.493,8.854,0.286,,1.660
2021-07-09,23.020,8.071,8.705,0.061,0.300,0.008,17.557,0.132,0.168,1.020,0.494,8.852,0.286,,1.664
2021-07-12,23.130,8.053,8.719,0.061,0.300,0.008,17.569,0.132,0.175,1.018,0.494,8.850,0.286,,1.669
2021-07-13,22.860,8.035,8.733,0.061,0.300,0.008,17.581,0.132,0.182,1.016,0.494,8.848,0.286,,1.673
2021-07-14,22.990,8.018,8.747,0.061,0.300,0.008,17.593,0.132,0.188,1.015,0.495,8.846,0.286,,1.678
2021-07-15,22.980,8.000,8.761,0.061,0.300,0.008,17.605,0.132,0.195,1.013,0.495,8.843,0.286,,1.682
2021-07-16,23.060,7.982,8.775,0.062,0.300,0.008,17.617,0.132,0.202,1.011,0.495,8.841,0.286,,1.687
2021-07-19,22.640,7.965,8.789,0.062,0.300,0.008,17.629,0.132,0.209,1.009,0.495,8.839,0.286,,1.691
2021-07-20,23.220,7.947,8.803,0.062,0.301,0.007,17.641,0.132,0.216,1.008,0.496,8.837,0.286,,1.696
2021-07-21,23.030,7.929,8.818,0.062,0.301,0.007,17.653,0.132,0.223,1.006,0.496,8.835,0.287,,1.700
2021-07-22,22.990,7.912,8.832,0.062,0.301,0.007,17.665,0.132,0.230,1.004,0.496,8.833,0.287,,1.705
2021-07-23,23.380,7.894,8.846,0.062,0.301,0.007,17.676,0.132,0.237,1.002,0.496,8.830,0.287,,1.709
2021-07-26,23.220,7.876,8.860,0.062,0.301,0.007,17.688,0.132,0.244,1.001,0.497,8.828,0.287,,1.714
2021-07-27,23.480,7.859,8.874,0.063,0.301,0.007,17.700,0.132,0.251,0.999,0.497,8.826,0.287,,1.718
2021-07-28,23.390,7.841,8.888,0.063,0.301,0.007,17.712,0.132,0.258,0.997,0.497,8.824,0.287,,1.723
2021-07-29,23.450,7.823,8.902,0.063,0.302,0.007,17.724,0.132,0.265,0.996,0.498,8.822,0.287,,1.727
2021-07-30,23.470,7.806,8.916,0.063,0.302,0.007,17.736,0.132,0.272,0.994,0.498,8.820,0.287,,1.732
2021-08-02,23.430,7.788,8.930,0.063,0.302,0.007,17.748,0.132,0.279,0.992,0.498,8.818,0.287,,1.736
2021-08-03,23.320,7.770,8.945,0.063,0.302,0.007,17.760,0.132,0.286,0.990,0.498,8.815,0.288,,1.741
2021-08-04,23.320,7.752,8.959,0.063,0.302,0.007,17.772,0.132,0.292,0.989,0.499,8.813,0.288,,1.745
2021-08-05,23.330,7.735,8.973,0.064,0.302,0.007,17.784,0.132,0.299,0.987,0.499,8.811,0.288,,1.750
2021-08-06,23.150,7.717,8.987,0.064,0.302,0.007,17.796,0.132,0.306,0.985,0.499,8.809,0.288,,1.754
2021-08-09,22.960,7.699,9.001,0.064,0.302,0.007,17.808,0.132,0.313,0.984,0.500,8.807,0.288,,1.759
2021-08-10,22.450,7.682,9.015,0.064,0.302,0.007,17.820,0.132,0.320,0.982,0.500,8.805,0.288,,1.763
2021-08-11,22.570,7.664,9.029,0.064,0.303,0.007,17.832,0.132,0.327,0.980,0.500,8.802,0.288,,1.768
2021-08-12,22.630,7.646,9.043,0.064,0.303,0.007,17.844,0.132,0.334,0.978,0.500,8.800,0.288,,1.772
2021-08-13,22.860,7.629,9.057,0.064,0.303,0.007,17.856,0.132,0.341,0.977,0.501,8.798,0.288,,1.777
2021-08-16,22.870,7.611,9.072,0.064,0.303,0.007,17.868,0.132,0.348,0.975,0.501,8.796,0.288,,1.781
2021-08-17,22.860,7.593,9.086,0.065,0.303,0.007,17.880,0.133,0.355,0.973,0.501,8.794,0.289,,1.786
2021-08-18,23.140,7.576,9.100,0.065,0.303,0.007,17.892,0.133,0.362,0.972,0.502,8.792,0.289,,1.790
2021-08-19,23.210,7.558,9.114,0.065,0.303,0.007,17.904,0.133,0.369,0.970,0.502,8.790,0.289,,1.795
2021-08-20,23.360,7.540,9.128,0.065,0.304,0.007,17.916,0.133,0.376,0.968,0.502,8.787,0.289,,1.799
2021-08-23,23.280,7.523,9.142,0.065,0.304,0.007,17.928,0.133,0.383,0.966,0.502,8.785,0.289,,1.804
2021-08-24,23.140,7.505,9.156,0.065,0.304,0.007,17.940,0.133,0.390,0.965,0.503,8.783,0.289,,1.808
2021-08-25,23.130,7.487,9.170,0.065,0.304,0.007,17.952,0.133,0.397,0.963,0.503,8.781,0.289,,1.813
2021-08-26,23.250,7.470,9.184,0.066,0.304,0.007,17.964,0.133,0.403,0.961,0.503,8.779,0.289,,1.817
2021-08-27,23.370,7.452,9.198,0.066,0.304,0.007,17.976,0.133,0.410,0.960,0.504,8.777,0.289,,1.822
2021-08-30,23.830,7.434,9.213,0.066,0.304,0.007,17.988,0.133,0.417,0.958,0.504,8.774,0.290,,1.826
2021-08-31,23.760,7.416,9.227,0.066,0.304,0.007,18.000,0.133,0.424,0.956,0.504,8.772,0.290,,1.831
2021-09-01,24.190,7.399,9.241,0.066,0.304,0.007,18.012,0.133,0.431,0.954,0.504,8.770,0.290,,1.835
2021-09-02,24.510,7.381,9.255,0.066,0.305,0.007,18.024,0.133,0.438,0.953,0.505,8.768,0.290,,1.834
2021-09-03,24.210,7.363,9.269,0.066,0.305,0.007,18.036,0.133,0.445,0.951,0.505,8.766,0.290,,1.834
2021-09-07,23.830,7.346,9.283,0.067,0.305,0.007,18.048,0.133,0.452,0.949,0.505,8.764,0.290,,1.833
2021-09-08,24.090,7.328,9.297,0.067,0.305,0.007,18.060,0.133,0.459,0.948,0.506,8.762,0.290,,1.832
2021-09-09,23.720,7.310,9.311,0.067,0.305,0.007,18.071,0.133,0.466,0.946,0.506,8.759,0.290,,1.832
2021-09-10,23.250,7.293,9.325,0.067,0.305,0.007,18.083,0.133,0.473,0.944,0.506,8.757,0.290,,1.831
2021-09-13,23.410,7.275,9.340,0.067,0.305,0.007,18.095,0.133,0.480,0.942,0.506,8.755,0.291,,1.830
2021-09-14,23.420,7.257,9.354,0.067,0.306,0.007,18.107,0.133,0.487,0.941,0.507,8.753,0.291,,1.830
2021-09-15,23.310,7.240,9.368,0.067,0.306,0.007,18.119,0.133,0.494,0.939,0.507,8.751,0.291,,1.829
2021-09-16,23.350,7.222,9.382,0.068,0.306,0.007,18.131,0.133,0.501,0.937,0.507,8.749,0.291,,1.828
2021-09-17,23.020,7.204,9.396,0.068,0.306,0.007,18.143,0.133,0.508,0.935,0.507,8.746,0.291,,1.828
2021-09-20,23.010,7.186,9.410,0.068,0.306,0.007,18.155,0.133,0.514,0.934,0.508,8.744,0.291,,1.827
2021-09-21,23.060,7.169,9.424,0.068,0.306,0.007,18.167,0.133,0.521,0.932,0.508,8.742,0.291,,1.826
2021-09-22,23.380,7.151,9.438,0.068,0.306,0.007,18.179,0.133,0.528,0.930,0.508,8.740,0.291,,1.826
2021-09-23,23.350,7.133,9.452,0.068,0.306,0.007,18.191,0.133,0.535,0.929,0.509,8.738,0.291,,1.825
2021-09-24,22.860,7.116,9.467,0.068,0.306,0.007,18.203,0.133,0.542,0.927,0.509,8.736,0.292,,1.824
2021-09-27,22.250,7.098,9.481,0.069,0.307,0.007,18.215,0.133,0.549,0.925,0.509,8.733,0.292,,1.824
2021-09-28,22.240,7.080,9.495,0.069,0.307,0.007,18.227,0.133,0.556,0.923,0.509,8.731,0.292,,1.823
2021-09-29,22.470,7.063,9.509,0.069,0.307,0.007,18.239,0.133,0.563,0.922,0.510,8.729,0.292,,1.822
2021-09-30,22.120,7.045,9.523,0.069,0.307,0.007,18.251,0.133,0.570,0.920,0.510,8.727,0.292,$0.12,1.822
2021-10-01,22.420,7.032,9.528,0.069,0.307,0.007,18.255,0.133,0.571,0.919,0.510,8.727,0.292,,1.821
2021-10-04,22.380,7.020,9.533,0.069,0.307,0.007,18.260,0.133,0.571,0.919,0.510,8.726,0.292,,1.816
2021-10-05,22.190,7.007,9.538,0.069,0.308,0.007,18.264,0.134,0.572,0.918,0.510,8.726,0.292,,1.811
2021-10-06,22.330,6.995,9.543,0.069,0.308,0.007,18.269,0.134,0.572,0.918,0.511,8.725,0.292,,1.806
2021-10-07,22.270,6.982,9.548,0.069,0.308,0.007,18.273,0.134,0.573,0.917,0.511,8.725,0.292,,1.801
2021-10-08,22.250,6.970,9.553,0.069,0.308,0.007,18.278,0.134,0.574,0.916,0.511,8.724,0.292,,1.796
2021-10-11,22.310,6.957,9.558,0.070,0.309,0.007,18.282,0.135,0.574,0.916,0.511,8.724,0.292,,1.792
2021-10-12,22.530,6.945,9.562,0.070,0.309,0.007,18.287,0.135,0.575,0.915,0.511,8.724,0.292,,1.787
2021-10-13,23.030,6.932,9.567,0.070,0.309,0.007,18.291,0.135,0.576,0.914,0.511,8.723,0.293,,1.782
2021-10-14,23.270,6.920,9.572,0.070,0.309,0.007,18.296,0.135,0.576,0.914,0.512,8.723,0.293,,1.777
2021-10-15,23.210,6.907,9.577,0.070,0.310,0.007,18.300,0.136,0.577,0.913,0.512,8.722,0.293,,1.772
2021-10-18,23.260,6.894,9.582,0.070,0.310,0.007,18.305,0.136,0.577,0.913,0.512,8.722,0.293,,1.767
2021-10-19,23.220,6.882,9.587,0.070,0.310,0.007,18.309,0.136,0.578,0.912,0.512,8.721,0.293,,1.762
2021-10-20,23.380,6.869,9.592,0.070,0.310,0.007,18.314,0.136,0.579,0.911,0.512,8.721,0.293,,1.757
2021-10-21,23.280,6.857,9.597,0.070,0.311,0.007,18.318,0.137,0.579,0.911,0.512,8.720,0.293,,1.752
2021-10-22,23.620,6.844,9.602,0.070,0.311,0.007,18.323,0.137,0.580,0.910,0.512,8.720,0.293,,1.747
2021-10-25,23.700,6.832,9.607,0.070,0.311,0.007,18.327,0.137,0.581,0.909,0.513,8.720,0.293,,1.743
2021-10-26,23.650,6.819,9.612,0.070,0.311,0.007,18.332,0.137,0.581,0.909,0.513,8.719,0.293,,1.738
2021-10-27,23.380,6.807,9.617,0.070,0.311,0.007,18.336,0.137,0.582,0.908,0.513,8.719,0.293,,1.733
2021-10-28,23.910,6.794,9.622,0.071,0.312,0.008,18.341,0.138,0.582,0.908,0.513,8.718,0.293,,1.728
2021-10-29,23.830,6.782,9.627,0.071,0.312,0.008,18.345,0.138,0.583,0.907,0.513,8.718,0.293,,1.723
2021-11-01,23.750,6.769,9.632,0.071,0.312,0.008,18.350,0.138,0.584,0.906,0.513,8.717,0.293,,1.718
2021-11-02,24.000,6.756,9.637,0.071,0.312,0.008,18.354,0.138,0.584,0.906,0.514,8.717,0.293,,1.721
2021-11-03,23.970,6.744,9.642,0.071,0.313,0.008,18.359,0.139,0.585,0.905,0.514,8.716,0.294,,1.725
2021-11-04,23.510,6.731,9.646,0.071,0.313,0.008,18.363,0.139,0.586,0.904,0.514,8.716,0.294,,1.728
2021-11-05,23.580,6.719,9.651,0.071,0.313,0.008,18.368,0.139,0.586,0.904,0.514,8.716,0.294,,1.731
2021-11-08,23.370,6.706,9.656,0.071,0.313,0.008,18.372,0.139,0.587,0.903,0.514,8.715,0.294,,1.735
2021-11-09,23.410,6.694,9.661,0.071,0.314,0.008,18.377,0.140,0.587,0.903,0.514,8.715,0.294,,1.738
2021-11-10,23.440,6.681,9.666,0.071,0.314,0.008,18.381,0.140,0.588,0.902,0.515,8.714,0.294,,1.741
2021-11-11,23.420,6.669,9.671,0.071,0.314,0.008,18.386,0.140,0.589,0.901,0.515,8.714,0.294,,1.745
2021-11-12,23.430,6.656,9.676,0.071,0.314,0.008,18.390,0.140,0.589,0.901,0.515,8.713,0.294,,1.748
2021-11-15,23.620,6.643,9.681,0.072,0.314,0.008,18.394,0.140,0.590,0.900,0.515,8.713,0.294,,1.751
2021-11-16,23.400,6.631,9.686,0.072,0.315,0.008,18.399,0.141,0.591,0.899,0.515,8.713,0.294,,1.755
2021-11-17,23.400,6.618,9.691,0.072,0.315,0.008,18.403,0.141,0.591,0.899,0.515,8.712,0.294,,1.758
2021-11-18,23.720,6.606,9.696,0.072,0.315,0.008,18.408,0.141,0.592,0.898,0.515,8.712,0.294,,1.761
2021-11-19,23.630,6.593,9.701,0.072,0.315,0.008,18.412,0.141,0.592,0.898,0.516,8.711,0.294,,1.765
2021-11-22,23.540,6.581,9.706,0.072,0.316,0.008,18.417,0.142,0.593,0.897,0.516,8.711,0.294,,1.768
2021-11-23,23.770,6.568,9.711,0.072,0.316,0.008,18.421,0.142,0.594,0.896,0.516,8.710,0.294,,1.771
2021-11-24,24.240,6.556,9.716,0.072,0.316,0.008,18.426,0.142,0.594,0.896,0.516,8.710,0.294,,1.775
2021-11-26,23.770,6.543,9.720,0.072,0.316,0.008,18.430,0.142,0.595,0.895,0.516,8.710,0.294,,1.778
2021-11-29,23.840,6.531,9.725,0.072,0.317,0.008,18.435,0.143,0.596,0.894,0.516,8.709,0.295,,1.781
2021-11-30,23.360,6.518,9.730,0.072,0.317,0.008,18.439,0.143,0.596,0.894,0.517,8.709,0.295,,1.785
2021-12-01,23.000,6.505,9.735,0.072,0.317,0.008,18.444,0.143,0.597,0.893,0.517,8.708,0.295,,1.788
2021-12-02,23.880,6.493,9.740,0.072,0.317,0.008,18.448,0.143,0.597,0.893,0.517,8.708,0.295,,1.793
2021-12-03,24.060,6.480,9.745,0.073,0.318,0.008,18.453,0.144,0.598,0.892,0.517,8.707,0.295,,1.798
2021-12-06,24.440,6.468,9.750,0.073,0.318,0.008,18.457,0.144,0.599,0.891,0.517,8.707,0.295,,1.804
2021-12-07,24.640,6.455,9.755,0.073,0.318,0.008,18.462,0.144,0.599,0.891,0.517,8.706,0.295,,1.809
2021-12-08,25.000,6.443,9.760,0.073,0.318,0.008,18.466,0.144,0.600,0.890,0.518,8.706,0.295,,1.814
2021-12-09,24.680,6.430,9.765,0.073,0.318,0.008,18.471,0.144,0.601,0.889,0.518,8.706,0.295,,1.819
2021-12-10,24.680,6.418,9.770,0.073,0.319,0.008,18.475,0.145,0.601,0.889,0.518,8.705,0.295,,1.824
2021-12-13,24.940,6.405,9.775,0.073,0.319,0.008,18.480,0.145,0.602,0.888,0.518,8.705,0.295,,1.829
2021-12-14,24.340,6.393,9.780,0.073,0.319,0.008,18.484,0.145,0.602,0.888,0.518,8.704,0.295,,1.834
2021-12-15,24.760,6.380,9.785,0.073,0.319,0.008,18.489,0.145,0.603,0.887,0.518,8.704,0.295,,1.840
2021-12-16,24.570,6.367,9.790,0.073,0.320,0.008,18.493,0.146,0.604,0.886,0.518,8.703,0.295,,1.845
2021-12-17,24.780,6.355,9.795,0.073,0.320,0.008,18.498,0.146,0.604,0.886,0.519,8.703,0.295,,1.850
2021-12-20,24.560,6.342,9.800,0.073,0.320,0.008,18.502,0.146,0.605,0.885,0.519,8.702,0.296,,1.855
2021-12-21,25.040,6.330,9.804,0.073,0.320,0.008,18.507,0.146,0.606,0.884,0.519,8.702,0.296,,1.860
2021-12-22,25.410,6.317,9.809,0.074,0.321,0.008,18.511,0.147,0.606,0.884,0.519,8.702,0.296,,1.866
2021-12-23,25.390,6.305,9.814,0.074,0.321,0.008,18.516,0.147,0.607,0.883,0.519,8.701,0.296,,1.871
2021-12-27,25.720,6.292,9.819,0.074,0.321,0.008,18.520,0.147,0.607,0.883,0.519,8.701,0.296,,1.876
2021-12-28,25.760,6.280,9.824,0.074,0.321,0.008,18.525,0.147,0.608,0.882,0.520,8.700,0.296,,1.881
2021-12-29,26.090,6.267,9.829,0.074,0.322,0.008,18.529,0.148,0.609,0.881,0.520,8.700,0.296,,1.886
2021-12-30,26.090,6.255,9.834,0.074,0.322,0.008,18.534,0.148,0.609,0.881,0.520,8.699,0.296,,1.891
2021-12-31,26.190,6.242,9.839,0.074,0.322,0.008,18.538,0.148,0.610,0.880,0.520,8.699,0.296,$0.12,1.896
2022-01-03,27.270,6.240,9.845,0.074,0.322,0.008,18.538,0.148,0.608,0.879,0.520,8.693,0.296,,1.902
2022-01-04,27.370,6.237,9.851,0.075,0.322,0.008,18.538,0.148,0.605,0.878,0.520,8.687,0.297,,1.907
2022-01-05,26.620,6.235,9.858,0.075,0.322,0.008,18.538,0.148,0.603,0.877,0.521,8.681,0.297,,1.912
2022-01-06,26.530,6.233,9.864,0.075,0.322,0.008,18.538,0.148,0.601,0.875,0.521,8.674,0.297,,1.917
2022-01-07,26.030,6.231,9.870,0.075,0.323,0.008,18.538,0.148,0.598,0.874,0.521,8.668,0.297,,1.922
2022-01-10,25.860,6.228,9.876,0.076,0.323,0.008,18.539,0.149,0.596,0.873,0.521,8.662,0.298,,1.928
2022-01-11,26.170,6.226,9.883,0.076,0.323,0.008,18.539,0.149,0.594,0.872,0.521,8.656,0.298,,1.933
2022-01-12,26.350,6.224,9.889,0.076,0.323,0.008,18.539,0.149,0.592,0.871,0.522,8.650,0.298,,1.938
2022-01-13,26.450,6.222,9.895,0.077,0.323,0.008,18.539,0.149,0.589,0.870,0.522,8.644,0.299,,1.943
2022-01-14,26.310,6.219,9.901,0.077,0.323,0.008,18.539,0.149,0.587,0.869,0.522,8.638,0.299,,1.948
2022-01-18,26.230,6.217,9.907,0.077,0.323,0.008,18.539,0.149,0.585,0.868,0.522,8.632,0.299,,1.953
2022-01-19,25.980,6.215,9.914,0.077,0.323,0.008,18.539,0.149,0.582,0.866,0.522,8.625,0.299,,1.958
2022-01-20,25.370,6.212,9.920,0.078,0.323,0.008,18.539,0.149,0.580,0.865,0.523,8.619,0.300,,1.964
2022-01-21,25.400,6.210,9.926,0.078,0.324,0.008,18.539,0.149,0.578,0.864,0.523,8.613,0.300,,1.969
2022-01-24,25.280,6.208,9.932,0.078,0.324,0.008,18.539,0.149,0.575,0.863,0.523,8.607,0.300,,1.974
2022-01-25,24.920,6.206,9.939,0.079,0.324,0.008,18.540,0.150,0.573,0.862,0.523,8.601,0.301,,1.979
2022-01-26,24.650,6.203,9.945,0.079,0.324,0.008,18.540,0.150,0.571,0.861,0.523,8.595,0.301,,1.984
2022-01-27,24.320,6.201,9.951,0.079,0.324,0.008,18.540,0.150,0.568,0.860,0.523,8.589,0.301,,1.989
2022-01-28,25.220,6.199,9.957,0.080,0.324,0.008,18.540,0.150,0.566,0.859,0.524,8.583,0.302,,1.995
2022-01-31,25.460,6.197,9.964,0.080,0.324,0.008,18.540,0.150,0.564,0.857,0.524,8.576,0.302,,2.000
2022-02-01,25.360,6.194,9.970,0.080,0.324,0.008,18.540,0.150,0.562,0.856,0.524,8.570,0.302,,2.005
2022-02-02,25.830,6.192,9.976,0.080,0.324,0.008,18.540,0.150,0.559,0.855,0.524,8.564,0.302,,2.007
2022-02-03,25.710,6.190,9.982,0.081,0.325,0.008,18.540,0.150,0.557,0.854,0.524,8.558,0.303,,2.009
2022-02-04,25.730,6.187,9.988,0.081,0.325,0.008,18.540,0.150,0.555,0.853,0.525,8.552,0.303,,2.011
2022-02-07,25.270,6.185,9.995,0.081,0.325,0.008,18.540,0.150,0.552,0.852,0.525,8.546,0.303,,2.014
2022-02-08,25.340,6.183,10.001,0.082,0.325,0.008,18.541,0.151,0.550,0.851,0.525,8.540,0.304,,2.016
2022-02-09,25.970,6.181,10.007,0.082,0.325,0.008,18.541,0.151,0.548,0.850,0.525,8.534,0.304,,2.018
2022-02-10,25.600,6.178,10.013,0.082,0.325,0.008,18.541,0.151,0.545,0.848,0.525,8.527,0.304,,2.020
2022-02-11,25.370,6.176,10.020,0.082,0.325,0.008,18.541,0.151,0.543,0.847,0.526,8.521,0.304,,2.022
2022-02-14,25.110,6.174,10.026,0.083,0.325,0.008,18.541,0.151,0.541,0.846,0.526,8.515,0.305,,2.024
2022-02-15,25.080,6.172,10.032,0.083,0.326,0.008,18.541,0.151,0.538,0.845,0.526,8.509,0.305,,2.027
2022-02-16,24.530,6.169,10.038,0.083,0.326,0.008,18.541,0.151,0.536,0.844,0.526,8.503,0.305,,2.029
2022-02-17,23.820,6.167,10.044,0.084,0.326,0.008,18.541,0.151,0.534,0.843,0.526,8.497,0.306,,2.031
2022-02-18,23.420,6.165,10.051,0.084,0.326,0.008,18.541,0.151,0.532,0.842,0.527,8.491,0.306,,2.033
2022-02-22,23.530,6.162,10.057,0.084,0.326,0.008,18.541,0.151,0.529,0.840,0.527,8.484,0.306,,2.035
2022-02-23,22.690,6.160,10.063,0.084,0.326,0.008,18.541,0.151,0.527,0.839,0.527,8.478,0.306,,2.037
2022-02-24,22.590,6.158,10.069,0.085,0.326,0.008,18.542,0.152,0.525,0.838,0.527,8.472,0.307,,2.040
2022-02-25,23.670,6.156,10.076,0.085,0.326,0.008,18.542,0.152,0.522,0.837,0.527,8.466,0.307,,2.042
2022-02-28,22.920,6.153,10.082,0.085,0.326,0.008,18.542,0.152,0.520,0.836,0.528,8.460,0.307,,2.044
2022-03-01,22.710,6.151,10.088,0.086,0.327,0.008,18.542,0.152,0.518,0.835,0.528,8.454,0.308,,2.046
2022-03-02,23.590,6.149,10.094,0.086,0.327,0.008,18.542,0.152,0.515,0.834,0.528,8.448,0.308,,2.067
2022-03-03,23.440,6.146,10.100,0.086,0.327,0.008,18.542,0.152,0.513,0.833,0.528,8.442,0.308,,2.087
2022-03-04,23.770,6.144,10.107,0.086,0.327,0.008,18.542,0.152,0.511,0.831,0.528,8.435,0.308,,2.108
2022-03-07,23.200,6.142,10.113,0.087,0.327,0.008,18.542,0.152,0.509,0.830,0.529,8.429,0.309,,2.128
2022-03-08,23.420,6.140,10.119,0.087,0.327,0.008,18.542,0.152,0.506,0.829,0.529,8.423,0.309,,2.149
2022-03-09,23.870,6.137,10.125,0.087,0.327,0.008,18.542,0.152,0.504,0.828,0.529,8.417,0.309,,2.170
2022-03-10,23.900,6.135,10.132,0.088,0.327,0.008,18.543,0.153,0.502,0.827,0.529,8.411,0.310,,2.190
2022-03-11,23.920,6.133,10.138,0.088,0.327,0.008,18.543,0.153,0.499,0.826,0.529,8.405,0.310,,2.211
2022-03-14,23.710,6.131,10.144,0.088,0.328,0.008,18.543,0.153,0.497,0.825,0.529,8.399,0.310,,2.231
2022-03-15,23.950,6.128,10.150,0.089,0.328,0.008,18.543,0.153,0.495,0.824,0.530,8.393,0.311,,2.252
2022-03-16,24.140,6.126,10.157,0.089,0.328,0.008,18.543,0.153,0.492,0.822,0.530,8.386,0.311,,2.273
2022-03-17,24.680,6.124,10.163,0.089,0.328,0.008,18.543,0.153,0.490,0.821,0.530,8.380,0.311,,2.293
2022-03-18,24.670,6.121,10.169,0.089,0.328,0.008,18.543,0.153,0.488,0.820,0.530,8.374,0.311,,2.314
2022-03-21,24.600,6.119,10.175,0.090,0.328,0.008,18.543,0.153,0.485,0.819,0.530,8.368,0.312,,2.335
2022-03-22,24.490,6.117,10.181,0.090,0.328,0.008,18.543,0.153,0.483,0.818,0.531,8.362,0.312,,2.355
2022-03-23,24.050,6.115,10.188,0.090,0.328,0.008,18.543,0.153,0.481,0.817,0.531,8.356,0.312,,2.376
2022-03-24,24.310,6.112,10.194,0.091,0.328,0.008,18.544,0.154,0.479,0.816,0.531,8.350,0.313,,2.396
2022-03-25,24.540,6.110,10.200,0.091,0.329,0.008,18.544,0.154,0.476,0.815,0.531,8.344,0.313,,2.417
2022-03-28,24.540,6.108,10.206,0.091,0.329,0.008,18.544,0.154,0.474,0.813,0.531,8.337,0.313,,2.438
2022-03-29,25.150,6.106,10.213,0.091,0.329,0.008,18.544,0.154,0.472,0.812,0.532,8.331,0.313,,2.458
2022-03-30,24.810,6.103,10.219,0.092,0.329,0.008,18.544,0.154,0.469,0.811,0.532,8.325,0.314,,2.479
2022-03-31,24.370,6.101,10.225,0.092,0.329,0.008,18.544,0.154,0.467,0.810,0.532,8.319,0.314,$0.15,2.499
2022-04-01,25.050,6.090,10.226,0.092,0.329,0.008,18.543,0.154,0.464,0.810,0.532,8.317,0.314,,2.520
2022-04-04,24.630,6.079,10.227,0.093,0.330,0.008,18.543,0.154,0.461,0.810,0.533,8.316,0.314,,2.525
2022-04-05,24.550,6.068,10.228,0.093,0.330,0.008,18.542,0.155,0.458,0.810,0.533,8.314,0.315,,2.529
2022-04-06,24.950,6.056,10.229,0.093,0.330,0.008,18.542,0.155,0.454,0.809,0.534,8.313,0.315,,2.534
2022-04-07,24.880,6.045,10.230,0.094,0.330,0.008,18.541,0.155,0.451,0.809,0.534,8.311,0.315,,2.538
2022-04-08,25.180,6.034,10.231,0.094,0.331,0.008,18.540,0.155,0.448,0.809,0.534,8.310,0.315,,2.543
2022-04-11,25.050,6.023,10.231,0.094,0.331,0.008,18.540,0.155,0.445,0.809,0.535,8.308,0.316,,2.547
2022-04-12,25.280,6.012,10.232,0.094,0.331,0.008,18.539,0.156,0.442,0.809,0.535,8.307,0.316,,2.552
2022-04-13,25.530,6.001,10.233,0.095,0.331,0.008,18.539,0.156,0.439,0.809,0.536,8.305,0.316,,2.556
2022-04-14,25.600,5.989,10.234,0.095,0.332,0.008,18.538,0.156,0.436,0.808,0.536,8.304,0.316,,2.561
2022-04-18,25.440,5.978,10.235,0.095,0.332,0.008,18.537,0.156,0.433,0.808,0.536,8.302,0.316,,2.566
2022-04-19,26.270,5.967,10.236,0.096,0.332,0.008,18.537,0.156,0.429,0.808,0.537,8.301,0.317,,2.570
2022-04-20,26.800,5.956,10.237,0.096,0.332,0.008,18.536,0.157,0.426,0.808,0.537,8.299,0.317,,2.575
2022-04-21,26.710,5.945,10.238,0.096,0.333,0.008,18.536,0.157,0.423,0.808,0.538,8.298,0.317,,2.579
2022-04-22,26.290,5.934,10.239,0.097,0.333,0.008,18.535,0.157,0.420,0.808,0.538,8.296,0.317,,2.584
2022-04-25,26.130,5.922,10.240,0.097,0.333,0.008,18.534,0.157,0.417,0.807,0.538,8.295,0.318,,2.588
2022-04-26,25.640,5.911,10.241,0.097,0.333,0.008,18.534,0.157,0.414,0.807,0.539,8.293,0.318,,2.593
2022-04-27,25.460,5.900,10.242,0.098,0.334,0.008,18.533,0.157,0.411,0.807,0.539,8.292,0.318,,2.598
2022-04-28,25.150,5.889,10.242,0.098,0.334,0.009,18.533,0.158,0.408,0.807,0.540,8.290,0.318,,2.602
2022-04-29,24.300,5.878,10.243,0.098,0.334,0.009,18.532,0.158,0.404,0.807,0.540,8.289,0.319,,2.607
2022-05-02,23.430,5.867,10.244,0.098,0.334,0.009,18.531,0.158,0.401,0.807,0.540,8.287,0.319,,2.611
2022-05-03,23.490,5.855,10.245,0.099,0.335,0.009,18.531,0.158,0.398,0.806,0.541,8.286,0.319,,2.616
2022-05-04,23.650,5.844,10.246,0.099,0.335,0.009,18.530,0.158,0.395,0.806,0.541,8.284,0.319,,2.620
2022-05-05,23.270,5.833,10.247,0.099,0.335,0.009,18.530,0.159,0.392,0.806,0.542,8.283,0.319,,2.625
2022-05-06,23.190,5.822,10.248,0.100,0.335,0.009,18.529,0.159,0.389,0.806,0.542,8.281,0.320,,2.629
2022-05-09,21.860,5.811,10.249,0.100,0.336,0.009,18.528,0.159,0.386,0.806,0.542,8.280,0.320,,2.634
2022-05-10,21.880,5.800,10.250,0.100,0.336,0.009,18.528,0.159,0.383,0.806,0.543,8.278,0.320,,2.639
2022-05-11,21.870,5.788,10.251,0.101,0.336,0.009,18.527,0.159,0.379,0.805,0.543,8.277,0.320,,2.643
2022-05-12,21.890,5.777,10.252,0.101,0.336,0.009,18.527,0.160,0.376,0.805,0.544,8.275,0.321,,2.648
2022-05-13,22.530,5.766,10.253,0.101,0.337,0.009,18.526,0.160,0.373,0.805,0.544,8.274,0.321,,2.652
2022-05-16,22.250,5.755,10.253,0.102,0.337,0.009,18.526,0.160,0.370,0.805,0.545,8.272,0.321,,2.657
2022-05-17,22.490,5.744,10.254,0.102,0.337,0.009,18.525,0.160,0.367,0.805,0.545,8.270,0.321,,2.661
2022-05-18,21.780,5.733,10.255,0.102,0.338,0.009,18.524,0.160,0.364,0.805,0.545,8.269,0.321,,2.666
2022-05-19,21.820,5.722,10.256,0.102,0.338,0.009,18.524,0.161,0.361,0.805,0.546,8.267,0.322,,2.671
2022-05-20,22.100,5.710,10.257,0.103,0.338,0.009,18.523,0.161,0.357,0.804,0.546,8.266,0.322,,2.675
2022-05-23,22.410,5.699,10.258,0.103,0.338,0.009,18.523,0.161,0.354,0.804,0.547,8.264,0.322,,2.680
2022-05-24,22.950,5.688,10.259,0.103,0.339,0.009,18.522,0.161,0.351,0.804,0.547,8.263,0.322,,2.684
2022-05-25,22.950,5.677,10.260,0.104,0.339,0.009,18.521,0.161,0.348,0.804,0.547,8.261,0.323,,2.689
2022-05-26,22.800,5.666,10.261,0.104,0.339,0.009,18.521,0.162,0.345,0.804,0.548,8.260,0.323,,2.693
2022-05-27,23.520,5.655,10.262,0.104,0.339,0.009,18.520,0.162,0.342,0.804,0.548,8.258,0.323,,2.698
2022-05-31,23.020,5.643,10.263,0.105,0.340,0.009,18.520,0.162,0.339,0.803,0.549,8.257,0.323,,2.702
2022-06-01,23.220,5.632,10.264,0.105,0.340,0.009,18.519,0.162,0.336,0.803,0.549,8.255,0.323,,2.707
2022-06-02,23.680,5.621,10.265,0.105,0.340,0.009,18.518,0.162,0.332,0.803,0.549,8.254,0.324,,2.718
2022-06-03,23.370,5.610,10.265,0.105,0.340,0.009,18.518,0.163,0.329,0.803,0.550,8.252,0.324,,2.729
2022-06-06,22.940,5.599,10.266,0.106,0.341,0.009,18.517,0.163,0.326,0.803,0.550,8.251,0.324,,2.740
2022-06-07,23.310,5.588,10.267,0.106,0.341,0.009,18.517,0.163,0.323,0.803,0.551,8.249,0.324,,2.751
2022-06-08,22.800,5.576,10.268,0.106,0.341,0.009,18.516,0.163,0.320,0.802,0.551,8.248,0.325,,2.762
2022-06-09,22.370,5.565,10.269,0.107,0.341,0.009,18.515,0.163,0.317,0.802,0.551,8.246,0.325,,2.772
2022-06-10,22.030,5.554,10.270,0.107,0.342,0.009,18.515,0.163,0.314,0.802,0.552,8.245,0.325,,2.783
2022-06-13,20.720,5.543,10.271,0.107,0.342,0.009,18.514,0.164,0.311,0.802,0.552,8.243,0.325,,2.794
2022-06-14,20.530,5.532,10.272,0.108,0.342,0.009,18.514,0.164,0.307,0.802,0.553,8.242,0.326,,2.805
2022-06-15,20.900,5.521,10.273,0.108,0.342,0.009,18.513,0.164,0.304,0.802,0.553,8.240,0.326,,2.816
2022-06-16,20.620,5.509,10.274,0.108,0.343,0.009,18.512,0.164,0.301,0.801,0.553,8.239,0.326,,2.827
2022-06-17,20.600,5.498,10.275,0.109,0.343,0.009,18.512,0.164,0.298,0.801,0.554,8.237,0.326,,2.838
2022-06-21,20.770,5.487,10.276,0.109,0.343,0.009,18.511,0.165,0.295,0.801,0.554,8.236,0.326,,2.849
2022-06-22,20.780,5.476,10.276,0.109,0.343,0.009,18.511,0.165,0.292,0.801,0.555,8.234,0.327,,2.860
2022-06-23,21.410,5.465,10.277,0.109,0.344,0.009,18.510,0.165,0.289,0.801,0.555,8.233,0.327,,2.871
2022-06-24,21.670,5.454,10.278,0.110,0.344,0.009,18.509,0.165,0.286,0.801,0.555,8.231,0.327,,2.881
2022-06-27,21.690,5.442,10.279,0.110,0.344,0.009,18.509,0.165,0.282,0.800,0.556,8.230,0.327,,2.892
2022-06-28,21.840,5.431,10.280,0.110,0.344,0.009,18.508,0.166,0.279,0.800,0.556,8.228,0.328,,2.903
2022-06-29,21.750,5.420,10.281,0.111,0.345,0.009,18.508,0.166,0.276,0.800,0.557,8.227,0.328,,2.914
2022-06-30,21.720,5.409,10.282,0.111,0.345,0.009,18.507,0.166,0.273,0.800,0.557,8.225,0.328,$0.18,2.925
2022-07-01,21.830,5.409,10.283,0.110,0.345,0.009,18.510,0.166,0.273,0.800,0.557,8.227,0.328,,2.936
2022-07-05,22.050,5.409,10.284,0.110,0.345,0.009,18.512,0.165,0.274,0.800,0.557,8.228,0.327,,2.945
2022-07-06,22.220,5.409,10.285,0.110,0.345,0.009,18.515,0.165,0.274,0.800,0.558,8.230,0.327,,2.954
2022-07-07,22.350,5.409,10.286,0.109,0.345,0.009,18.518,0.164,0.275,0.801,0.558,8.232,0.327,,2.963
2022-07-08,22.280,5.409,10.287,0.108,0.345,0.009,18.520,0.164,0.275,0.801,0.558,8.233,0.326,,2.972
2022-07-11,22.300,5.409,10.288,0.108,0.345,0.009,18.523,0.164,0.276,0.801,0.558,8.235,0.326,,2.981
2022-07-12,21.320,5.409,10.289,0.108,0.345,0.009,18.526,0.163,0.276,0.801,0.558,8.237,0.326,,2.990
2022-07-13,21.570,5.409,10.290,0.107,0.345,0.009,18.528,0.163,0.276,0.801,0.558,8.238,0.325,,2.999
2022-07-14,21.430,5.409,10.291,0.106,0.345,0.009,18.531,0.163,0.277,0.801,0.559,8.240,0.325,,3.008
2022-07-15,21.880,5.409,10.292,0.106,0.345,0.009,18.534,0.162,0.277,0.802,0.559,8.242,0.325,,3.017
2022-07-18,21.730,5.409,10.293,0.106,0.345,0.009,18.536,0.162,0.278,0.802,0.559,8.243,0.324,,3.026
2022-07-19,21.790,5.409,10.294,0.105,0.345,0.009,18.539,0.162,0.278,0.802,0.559,8.245,0.324,,3.035
2022-07-20,21.810,5.409,10.295,0.104,0.345,0.009,18.542,0.161,0.278,0.802,0.559,8.247,0.324,,3.044
2022-07-21,22.120,5.409,10.296,0.104,0.345,0.009,18.544,0.161,0.279,0.802,0.560,8.248,0.323,,3.053
2022-07-22,22.270,5.409,10.297,0.104,0.345,0.009,18.547,0.160,0.279,0.802,0.560,8.250,0.323,,3.062
2022-07-25,22.270,5.409,10.298,0.103,0.344,0.009,18.550,0.160,0.280,0.802,0.560,8.252,0.323,,3.071
2022-07-26,22.360,5.409,10.299,0.103,0.344,0.009,18.552,0.160,0.280,0.803,0.560,8.253,0.322,,3.080
2022-07-27,22.580,5.409,10.300,0.102,0.344,0.009,18.555,0.159,0.281,0.803,0.560,8.255,0.322,,3.089
2022-07-28,23.590,5.409,10.301,0.102,0.344,0.009,18.558,0.159,0.281,0.803,0.561,8.257,0.322,,3.098
2022-07-29,23.840,5.409,10.302,0.101,0.344,0.009,18.560,0.158,0.281,0.803,0.561,8.258,0.321,,3.107
2022-08-01,23.520,5.409,10.303,0.100,0.344,0.009,18.563,0.158,0.282,0.803,0.561,8.260,0.321,,3.116
2022-08-02,23.200,5.409,10.304,0.100,0.344,0.008,18.566,0.158,0.282,0.803,0.561,8.262,0.321,,3.107
2022-08-03,23.010,5.409,10.305,0.100,0.344,0.008,18.568,0.157,0.283,0.804,0.561,8.263,0.320,,3.097
2022-08-04,23.160,5.409,10.306,0.099,0.344,0.008,18.571,0.157,0.283,0.804,0.562,8.265,0.320,,3.088
2022-08-05,23.140,5.409,10.307,0.098,0.344,0.008,18.574,0.157,0.284,0.804,0.562,8.267,0.320,,3.079
2022-08-08,23.160,5.409,10.308,0.098,0.344,0.008,18.576,0.156,0.284,0.804,0.562,8.268,0.319,,3.069
2022-08-09,23.490,5.409,10.309,0.098,0.344,0.008,18.579,0.156,0.284,0.804,0.562,8.270,0.319,,3.060
2022-08-10,23.790,5.409,10.310,0.097,0.344,0.008,18.582,0.156,0.285,0.804,0.562,8.272,0.319,,3.051
2022-08-11,23.760,5.409,10.311,0.096,0.344,0.008,18.584,0.155,0.285,0.805,0.562,8.273,0.318,,3.042
2022-08-12,24.180,5.409,10.312,0.096,0.344,0.008,18.587,0.155,0.286,0.805,0.563,8.275,0.318,,3.032
2022-08-15,24.300,5.409,10.313,0.096,0.344,0.008,18.590,0.154,0.286,0.805,0.563,8.277,0.318,,3.023
2022-08-16,24.320,5.409,10.314,0.095,0.344,0.008,18.592,0.154,0.286,0.805,0.563,8.279,0.318,,3.014
2022-08-17,24.270,5.409,10.315,0.094,0.344,0.008,18.595,0.154,0.287,0.805,0.563,8.280,0.317,,3.004
2022-08-18,23.700,5.409,10.316,0.094,0.344,0.008,18.598,0.153,0.287,0.805,0.563,8.282,0.317,,2.995
2022-08-19,23.690,5.409,10.317,0.094,0.344,0.008,18.601,0.153,0.288,0.805,0.564,8.284,0.317,,2.986
2022-08-22,23.370,5.409,10.318,0.093,0.344,0.008,18.603,0.152,0.288,0.806,0.564,8.285,0.316,,2.976
2022-08-23,22.900,5.409,10.319,0.092,0.344,0.008,18.606,0.152,0.289,0.806,0.564,8.287,0.316,,2.967
2022-08-24,23.020,5.409,10.320,0.092,0.344,0.008,18.609,0.152,0.289,0.806,0.564,8.289,0.316,,2.958
2022-08-25,23.350,5.409,10.321,0.092,0.344,0.008,18.611,0.151,0.289,0.806,0.564,8.290,0.315,,2.949
2022-08-26,22.770,5.409,10.322,0.091,0.344,0.008,18.614,0.151,0.290,0.806,0.564,8.292,0.315,,2.939
2022-08-29,22.430,5.409,10.323,0.090,0.344,0.008,18.617,0.151,0.290,0.806,0.565,8.294,0.315,,2.930
2022-08-30,22.000,5.409,10.324,0.090,0.344,0.008,18.619,0.150,0.291,0.807,0.565,8.295,0.314,,2.921
2022-08-31,22.160,5.409,10.325,0.090,0.344,0.008,18.622,0.150,0.291,0.807,0.565,8.297,0.314,,2.911
2022-09-01,22.330,5.409,10.326,0.089,0.344,0.008,18.625,0.150,0.292,0.807,0.565,8.299,0.314,,2.902
2022-09-02,22.280,5.409,10.327,0.088,0.344,0.008,18.627,0.149,0.292,0.807,0.565,8.300,0.313,,2.918
2022-09-06,23.320,5.409,10.328,0.088,0.344,0.008,18.630,0.149,0.292,0.807,0.566,8.302,0.313,,2.935
2022-09-07,23.750,5.409,10.329,0.088,0.344,0.008,18.633,0.148,0.293,0.807,0.566,8.304,0.313,,2.951
2022-09-08,23.740,5.409,10.330,0.087,0.344,0.008,18.635,0.148,0.293,0.808,0.566,8.305,0.312,,2.967
2022-09-09,24.160,5.409,10.331,0.087,0.343,0.008,18.638,0.148,0.294,0.808,0.566,8.307,0.312,,2.984
2022-09-12,24.500,5.409,10.332,0.086,0.343,0.008,18.641,0.147,0.294,0.808,0.566,8.309,0.312,,3.000
2022-09-13,23.770,5.409,10.333,0.086,0.343,0.008,18.643,0.147,0.295,0.808,0.567,8.310,0.311,,3.016
2022-09-14,23.340,5.409,10.334,0.085,0.343,0.008,18.646,0.146,0.295,0.808,0.567,8.312,0.311,,3.033
2022-09-15,22.720,5.409,10.335,0.084,0.343,0.008,18.649,0.146,0.295,0.808,0.567,8.314,0.311,,3.049
2022-09-16,22.520,5.409,10.336,0.084,0.343,0.008,18.651,0.146,0.296,0.808,0.567,8.315,0.310,,3.066
2022-09-19,22.440,5.409,10.337,0.084,0.343,0.008,18.654,0.145,0.296,0.809,0.567,8.317,0.310,,3.082
2022-09-20,21.810,5.409,10.338,0.083,0.343,0.008,18.657,0.145,0.297,0.809,0.568,8.319,0.310,,3.098
2022-09-21,21.300,5.409,10.339,0.082,0.343,0.008,18.659,0.145,0.297,0.809,0.568,8.320,0.309,,3.115
2022-09-22,21.380,5.409,10.340,0.082,0.343,0.008,18.662,0.144,0.297,0.809,0.568,8.322,0.309,,3.131
2022-09-23,21.400,5.409,10.341,0.082,0.343,0.008,18.665,0.144,0.298,0.809,0.568,8.324,0.309,,3.147
2022-09-26,20.970,5.409,10.342,0.081,0.343,0.008,18.667,0.144,0.298,0.809,0.568,8.325,0.308,,3.164
2022-09-27,20.710,5.409,10.343,0.080,0.343,0.008,18.670,0.143,0.299,0.810,0.568,8.327,0.308,,3.180
2022-09-28,21.070,5.409,10.344,0.080,0.343,0.008,18.673,0.143,0.299,0.810,0.569,8.329,0.308,,3.196
2022-09-29,20.700,5.409,10.345,0.080,0.343,0.008,18.675,0.142,0.300,0.810,0.569,8.330,0.307,,3.213
2022-09-30,20.630,5.409,10.346,0.079,0.343,0.008,18.678,0.142,0.300,0.810,0.569,8.332,0.307,$0.13,3.229
2022-10-03,21.300,5.409,10.346,0.079,0.343,0.008,18.676,0.142,0.299,0.810,0.569,8.330,0.307,,3.246
2022-10-04,21.370,5.410,10.345,0.080,0.343,0.008,18.674,0.143,0.299,0.810,0.569,8.328,0.308,,3.262
2022-10-05,20.890,5.410,10.345,0.080,0.343,0.008,18.671,0.143,0.298,0.810,0.570,8.326,0.308,,3.278
2022-10-06,20.550,5.410,10.345,0.080,0.343,0.008,18.669,0.143,0.298,0.809,0.570,8.325,0.308,,3.295
2022-10-07,19.730,5.410,10.344,0.081,0.343,0.008,18.667,0.143,0.297,0.809,0.570,8.323,0.309,,3.311
2022-10-10,19.600,5.411,10.344,0.081,0.343,0.008,18.665,0.144,0.297,0.809,0.570,8.321,0.309,,3.327
2022-10-11,20.100,5.411,10.344,0.081,0.343,0.008,18.663,0.144,0.296,0.809,0.570,8.319,0.309,,3.344
2022-10-12,19.630,5.411,10.343,0.082,0.344,0.008,18.660,0.144,0.295,0.809,0.570,8.317,0.310,,3.360
2022-10-13,19.810,5.411,10.343,0.082,0.344,0.008,18.658,0.145,0.295,0.809,0.571,8.315,0.310,,3.376
2022-10-14,19.270,5.412,10.343,0.082,0.344,0.008,18.656,0.145,0.294,0.808,0.571,8.313,0.310,,3.393
2022-10-17,20.040,5.412,10.342,0.083,0.344,0.008,18.654,0.145,0.294,0.808,0.571,8.312,0.311,,3.409
2022-10-18,20.300,5.412,10.342,0.083,0.344,0.008,18.652,0.146,0.293,0.808,0.571,8.310,0.311,,3.425
2022-10-19,19.820,5.412,10.342,0.083,0.344,0.008,18.649,0.146,0.292,0.808,0.571,8.308,0.311,,3.442
2022-10-20,19.840,5.413,10.341,0.084,0.344,0.008,18.647,0.146,0.292,0.808,0.571,8.306,0.312,,3.458
2022-10-21,20.180,5.413,10.341,0.084,0.344,0.008,18.645,0.146,0.291,0.808,0.572,8.304,0.312,,3.474
2022-10-24,20.050,5.413,10.340,0.084,0.344,0.008,18.643,0.147,0.291,0.808,0.572,8.302,0.312,,3.491
2022-10-25,20.710,5.414,10.340,0.085,0.344,0.008,18.641,0.147,0.290,0.807,0.572,8.300,0.313,,3.507
2022-10-26,20.520,5.414,10.340,0.085,0.344,0.008,18.638,0.147,0.290,0.807,0.572,8.299,0.313,,3.524
2022-10-27,18.930,5.414,10.339,0.085,0.344,0.008,18.636,0.148,0.289,0.807,0.572,8.297,0.314,,3.540
2022-10-28,19.520,5.414,10.339,0.086,0.344,0.008,18.634,0.148,0.288,0.807,0.572,8.295,0.314,,3.556
2022-10-31,19.320,5.415,10.339,0.086,0.344,0.008,18.632,0.148,0.288,0.807,0.573,8.293,0.314,,3.573
2022-11-01,19.300,5.415,10.338,0.086,0.344,0.008,18.630,0.149,0.287,0.807,0.573,8.291,0.315,,3.589
2022-11-02,19.180,5.415,10.338,0.087,0.344,0.008,18.627,0.149,0.287,0.806,0.573,8.289,0.315,,3.620
2022-11-03,19.120,5.415,10.338,0.087,0.344,0.008,18.625,0.149,0.286,0.806,0.573,8.287,0.315,,3.652
2022-11-04,18.920,5.416,10.337,0.087,0.345,0.008,18.623,0.149,0.286,0.806,0.573,8.286,0.316,,3.683
2022-11-07,18.120,5.416,10.337,0.088,0.345,0.008,18.621,0.150,0.285,0.806,0.573,8.284,0.316,,3.715
2022-11-08,18.360,5.416,10.337,0.088,0.345,0.008,18.619,0.150,0.284,0.806,0.574,8.282,0.316,,3.746
2022-11-09,18.180,5.416,10.336,0.088,0.345,0.008,18.616,0.150,0.284,0.806,0.574,8.280,0.317,,3.778
2022-11-10,19.690,5.417,10.336,0.089,0.345,0.008,18.614,0.151,0.283,0.805,0.574,8.278,0.317,,3.809
2022-11-11,19.500,5.417,10.336,0.089,0.345,0.008,18.612,0.151,0.283,0.805,0.574,8.276,0.317,,3.841
2022-11-14,19.090,5.417,10.335,0.089,0.345,0.008,18.610,0.151,0.282,0.805,0.574,8.274,0.318,,3.872
2022-11-15,19.310,5.418,10.335,0.090,0.345,0.008,18.608,0.152,0.282,0.805,0.574,8.272,0.318,,3.904
2022-11-16,19.010,5.418,10.335,0.090,0.345,0.008,18.605,0.152,0.281,0.805,0.575,8.271,0.318,,3.935
2022-11-17,18.770,5.418,10.334,0.090,0.345,0.008,18.603,0.152,0.280,0.805,0.575,8.269,0.319,,3.967
2022-11-18,19.070,5.418,10.334,0.090,0.345,0.008,18.601,0.152,0.280,0.805,0.575,8.267,0.319,,3.998
2022-11-21,19.060,5.419,10.334,0.091,0.345,0.008,18.599,0.153,0.279,0.804,0.575,8.265,0.319,,4.030
2022-11-22,19.260,5.419,10.333,0.091,0.345,0.008,18.596,0.153,0.279,0.804,0.575,8.263,0.320,,4.061
2022-11-23,19.270,5.419,10.333,0.091,0.345,0.008,18.594,0.153,0.278,0.804,0.576,8.261,0.320,,4.093
2022-11-25,19.340,5.419,10.333,0.092,0.345,0.008,18.592,0.154,0.277,0.804,0.576,8.259,0.320,,4.124
2022-11-28,18.900,5.420,10.332,0.092,0.346,0.008,18.590,0.154,0.277,0.804,0.576,8.258,0.321,,4.156
2022-11-29,19.460,5.420,10.332,0.092,0.346,0.008,18.588,0.154,0.276,0.804,0.576,8.256,0.321,,4.187
2022-11-30,19.900,5.420,10.332,0.093,0.346,0.008,18.585,0.154,0.276,0.803,0.576,8.254,0.321,,4.219
2022-12-01,19.730,5.420,10.331,0.093,0.346,0.008,18.583,0.155,0.275,0.803,0.576,8.252,0.322,,4.250
2022-12-02,19.730,5.421,10.331,0.093,0.346,0.008,18.581,0.155,0.275,0.803,0.577,8.250,0.322,,4.249
2022-12-05,19.600,5.421,10.331,0.094,0.346,0.008,18.579,0.155,0.274,0.803,0.577,8.248,0.322,,4.248
2022-12-06,19.310,5.421,10.330,0.094,0.346,0.008,18.577,0.156,0.273,0.803,0.577,8.246,0.323,,4.247
2022-12-07,19.620,5.421,10.330,0.094,0.346,0.008,18.574,0.156,0.273,0.803,0.577,8.245,0.323,,4.246
2022-12-08,19.580,5.422,10.330,0.095,0.346,0.008,18.572,0.156,0.272,0.802,0.577,8.243,0.324,,4.245
2022-12-09,19.260,5.422,10.329,0.095,0.346,0.008,18.570,0.157,0.272,0.802,0.577,8.241,0.324,,4.244
2022-12-12,18.990,5.422,10.329,0.095,0.346,0.008,18.568,0.157,0.271,0.802,0.578,8.239,0.324,,4.244
2022-12-13,19.540,5.423,10.328,0.096,0.346,0.008,18.566,0.157,0.271,0.802,0.578,8.237,0.325,,4.243
2022-12-14,19.520,5.423,10.328,0.096,0.346,0.008,18.563,0.157,0.270,0.802,0.578,8.235,0.325,,4.242
2022-12-15,19.040,5.423,10.328,0.096,0.346,0.008,18.561,0.158,0.269,0.802,0.578,8.233,0.325,,4.241
2022-12-16,18.520,5.423,10.327,0.097,0.346,0.009,18.559,0.158,0.269,0.802,0.578,8.232,0.326,,4.240
2022-12-19,18.140,5.424,10.327,0.097,0.346,0.009,18.557,0.158,0.268,0.801,0.578,8.230,0.326,,4.239
2022-12-20,18.010,5.424,10.327,0.097,0.346,0.009,18.555,0.159,0.268,0.801,0.579,8.228,0.326,,4.238
2022-12-21,18.150,5.424,10.326,0.098,0.347,0.009,18.552,0.159,0.267,0.801,0.579,8.226,0.327,,4.237
2022-12-22,18.060,5.424,10.326,0.098,0.347,0.009,18.550,0.159,0.266,0.801,0.579,8.224,0.327,,4.236
2022-12-23,18.230,5.425,10.326,0.098,0.347,0.009,18.548,0.160,0.266,0.801,0.579,8.222,0.327,,4.235
2022-12-27,18.130,5.425,10.325,0.099,0.347,0.009,18.546,0.160,0.265,0.801,0.579,8.220,0.328,,4.234
2022-12-28,17.750,5.425,10.325,0.099,0.347,0.009,18.544,0.160,0.265,0.800,0.579,8.219,0.328,,4.233
2022-12-29,18.310,5.425,10.325,0.099,0.347,0.009,18.541,0.160,0.264,0.800,0.580,8.217,0.328,,4.232
2022-12-30,18.070,5.426,10.324,0.100,0.347,0.009,18.539,0.161,0.264,0.800,0.580,8.215,0.329,,4.231
2022-12-31,17.985,5.426,10.324,0.100,0.347,0.009,18.537,0.161,0.263,0.800,0.580,8.213,0.329,$0.17,4.230
2023-01-03,17.900,5.426,10.323,0.100,0.347,0.009,18.536,0.161,0.264,0.800,0.580,8.214,0.329,,4.230
2023-01-04,18.180,5.426,10.322,0.101,0.347,0.009,18.536,0.161,0.265,0.800,0.580,8.214,0.329,,4.229
2023-01-05,17.490,5.426,10.321,0.101,0.348,0.009,18.535,0.162,0.266,0.800,0.580,8.215,0.330,,4.228
2023-01-06,18.190,5.426,10.319,0.101,0.348,0.009,18.535,0.162,0.267,0.801,0.581,8.215,0.330,,4.227
2023-01-09,18.230,5.426,10.318,0.102,0.348,0.009,18.534,0.162,0.268,0.801,0.581,8.216,0.330,,4.226
2023-01-10,18.230,5.426,10.317,0.102,0.348,0.009,18.534,0.162,0.269,0.801,0.581,8.217,0.330,,4.225
2023-01-11,19.050,5.426,10.316,0.102,0.348,0.009,18.533,0.163,0.270,0.801,0.581,8.217,0.331,,4.224
2023-01-12,19.210,5.426,10.315,0.103,0.348,0.009,18.533,0.163,0.271,0.801,0.581,8.218,0.331,,4.223
2023-01-13,19.090,5.426,10.314,0.103,0.349,0.009,18.532,0.163,0.272,0.801,0.581,8.219,0.331,,4.222
2023-01-17,19.340,5.426,10.313,0.103,0.349,0.009,18.532,0.163,0.273,0.802,0.582,8.219,0.331,,4.221
2023-01-18,18.930,5.426,10.311,0.104,0.349,0.009,18.531,0.163,0.274,0.802,0.582,8.220,0.332,,4.220
2023-01-19,18.920,5.426,10.310,0.104,0.349,0.009,18.530,0.164,0.275,0.802,0.582,8.220,0.332,,4.219
2023-01-20,19.280,5.426,10.309,0.104,0.349,0.009,18.530,0.164,0.276,0.802,0.582,8.221,0.332,,4.218
2023-01-23,19.240,5.426,10.308,0.105,0.349,0.009,18.529,0.164,0.277,0.802,0.582,8.222,0.332,,4.218
2023-01-24,19.520,5.426,10.307,0.105,0.350,0.009,18.529,0.164,0.278,0.802,0.582,8.222,0.333,,4.217
2023-01-25,19.620,5.426,10.306,0.105,0.350,0.009,18.528,0.165,0.279,0.803,0.583,8.223,0.333,,4.216
2023-01-26,19.640,5.426,10.305,0.105,0.350,0.009,18.528,0.165,0.280,0.803,0.583,8.223,0.333,,4.215
2023-01-27,19.910,5.426,10.303,0.106,0.350,0.009,18.527,0.165,0.281,0.803,0.583,8.224,0.333,,4.214
2023-01-30,19.450,5.426,10.302,0.106,0.350,0.009,18.527,0.165,0.282,0.803,0.583,8.225,0.334,,4.213
2023-01-31,19.880,5.426,10.301,0.106,0.351,0.009,18.526,0.166,0.283,0.803,0.583,8.225,0.334,,4.212
2023-02-01,19.990,5.426,10.300,0.107,0.351,0.009,18.525,0.166,0.284,0.803,0.583,8.226,0.334,,4.211
2023-02-02,20.740,5.426,10.299,0.107,0.351,0.009,18.525,0.166,0.285,0.804,0.584,8.226,0.334,,4.171
2023-02-03,20.440,5.426,10.298,0.107,0.351,0.009,18.524,0.166,0.286,0.804,0.584,8.227,0.335,,4.130
2023-02-06,20.200,5.426,10.297,0.108,0.351,0.009,18.524,0.166,0.287,0.804,0.584,8.228,0.335,,4.090
2023-02-07,20.240,5.426,10.295,0.108,0.351,0.009,18.523,0.167,0.288,0.804,0.584,8.228,0.335,,4.050
2023-02-08,20.220,5.426,10.294,0.108,0.352,0.009,18.523,0.167,0.289,0.804,0.584,8.229,0.335,,4.010
2023-02-09,19.960,5.426,10.293,0.109,0.352,0.009,18.522,0.167,0.290,0.804,0.584,8.230,0.336,,3.969
2023-02-10,19.980,5.426,10.292,0.109,0.352,0.009,18.522,0.167,0.291,0.805,0.585,8.230,0.336,,3.929
2023-02-13,20.230,5.426,10.291,0.109,0.352,0.009,18.521,0.168,0.292,0.805,0.585,8.231,0.336,,3.889
2023-02-14,20.220,5.426,10.290,0.110,0.352,0.009,18.521,0.168,0.293,0.805,0.585,8.231,0.336,,3.849
2023-02-15,20.130,5.426,10.288,0.110,0.352,0.009,18.520,0.168,0.294,0.805,0.585,8.232,0.336,,3.808
2023-02-16,19.930,5.426,10.287,0.110,0.353,0.009,18.519,0.168,0.295,0.805,0.585,8.233,0.337,,3.768
2023-02-17,19.960,5.426,10.286,0.111,0.353,0.009,18.519,0.168,0.296,0.805,0.585,8.233,0.337,,3.728
2023-02-21,19.720,5.426,10.285,0.111,0.353,0.009,18.518,0.169,0.297,0.805,0.585,8.234,0.337,,3.688
2023-02-22,19.630,5.426,10.284,0.111,0.353,0.009,18.518,0.169,0.298,0.806,0.586,8.234,0.337,,3.647
2023-02-23,19.690,5.426,10.283,0.112,0.353,0.009,18.517,0.169,0.299,0.806,0.586,8.235,0.338,,3.607
2023-02-24,19.300,5.426,10.282,0.112,0.354,0.009,18.517,0.169,0.300,0.806,0.586,8.236,0.338,,3.567
2023-02-27,19.160,5.426,10.280,0.112,0.354,0.009,18.516,0.170,0.301,0.806,0.586,8.236,0.338,,3.527
2023-02-28,19.120,5.426,10.279,0.113,0.354,0.009,18.516,0.170,0.302,0.806,0.586,8.237,0.338,,3.486
2023-03-01,18.570,5.426,10.278,0.113,0.354,0.009,18.515,0.170,0.303,0.806,0.586,8.238,0.339,,3.446
2023-03-02,18.700,5.426,10.277,0.113,0.354,0.009,18.515,0.170,0.304,0.807,0.587,8.238,0.339,,3.427
2023-03-03,19.470,5.426,10.276,0.114,0.354,0.009,18.514,0.170,0.305,0.807,0.587,8.239,0.339,,3.409
2023-03-06,19.490,5.426,10.275,0.114,0.355,0.009,18.513,0.171,0.306,0.807,0.587,8.239,0.339,,3.390
2023-03-07,19.010,5.426,10.274,0.114,0.355,0.009,18.513,0.171,0.307,0.807,0.587,8.240,0.340,,3.372
2023-03-08,19.340,5.426,10.272,0.115,0.355,0.009,18.512,0.171,0.308,0.807,0.587,8.241,0.340,,3.353
2023-03-09,19.120,5.426,10.271,0.115,0.355,0.009,18.512,0.171,0.309,0.807,0.587,8.241,0.340,,3.335
2023-03-10,18.510,5.426,10.270,0.115,0.355,0.009,18.511,0.172,0.310,0.808,0.588,8.242,0.340,,3.316
2023-03-13,19.040,5.426,10.269,0.115,0.356,0.009,18.511,0.172,0.311,0.808,0.588,8.242,0.341,,3.297
2023-03-14,19.120,5.426,10.268,0.116,0.356,0.009,18.510,0.172,0.312,0.808,0.588,8.243,0.341,,3.279
2023-03-15,19.240,5.426,10.267,0.116,0.356,0.009,18.510,0.172,0.313,0.808,0.588,8.244,0.341,,3.260
2023-03-16,19.020,5.426,10.266,0.116,0.356,0.009,18.509,0.173,0.314,0.808,0.588,8.244,0.341,,3.242
2023-03-17,18.650,5.426,10.264,0.117,0.356,0.009,18.508,0.173,0.315,0.808,0.588,8.245,0.342,,3.223
2023-03-20,18.720,5.426,10.263,0.117,0.356,0.009,18.508,0.173,0.316,0.809,0.589,8.245,0.342,,3.205
2023-03-21,18.460,5.426,10.262,0.117,0.357,0.009,18.507,0.173,0.317,0.809,0.589,8.246,0.342,,3.186
2023-03-22,17.610,5.426,10.261,0.118,0.357,0.009,18.507,0.173,0.318,0.809,0.589,8.247,0.342,,3.167
2023-03-23,17.540,5.426,10.260,0.118,0.357,0.009,18.506,0.174,0.319,0.809,0.589,8.247,0.343,,3.149
2023-03-24,18.010,5.426,10.259,0.118,0.357,0.009,18.506,0.174,0.320,0.809,0.589,8.248,0.343,,3.130
2023-03-27,18.060,5.426,10.258,0.119,0.357,0.009,18.505,0.174,0.321,0.809,0.589,8.249,0.343,,3.112
2023-03-28,18.020,5.426,10.256,0.119,0.357,0.009,18.505,0.174,0.322,0.810,0.590,8.249,0.343,,3.093
2023-03-29,18.490,5.426,10.255,0.119,0.358,0.009,18.504,0.175,0.323,0.810,0.590,8.250,0.344,,3.075
2023-03-30,18.780,5.426,10.254,0.120,0.358,0.009,18.504,0.175,0.324,0.810,0.590,8.250,0.344,,3.056
2023-03-31,19.100,5.426,10.253,0.120,0.358,0.009,18.503,0.175,0.325,0.810,0.590,8.251,0.344,$0.20,3.037
2023-04-03,19.090,5.426,10.253,0.120,0.358,0.009,18.504,0.175,0.326,0.810,0.590,8.251,0.344,,3.019
2023-04-04,19.120,5.426,10.254,0.121,0.358,0.009,18.504,0.175,0.328,0.810,0.590,8.251,0.344,,3.000
2023-04-05,19.100,5.426,10.254,0.121,0.358,0.009,18.505,0.175,0.329,0.810,0.590,8.251,0.344,,2.982
2023-04-06,19.270,5.426,10.255,0.121,0.358,0.009,18.506,0.175,0.331,0.809,0.591,8.252,0.344,,2.963
2023-04-10,19.360,5.426,10.255,0.121,0.358,0.009,18.506,0.175,0.332,0.809,0.591,8.252,0.344,,2.945
2023-04-11,19.530,5.426,10.256,0.122,0.358,0.009,18.507,0.175,0.334,0.809,0.591,8.252,0.344,,2.926
2023-04-12,19.560,5.426,10.256,0.122,0.359,0.009,18.507,0.175,0.335,0.809,0.591,8.252,0.344,,2.907
2023-04-13,19.710,5.426,10.257,0.122,0.359,0.009,18.508,0.175,0.336,0.809,0.591,8.252,0.344,,2.889
2023-04-14,19.700,5.426,10.257,0.123,0.359,0.009,18.509,0.175,0.338,0.809,0.591,8.252,0.344,,2.870
2023-04-17,20.190,5.426,10.258,0.123,0.359,0.009,18.509,0.175,0.339,0.808,0.592,8.252,0.344,,2.852
2023-04-18,20.260,5.425,10.258,0.123,0.359,0.009,18.510,0.175,0.341,0.808,0.592,8.253,0.344,,2.833
2023-04-19,20.370,5.425,10.259,0.123,0.359,0.009,18.511,0.175,0.342,0.808,0.592,8.253,0.344,,2.815
2023-04-20,20.310,5.425,10.259,0.124,0.359,0.009,18.511,0.175,0.344,0.808,0.592,8.253,0.344,,2.796
2023-04-21,20.370,5.425,10.260,0.124,0.359,0.009,18.512,0.175,0.345,0.808,0.592,8.253,0.344,,2.777
2023-04-24,20.100,5.425,10.260,0.124,0.359,0.009,18.512,0.175,0.347,0.808,0.592,8.253,0.344,,2.759
2023-04-25,19.810,5.425,10.261,0.125,0.359,0.009,18.513,0.175,0.348,0.807,0.593,8.253,0.345,,2.740
2023-04-26,19.670,5.425,10.261,0.125,0.359,0.009,18.514,0.175,0.349,0.807,0.593,8.253,0.345,,2.722
2023-04-27,20.110,5.425,10.262,0.125,0.359,0.009,18.514,0.175,0.351,0.807,0.593,8.254,0.345,,2.703
2023-04-28,20.420,5.425,10.262,0.126,0.360,0.009,18.515,0.175,0.352,0.807,0.593,8.254,0.345,,2.685
2023-05-01,20.450,5.425,10.263,0.126,0.360,0.009,18.516,0.175,0.354,0.807,0.593,8.254,0.345,,2.666
2023-05-02,20.590,5.425,10.263,0.126,0.360,0.009,18.516,0.175,0.355,0.807,0.593,8.254,0.345,,2.646
2023-05-03,20.470,5.425,10.264,0.126,0.360,0.009,18.517,0.175,0.357,0.806,0.594,8.254,0.345,,2.625
2023-05-04,20.430,5.425,10.264,0.127,0.360,0.009,18.517,0.175,0.358,0.806,0.594,8.254,0.345,,2.605
2023-05-05,21.050,5.425,10.265,0.127,0.360,0.009,18.518,0.175,0.359,0.806,0.594,8.254,0.345,,2.585
2023-05-08,21.040,5.425,10.265,0.127,0.360,0.009,18.519,0.175,0.361,0.806,0.594,8.255,0.345,,2.564
2023-05-09,20.840,5.425,10.266,0.128,0.360,0.009,18.519,0.175,0.362,0.806,0.594,8.255,0.345,,2.544
2023-05-10,21.100,5.425,10.266,0.128,0.360,0.009,18.520,0.175,0.364,0.806,0.594,8.255,0.345,,2.524
2023-05-11,20.820,5.425,10.267,0.128,0.360,0.009,18.521,0.175,0.365,0.805,0.595,8.255,0.345,,2.503
2023-05-12,20.810,5.425,10.267,0.128,0.360,0.009,18.521,0.175,0.367,0.805,0.595,8.255,0.345,,2.483
2023-05-15,20.860,5.425,10.268,0.129,0.360,0.009,18.522,0.175,0.368,0.805,0.595,8.255,0.345,,2.463
2023-05-16,20.320,5.424,10.268,0.129,0.360,0.009,18.522,0.176,0.370,0.805,0.595,8.256,0.345,,2.442
2023-05-17,20.560,5.424,10.268,0.129,0.361,0.009,18.523,0.176,0.371,0.805,0.595,8.256,0.345,,2.422
2023-05-18,20.520,5.424,10.269,0.130,0.361,0.009,18.524,0.176,0.372,0.805,0.595,8.256,0.345,,2.402
2023-05-19,20.520,5.424,10.269,0.130,0.361,0.009,18.524,0.176,0.374,0.805,0.595,8.256,0.345,,2.382
2023-05-22,20.590,5.424,10.270,0.130,0.361,0.009,18.525,0.176,0.375,0.804,0.596,8.256,0.345,,2.361
2023-05-23,20.380,5.424,10.270,0.130,0.361,0.009,18.526,0.176,0.377,0.804,0.596,8.256,0.345,,2.341
2023-05-24,20.160,5.424,10.271,0.131,0.361,0.009,18.526,0.176,0.378,0.804,0.596,8.256,0.345,,2.321
2023-05-25,20.130,5.424,10.271,0.131,0.361,0.009,18.527,0.176,0.380,0.804,0.596,8.257,0.345,,2.300
2023-05-26,20.430,5.424,10.272,0.131,0.361,0.009,18.528,0.176,0.381,0.804,0.596,8.257,0.345,,2.280
2023-05-30,20.560,5.424,10.272,0.132,0.361,0.009,18.528,0.176,0.382,0.804,0.596,8.257,0.345,,2.260
2023-05-31,20.730,5.424,10.273,0.132,0.361,0.009,18.529,0.176,0.384,0.803,0.597,8.257,0.345,,2.239
2023-06-01,20.710,5.424,10.273,0.132,0.361,0.009,18.529,0.176,0.385,0.803,0.597,8.257,0.345,,2.219
2023-06-02,21.110,5.424,10.274,0.132,0.361,0.009,18.530,0.176,0.387,0.803,0.597,8.257,0.345,,2.215
2023-06-05,21.090,5.424,10.274,0.133,0.362,0.009,18.531,0.176,0.388,0.803,0.597,8.257,0.345,,2.210
2023-06-06,20.930,5.424,10.275,0.133,0.362,0.009,18.531,0.176,0.390,0.803,0.597,8.258,0.345,,2.206
2023-06-07,21.090,5.424,10.275,0.133,0.362,0.009,18.532,0.176,0.391,0.803,0.597,8.258,0.345,,2.202
2023-06-08,21.270,5.424,10.276,0.134,0.362,0.009,18.533,0.176,0.392,0.802,0.598,8.258,0.346,,2.198
2023-06-09,20.980,5.424,10.276,0.134,0.362,0.009,18.533,0.176,0.394,0.802,0.598,8.258,0.346,,2.193
2023-06-12,20.570,5.424,10.277,0.134,0.362,0.009,18.534,0.176,0.395,0.802,0.598,8.258,0.346,,2.189
2023-06-13,20.820,5.424,10.277,0.135,0.362,0.009,18.534,0.176,0.397,0.802,0.598,8.258,0.346,,2.185
2023-06-14,20.830,5.424,10.278,0.135,0.362,0.009,18.535,0.176,0.398,0.802,0.598,8.258,0.346,,2.180
2023-06-15,21.010,5.423,10.278,0.135,0.362,0.009,18.536,0.176,0.400,0.802,0.598,8.259,0.346,,2.176
2023-06-16,21.050,5.423,10.279,0.135,0.362,0.009,18.536,0.176,0.401,0.801,0.599,8.259,0.346,,2.172
2023-06-20,21.050,5.423,10.279,0.136,0.362,0.009,18.537,0.176,0.403,0.801,0.599,8.259,0.346,,2.167
2023-06-21,20.920,5.423,10.280,0.136,0.362,0.009,18.538,0.176,0.404,0.801,0.599,8.259,0.346,,2.163
2023-06-22,20.540,5.423,10.280,0.136,0.363,0.009,18.538,0.176,0.405,0.801,0.599,8.259,0.346,,2.159
2023-06-23,20.040,5.423,10.281,0.137,0.363,0.009,18.539,0.176,0.407,0.801,0.599,8.259,0.346,,2.155
2023-06-26,20.560,5.423,10.281,0.137,0.363,0.009,18.539,0.176,0.408,0.801,0.599,8.259,0.346,,2.150
2023-06-27,20.850,5.423,10.282,0.137,0.363,0.009,18.540,0.176,0.410,0.800,0.600,8.260,0.346,,2.146
2023-06-28,20.970,5.423,10.282,0.137,0.363,0.009,18.541,0.176,0.411,0.800,0.600,8.260,0.346,,2.142
2023-06-29,20.890,5.423,10.283,0.138,0.363,0.009,18.541,0.176,0.413,0.800,0.600,8.260,0.346,,2.137
2023-06-30,21.050,5.423,10.283,0.138,0.363,0.009,18.542,0.176,0.414,0.800,0.600,8.260,0.346,$0.22,2.133
2023-07-03,21.330,5.423,10.283,0.138,0.363,0.009,18.556,0.176,0.419,0.802,0.600,8.275,0.346,,2.129
2023-07-05,21.210,5.423,10.283,0.138,0.363,0.009,18.571,0.176,0.425,0.803,0.601,8.289,0.346,,2.125
2023-07-06,21.270,5.423,10.282,0.138,0.363,0.009,18.585,0.176,0.430,0.805,0.601,8.304,0.346,,2.120
2023-07-07,21.260,5.423,10.282,0.138,0.363,0.009,18.600,0.176,0.436,0.806,0.601,8.319,0.346,,2.116
2023-07-10,21.270,5.423,10.282,0.138,0.363,0.009,18.614,0.175,0.441,0.808,0.601,8.333,0.346,,2.112
2023-07-11,21.570,5.423,10.282,0.137,0.363,0.009,18.629,0.175,0.447,0.809,0.602,8.348,0.346,,2.107
2023-07-12,21.600,5.423,10.282,0.137,0.363,0.009,18.643,0.175,0.452,0.811,0.602,8.362,0.346,,2.103
2023-07-13,21.730,5.423,10.281,0.137,0.363,0.009,18.658,0.175,0.458,0.812,0.602,8.377,0.346,,2.099
2023-07-14,21.660,5.423,10.281,0.137,0.363,0.009,18.672,0.175,0.463,0.814,0.603,8.392,0.346,,2.095
2023-07-17,21.620,5.423,10.281,0.137,0.363,0.009,18.686,0.175,0.469,0.816,0.603,8.406,0.346,,2.090
2023-07-18,21.320,5.423,10.281,0.137,0.363,0.009,18.701,0.175,0.474,0.817,0.603,8.421,0.346,,2.086
2023-07-19,21.600,5.423,10.281,0.137,0.363,0.009,18.715,0.175,0.479,0.819,0.603,8.436,0.346,,2.082
2023-07-20,21.830,5.423,10.280,0.137,0.363,0.009,18.730,0.175,0.485,0.820,0.604,8.450,0.346,,2.077
2023-07-21,22.120,5.423,10.280,0.137,0.363,0.009,18.744,0.174,0.490,0.822,0.604,8.465,0.346,,2.073
2023-07-24,22.130,5.423,10.280,0.137,0.363,0.009,18.759,0.174,0.496,0.823,0.604,8.480,0.346,,2.069
2023-07-25,21.760,5.423,10.280,0.136,0.364,0.009,18.773,0.174,0.501,0.825,0.604,8.494,0.346,,2.064
2023-07-26,21.740,5.423,10.280,0.136,0.364,0.009,18.787,0.174,0.507,0.827,0.605,8.509,0.345,,2.060
2023-07-27,21.350,5.423,10.279,0.136,0.364,0.009,18.802,0.174,0.512,0.828,0.605,8.524,0.345,,2.056
2023-07-28,21.710,5.423,10.279,0.136,0.364,0.009,18.816,0.174,0.518,0.830,0.605,8.538,0.345,,2.052
2023-07-31,21.730,5.423,10.279,0.136,0.364,0.009,18.831,0.174,0.523,0.831,0.606,8.553,0.345,,2.047
2023-08-01,21.640,5.423,10.279,0.136,0.364,0.009,18.845,0.174,0.529,0.833,0.606,8.567,0.345,,2.043
2023-08-02,21.690,5.423,10.279,0.136,0.364,0.009,18.860,0.174,0.534,0.834,0.606,8.582,0.345,,2.044
2023-08-03,21.520,5.423,10.278,0.136,0.364,0.009,18.874,0.173,0.539,0.836,0.606,8.597,0.345,,2.045
2023-08-04,21.270,5.423,10.278,0.136,0.364,0.009,18.888,0.173,0.545,0.838,0.607,8.611,0.345,,2.046
2023-08-07,21.380,5.423,10.278,0.136,0.364,0.009,18.903,0.173,0.550,0.839,0.607,8.626,0.345,,2.047
2023-08-08,21.390,5.423,10.278,0.136,0.364,0.009,18.917,0.173,0.556,0.841,0.607,8.641,0.345,,2.048
2023-08-09,21.180,5.423,10.278,0.135,0.364,0.009,18.932,0.173,0.561,0.842,0.608,8.655,0.345,,2.049
2023-08-10,21.130,5.423,10.277,0.135,0.364,0.009,18.946,0.173,0.567,0.844,0.608,8.670,0.345,,2.050
2023-08-11,21.240,5.423,10.277,0.135,0.364,0.009,18.961,0.173,0.572,0.845,0.608,8.685,0.345,,2.051
2023-08-14,21.090,5.423,10.277,0.135,0.364,0.009,18.975,0.173,0.578,0.847,0.608,8.699,0.345,,2.052
2023-08-15,20.950,5.423,10.277,0.135,0.364,0.009,18.990,0.173,0.583,0.848,0.609,8.714,0.345,,2.053
2023-08-16,20.850,5.423,10.276,0.135,0.364,0.009,19.004,0.172,0.588,0.850,0.609,8.728,0.345,,2.054
2023-08-17,20.510,5.423,10.276,0.135,0.364,0.009,19.018,0.172,0.594,0.852,0.609,8.743,0.345,,2.054
2023-08-18,20.480,5.423,10.276,0.135,0.364,0.009,19.033,0.172,0.599,0.853,0.610,8.758,0.345,,2.055
2023-08-21,20.120,5.423,10.276,0.135,0.364,0.009,19.047,0.172,0.605,0.855,0.610,8.772,0.345,,2.056
2023-08-22,20.310,5.423,10.276,0.135,0.364,0.009,19.062,0.172,0.610,0.856,0.610,8.787,0.345,,2.057
2023-08-23,20.670,5.423,10.275,0.135,0.364,0.009,19.076,0.172,0.616,0.858,0.610,8.802,0.345,,2.058
2023-08-24,20.560,5.423,10.275,0.134,0.364,0.009,19.091,0.172,0.621,0.859,0.611,8.816,0.345,,2.059
2023-08-25,20.660,5.423,10.275,0.134,0.364,0.009,19.105,0.172,0.627,0.861,0.611,8.831,0.345,,2.060
2023-08-28,20.660,5.423,10.275,0.134,0.364,0.009,19.120,0.172,0.632,0.862,0.611,8.846,0.345,,2.061
2023-08-29,20.830,5.423,10.275,0.134,0.364,0.009,19.134,0.172,0.638,0.864,0.612,8.860,0.345,,2.062
2023-08-30,21.050,5.423,10.274,0.134,0.364,0.009,19.148,0.171,0.643,0.866,0.612,8.875,0.345,,2.063
2023-08-31,20.860,5.423,10.274,0.134,0.364,0.009,19.163,0.171,0.648,0.867,0.612,8.890,0.345,,2.064
2023-09-01,20.920,5.423,10.274,0.134,0.364,0.009,19.177,0.171,0.654,0.869,0.612,8.904,0.345,,2.065
2023-09-05,20.730,5.423,10.274,0.134,0.364,0.009,19.192,0.171,0.659,0.870,0.613,8.919,0.345,,2.067
2023-09-06,20.780,5.423,10.274,0.134,0.364,0.009,19.206,0.171,0.665,0.872,0.613,8.933,0.345,,2.068
2023-09-07,20.940,5.423,10.273,0.134,0.364,0.009,19.221,0.171,0.670,0.873,0.613,8.948,0.345,,2.070
2023-09-08,20.730,5.423,10.273,0.134,0.364,0.009,19.235,0.171,0.676,0.875,0.613,8.963,0.344,,2.072
2023-09-11,20.850,5.423,10.273,0.133,0.365,0.009,19.249,0.171,0.681,0.877,0.614,8.977,0.344,,2.073
2023-09-12,21.010,5.423,10.273,0.133,0.365,0.009,19.264,0.171,0.687,0.878,0.614,8.992,0.344,,2.075
2023-09-13,20.990,5.423,10.273,0.133,0.365,0.009,19.278,0.170,0.692,0.880,0.614,9.007,0.344,,2.077
2023-09-14,21.510,5.423,10.272,0.133,0.365,0.009,19.293,0.170,0.698,0.881,0.615,9.021,0.344,,2.079
2023-09-15,21.600,5.423,10.272,0.133,0.365,0.009,19.307,0.170,0.703,0.883,0.615,9.036,0.344,,2.080
2023-09-18,21.220,5.423,10.272,0.133,0.365,0.009,19.322,0.170,0.708,0.884,0.615,9.051,0.344,,2.082
2023-09-19,20.840,5.423,10.272,0.133,0.365,0.009,19.336,0.170,0.714,0.886,0.615,9.065,0.344,,2.084
2023-09-20,20.780,5.423,10.272,0.133,0.365,0.009,19.350,0.170,0.719,0.888,0.616,9.080,0.344,,2.085
2023-09-21,20.200,5.423,10.271,0.133,0.365,0.009,19.365,0.170,0.725,0.889,0.616,9.095,0.344,,2.087
2023-09-22,20.000,5.423,10.271,0.133,0.365,0.009,19.379,0.170,0.730,0.891,0.616,9.109,0.344,,2.089
2023-09-25,19.890,5.423,10.271,0.132,0.365,0.009,19.394,0.170,0.736,0.892,0.617,9.124,0.344,,2.090
2023-09-26,19.580,5.423,10.271,0.132,0.365,0.009,19.408,0.169,0.741,0.894,0.617,9.138,0.344,,2.092
2023-09-27,19.400,5.423,10.271,0.132,0.365,0.009,19.423,0.169,0.747,0.895,0.617,9.153,0.344,,2.094
2023-09-28,19.440,5.423,10.270,0.132,0.365,0.009,19.437,0.169,0.752,0.897,0.617,9.168,0.344,,2.096
2023-09-29,19.390,5.423,10.270,0.132,0.365,0.009,19.452,0.169,0.758,0.898,0.618,9.182,0.344,,2.097
2023-09-30,19.270,5.423,10.270,0.132,0.365,0.009,19.466,0.169,0.763,0.900,0.618,9.197,0.344,$0.21,2.099
2023-10-02,19.150,5.423,10.269,0.132,0.365,0.009,19.462,0.169,0.762,0.900,0.618,9.194,0.344,,2.101
2023-10-03,19.010,5.423,10.268,0.132,0.365,0.009,19.458,0.169,0.761,0.900,0.618,9.192,0.344,,2.102
2023-10-04,19.320,5.423,10.266,0.132,0.365,0.009,19.455,0.169,0.760,0.900,0.618,9.189,0.344,,2.104
2023-10-05,19.370,5.423,10.265,0.132,0.365,0.009,19.451,0.169,0.759,0.899,0.618,9.187,0.344,,2.106
2023-10-06,19.560,5.423,10.264,0.132,0.365,0.009,19.447,0.169,0.758,0.899,0.618,9.184,0.344,,2.107
2023-10-09,19.700,5.423,10.262,0.132,0.366,0.009,19.443,0.169,0.757,0.899,0.619,9.181,0.345,,2.109
2023-10-10,19.550,5.423,10.261,0.132,0.366,0.009,19.439,0.169,0.756,0.899,0.619,9.179,0.345,,2.111
2023-10-11,20.150,5.423,10.260,0.132,0.366,0.009,19.435,0.169,0.755,0.899,0.619,9.176,0.345,,2.113
2023-10-12,19.980,5.423,10.259,0.132,0.366,0.009,19.432,0.169,0.754,0.899,0.619,9.174,0.345,,2.114
2023-10-13,19.910,5.423,10.258,0.132,0.366,0.009,19.428,0.169,0.753,0.898,0.619,9.171,0.345,,2.116
2023-10-16,20.000,5.423,10.256,0.131,0.366,0.009,19.424,0.170,0.752,0.898,0.619,9.168,0.345,,2.118
2023-10-17,20.020,5.423,10.255,0.131,0.366,0.009,19.420,0.170,0.751,0.898,0.619,9.166,0.345,,2.119
2023-10-18,19.700,5.423,10.254,0.131,0.366,0.009,19.416,0.170,0.750,0.898,0.619,9.163,0.345,,2.121
2023-10-19,19.310,5.423,10.252,0.131,0.366,0.009,19.412,0.170,0.749,0.898,0.619,9.161,0.345,,2.123
2023-10-20,19.080,5.423,10.251,0.131,0.366,0.009,19.409,0.170,0.748,0.898,0.619,9.158,0.345,,2.124
2023-10-23,18.720,5.422,10.250,0.131,0.366,0.009,19.405,0.170,0.748,0.898,0.619,9.156,0.346,,2.126
2023-10-24,19.040,5.422,10.249,0.131,0.367,0.009,19.401,0.170,0.747,0.897,0.620,9.153,0.346,,2.128
2023-10-25,18.550,5.422,10.247,0.131,0.367,0.009,19.397,0.170,0.746,0.897,0.620,9.150,0.346,,2.130
2023-10-26,17.780,5.422,10.246,0.131,0.367,0.009,19.393,0.170,0.745,0.897,0.620,9.148,0.346,,2.131
2023-10-27,17.620,5.422,10.245,0.131,0.367,0.009,19.389,0.170,0.744,0.897,0.620,9.145,0.346,,2.133
2023-10-30,17.910,5.422,10.244,0.131,0.367,0.009,19.386,0.170,0.743,0.897,0.620,9.143,0.346,,2.135
2023-10-31,18.170,5.422,10.242,0.131,0.367,0.009,19.382,0.170,0.742,0.897,0.620,9.140,0.346,,2.136
2023-11-01,18.200,5.422,10.241,0.131,0.367,0.009,19.378,0.170,0.741,0.896,0.620,9.137,0.346,,2.138
2023-11-02,18.830,5.422,10.240,0.131,0.367,0.009,19.374,0.170,0.740,0.896,0.620,9.135,0.346,,2.156
2023-11-03,19.560,5.422,10.239,0.131,0.367,0.009,19.370,0.170,0.739,0.896,0.620,9.132,0.346,,2.173
2023-11-06,19.400,5.422,10.237,0.131,0.367,0.009,19.366,0.170,0.738,0.896,0.620,9.130,0.346,,2.191
2023-11-07,19.120,5.422,10.236,0.131,0.368,0.009,19.363,0.170,0.737,0.896,0.621,9.127,0.347,,2.208
2023-11-08,19.270,5.422,10.235,0.131,0.368,0.009,19.359,0.170,0.736,0.896,0.621,9.124,0.347,,2.226
2023-11-09,19.100,5.422,10.234,0.131,0.368,0.009,19.355,0.170,0.735,0.895,0.621,9.122,0.347,,2.243
2023-11-10,19.380,5.422,10.232,0.131,0.368,0.009,19.351,0.170,0.734,0.895,0.621,9.119,0.347,,2.261
2023-11-13,19.280,5.422,10.231,0.131,0.368,0.009,19.347,0.170,0.733,0.895,0.621,9.117,0.347,,2.279
2023-11-14,20.460,5.422,10.230,0.130,0.368,0.009,19.344,0.170,0.732,0.895,0.621,9.114,0.347,,2.296
2023-11-15,20.340,5.422,10.229,0.130,0.368,0.009,19.340,0.171,0.731,0.895,0.621,9.111,0.347,,2.314
2023-11-16,20.520,5.422,10.228,0.130,0.368,0.009,19.336,0.171,0.730,0.895,0.621,9.109,0.347,,2.331
2023-11-17,20.520,5.422,10.226,0.130,0.368,0.009,19.332,0.171,0.729,0.895,0.621,9.106,0.347,,2.349
2023-11-20,20.500,5.422,10.225,0.130,0.368,0.009,19.328,0.171,0.728,0.894,0.621,9.104,0.347,,2.366
2023-11-21,20.290,5.422,10.224,0.130,0.368,0.009,19.324,0.171,0.727,0.894,0.621,9.101,0.347,,2.384
2023-11-22,20.420,5.422,10.222,0.130,0.369,0.009,19.321,0.171,0.726,0.894,0.622,9.098,0.348,,2.402
2023-11-24,20.410,5.422,10.221,0.130,0.369,0.009,19.317,0.171,0.725,0.894,0.622,9.096,0.348,,2.419
2023-11-27,20.430,5.422,10.220,0.130,0.369,0.009,19.313,0.171,0.724,0.894,0.622,9.093,0.348,,2.437
2023-11-28,20.370,5.422,10.219,0.130,0.369,0.009,19.309,0.171,0.723,0.894,0.622,9.091,0.348,,2.454
2023-11-29,20.170,5.422,10.218,0.130,0.369,0.009,19.305,0.171,0.722,0.893,0.622,9.088,0.348,,2.472
2023-11-30,20.410,5.422,10.216,0.130,0.369,0.009,19.301,0.171,0.721,0.893,0.622,9.085,0.348,,2.489
2023-12-01,20.820,5.422,10.215,0.130,0.369,0.009,19.298,0.171,0.720,0.893,0.622,9.083,0.348,,2.507
2023-12-04,20.680,5.422,10.214,0.130,0.369,0.009,19.294,0.171,0.719,0.893,0.622,9.080,0.348,,2.519
2023-12-05,20.370,5.422,10.212,0.130,0.369,0.009,19.290,0.171,0.718,0.893,0.622,9.078,0.348,,2.530
2023-12-06,20.170,5.422,10.211,0.130,0.369,0.009,19.286,0.171,0.717,0.893,0.622,9.075,0.348,,2.542
2023-12-07,20.040,5.422,10.210,0.130,0.370,0.009,19.282,0.171,0.716,0.893,0.622,9.072,0.348,,2.554
2023-12-08,20.240,5.421,10.209,0.130,0.370,0.009,19.278,0.171,0.716,0.892,0.623,9.070,0.349,,2.565
2023-12-11,20.360,5.421,10.208,0.130,0.370,0.009,19.275,0.171,0.715,0.892,0.623,9.067,0.349,,2.577
2023-12-12,20.520,5.421,10.206,0.130,0.370,0.009,19.271,0.171,0.714,0.892,0.623,9.065,0.349,,2.589
2023-12-13,21.320,5.421,10.205,0.130,0.370,0.009,19.267,0.171,0.713,0.892,0.623,9.062,0.349,,2.600
2023-12-14,21.590,5.421,10.204,0.130,0.370,0.009,19.263,0.171,0.712,0.892,0.623,9.060,0.349,,2.612
2023-12-15,20.930,5.421,10.202,0.129,0.370,0.009,19.259,0.172,0.711,0.892,0.623,9.057,0.349,,2.623
2023-12-18,20.970,5.421,10.201,0.129,0.370,0.009,19.255,0.172,0.710,0.891,0.623,9.054,0.349,,2.635
2023-12-19,21.150,5.421,10.200,0.129,0.370,0.009,19.252,0.172,0.709,0.891,0.623,9.052,0.349,,2.647
2023-12-20,20.790,5.421,10.199,0.129,0.370,0.009,19.248,0.172,0.708,0.891,0.623,9.049,0.349,,2.658
2023-12-21,20.940,5.421,10.198,0.129,0.370,0.009,19.244,0.172,0.707,0.891,0.623,9.047,0.349,,2.670
2023-12-22,20.950,5.421,10.196,0.129,0.371,0.009,19.240,0.172,0.706,0.891,0.624,9.044,0.350,,2.682
2023-12-26,20.980,5.421,10.195,0.129,0.371,0.009,19.236,0.172,0.705,0.891,0.624,9.041,0.350,,2.693
2023-12-27,21.060,5.421,10.194,0.129,0.371,0.009,19.232,0.172,0.704,0.890,0.624,9.039,0.350,,2.705
2023-12-28,21.230,5.421,10.192,0.129,0.371,0.009,19.229,0.172,0.703,0.890,0.624,9.036,0.350,,2.717
2023-12-29,20.870,5.421,10.191,0.129,0.371,0.009,19.225,0.172,0.702,0.890,0.624,9.034,0.350,,2.728
2023-12-31,21.035,5.421,10.190,0.129,0.371,0.009,19.221,0.172,0.701,0.890,0.624,9.031,0.350,$0.22,2.740
2024-01-02,21.200,5.421,10.190,0.129,0.371,0.009,19.221,0.172,0.702,0.890,0.624,9.031,0.350,,2.752
2024-01-03,20.860,5.421,10.189,0.129,0.371,0.009,19.221,0.172,0.702,0.890,0.625,9.031,0.350,,2.763
2024-01-04,20.800,5.421,10.189,0.130,0.372,0.009,19.220,0.172,0.703,0.890,0.625,9.031,0.351,,2.775
2024-01-05,20.730,5.421,10.189,0.130,0.372,0.009,19.220,0.173,0.703,0.890,0.625,9.032,0.351,,2.786
2024-01-08,20.960,5.421,10.188,0.130,0.372,0.009,19.220,0.173,0.704,0.890,0.626,9.032,0.351,,2.798
2024-01-09,20.750,5.421,10.188,0.130,0.372,0.009,19.220,0.173,0.705,0.890,0.626,9.032,0.351,,2.810
2024-01-10,20.920,5.421,10.188,0.130,0.372,0.009,19.220,0.173,0.705,0.890,0.626,9.032,0.351,,2.821
2024-01-11,20.730,5.421,10.187,0.131,0.373,0.009,19.220,0.173,0.706,0.890,0.627,9.032,0.352,,2.833
2024-01-12,20.690,5.421,10.187,0.131,0.373,0.009,19.219,0.173,0.706,0.890,0.627,9.032,0.352,,2.845
2024-01-16,20.530,5.421,10.187,0.131,0.373,0.009,19.219,0.174,0.707,0.890,0.628,9.032,0.352,,2.856
2024-01-17,20.270,5.420,10.186,0.131,0.373,0.009,19.219,0.174,0.708,0.890,0.628,9.033,0.352,,2.868
2024-01-18,20.230,5.420,10.186,0.132,0.374,0.009,19.219,0.174,0.708,0.890,0.628,9.033,0.352,,2.880
2024-01-19,20.620,5.420,10.186,0.132,0.374,0.009,19.219,0.174,0.709,0.890,0.629,9.033,0.353,,2.891
2024-01-22,20.930,5.420,10.185,0.132,0.374,0.009,19.219,0.174,0.709,0.890,0.629,9.033,0.353,,2.903
2024-01-23,20.650,5.420,10.185,0.132,0.374,0.009,19.218,0.174,0.710,0.890,0.629,9.033,0.353,,2.914
2024-01-24,20.280,5.420,10.185,0.132,0.374,0.009,19.218,0.175,0.711,0.890,0.630,9.033,0.353,,2.926
2024-01-25,20.360,5.420,10.185,0.133,0.375,0.009,19.218,0.175,0.711,0.890,0.630,9.033,0.353,,2.938
2024-01-26,20.360,5.420,10.184,0.133,0.375,0.009,19.218,0.175,0.712,0.890,0.630,9.034,0.353,,2.949
2024-01-29,20.400,5.420,10.184,0.133,0.375,0.009,19.218,0.175,0.712,0.890,0.631,9.034,0.354,,2.961
2024-01-30,20.250,5.420,10.184,0.133,0.375,0.009,19.217,0.175,0.713,0.890,0.631,9.034,0.354,,2.973
2024-01-31,20.160,5.420,10.183,0.133,0.375,0.009,19.217,0.175,0.714,0.890,0.631,9.034,0.354,,2.984
2024-02-01,20.480,5.420,10.183,0.134,0.376,0.009,19.217,0.176,0.714,0.890,0.632,9.034,0.354,,2.996
2024-02-02,20.220,5.420,10.183,0.134,0.376,0.009,19.217,0.176,0.715,0.890,0.632,9.034,0.354,,2.996
2024-02-05,19.730,5.420,10.182,0.134,0.376,0.009,19.217,0.176,0.715,0.890,0.633,9.034,0.355,,2.996
2024-02-06,20.030,5.420,10.182,0.134,0.376,0.009,19.217,0.176,0.716,0.890,0.633,9.035,0.355,,2.995
2024-02-07,19.930,5.420,10.182,0.134,0.376,0.009,19.216,0.176,0.717,0.890,0.633,9.035,0.355,,2.995
2024-02-08,20.010,5.420,10.181,0.135,0.377,0.009,19.216,0.176,0.717,0.890,0.634,9.035,0.355,,2.995
2024-02-09,20.250,5.420,10.181,0.135,0.377,0.009,19.216,0.177,0.718,0.890,0.634,9.035,0.355,,2.995
2024-02-12,20.140,5.420,10.181,0.135,0.377,0.009,19.216,0.177,0.718,0.890,0.634,9.035,0.356,,2.995
2024-02-13,19.750,5.420,10.180,0.135,0.377,0.009,19.216,0.177,0.719,0.890,0.635,9.035,0.356,,2.994
2024-02-14,19.790,5.420,10.180,0.135,0.378,0.009,19.216,0.177,0.719,0.890,0.635,9.035,0.356,,2.994
2024-02-15,20.120,5.419,10.180,0.136,0.378,0.009,19.215,0.177,0.720,0.890,0.635,9.036,0.356,,2.994
2024-02-16,20.020,5.419,10.179,0.136,0.378,0.009,19.215,0.177,0.721,0.890,0.636,9.036,0.356,,2.994
2024-02-20,20.060,5.419,10.179,0.136,0.378,0.009,19.215,0.177,0.721,0.890,0.636,9.036,0.357,,2.994
2024-02-21,20.330,5.419,10.179,0.136,0.378,0.009,19.215,0.178,0.722,0.890,0.636,9.036,0.357,,2.993
2024-02-22,20.280,5.419,10.178,0.137,0.379,0.009,19.215,0.178,0.722,0.890,0.637,9.036,0.357,,2.993
2024-02-23,20.370,5.419,10.178,0.137,0.379,0.009,19.214,0.178,0.723,0.890,0.637,9.036,0.357,,2.993
2024-02-26,20.390,5.419,10.178,0.137,0.379,0.009,19.214,0.178,0.724,0.890,0.637,9.037,0.357,,2.993
2024-02-27,20.530,5.419,10.177,0.137,0.379,0.009,19.214,0.178,0.724,0.890,0.638,9.037,0.358,,2.993
2024-02-28,20.600,5.419,10.177,0.137,0.379,0.009,19.214,0.178,0.725,0.890,0.638,9.037,0.358,,2.992
2024-02-29,20.860,5.419,10.177,0.138,0.380,0.009,19.214,0.179,0.725,0.890,0.639,9.037,0.358,,2.992
2024-03-01,21.150,5.419,10.176,0.138,0.380,0.009,19.214,0.179,0.726,0.890,0.639,9.037,0.358,,2.992
2024-03-04,21.680,5.419,10.176,0.138,0.380,0.009,19.213,0.179,0.727,0.890,0.639,9.037,0.358,,2.986
2024-03-05,21.350,5.419,10.176,0.138,0.380,0.009,19.213,0.179,0.727,0.890,0.640,9.037,0.359,,2.980
2024-03-06,21.380,5.419,10.175,0.138,0.380,0.009,19.213,0.179,0.728,0.890,0.640,9.038,0.359,,2.974
2024-03-07,21.190,5.419,10.175,0.139,0.381,0.009,19.213,0.179,0.728,0.890,0.640,9.038,0.359,,2.968
2024-03-08,21.500,5.419,10.175,0.139,0.381,0.009,19.213,0.180,0.729,0.890,0.641,9.038,0.359,,2.962
2024-03-11,21.500,5.419,10.175,0.139,0.381,0.009,19.212,0.180,0.730,0.890,0.641,9.038,0.359,,2.955
2024-03-12,21.550,5.419,10.174,0.139,0.381,0.009,19.212,0.180,0.730,0.890,0.641,9.038,0.359,,2.949
2024-03-13,21.560,5.419,10.174,0.139,0.381,0.009,19.212,0.180,0.731,0.890,0.642,9.038,0.360,,2.943
2024-03-14,21.350,5.419,10.174,0.140,0.382,0.009,19.212,0.180,0.731,0.890,0.642,9.038,0.360,,2.937
2024-03-15,21.400,5.418,10.173,0.140,0.382,0.009,19.212,0.180,0.732,0.890,0.642,9.039,0.360,,2.931
2024-03-18,21.200,5.418,10.173,0.140,0.382,0.009,19.212,0.181,0.733,0.890,0.643,9.039,0.360,,2.925
2024-03-19,21.240,5.418,10.173,0.140,0.382,0.009,19.211,0.181,0.733,0.890,0.643,9.039,0.360,,2.919
2024-03-20,21.330,5.418,10.172,0.141,0.383,0.009,19.211,0.181,0.734,0.890,0.644,9.039,0.361,,2.913
2024-03-21,21.490,5.418,10.172,0.141,0.383,0.009,19.211,0.181,0.734,0.890,0.644,9.039,0.361,,2.907
2024-03-22,21.180,5.418,10.172,0.141,0.383,0.009,19.211,0.181,0.735,0.890,0.644,9.039,0.361,,2.901
2024-03-25,21.050,5.418,10.171,0.141,0.383,0.009,19.211,0.181,0.736,0.890,0.645,9.039,0.361,,2.894
2024-03-26,20.980,5.418,10.171,0.141,0.383,0.009,19.211,0.182,0.736,0.890,0.645,9.040,0.361,,2.888
2024-03-27,21.370,5.418,10.171,0.142,0.384,0.009,19.210,0.182,0.737,0.890,0.645,9.040,0.362,,2.882
2024-03-28,21.800,5.418,10.170,0.142,0.384,0.009,19.210,0.182,0.737,0.890,0.646,9.040,0.362,,2.876
2024-03-31,21.640,5.418,10.170,0.142,0.384,0.009,19.210,0.182,0.738,0.890,0.646,9.040,0.362,$0.23,2.870
2024-04-01,21.480,5.418,10.168,0.141,0.384,0.009,19.210,0.182,0.738,0.890,0.646,9.042,0.362,,2.864
2024-04-02,21.310,5.418,10.167,0.140,0.384,0.009,19.211,0.182,0.738,0.891,0.646,9.044,0.362,,2.856
2024-04-03,21.280,5.418,10.165,0.139,0.384,0.009,19.211,0.182,0.739,0.891,0.646,9.046,0.362,,2.849
2024-04-04,21.070,5.418,10.164,0.138,0.384,0.009,19.212,0.182,0.739,0.891,0.646,9.048,0.362,,2.842
2024-04-05,21.300,5.418,10.162,0.137,0.384,0.009,19.212,0.182,0.739,0.892,0.647,9.050,0.362,,2.834
2024-04-08,21.650,5.418,10.160,0.136,0.384,0.009,19.213,0.182,0.739,0.892,0.647,9.052,0.362,,2.826
2024-04-09,21.790,5.418,10.159,0.134,0.384,0.009,19.213,0.182,0.739,0.892,0.647,9.055,0.362,,2.819
2024-04-10,21.360,5.418,10.157,0.133,0.384,0.009,19.214,0.182,0.739,0.893,0.647,9.057,0.362,,2.811
2024-04-11,21.200,5.418,10.156,0.132,0.384,0.009,19.214,0.181,0.740,0.893,0.647,9.059,0.362,,2.804
2024-04-12,20.780,5.418,10.154,0.131,0.384,0.009,19.215,0.181,0.740,0.893,0.647,9.061,0.362,,2.796
2024-04-15,20.560,5.417,10.152,0.130,0.385,0.009,19.215,0.181,0.740,0.893,0.647,9.063,0.362,,2.789
2024-04-16,20.240,5.417,10.151,0.129,0.385,0.009,19.215,0.181,0.740,0.894,0.647,9.065,0.362,,2.782
2024-04-17,20.260,5.417,10.149,0.128,0.385,0.009,19.216,0.181,0.740,0.894,0.647,9.067,0.362,,2.774
2024-04-18,20.460,5.417,10.147,0.127,0.385,0.009,19.216,0.181,0.740,0.894,0.648,9.069,0.362,,2.766
2024-04-19,20.570,5.417,10.146,0.126,0.385,0.009,19.217,0.181,0.741,0.895,0.648,9.071,0.362,,2.759
2024-04-22,20.690,5.417,10.144,0.125,0.385,0.009,19.217,0.181,0.741,0.895,0.648,9.073,0.362,,2.752
2024-04-23,20.910,5.417,10.143,0.124,0.385,0.009,19.218,0.181,0.741,0.895,0.648,9.075,0.361,,2.744
2024-04-24,21.020,5.417,10.141,0.123,0.385,0.009,19.218,0.181,0.741,0.896,0.648,9.077,0.361,,2.736
2024-04-25,21.120,5.417,10.139,0.122,0.385,0.009,19.219,0.181,0.741,0.896,0.648,9.079,0.361,,2.729
2024-04-26,21.270,5.417,10.138,0.120,0.385,0.009,19.219,0.181,0.741,0.896,0.648,9.082,0.361,,2.722
2024-04-29,21.180,5.417,10.136,0.119,0.385,0.009,19.220,0.181,0.742,0.897,0.648,9.084,0.361,,2.714
2024-04-30,20.950,5.417,10.135,0.118,0.385,0.009,19.220,0.181,0.742,0.897,0.648,9.086,0.361,,2.706
2024-05-01,20.880,5.417,10.133,0.117,0.385,0.009,19.220,0.181,0.742,0.897,0.649,9.088,0.361,,2.699
2024-05-02,21.140,5.417,10.131,0.116,0.385,0.009,19.221,0.180,0.742,0.898,0.649,9.090,0.361,,2.708
2024-05-03,21.070,5.417,10.130,0.115,0.385,0.009,19.221,0.180,0.742,0.898,0.649,9.092,0.361,,2.717
2024-05-06,21.320,5.417,10.128,0.114,0.385,0.009,19.222,0.180,0.742,0.898,0.649,9.094,0.361,,2.726
2024-05-07,21.430,5.417,10.127,0.113,0.385,0.009,19.222,0.180,0.743,0.898,0.649,9.096,0.361,,2.735
2024-05-08,21.260,5.417,10.125,0.112,0.385,0.009,19.223,0.180,0.743,0.899,0.649,9.098,0.361,,2.744
2024-05-09,21.430,5.417,10.123,0.111,0.385,0.009,19.223,0.180,0.743,0.899,0.649,9.100,0.361,,2.753
2024-05-10,21.310,5.417,10.122,0.110,0.385,0.009,19.224,0.180,0.743,0.899,0.649,9.102,0.361,,2.762
2024-05-13,21.290,5.417,10.120,0.109,0.385,0.009,19.224,0.180,0.743,0.900,0.649,9.104,0.361,,2.772
2024-05-14,21.430,5.416,10.119,0.107,0.386,0.009,19.224,0.180,0.744,0.900,0.650,9.106,0.361,,2.781
2024-05-15,21.840,5.416,10.117,0.106,0.386,0.009,19.225,0.180,0.744,0.900,0.650,9.109,0.361,,2.790
2024-05-16,21.570,5.416,10.115,0.105,0.386,0.009,19.225,0.180,0.744,0.901,0.650,9.111,0.361,,2.799
2024-05-17,21.720,5.416,10.114,0.104,0.386,0.009,19.226,0.180,0.744,0.901,0.650,9.113,0.361,,2.808
2024-05-20,21.710,5.416,10.112,0.103,0.386,0.009,19.226,0.180,0.744,0.901,0.650,9.115,0.361,,2.817
2024-05-21,21.550,5.416,10.110,0.102,0.386,0.009,19.227,0.180,0.744,0.902,0.650,9.117,0.361,,2.826
2024-05-22,21.430,5.416,10.109,0.101,0.386,0.009,19.227,0.180,0.745,0.902,0.650,9.119,0.361,,2.835
2024-05-23,21.150,5.416,10.107,0.100,0.386,0.009,19.228,0.180,0.745,0.902,0.650,9.121,0.361,,2.844
2024-05-24,21.120,5.416,10.106,0.099,0.386,0.009,19.228,0.180,0.745,0.903,0.650,9.123,0.361,,2.853
2024-05-28,20.870,5.416,10.104,0.098,0.386,0.009,19.229,0.179,0.745,0.903,0.650,9.125,0.361,,2.862
2024-05-29,20.690,5.416,10.102,0.097,0.386,0.009,19.229,0.179,0.745,0.903,0.651,9.127,0.361,,2.871
2024-05-30,20.850,5.416,10.101,0.096,0.386,0.009,19.229,0.179,0.745,0.903,0.651,9.129,0.361,,2.880
2024-05-31,21.310,5.416,10.099,0.095,0.386,0.009,19.230,0.179,0.746,0.904,0.651,9.131,0.361,,2.890
2024-06-03,21.260,5.416,10.098,0.093,0.386,0.009,19.230,0.179,0.746,0.904,0.651,9.134,0.361,,2.899
2024-06-04,21.410,5.416,10.096,0.092,0.386,0.009,19.231,0.179,0.746,0.904,0.651,9.136,0.361,,2.908
2024-06-05,21.280,5.416,10.094,0.091,0.386,0.009,19.231,0.179,0.746,0.905,0.651,9.138,0.361,,2.917
2024-06-06,21.360,5.416,10.093,0.090,0.386,0.009,19.232,0.179,0.746,0.905,0.651,9.140,0.360,,2.926
2024-06-07,21.450,5.416,10.091,0.089,0.386,0.009,19.232,0.179,0.746,0.905,0.651,9.142,0.360,,2.935
2024-06-10,21.630,5.416,10.090,0.088,0.386,0.009,19.233,0.179,0.747,0.906,0.651,9.144,0.360,,2.944
2024-06-11,21.500,5.416,10.088,0.087,0.386,0.009,19.233,0.179,0.747,0.906,0.652,9.146,0.360,,2.953
2024-06-12,21.470,5.416,10.086,0.086,0.386,0.009,19.234,0.179,0.747,0.906,0.652,9.148,0.360,,2.962
2024-06-13,21.460,5.416,10.085,0.085,0.386,0.009,19.234,0.179,0.747,0.907,0.652,9.150,0.360,,2.971
2024-06-14,21.750,5.415,10.083,0.084,0.387,0.009,19.234,0.179,0.747,0.907,0.652,9.152,0.360,,2.980
2024-06-17,21.750,5.415,10.081,0.083,0.387,0.009,19.235,0.179,0.747,0.907,0.652,9.154,0.360,,2.989
2024-06-18,21.890,5.415,10.080,0.082,0.387,0.009,19.235,0.178,0.748,0.908,0.652,9.156,0.360,,2.998
2024-06-20,21.800,5.415,10.078,0.081,0.387,0.009,19.236,0.178,0.748,0.908,0.652,9.158,0.360,,3.007
2024-06-21,21.700,5.415,10.077,0.079,0.387,0.009,19.236,0.178,0.748,0.908,0.652,9.161,0.360,,3.016
2024-06-24,21.960,5.415,10.075,0.078,0.387,0.009,19.237,0.178,0.748,0.908,0.652,9.163,0.360,,3.026
2024-06-25,21.770,5.415,10.073,0.077,0.387,0.009,19.237,0.178,0.748,0.909,0.653,9.165,0.360,,3.035
2024-06-26,21.510,5.415,10.072,0.076,0.387,0.009,19.238,0.178,0.748,0.909,0.653,9.167,0.360,,3.044
2024-06-27,21.650,5.415,10.070,0.075,0.387,0.009,19.238,0.178,0.749,0.909,0.653,9.169,0.360,,3.053
2024-06-28,21.990,5.415,10.069,0.074,0.387,0.009,19.239,0.178,0.749,0.910,0.653,9.171,0.360,,3.062
2024-06-30,21.955,5.415,10.067,0.073,0.387,0.009,19.239,0.178,0.749,0.910,0.653,9.173,0.360,$0.12,3.071
2024-07-01,21.920,5.415,10.065,0.073,0.387,0.009,19.245,0.178,0.753,0.911,0.653,9.181,0.360,,3.080
2024-07-02,22.090,5.414,10.063,0.074,0.387,0.009,19.251,0.177,0.758,0.912,0.653,9.189,0.360,,3.086
2024-07-03,22.060,5.414,10.062,0.074,0.387,0.009,19.257,0.177,0.762,0.913,0.653,9.197,0.359,,3.091
2024-07-05,22.080,5.413,10.060,0.074,0.387,0.009,19.264,0.177,0.766,0.914,0.653,9.205,0.359,,3.097
2024-07-08,22.140,5.413,10.058,0.075,0.387,0.009,19.270,0.177,0.771,0.915,0.654,9.213,0.359,,3.103
2024-07-09,22.120,5.413,10.056,0.075,0.387,0.009,19.276,0.176,0.775,0.916,0.654,9.221,0.359,,3.108
2024-07-10,21.960,5.412,10.054,0.075,0.387,0.009,19.282,0.176,0.779,0.917,0.654,9.229,0.359,,3.114
2024-07-11,21.710,5.412,10.053,0.076,0.387,0.009,19.288,0.176,0.784,0.918,0.654,9.236,0.358,,3.119
2024-07-12,21.670,5.411,10.051,0.076,0.387,0.009,19.294,0.176,0.788,0.918,0.654,9.244,0.358,,3.125
2024-07-15,21.620,5.411,10.049,0.076,0.387,0.009,19.301,0.175,0.792,0.919,0.654,9.252,0.358,,3.131
2024-07-16,21.950,5.411,10.047,0.077,0.386,0.009,19.307,0.175,0.797,0.920,0.654,9.260,0.358,,3.136
2024-07-17,21.900,5.410,10.045,0.077,0.386,0.009,19.313,0.175,0.801,0.921,0.654,9.268,0.358,,3.142
2024-07-18,22.010,5.410,10.044,0.077,0.386,0.009,19.319,0.175,0.805,0.922,0.654,9.276,0.357,,3.148
2024-07-19,22.010,5.410,10.042,0.078,0.386,0.009,19.325,0.174,0.810,0.923,0.655,9.284,0.357,,3.153
2024-07-22,22.240,5.409,10.040,0.078,0.386,0.009,19.331,0.174,0.814,0.924,0.655,9.292,0.357,,3.159
2024-07-23,22.360,5.409,10.038,0.078,0.386,0.009,19.338,0.174,0.818,0.925,0.655,9.300,0.357,,3.165
2024-07-24,22.040,5.408,10.036,0.079,0.386,0.009,19.344,0.173,0.823,0.926,0.655,9.308,0.357,,3.170
2024-07-25,20.340,5.408,10.035,0.079,0.386,0.009,19.350,0.173,0.827,0.927,0.655,9.316,0.356,,3.176
2024-07-26,20.870,5.408,10.033,0.080,0.386,0.009,19.356,0.173,0.832,0.928,0.655,9.324,0.356,,3.181
2024-07-29,21.000,5.407,10.031,0.080,0.386,0.009,19.362,0.173,0.836,0.929,0.655,9.332,0.356,,3.187
2024-07-30,21.440,5.407,10.029,0.080,0.386,0.009,19.368,0.172,0.840,0.930,0.655,9.340,0.356,,3.193
2024-07-31,21.610,5.406,10.027,0.081,0.386,0.009,19.374,0.172,0.845,0.931,0.655,9.348,0.356,,3.198
2024-08-01,21.770,5.406,10.026,0.081,0.386,0.009,19.381,0.172,0.849,0.932,0.656,9.356,0.355,,3.204
2024-08-02,21.810,5.406,10.024,0.081,0.386,0.009,19.387,0.172,0.853,0.932,0.656,9.364,0.355,,3.208
2024-08-05,21.240,5.405,10.022,0.082,0.386,0.009,19.393,0.171,0.858,0.933,0.656,9.371,0.355,,3.212
2024-08-06,21.810,5.405,10.020,0.082,0.386,0.009,19.399,0.171,0.862,0.934,0.656,9.379,0.355,,3.216
2024-08-07,21.580,5.404,10.018,0.082,0.386,0.009,19.405,0.171,0.866,0.935,0.656,9.387,0.355,,3.220
2024-08-08,21.720,5.404,10.017,0.083,0.386,0.009,19.411,0.171,0.871,0.936,0.656,9.395,0.354,,3.224
2024-08-09,21.870,5.404,10.015,0.083,0.386,0.009,19.418,0.170,0.875,0.937,0.656,9.403,0.354,,3.228
2024-08-12,21.600,5.403,10.013,0.083,0.386,0.009,19.424,0.170,0.879,0.938,0.656,9.411,0.354,,3.232
2024-08-13,21.610,5.403,10.011,0.084,0.386,0.009,19.430,0.170,0.884,0.939,0.656,9.419,0.354,,3.236
2024-08-14,21.520,5.402,10.010,0.084,0.386,0.009,19.436,0.169,0.888,0.940,0.657,9.427,0.354,,3.240
2024-08-15,21.600,5.402,10.008,0.084,0.385,0.009,19.442,0.169,0.892,0.941,0.657,9.435,0.353,,3.244
2024-08-16,21.620,5.402,10.006,0.085,0.385,0.009,19.448,0.169,0.897,0.942,0.657,9.443,0.353,,3.247
2024-08-19,21.830,5.401,10.004,0.085,0.385,0.009,19.454,0.169,0.901,0.943,0.657,9.451,0.353,,3.251
2024-08-20,21.860,5.401,10.002,0.085,0.385,0.009,19.461,0.168,0.905,0.944,0.657,9.459,0.353,,3.255
2024-08-21,22.050,5.401,10.001,0.086,0.385,0.009,19.467,0.168,0.910,0.945,0.657,9.467,0.352,,3.259
2024-08-22,22.020,5.400,9.999,0.086,0.385,0.009,19.473,0.168,0.914,0.946,0.657,9.475,0.352,,3.263
2024-08-23,22.150,5.400,9.997,0.086,0.385,0.009,19.479,0.168,0.918,0.947,0.657,9.483,0.352,,3.267
2024-08-26,21.950,5.399,9.995,0.087,0.385,0.009,19.485,0.167,0.923,0.948,0.657,9.490,0.352,,3.271
2024-08-27,22.300,5.399,9.993,0.087,0.385,0.009,19.491,0.167,0.927,0.948,0.657,9.498,0.352,,3.275
2024-08-28,22.330,5.399,9.992,0.087,0.385,0.009,19.498,0.167,0.931,0.949,0.658,9.506,0.351,,3.279
2024-08-29,22.190,5.398,9.990,0.088,0.385,0.009,19.504,0.167,0.936,0.950,0.658,9.514,0.351,,3.283
2024-08-30,22.570,5.398,9.988,0.088,0.385,0.009,19.510,0.166,0.940,0.951,0.658,9.522,0.351,,3.287
2024-09-03,22.830,5.397,9.986,0.088,0.385,0.009,19.516,0.166,0.944,0.952,0.658,9.530,0.351,,3.291
2024-09-04,22.800,5.397,9.984,0.089,0.385,0.008,19.522,0.166,0.949,0.953,0.658,9.538,0.351,,3.295
2024-09-05,22.840,5.397,9.983,0.089,0.385,0.008,19.528,0.166,0.953,0.954,0.658,9.546,0.350,,3.299
2024-09-06,22.030,5.396,9.981,0.090,0.385,0.008,19.534,0.165,0.957,0.955,0.658,9.554,0.350,,3.303
2024-09-09,21.870,5.396,9.979,0.090,0.385,0.008,19.541,0.165,0.962,0.956,0.658,9.562,0.350,,3.307
2024-09-10,22.110,5.395,9.977,0.090,0.385,0.008,19.547,0.165,0.966,0.957,0.658,9.570,0.350,,3.311
2024-09-11,22.060,5.395,9.975,0.091,0.385,0.008,19.553,0.164,0.971,0.958,0.659,9.578,0.350,,3.315
2024-09-12,22.230,5.395,9.974,0.091,0.385,0.008,19.559,0.164,0.975,0.959,0.659,9.586,0.349,,3.319
2024-09-13,22.680,5.394,9.972,0.091,0.385,0.008,19.565,0.164,0.979,0.960,0.659,9.594,0.349,,3.323
2024-09-16,22.530,5.394,9.970,0.092,0.384,0.008,19.571,0.164,0.984,0.961,0.659,9.602,0.349,,3.327
2024-09-17,22.120,5.394,9.968,0.092,0.384,0.008,19.578,0.163,0.988,0.962,0.659,9.610,0.349,,3.330
2024-09-18,21.970,5.393,9.966,0.092,0.384,0.008,19.584,0.163,0.992,0.962,0.659,9.618,0.349,,3.334
2024-09-19,22.080,5.393,9.965,0.093,0.384,0.008,19.590,0.163,0.997,0.963,0.659,9.625,0.348,,3.338
2024-09-20,22.080,5.392,9.963,0.093,0.384,0.008,19.596,0.163,1.001,0.964,0.659,9.633,0.348,,3.342
2024-09-23,22.360,5.392,9.961,0.093,0.384,0.008,19.602,0.162,1.005,0.965,0.659,9.641,0.348,,3.346
2024-09-24,21.780,5.392,9.959,0.094,0.384,0.008,19.608,0.162,1.010,0.966,0.660,9.649,0.348,,3.350
2024-09-25,21.800,5.391,9.957,0.094,0.384,0.008,19.615,0.162,1.014,0.967,0.660,9.657,0.348,,3.354
2024-09-26,21.450,5.391,9.956,0.094,0.384,0.008,19.621,0.162,1.018,0.968,0.660,9.665,0.347,,3.358
2024-09-27,21.440,5.390,9.954,0.095,0.384,0.008,19.627,0.161,1.023,0.969,0.660,9.673,0.347,,3.362
2024-09-30,21.600,5.390,9.952,0.095,0.384,0.008,19.633,0.161,1.027,0.970,0.660,9.681,0.347,$0.15,3.366
2024-10-01,21.250,5.377,9.950,0.096,0.384,0.008,19.618,0.161,1.014,0.969,0.660,9.669,0.347,,3.370
2024-10-02,21.060,5.365,9.947,0.096,0.384,0.008,19.604,0.160,1.000,0.968,0.660,9.657,0.346,,3.382
2024-10-03,20.920,5.352,9.945,0.097,0.384,0.008,19.589,0.160,0.987,0.967,0.660,9.645,0.346,,3.394
2024-10-04,21.160,5.339,9.942,0.098,0.384,0.008,19.575,0.160,0.974,0.966,0.660,9.633,0.346,,3.406
2024-10-07,20.830,5.327,9.940,0.099,0.385,0.008,19.560,0.159,0.960,0.965,0.660,9.621,0.345,,3.419
2024-10-08,20.330,5.314,9.937,0.100,0.385,0.008,19.546,0.159,0.947,0.964,0.660,9.609,0.345,,3.431
2024-10-09,20.380,5.302,9.935,0.100,0.385,0.008,19.531,0.158,0.934,0.963,0.660,9.596,0.345,,3.443
2024-10-10,20.540,5.289,9.932,0.101,0.385,0.008,19.516,0.158,0.920,0.962,0.660,9.584,0.344,,3.455
2024-10-11,20.670,5.276,9.930,0.102,0.385,0.008,19.502,0.158,0.907,0.962,0.660,9.572,0.344,,3.467
2024-10-14,20.680,5.264,9.927,0.102,0.385,0.008,19.487,0.157,0.894,0.961,0.660,9.560,0.344,,3.479
2024-10-15,20.500,5.251,9.925,0.103,0.385,0.008,19.473,0.157,0.880,0.960,0.660,9.548,0.343,,3.491
2024-10-16,20.970,5.238,9.922,0.104,0.385,0.008,19.458,0.157,0.867,0.959,0.660,9.536,0.343,,3.503
2024-10-17,20.930,5.226,9.920,0.105,0.385,0.008,19.444,0.156,0.854,0.958,0.660,9.524,0.343,,3.516
2024-10-18,20.910,5.213,9.917,0.106,0.386,0.008,19.429,0.156,0.840,0.957,0.660,9.512,0.342,,3.528
2024-10-21,20.650,5.201,9.915,0.106,0.386,0.008,19.415,0.156,0.827,0.956,0.660,9.500,0.342,,3.540
2024-10-22,20.840,5.188,9.912,0.107,0.386,0.008,19.400,0.155,0.814,0.955,0.660,9.488,0.342,,3.552
2024-10-23,21.260,5.175,9.910,0.108,0.386,0.008,19.385,0.155,0.800,0.954,0.660,9.476,0.341,,3.564
2024-10-24,21.020,5.163,9.907,0.108,0.386,0.008,19.371,0.155,0.787,0.953,0.660,9.464,0.341,,3.576
2024-10-25,20.580,5.150,9.905,0.109,0.386,0.008,19.356,0.154,0.774,0.952,0.660,9.452,0.341,,3.588
2024-10-28,20.560,5.137,9.902,0.110,0.386,0.008,19.342,0.154,0.760,0.951,0.660,9.439,0.340,,3.600
2024-10-29,20.340,5.125,9.900,0.111,0.386,0.008,19.327,0.153,0.747,0.950,0.660,9.427,0.340,,3.613
2024-10-30,20.360,5.112,9.897,0.112,0.386,0.008,19.313,0.153,0.734,0.949,0.660,9.415,0.340,,3.625
2024-10-31,19.240,5.100,9.895,0.112,0.387,0.008,19.298,0.153,0.720,0.948,0.660,9.403,0.339,,3.637
2024-11-01,19.230,5.087,9.892,0.113,0.387,0.008,19.284,0.152,0.707,0.948,0.660,9.391,0.339,,3.649
2024-11-04,19.470,5.074,9.890,0.114,0.387,0.008,19.269,0.152,0.694,0.947,0.660,9.379,0.339,,3.649
2024-11-05,19.760,5.062,9.887,0.114,0.387,0.008,19.254,0.152,0.680,0.946,0.660,9.367,0.338,,3.649
2024-11-06,20.430,5.049,9.885,0.115,0.387,0.008,19.240,0.151,0.667,0.945,0.660,9.355,0.338,,3.649
2024-11-07,20.400,5.036,9.882,0.116,0.387,0.008,19.225,0.151,0.654,0.944,0.660,9.343,0.338,,3.649
2024-11-08,20.640,5.024,9.880,0.117,0.387,0.008,19.211,0.151,0.640,0.943,0.660,9.331,0.337,,3.649
2024-11-11,20.720,5.011,9.877,0.118,0.387,0.008,19.196,0.150,0.627,0.942,0.660,9.319,0.337,,3.649
2024-11-12,20.480,4.999,9.875,0.118,0.387,0.008,19.182,0.150,0.614,0.941,0.660,9.307,0.337,,3.649
2024-11-13,20.770,4.986,9.872,0.119,0.388,0.008,19.167,0.150,0.600,0.940,0.660,9.294,0.336,,3.649
2024-11-14,20.540,4.973,9.870,0.120,0.388,0.008,19.152,0.149,0.587,0.939,0.659,9.282,0.336,,3.649
2024-11-15,20.700,4.961,9.868,0.120,0.388,0.008,19.138,0.149,0.574,0.938,0.659,9.270,0.336,,3.649
2024-11-18,20.920,4.948,9.865,0.121,0.388,0.008,19.123,0.148,0.561,0.937,0.659,9.258,0.336,,3.649
2024-11-19,20.850,4.935,9.863,0.122,0.388,0.008,19.109,0.148,0.547,0.936,0.659,9.246,0.335,,3.649
2024-11-20,20.640,4.923,9.860,0.123,0.388,0.008,19.094,0.148,0.534,0.935,0.659,9.234,0.335,,3.649
2024-11-21,20.720,4.910,9.858,0.124,0.388,0.008,19.080,0.147,0.521,0.934,0.659,9.222,0.335,,3.649
2024-11-22,20.750,4.898,9.855,0.124,0.388,0.008,19.065,0.147,0.507,0.933,0.659,9.210,0.334,,3.649
2024-11-25,20.730,4.885,9.853,0.125,0.388,0.008,19.050,0.147,0.494,0.932,0.659,9.198,0.334,,3.649
2024-11-26,20.920,4.872,9.850,0.126,0.388,0.008,19.036,0.146,0.481,0.932,0.659,9.186,0.334,,3.649
2024-11-27,21.200,4.860,9.848,0.126,0.389,0.008,19.021,0.146,0.467,0.931,0.659,9.174,0.333,,3.649
2024-11-29,20.980,4.847,9.845,0.127,0.389,0.008,19.007,0.146,0.454,0.930,0.659,9.162,0.333,,3.649
2024-12-02,20.770,4.834,9.843,0.128,0.389,0.008,18.992,0.145,0.441,0.929,0.659,9.150,0.333,,3.649
2024-12-03,20.580,4.822,9.840,0.129,0.389,0.008,18.978,0.145,0.427,0.928,0.659,9.137,0.332,,3.649
2024-12-04,20.790,4.809,9.838,0.130,0.389,0.008,18.963,0.144,0.414,0.927,0.659,9.125,0.332,,3.649
2024-12-05,20.570,4.797,9.835,0.130,0.389,0.008,18.949,0.144,0.401,0.926,0.659,9.113,0.332,,3.649
2024-12-06,20.510,4.784,9.833,0.131,0.389,0.008,18.934,0.144,0.387,0.925,0.659,9.101,0.331,,3.649
2024-12-09,20.630,4.771,9.830,0.132,0.389,0.008,18.919,0.143,0.374,0.924,0.659,9.089,0.331,,3.649
2024-12-10,20.400,4.759,9.828,0.132,0.389,0.008,18.905,0.143,0.361,0.923,0.659,9.077,0.331,,3.649
2024-12-11,20.390,4.746,9.825,0.133,0.390,0.008,18.890,0.143,0.347,0.922,0.659,9.065,0.330,,3.649
2024-12-12,20.320,4.733,9.823,0.134,0.390,0.008,18.876,0.142,0.334,0.921,0.659,9.053,0.330,,3.649
2024-12-13,20.260,4.721,9.820,0.135,0.390,0.008,18.861,0.142,0.321,0.920,0.659,9.041,0.330,,3.649
2024-12-16,20.290,4.708,9.818,0.135,0.390,0.008,18.847,0.142,0.307,0.919,0.659,9.029,0.329,,3.649
2024-12-17,19.850,4.696,9.815,0.136,0.390,0.007,18.832,0.141,0.294,0.918,0.659,9.017,0.329,,3.649
2024-12-18,19.360,4.683,9.813,0.137,0.390,0.007,18.818,0.141,0.281,0.918,0.659,9.005,0.329,,3.649
2024-12-19,19.430,4.670,9.810,0.138,0.390,0.007,18.803,0.141,0.267,0.917,0.659,8.993,0.328,,3.649
2024-12-20,19.690,4.658,9.808,0.138,0.390,0.007,18.788,0.140,0.254,0.916,0.659,8.980,0.328,,3.649
2024-12-23,19.740,4.645,9.805,0.139,0.390,0.007,18.774,0.140,0.241,0.915,0.659,8.968,0.328,,3.649
2024-12-24,19.980,4.632,9.803,0.140,0.391,0.007,18.759,0.139,0.227,0.914,0.659,8.956,0.327,,3.649
2024-12-26,19.780,4.620,9.800,0.141,0.391,0.007,18.745,0.139,0.214,0.913,0.659,8.944,0.327,,3.649
2024-12-27,19.660,4.607,9.798,0.142,0.391,0.007,18.730,0.139,0.201,0.912,0.659,8.932,0.327,,3.649
2024-12-30,19.500,4.595,9.795,0.142,0.391,0.007,18.716,0.138,0.187,0.911,0.659,8.920,0.326,,3.649
2024-12-31,19.580,4.582,9.793,0.143,0.391,0.007,18.701,0.138,0.174,0.910,0.659,8.908,0.326,$0.24,3.649
2025-01-02,19.250,4.582,9.793,0.143,0.391,0.007,18.701,0.138,0.174,0.910,0.659,8.908,0.326,,3.649
2025-01-03,19.560,4.582,9.793,0.143,0.391,0.007,18.701,0.138,0.174,0.910,0.659,8.908,0.326,,3.649
2025-01-06,19.110,4.582,9.793,0.143,0.391,0.007,18.701,0.138,0.174,0.910,0.659,8.908,0.326,,3.649
2025-01-07,18.960,4.582,9.793,0.143,0.391,0.007,18.701,0.138,0.174,0.910,0.659,8.908,0.326,,3.649
2025-01-08,18.790,4.582,9.793,0.143,0.391,0.007,18.701,0.138,0.174,0.910,0.659,8.908,0.326,,3.649
2025-01-10,18.550,4.582,9.793,0.143,0.391,0.007,18.701,0.138,0.174,0.910,0.659,8.908,0.326,,3.649
2025-01-13,18.950,4.582,9.793,0.143,0.391,0.007,18.701,0.138,0.174,0.910,0.659,8.908,0.326,,3.649
2025-01-14,18.950,4.582,9.793,0.143,0.391,0.007,18.701,0.138,0.174,0.910,0.659,8.908,0.326,,3.649
2025-01-15,18.680,4.582,9.793,0.143,0.391,0.007,18.701,0.138,0.174,0.910,0.659,8.908,0.326,,3.649
2025-01-16,19.040,4.582,9.793,0.143,0.391,0.007,18.701,0.138,0.174,0.910,0.659,8.908,0.326,,3.649
2025-01-17,19.190,4.582,9.793,0.143,0.391,0.007,18.701,0.138,0.174,0.910,0.659,8.908,0.326,,3.649
2025-01-21,19.110,4.582,9.793,0.143,0.391,0.007,18.701,0.138,0.174,0.910,0.659,8.908,0.326,,3.649
2025-01-22,18.830,4.582,9.793,0.143,0.391,0.007,18.701,0.138,0.174,0.910,0.659,8.908,0.326,,3.649
2025-01-23,18.700,4.582,9.793,0.143,0.391,0.007,18.701,0.138,0.174,0.910,0.659,8.908,0.326,,3.649
2025-01-24,18.690,4.582,9.793,0.143,0.391,0.007,18.701,0.138,0.174,0.910,0.659,8.908,0.326,,3.649
2025-01-27,19.020,4.582,9.793,0.143,0.391,0.007,18.701,0.138,0.174,0.910,0.659,8.908,0.326,,3.649
2025-01-28,19.040,4.582,9.793,0.143,0.391,0.007,18.701,0.138,0.174,0.910,0.659,8.908,0.326,,3.649
2025-01-29,18.790,4.582,9.793,0.143,0.391,0.007,18.701,0.138,0.174,0.910,0.659,8.908,0.326,,3.649
2025-01-30,18.980,4.582,9.793,0.143,0.391,0.007,18.701,0.138,0.174,0.910,0.659,8.908,0.326,,3.649
2025-01-31,19.080,4.582,9.793,0.143,0.391,0.007,18.701,0.138,0.174,0.910,0.659,8.908,0.326,,3.649
2025-02-03,19.020,4.582,9.793,0.143,0.391,0.007,18.701,0.138,0.174,0.910,0.659,8.908,0.326,,3.649
2025-02-04,19.170,4.582,9.793,0.143,0.391,0.007,18.701,0.138,0.174,0.910,0.659,8.908,0.326,,3.649
2025-02-05,19.310,4.582,9.793,0.143,0.391,0.007,18.701,0.138,0.174,0.910,0.659,8.908,0.326,,3.649
2025-02-06,19.360,4.582,9.793,0.143,0.391,0.007,18.701,0.138,0.174,0.910,0.659,8.908,0.326,,3.649
2025-02-07,19.370,4.582,9.793,0.143,0.391,0.007,18.701,0.138,0.174,0.910,0.659,8.908,0.326,,3.649
2025-02-10,19.400,4.582,9.793,0.143,0.391,0.007,18.701,0.138,0.174,0.910,0.659,8.908,0.326,,3.649
2025-02-11,19.330,4.582,9.793,0.143,0.391,0.007,18.701,0.138,0.174,0.910,0.659,8.908,0.326,,3.649
2025-02-12,19.300,4.582,9.793,0.143,0.391,0.007,18.701,0.138,0.174,0.910,0.659,8.908,0.326,,3.649
2025-02-13,19.500,4.582,9.793,0.143,0.391,0.007,18.701,0.138,0.174,0.910,0.659,8.908,0.326,,3.649
2025-02-14,19.250,4.582,9.793,0.143,0.391,0.007,18.701,0.138,0.174,0.910,0.659,8.908,0.326,,3.649
2025-02-18,19.540,4.582,9.793,0.143,0.391,0.007,18.701,0.138,0.174,0.910,0.659,8.908,0.326,,3.649
2025-02-19,19.450,4.582,9.793,0.143,0.391,0.007,18.701,0.138,0.174,0.910,0.659,8.908,0.326,,3.649
2025-02-20,19.750,4.582,9.793,0.143,0.391,0.007,18.701,0.138,0.174,0.910,0.659,8.908,0.326,,3.649
2025-02-21,19.530,4.582,9.793,0.143,0.391,0.007,18.701,0.138,0.174,0.910,0.659,8.908,0.326,,3.649
2025-02-24,19.470,4.582,9.793,0.143,0.391,0.007,18.701,0.138,0.174,0.910,0.659,8.908,0.326,,3.649
2025-02-25,19.660,4.582,9.793,0.143,0.391,0.007,18.701,0.138,0.174,0.910,0.659,8.908,0.326,,3.649
2025-02-26,19.340,4.582,9.793,0.143,0.391,0.007,18.701,0.138,0.174,0.910,0.659,8.908,0.326,,3.649
2025-02-27,20.410,4.582,9.793,0.143,0.391,0.007,18.701,0.138,0.174,0.910,0.659,8.908,0.326,,3.649
2025-02-28,20.830,4.582,9.793,0.143,0.391,0.007,18.701,0.138,0.174,0.910,0.659,8.908,0.326,,3.649
2025-03-03,21.050,4.582,9.793,0.143,0.391,0.007,18.701,0.138,0.174,0.910,0.659,8.908,0.326,,3.649
2025-03-04,20.760,4.582,9.793,0.143,0.391,0.007,18.701,0.138,0.174,0.910,0.659,8.908,0.326,,3.649
2025-03-05,20.870,4.582,9.793,0.143,0.391,0.007,18.701,0.138,0.174,0.910,0.659,8.908,0.326,,3.649
2025-03-06,20.700,4.582,9.793,0.143,0.391,0.007,18.701,0.138,0.174,0.910,0.659,8.908,0.326,,3.649
2025-03-07,20.940,4.582,9.793,0.143,0.391,0.007,18.701,0.138,0.174,0.910,0.659,8.908,0.326,,3.649
2025-03-10,20.990,4.582,9.793,0.143,0.391,0.007,18.701,0.138,0.174,0.910,0.659,8.908,0.326,,3.649
2025-03-11,20.750,4.582,9.793,0.143,0.391,0.007,18.701,0.138,0.174,0.910,0.659,8.908,0.326,,3.649
2025-03-12,20.280,4.582,9.793,0.143,0.391,0.007,18.701,0.138,0.174,0.910,0.659,8.908,0.326,,3.649
2025-03-13,20.150,4.582,9.793,0.143,0.391,0.007,18.701,0.138,0.174,0.910,0.659,8.908,0.326,,3.649
2025-03-14,20.510,4.582,9.793,0.143,0.391,0.007,18.701,0.138,0.174,0.910,0.659,8.908,0.326,,3.649
2025-03-17,20.710,4.582,9.793,0.143,0.391,0.007,18.701,0.138,0.174,0.910,0.659,8.908,0.326,,3.649
2025-03-18,20.850,4.582,9.793,0.143,0.391,0.007,18.701,0.138,0.174,0.910,0.659,8.908,0.326,,3.649
2025-03-19,20.730,4.582,9.793,0.143,0.391,0.007,18.701,0.138,0.174,0.910,0.659,8.908,0.326,,3.649
2025-03-20,20.850,4.582,9.793,0.143,0.391,0.007,18.701,0.138,0.174,0.910,0.659,8.908,0.326,,3.649
2025-03-21,20.750,4.582,9.793,0.143,0.391,0.007,18.701,0.138,0.174,0.910,0.659,8.908,0.326,,3.649
2025-03-24,20.970,4.582,9.793,0.143,0.391,0.007,18.701,0.138,0.174,0.910,0.659,8.908,0.326,,3.649
